{
"avg_TS_f1_0": 0.9529883129309653,
"std_TS_f1_0": 0.004584313088291029,
"avg_TS_ap_0": 0.9878617400790196,
"std_TS_ap_0": 0.0009466545516683372,
"avg_TS_auc_0": 0.9067467222222223,
"std_TS_auc_0": 0.00914933624726037,
"avg_TS_f1_1": 0.9911777777777779,
"std_TS_f1_1": 0.0003624334762288909,
"avg_TS_ap_1": 0.9979477246090263,
"std_TS_ap_1": 0.0002528524978298511,
"avg_TS_auc_1": 0.9865320888888889,
"std_TS_auc_1": 0.0009419706671535158,
"avg_TS_f1_2": 0.9513111111111112,
"std_TS_f1_2": 0.0016092326213539025,
"avg_TS_ap_2": 0.991415150749841,
"std_TS_ap_2": 0.0005295174600783118,
"avg_TS_auc_2": 0.9294411,
"std_TS_auc_2": 0.0038141935330946544,
"avg_TS_f1_3": 0.9409215376162873,
"std_TS_f1_3": 0.0022028071712477,
"avg_TS_ap_3": 0.981670601948559,
"std_TS_ap_3": 0.001700771737064766,
"avg_TS_auc_3": 0.8629118333333334,
"std_TS_auc_3": 0.011045688097428749,
"avg_TS_f1_4": 0.9375333333333333,
"std_TS_f1_4": 0.002485910916831022,
"avg_TS_ap_4": 0.9877015297966196,
"std_TS_ap_4": 0.0011701266497292306,
"avg_TS_auc_4": 0.8983409111111111,
"std_TS_auc_4": 0.008558847847753133,
"avg_TS_f1_5": 0.9606328203418709,
"std_TS_f1_5": 0.009892087620397304,
"avg_TS_ap_5": 0.9951522755873121,
"std_TS_ap_5": 0.00150647030540105,
"avg_TS_auc_5": 0.9573158333333334,
"std_TS_auc_5": 0.01403698167359842,
"avg_TS_f1_6": 0.9254872752189935,
"std_TS_f1_6": 0.0032563122815782923,
"avg_TS_ap_6": 0.9774886975392775,
"std_TS_ap_6": 0.0012611605162233261,
"avg_TS_auc_6": 0.824574311111111,
"std_TS_auc_6": 0.008976080753086299,
"avg_TS_f1_7": 0.9754216678704373,
"std_TS_f1_7": 0.0016120800406984985,
"avg_TS_ap_7": 0.9980729181679671,
"std_TS_ap_7": 0.00024919017813068185,
"avg_TS_auc_7": 0.982723888888889,
"std_TS_auc_7": 0.002192006000205795,
"avg_TS_f1_8": 0.9710996944274684,
"std_TS_f1_8": 0.004569046050046596,
"avg_TS_ap_8": 0.9925145778180019,
"std_TS_ap_8": 0.0014893046419718378,
"avg_TS_auc_8": 0.9486629888888889,
"std_TS_auc_8": 0.010819354750927615,
"avg_TS_f1_9": 0.9777777777777776,
"std_TS_f1_9": 0.004461079977752174,
"avg_TS_ap_9": 0.9981550991523725,
"std_TS_ap_9": 0.00046213122137272783,
"avg_TS_auc_9": 0.9839590111111111,
"std_TS_auc_9": 0.004451125259504895,
"avg_TS_f1_all": 0.9584351308406023,
"std_TS_f1_all": 0.0013126765999989264,
"avg_TS_ap_all": 0.9907980315447997,
"std_TS_ap_all": 0.0003977852563129047,
"avg_TS_auc_all": 0.928120868888889,
"std_TS_auc_all": 0.0026925299173885175
}