{
"avg_TS_f1_0": 0.9367527492268088,
"std_TS_f1_0": 0.0008441387489443082,
"avg_TS_ap_0": 0.9666683710444588,
"std_TS_ap_0": 0.0009573167588871581,
"avg_TS_auc_0": 0.7954130222222222,
"std_TS_auc_0": 0.0025990958795058146,
"avg_TS_f1_1": 0.9693434153749283,
"std_TS_f1_1": 0.0009120775946739579,
"avg_TS_ap_1": 0.9855115535328615,
"std_TS_ap_1": 0.0005904054814768201,
"avg_TS_auc_1": 0.9193202555555555,
"std_TS_auc_1": 0.002826219476680836,
"avg_TS_f1_2": 0.9446209949935491,
"std_TS_f1_2": 0.0012126359251073131,
"avg_TS_ap_2": 0.980309157407504,
"std_TS_ap_2": 0.0003810106885355314,
"avg_TS_auc_2": 0.8656659333333334,
"std_TS_auc_2": 0.0022804420221841275,
"avg_TS_f1_3": 0.9157295652227593,
"std_TS_f1_3": 0.0012026506997497252,
"avg_TS_ap_3": 0.9542426399389703,
"std_TS_ap_3": 0.002232971326769213,
"avg_TS_auc_3": 0.7077709888888888,
"std_TS_auc_3": 0.007778121921624419,
"avg_TS_f1_4": 0.9334637344049979,
"std_TS_f1_4": 0.0017871664304808382,
"avg_TS_ap_4": 0.9779418127605398,
"std_TS_ap_4": 0.000733551061987772,
"avg_TS_auc_4": 0.844717088888889,
"std_TS_auc_4": 0.005412022019792232,
"avg_TS_f1_5": 0.9126729262736818,
"std_TS_f1_5": 0.002468304839498149,
"avg_TS_ap_5": 0.9591402227889517,
"std_TS_ap_5": 0.0018075141684085303,
"avg_TS_auc_5": 0.7198566000000001,
"std_TS_auc_5": 0.011610408924296402,
"avg_TS_f1_6": 0.920630665901192,
"std_TS_f1_6": 0.001300276811039222,
"avg_TS_ap_6": 0.9599278216115816,
"std_TS_ap_6": 0.0023758992517979275,
"avg_TS_auc_6": 0.7428519666666668,
"std_TS_auc_6": 0.009617958351829691,
"avg_TS_f1_7": 0.9539979579112421,
"std_TS_f1_7": 0.00021608231122807834,
"avg_TS_ap_7": 0.9889362343253497,
"std_TS_ap_7": 0.0006217911501980644,
"avg_TS_auc_7": 0.9166781777777778,
"std_TS_auc_7": 0.0040235798461408885,
"avg_TS_f1_8": 0.9112082102248358,
"std_TS_f1_8": 0.002034305532832883,
"avg_TS_ap_8": 0.929790215853798,
"std_TS_ap_8": 0.0008508229518396504,
"avg_TS_auc_8": 0.6223007666666667,
"std_TS_auc_8": 0.010104818934816765,
"avg_TS_f1_9": 0.9609324542721509,
"std_TS_f1_9": 0.0007337517884104602,
"avg_TS_ap_9": 0.9883411055733262,
"std_TS_ap_9": 0.0009391738128327724,
"avg_TS_auc_9": 0.9194727777777778,
"std_TS_auc_9": 0.004709252957322411,
"avg_TS_f1_all": 0.9359352673806146,
"std_TS_f1_all": 0.0003122870737894676,
"avg_TS_ap_all": 0.9690809134837342,
"std_TS_ap_all": 0.00040748461871667187,
"avg_TS_auc_all": 0.805404757777778,
"std_TS_auc_all": 0.0006594984284427242
}