{
"avg_TS_f1_0": 0.961710267854387,
"std_TS_f1_0": 0.0005632052282988877,
"avg_TS_ap_0": 0.9901809355571523,
"std_TS_ap_0": 0.0005580033810290537,
"avg_TS_auc_0": 0.9259197555555556,
"std_TS_auc_0": 0.003810009899309918,
"avg_TS_f1_1": 0.9919777777777778,
"std_TS_f1_1": 0.00038103173776625867,
"avg_TS_ap_1": 0.9975098565106795,
"std_TS_ap_1": 0.0001908557683101565,
"avg_TS_auc_1": 0.9851408555555554,
"std_TS_auc_1": 0.0008190036272700548,
"avg_TS_f1_2": 0.95509949318172,
"std_TS_f1_2": 0.0006675777911857962,
"avg_TS_ap_2": 0.9923883008007849,
"std_TS_ap_2": 0.000371765781340541,
"avg_TS_auc_2": 0.9381136,
"std_TS_auc_2": 0.0022128698782406136,
"avg_TS_f1_3": 0.9492433209252367,
"std_TS_f1_3": 0.0007322013930676759,
"avg_TS_ap_3": 0.9857293441743424,
"std_TS_ap_3": 0.0009178161341502149,
"avg_TS_auc_3": 0.8925310444444445,
"std_TS_auc_3": 0.005730009020245831,
"avg_TS_f1_4": 0.9453098974634393,
"std_TS_f1_4": 0.0006368039890774437,
"avg_TS_ap_4": 0.9901540703592385,
"std_TS_ap_4": 0.00026349624895474186,
"avg_TS_auc_4": 0.9180904,
"std_TS_auc_4": 0.001253523144315062,
"avg_TS_f1_5": 0.9680659802087771,
"std_TS_f1_5": 0.0018785255605876666,
"avg_TS_ap_5": 0.996814157570437,
"std_TS_ap_5": 0.00021907692246549645,
"avg_TS_auc_5": 0.9716995888888889,
"std_TS_auc_5": 0.0020053575004084652,
"avg_TS_f1_6": 0.9282087238532357,
"std_TS_f1_6": 0.0007249722251512869,
"avg_TS_ap_6": 0.9804823122220772,
"std_TS_ap_6": 0.00010143245637210211,
"avg_TS_auc_6": 0.8433035,
"std_TS_auc_6": 0.0006472733570644361,
"avg_TS_f1_7": 0.9785106530609726,
"std_TS_f1_7": 0.0010139463822651303,
"avg_TS_ap_7": 0.9984828647741566,
"std_TS_ap_7": 8.129717177840386e-05,
"avg_TS_auc_7": 0.9863622,
"std_TS_auc_7": 0.00073199822117437,
"avg_TS_f1_8": 0.9843664833231476,
"std_TS_f1_8": 0.0007776646927416217,
"avg_TS_ap_8": 0.9956205491133308,
"std_TS_ap_8": 0.00026277076999034704,
"avg_TS_auc_8": 0.9715328666666666,
"std_TS_auc_8": 0.0010830564173716288,
"avg_TS_f1_9": 0.9819216277447511,
"std_TS_f1_9": 0.0006852747698361489,
"avg_TS_ap_9": 0.998725186630607,
"std_TS_ap_9": 6.370152919904703e-05,
"avg_TS_auc_9": 0.9889511333333333,
"std_TS_auc_9": 0.0005966777824332199,
"avg_TS_f1_all": 0.9644414225393445,
"std_TS_f1_all": 0.00027088716298845594,
"avg_TS_ap_all": 0.9926087577712807,
"std_TS_ap_all": 0.00014526690665053347,
"avg_TS_auc_all": 0.9421644944444443,
"std_TS_auc_all": 0.0007821618265667718
}