{
"avg_TS_f1_0": 0.9372506717956037,
"std_TS_f1_0": 0.0009667871395352732,
"avg_TS_ap_0": 0.9655262899690902,
"std_TS_ap_0": 0.0011536184922760991,
"avg_TS_auc_0": 0.7976354666666665,
"std_TS_auc_0": 0.004647150310342189,
"avg_TS_f1_1": 0.9720882629281874,
"std_TS_f1_1": 0.0003988564955609904,
"avg_TS_ap_1": 0.9868637184354381,
"std_TS_ap_1": 0.00039340480694928043,
"avg_TS_auc_1": 0.9283023222222223,
"std_TS_auc_1": 0.0020060854690505045,
"avg_TS_f1_2": 0.945609284466421,
"std_TS_f1_2": 0.001020913536879996,
"avg_TS_ap_2": 0.9800878780392995,
"std_TS_ap_2": 0.0007653568614167323,
"avg_TS_auc_2": 0.8683248666666665,
"std_TS_auc_2": 0.0029884287916422158,
"avg_TS_f1_3": 0.9186288127118173,
"std_TS_f1_3": 0.0003399535205462372,
"avg_TS_ap_3": 0.955598954382147,
"std_TS_ap_3": 0.0014640808767718348,
"avg_TS_auc_3": 0.7216932222222223,
"std_TS_auc_3": 0.005486131297740632,
"avg_TS_f1_4": 0.9345393532592509,
"std_TS_f1_4": 0.00036750687824922484,
"avg_TS_ap_4": 0.9771459313730434,
"std_TS_ap_4": 0.00044314397615016337,
"avg_TS_auc_4": 0.8477935999999999,
"std_TS_auc_4": 0.0030054738459626396,
"avg_TS_f1_5": 0.9171379741244653,
"std_TS_f1_5": 0.0015007422521336293,
"avg_TS_ap_5": 0.961386443754435,
"std_TS_ap_5": 0.0019768750205920124,
"avg_TS_auc_5": 0.738854911111111,
"std_TS_auc_5": 0.011955124625525754,
"avg_TS_f1_6": 0.9216050173695306,
"std_TS_f1_6": 0.0008422632005895516,
"avg_TS_ap_6": 0.9575316718247148,
"std_TS_ap_6": 0.0006233864481803574,
"avg_TS_auc_6": 0.7408968222222222,
"std_TS_auc_6": 0.0034325280196135844,
"avg_TS_f1_7": 0.9584629613672467,
"std_TS_f1_7": 0.0012793397326062014,
"avg_TS_ap_7": 0.9903617331055965,
"std_TS_ap_7": 0.0005361218996215542,
"avg_TS_auc_7": 0.9297414111111111,
"std_TS_auc_7": 0.004020312951794955,
"avg_TS_f1_8": 0.9157360354329631,
"std_TS_f1_8": 0.0024802936646180413,
"avg_TS_ap_8": 0.9354874444345895,
"std_TS_ap_8": 0.0022774000065936663,
"avg_TS_auc_8": 0.6577453888888889,
"std_TS_auc_8": 0.012228786070296824,
"avg_TS_f1_9": 0.9642420677258426,
"std_TS_f1_9": 0.0008204588757785952,
"avg_TS_ap_9": 0.9880180011596774,
"std_TS_ap_9": 0.0003359926694057299,
"avg_TS_auc_9": 0.9242876555555556,
"std_TS_auc_9": 0.0012938634420473845,
"avg_TS_f1_all": 0.9385300441181329,
"std_TS_f1_all": 0.0003742913103983977,
"avg_TS_ap_all": 0.9698008066478032,
"std_TS_ap_all": 0.00037153018798516857,
"avg_TS_auc_all": 0.8155275666666668,
"std_TS_auc_all": 0.002058742281135699
}