{
"avg_TS_f1_0": 0.9388862171355198,
"std_TS_f1_0": 0.0025526312043131524,
"avg_TS_ap_0": 0.9664128705360483,
"std_TS_ap_0": 0.0008760624323241138,
"avg_TS_auc_0": 0.8028292,
"std_TS_auc_0": 0.006438309146808392,
"avg_TS_f1_1": 0.9702108203542172,
"std_TS_f1_1": 0.00202475241969364,
"avg_TS_ap_1": 0.9832753080876809,
"std_TS_ap_1": 0.00174967459217697,
"avg_TS_auc_1": 0.9110961111111111,
"std_TS_auc_1": 0.009023590098208842,
"avg_TS_f1_2": 0.9486000000000001,
"std_TS_f1_2": 0.0012264573090263807,
"avg_TS_ap_2": 0.9816138508708718,
"std_TS_ap_2": 0.0009173653819162741,
"avg_TS_auc_2": 0.8794861555555556,
"std_TS_auc_2": 0.005220704482214732,
"avg_TS_f1_3": 0.9180852677000573,
"std_TS_f1_3": 0.0021173482154067274,
"avg_TS_ap_3": 0.9497270675805701,
"std_TS_ap_3": 0.003433820198417578,
"avg_TS_auc_3": 0.7034614777777778,
"std_TS_auc_3": 0.017634647013993428,
"avg_TS_f1_4": 0.9351422238671601,
"std_TS_f1_4": 0.001736337514324612,
"avg_TS_ap_4": 0.9776436451314925,
"std_TS_ap_4": 0.0010092645639396727,
"avg_TS_auc_4": 0.8503493111111112,
"std_TS_auc_4": 0.0052725459222254314,
"avg_TS_f1_5": 0.918275001697625,
"std_TS_f1_5": 0.0049595944203957585,
"avg_TS_ap_5": 0.9573984795109116,
"std_TS_ap_5": 0.004061443783019096,
"avg_TS_auc_5": 0.7244976444444443,
"std_TS_auc_5": 0.025596573839080674,
"avg_TS_f1_6": 0.9212649196560303,
"std_TS_f1_6": 0.0017317916680967915,
"avg_TS_ap_6": 0.9572565890048794,
"std_TS_ap_6": 0.0022810570972182863,
"avg_TS_auc_6": 0.7365823222222222,
"std_TS_auc_6": 0.011675684947386083,
"avg_TS_f1_7": 0.9586213727923157,
"std_TS_f1_7": 0.0031916441054668006,
"avg_TS_ap_7": 0.9890241091941852,
"std_TS_ap_7": 0.0014202118685774185,
"avg_TS_auc_7": 0.921964611111111,
"std_TS_auc_7": 0.009240992658118917,
"avg_TS_f1_8": 0.9171537554555501,
"std_TS_f1_8": 0.0036546351915199837,
"avg_TS_ap_8": 0.9368294084337256,
"std_TS_ap_8": 0.004771549659699928,
"avg_TS_auc_8": 0.6620079666666665,
"std_TS_auc_8": 0.021908180007200503,
"avg_TS_f1_9": 0.9668322017889883,
"std_TS_f1_9": 0.0011398800238037919,
"avg_TS_ap_9": 0.9883921442962237,
"std_TS_ap_9": 0.0011155985479483674,
"avg_TS_auc_9": 0.9245347444444445,
"std_TS_auc_9": 0.005768106320465801,
"avg_TS_f1_all": 0.9393071780447464,
"std_TS_f1_all": 0.0011801561747142458,
"avg_TS_ap_all": 0.9687573472646589,
"std_TS_ap_all": 0.0012673575325573667,
"avg_TS_auc_all": 0.8116809544444443,
"std_TS_auc_all": 0.0069024678195854705
}