{
"avg_TS_f1_0": 0.9400000000000001,
"std_TS_f1_0": 0.003762715069116715,
"avg_TS_ap_0": 0.9804159197982812,
"std_TS_ap_0": 0.002310897608399541,
"avg_TS_auc_0": 0.8571032333333335,
"std_TS_auc_0": 0.016294195668684678,
"avg_TS_f1_1": 0.9642,
"std_TS_f1_1": 0.00675986704522624,
"avg_TS_ap_1": 0.9888341738034564,
"std_TS_ap_1": 0.0023382159954284387,
"avg_TS_auc_1": 0.9287688777777777,
"std_TS_auc_1": 0.018250737424147727,
"avg_TS_f1_2": 0.9284547573630633,
"std_TS_f1_2": 0.0058439348762148475,
"avg_TS_ap_2": 0.9801139025190659,
"std_TS_ap_2": 0.0027050492807098887,
"avg_TS_auc_2": 0.8468541999999999,
"std_TS_auc_2": 0.019294206294387193,
"avg_TS_f1_3": 0.9310770079819248,
"std_TS_f1_3": 0.0032057135186168498,
"avg_TS_ap_3": 0.9702881319388934,
"std_TS_ap_3": 0.005400345956079615,
"avg_TS_auc_3": 0.8005940222222222,
"std_TS_auc_3": 0.02379176958103448,
"avg_TS_f1_4": 0.9240666666666668,
"std_TS_f1_4": 0.0013307382152515387,
"avg_TS_ap_4": 0.97817660800252,
"std_TS_ap_4": 0.002053200481343682,
"avg_TS_auc_4": 0.8337997111111111,
"std_TS_auc_4": 0.015313576566797153,
"avg_TS_f1_5": 0.944,
"std_TS_f1_5": 0.015887412518821614,
"avg_TS_ap_5": 0.983492211327027,
"std_TS_ap_5": 0.004351253358585309,
"avg_TS_auc_5": 0.8850949888888889,
"std_TS_auc_5": 0.030063743634919662,
"avg_TS_f1_6": 0.9093656795747911,
"std_TS_f1_6": 0.0013907653088956321,
"avg_TS_ap_6": 0.9649899549309369,
"std_TS_ap_6": 0.001977782286922344,
"avg_TS_auc_6": 0.7408007222222222,
"std_TS_auc_6": 0.011263518751446974,
"avg_TS_f1_7": 0.9415659573680021,
"std_TS_f1_7": 0.00392909479330644,
"avg_TS_ap_7": 0.9861581415806789,
"std_TS_ap_7": 0.0036325607572075575,
"avg_TS_auc_7": 0.8881807111111112,
"std_TS_auc_7": 0.025847044982935257,
"avg_TS_f1_8": 0.9478444444444445,
"std_TS_f1_8": 0.003200000000000005,
"avg_TS_ap_8": 0.9816621066215052,
"std_TS_ap_8": 0.0036375878758139824,
"avg_TS_auc_8": 0.877118188888889,
"std_TS_auc_8": 0.018070651563696936,
"avg_TS_f1_9": 0.9381999999999999,
"std_TS_f1_9": 0.013237694029168221,
"avg_TS_ap_9": 0.980803925395916,
"std_TS_ap_9": 0.007338275908473334,
"avg_TS_auc_9": 0.8548272666666668,
"std_TS_auc_9": 0.05266618240547876,
"avg_TS_f1_all": 0.9368774513398893,
"std_TS_f1_all": 0.0011209118478779064,
"avg_TS_ap_all": 0.9794935075918281,
"std_TS_ap_all": 0.001151754806125441,
"avg_TS_auc_all": 0.8513141922222223,
"std_TS_auc_all": 0.005629782074209797
}