{
"avg_TS_f1_0": 0.9499099826533574,
"std_TS_f1_0": 0.007076986719863354,
"avg_TS_ap_0": 0.9836125368551283,
"std_TS_ap_0": 0.002236680355747357,
"avg_TS_auc_0": 0.8838431777777778,
"std_TS_auc_0": 0.017640765179346415,
"avg_TS_f1_1": 0.9895221080183466,
"std_TS_f1_1": 0.000441046791003445,
"avg_TS_ap_1": 0.995579296978559,
"std_TS_ap_1": 0.0006521672725614262,
"avg_TS_auc_1": 0.9760798444444443,
"std_TS_auc_1": 0.0029822557959693326,
"avg_TS_f1_2": 0.952,
"std_TS_f1_2": 0.002945597258600791,
"avg_TS_ap_2": 0.9902568324517471,
"std_TS_ap_2": 0.0007486093516045412,
"avg_TS_auc_2": 0.9244434777777778,
"std_TS_auc_2": 0.005118257185125317,
"avg_TS_f1_3": 0.9339555555555556,
"std_TS_f1_3": 0.0024979991993593605,
"avg_TS_ap_3": 0.9702187617532181,
"std_TS_ap_3": 0.004762875973537519,
"avg_TS_auc_3": 0.8075782666666665,
"std_TS_auc_3": 0.02281950058318383,
"avg_TS_f1_4": 0.9361111111111111,
"std_TS_f1_4": 0.003515047020390407,
"avg_TS_ap_4": 0.9852006100102912,
"std_TS_ap_4": 0.002346498000373057,
"avg_TS_auc_4": 0.8856177111111112,
"std_TS_auc_4": 0.015240413319603437,
"avg_TS_f1_5": 0.9548444444444444,
"std_TS_f1_5": 0.007906740365654885,
"avg_TS_ap_5": 0.9921044352668382,
"std_TS_ap_5": 0.0013142284332235872,
"avg_TS_auc_5": 0.9355269111111111,
"std_TS_auc_5": 0.01311983259696345,
"avg_TS_f1_6": 0.9243418275347149,
"std_TS_f1_6": 0.002429883173393604,
"avg_TS_ap_6": 0.9731888177506199,
"std_TS_ap_6": 0.002428046918998226,
"avg_TS_auc_6": 0.8077801333333333,
"std_TS_auc_6": 0.011511660030970492,
"avg_TS_f1_7": 0.9732216357698885,
"std_TS_f1_7": 0.003575401683524646,
"avg_TS_ap_7": 0.9973515690775179,
"std_TS_ap_7": 0.0004900942543099798,
"avg_TS_auc_7": 0.9778731444444444,
"std_TS_auc_7": 0.004518747897234925,
"avg_TS_f1_8": 0.9451215376162873,
"std_TS_f1_8": 0.00903339956242484,
"avg_TS_ap_8": 0.977540555643394,
"std_TS_ap_8": 0.004183805270152452,
"avg_TS_auc_8": 0.8574317333333333,
"std_TS_auc_8": 0.03124765052531699,
"avg_TS_f1_9": 0.9791333333333334,
"std_TS_f1_9": 0.004298377529105164,
"avg_TS_ap_9": 0.9976165032123611,
"std_TS_ap_9": 0.000424976816363568,
"avg_TS_auc_9": 0.980886288888889,
"std_TS_auc_9": 0.003752248352720521,
"avg_TS_f1_all": 0.953816153603704,
"std_TS_f1_all": 0.001768234708765435,
"avg_TS_ap_all": 0.9862669918999675,
"std_TS_ap_all": 0.0013590527239792888,
"avg_TS_auc_all": 0.9037060688888889,
"std_TS_auc_all": 0.008122467176584845
}