{
"avg_TS_f1_0": 0.9616658135328506,
"std_TS_f1_0": 0.0005153132425042547,
"avg_TS_ap_0": 0.9898302080611939,
"std_TS_ap_0": 0.0007264495165272921,
"avg_TS_auc_0": 0.9242574666666666,
"std_TS_auc_0": 0.004409124124772799,
"avg_TS_f1_1": 0.9906444444444444,
"std_TS_f1_1": 0.00040612593072215686,
"avg_TS_ap_1": 0.9894373657511748,
"std_TS_ap_1": 0.0016458661549528602,
"avg_TS_auc_1": 0.9617834111111112,
"std_TS_auc_1": 0.003566710792492738,
"avg_TS_f1_2": 0.9547429338666962,
"std_TS_f1_2": 0.0011836706559374772,
"avg_TS_ap_2": 0.9911518754531661,
"std_TS_ap_2": 0.0005341972488737108,
"avg_TS_auc_2": 0.9321030666666665,
"std_TS_auc_2": 0.0025967638933444984,
"avg_TS_f1_3": 0.9484,
"std_TS_f1_3": 0.0010051718113687545,
"avg_TS_ap_3": 0.9845790745055343,
"std_TS_ap_3": 0.0012561031777939323,
"avg_TS_auc_3": 0.8888000777777776,
"std_TS_auc_3": 0.004290562977333996,
"avg_TS_f1_4": 0.9447987974640567,
"std_TS_f1_4": 0.0009990633030326542,
"avg_TS_ap_4": 0.9891300952757837,
"std_TS_ap_4": 0.0006356795478469352,
"avg_TS_auc_4": 0.9135996777777777,
"std_TS_auc_4": 0.00249187965085011,
"avg_TS_f1_5": 0.9679655770999623,
"std_TS_f1_5": 0.0010374302402919536,
"avg_TS_ap_5": 0.996743583089839,
"std_TS_ap_5": 0.00015548083794615628,
"avg_TS_auc_5": 0.9711086222222223,
"std_TS_auc_5": 0.001417765214764941,
"avg_TS_f1_6": 0.9281761764542473,
"std_TS_f1_6": 0.0005730743682442521,
"avg_TS_ap_6": 0.9797176649312329,
"std_TS_ap_6": 0.0005487482055912893,
"avg_TS_auc_6": 0.8393900444444444,
"std_TS_auc_6": 0.0027391439566602834,
"avg_TS_f1_7": 0.9774222222222223,
"std_TS_f1_7": 0.0007549016778427805,
"avg_TS_ap_7": 0.998382003968671,
"std_TS_ap_7": 8.080379393674438e-05,
"avg_TS_auc_7": 0.9854717333333334,
"std_TS_auc_7": 0.000731698941665623,
"avg_TS_f1_8": 0.9831886771487305,
"std_TS_f1_8": 0.0012143026411457285,
"avg_TS_ap_8": 0.9937297125321166,
"std_TS_ap_8": 0.0009390395751961765,
"avg_TS_auc_8": 0.9644358333333333,
"std_TS_auc_8": 0.0015497871454804,
"avg_TS_f1_9": 0.981021787630177,
"std_TS_f1_9": 0.000791179779881138,
"avg_TS_ap_9": 0.9986492923785129,
"std_TS_ap_9": 0.00010334157260490857,
"avg_TS_auc_9": 0.9883386111111111,
"std_TS_auc_9": 0.0008403111879492056,
"avg_TS_f1_all": 0.9638026429863388,
"std_TS_f1_all": 0.00022570297090119073,
"avg_TS_ap_all": 0.9911350875947225,
"std_TS_ap_all": 0.0003725610632044881,
"avg_TS_auc_all": 0.9369288544444444,
"std_TS_auc_all": 0.001375219366462658
}