{
"avg_TS_f1_0": 0.9514528584921385,
"std_TS_f1_0": 0.0007749584209861347,
"avg_TS_ap_0": 0.9846231497347251,
"std_TS_ap_0": 0.0006660767249608017,
"avg_TS_auc_0": 0.8868752333333333,
"std_TS_auc_0": 0.003265217171496701,
"avg_TS_f1_1": 0.9872666666666667,
"std_TS_f1_1": 0.0005904591224705176,
"avg_TS_ap_1": 0.9958700336010009,
"std_TS_ap_1": 0.0006075703237283413,
"avg_TS_auc_1": 0.9744547333333333,
"std_TS_auc_1": 0.0019710795222947376,
"avg_TS_f1_2": 0.9538646159354531,
"std_TS_f1_2": 0.0011031541855902685,
"avg_TS_ap_2": 0.9902117886406965,
"std_TS_ap_2": 0.0004191928750190562,
"avg_TS_auc_2": 0.9217024444444444,
"std_TS_auc_2": 0.0028528386960930355,
"avg_TS_f1_3": 0.936674233672918,
"std_TS_f1_3": 0.001968421352338546,
"avg_TS_ap_3": 0.9789942367887008,
"std_TS_ap_3": 0.0015222912275082777,
"avg_TS_auc_3": 0.8409616555555555,
"std_TS_auc_3": 0.009568769986965738,
"avg_TS_f1_4": 0.9440079656620487,
"std_TS_f1_4": 0.0009287502819555625,
"avg_TS_ap_4": 0.9887072476192861,
"std_TS_ap_4": 0.00013799524175566943,
"avg_TS_auc_4": 0.9076323222222221,
"std_TS_auc_4": 0.0009691079087312688,
"avg_TS_f1_5": 0.9515418201690157,
"std_TS_f1_5": 0.00231544529366456,
"avg_TS_ap_5": 0.9912218175021084,
"std_TS_ap_5": 0.0007231633998196812,
"avg_TS_auc_5": 0.9260398000000001,
"std_TS_auc_5": 0.006016627707127358,
"avg_TS_f1_6": 0.9274515089428048,
"std_TS_f1_6": 0.0009305642984856431,
"avg_TS_ap_6": 0.9776516940861366,
"std_TS_ap_6": 0.0008341455092400924,
"avg_TS_auc_6": 0.8277324777777778,
"std_TS_auc_6": 0.0035731064572808004,
"avg_TS_f1_7": 0.9742997203548345,
"std_TS_f1_7": 0.0008544427394504261,
"avg_TS_ap_7": 0.9977629676083388,
"std_TS_ap_7": 0.00011217761731139057,
"avg_TS_auc_7": 0.9804405444444445,
"std_TS_auc_7": 0.0009674676313850041,
"avg_TS_f1_8": 0.941452302905717,
"std_TS_f1_8": 0.002856038460166411,
"avg_TS_ap_8": 0.971535765531827,
"std_TS_ap_8": 0.00172933093470007,
"avg_TS_auc_8": 0.8244822111111112,
"std_TS_auc_8": 0.009501724981234277,
"avg_TS_f1_9": 0.9785881721824051,
"std_TS_f1_9": 0.0008540023886884681,
"avg_TS_ap_9": 0.9976047801174331,
"std_TS_ap_9": 0.00010882835054543566,
"avg_TS_auc_9": 0.9804345,
"std_TS_auc_9": 0.0009314340821457746,
"avg_TS_f1_all": 0.9546599864984003,
"std_TS_f1_all": 0.0004174097873742134,
"avg_TS_ap_all": 0.9874183481230252,
"std_TS_ap_all": 0.0003733086789943673,
"avg_TS_auc_all": 0.9070755922222222,
"std_TS_auc_all": 0.0018118840832795904
}