{
"avg_TS_f1_0": 0.9648888888888889,
"std_TS_f1_0": 0.0010280029783307151,
"avg_TS_ap_0": 0.9720917660615314,
"std_TS_ap_0": 0.0041864533499258935,
"avg_TS_auc_0": 0.870780088888889,
"std_TS_auc_0": 0.009559322086971911,
"avg_TS_f1_1": 0.9757555555555555,
"std_TS_f1_1": 0.0007774602526460547,
"avg_TS_ap_1": 0.9468935909986854,
"std_TS_ap_1": 0.004781272935658804,
"avg_TS_auc_1": 0.8402499777777779,
"std_TS_auc_1": 0.006073711068324038,
"avg_TS_f1_2": 0.9565777777777779,
"std_TS_f1_2": 0.0017921640136583088,
"avg_TS_ap_2": 0.9634064548102724,
"std_TS_ap_2": 0.007348113066011742,
"avg_TS_auc_2": 0.8492148333333333,
"std_TS_auc_2": 0.019248835548907516,
"avg_TS_f1_3": 0.9360978560537314,
"std_TS_f1_3": 0.0012866569827794342,
"avg_TS_ap_3": 0.9470065143896302,
"std_TS_ap_3": 0.0028853359850772803,
"avg_TS_auc_3": 0.7211978333333333,
"std_TS_auc_3": 0.007834126101412929,
"avg_TS_f1_4": 0.9440432209196807,
"std_TS_f1_4": 0.0009709495925292146,
"avg_TS_ap_4": 0.9671570959993989,
"std_TS_ap_4": 0.001624655478742162,
"avg_TS_auc_4": 0.829184388888889,
"std_TS_auc_4": 0.00434886656938006,
"avg_TS_f1_5": 0.9595555555555555,
"std_TS_f1_5": 0.008944547963514153,
"avg_TS_ap_5": 0.9635412034577809,
"std_TS_ap_5": 0.010424752692350539,
"avg_TS_auc_5": 0.8526573333333334,
"std_TS_auc_5": 0.02888796210115942,
"avg_TS_f1_6": 0.9271403680201944,
"std_TS_f1_6": 0.0006478755691705822,
"avg_TS_ap_6": 0.9596160465838544,
"std_TS_ap_6": 0.00268118177668633,
"avg_TS_auc_6": 0.7625519555555555,
"std_TS_auc_6": 0.007440549539674143,
"avg_TS_f1_7": 0.9635884721990727,
"std_TS_f1_7": 0.0012621437785670145,
"avg_TS_ap_7": 0.9815903873796656,
"std_TS_ap_7": 0.0038202596238329544,
"avg_TS_auc_7": 0.8935114555555556,
"std_TS_auc_7": 0.011127454873409003,
"avg_TS_f1_8": 0.9758888888888888,
"std_TS_f1_8": 0.0011946382271747307,
"avg_TS_ap_8": 0.971502325682102,
"std_TS_ap_8": 0.007447964190453102,
"avg_TS_auc_8": 0.8945329777777777,
"std_TS_auc_8": 0.017160445916160838,
"avg_TS_f1_9": 0.9750888888888889,
"std_TS_f1_9": 0.0021766436956419206,
"avg_TS_ap_9": 0.9757636718834389,
"std_TS_ap_9": 0.004247380099843953,
"avg_TS_auc_9": 0.8921725222222221,
"std_TS_auc_9": 0.0078055231760973745,
"avg_TS_f1_all": 0.9578625472748235,
"std_TS_f1_all": 0.0012382803273944666,
"avg_TS_ap_all": 0.9648569057246361,
"std_TS_ap_all": 0.000622344109285002,
"avg_TS_auc_all": 0.8406053366666667,
"std_TS_auc_all": 0.003270104219354394
}