{
"avg_TS_f1_0": 0.9463988024026027,
"std_TS_f1_0": 0.0012512063338834623,
"avg_TS_ap_0": 0.97879322004021,
"std_TS_ap_0": 0.0018459719516871597,
"avg_TS_auc_0": 0.8609654444444444,
"std_TS_auc_0": 0.004470586961076025,
"avg_TS_f1_1": 0.9828775956688952,
"std_TS_f1_1": 0.0014682582955130126,
"avg_TS_ap_1": 0.9931235560008915,
"std_TS_ap_1": 0.001928004887981887,
"avg_TS_auc_1": 0.9598975222222222,
"std_TS_auc_1": 0.0038766609866842023,
"avg_TS_f1_2": 0.9521989431511626,
"std_TS_f1_2": 0.0016548857164725907,
"avg_TS_ap_2": 0.9895513874231572,
"std_TS_ap_2": 0.0010441156081312639,
"avg_TS_auc_2": 0.918739388888889,
"std_TS_auc_2": 0.005572208689913798,
"avg_TS_f1_3": 0.9236102746448877,
"std_TS_f1_3": 0.004496980691852887,
"avg_TS_ap_3": 0.964692537784493,
"std_TS_ap_3": 0.007778710983263773,
"avg_TS_auc_3": 0.7638706666666666,
"std_TS_auc_3": 0.03556280282131047,
"avg_TS_f1_4": 0.9371659697143668,
"std_TS_f1_4": 0.0022431999086379305,
"avg_TS_ap_4": 0.985910662077865,
"std_TS_ap_4": 0.0012156187700995721,
"avg_TS_auc_4": 0.8876159222222222,
"std_TS_auc_4": 0.007015874964537493,
"avg_TS_f1_5": 0.9496105684883729,
"std_TS_f1_5": 0.00486212796281312,
"avg_TS_ap_5": 0.9910240425368896,
"std_TS_ap_5": 0.0022889645839038243,
"avg_TS_auc_5": 0.9248300333333332,
"std_TS_auc_5": 0.014537141359655847,
"avg_TS_f1_6": 0.9233521491934737,
"std_TS_f1_6": 0.0022841486058815265,
"avg_TS_ap_6": 0.9717504246670894,
"std_TS_ap_6": 0.006710766715643963,
"avg_TS_auc_6": 0.7992393555555555,
"std_TS_auc_6": 0.025966673444267653,
"avg_TS_f1_7": 0.9695111111111112,
"std_TS_f1_7": 0.0024989874492691968,
"avg_TS_ap_7": 0.9970626378949282,
"std_TS_ap_7": 0.00025584355213609906,
"avg_TS_auc_7": 0.9746100222222221,
"std_TS_auc_7": 0.0008917209901070171,
"avg_TS_f1_8": 0.9407762974486238,
"std_TS_f1_8": 0.006658957228251955,
"avg_TS_ap_8": 0.9682187681525546,
"std_TS_ap_8": 0.0040294119092737805,
"avg_TS_auc_8": 0.8161980333333332,
"std_TS_auc_8": 0.02119697216208596,
"avg_TS_f1_9": 0.9741549900920422,
"std_TS_f1_9": 0.002159971126985154,
"avg_TS_ap_9": 0.9970628376190971,
"std_TS_ap_9": 0.00029161770992549495,
"avg_TS_auc_9": 0.9761005555555554,
"std_TS_auc_9": 0.0018301910640324069,
"avg_TS_f1_all": 0.9499656701915539,
"std_TS_f1_all": 0.0013941219831628971,
"avg_TS_ap_all": 0.9837190074197176,
"std_TS_ap_all": 0.0014745684588674945,
"avg_TS_auc_all": 0.8882066944444444,
"std_TS_auc_all": 0.007608718898119688
}