{
"avg_TS_f1_0": 0.95715365169395,
"std_TS_f1_0": 0.0009528734126234277,
"avg_TS_ap_0": 0.9879171939277815,
"std_TS_ap_0": 0.0006627991375599582,
"avg_TS_auc_0": 0.9102646222222223,
"std_TS_auc_0": 0.0043368636054863605,
"avg_TS_f1_1": 0.9903663549209524,
"std_TS_f1_1": 0.0005820980927452084,
"avg_TS_ap_1": 0.9970232371662178,
"std_TS_ap_1": 0.00012975282686589944,
"avg_TS_auc_1": 0.9823785444444443,
"std_TS_auc_1": 0.0008242930464463016,
"avg_TS_f1_2": 0.9543216968843948,
"std_TS_f1_2": 0.0008789461772474201,
"avg_TS_ap_2": 0.9916782787877082,
"std_TS_ap_2": 0.00035687305845890797,
"avg_TS_auc_2": 0.9327124444444443,
"std_TS_auc_2": 0.0017995952230062111,
"avg_TS_f1_3": 0.9452864406047249,
"std_TS_f1_3": 0.0017498158802430946,
"avg_TS_ap_3": 0.9828898257192549,
"std_TS_ap_3": 0.0011101249531312238,
"avg_TS_auc_3": 0.8724794333333333,
"std_TS_auc_3": 0.008004998638690254,
"avg_TS_f1_4": 0.9447086455420364,
"std_TS_f1_4": 0.0007850271571959214,
"avg_TS_ap_4": 0.9897773344588219,
"std_TS_ap_4": 0.00014654708346030412,
"avg_TS_auc_4": 0.9156979111111111,
"std_TS_auc_4": 0.0015265146065304106,
"avg_TS_f1_5": 0.9626205653400497,
"std_TS_f1_5": 0.00125917436387946,
"avg_TS_ap_5": 0.9953674907413227,
"std_TS_ap_5": 0.0002705030020612347,
"avg_TS_auc_5": 0.9593716222222224,
"std_TS_auc_5": 0.002459156743055177,
"avg_TS_f1_6": 0.9278174107547713,
"std_TS_f1_6": 0.0010342360470487106,
"avg_TS_ap_6": 0.9794380127312848,
"std_TS_ap_6": 0.0006258547868074845,
"avg_TS_auc_6": 0.8383975111111113,
"std_TS_auc_6": 0.003135246236101398,
"avg_TS_f1_7": 0.9767219549234216,
"std_TS_f1_7": 0.0010865831756055218,
"avg_TS_ap_7": 0.9983432709684583,
"std_TS_ap_7": 0.00016210098871837145,
"avg_TS_auc_7": 0.9851051999999999,
"std_TS_auc_7": 0.0014422872899206923,
"avg_TS_f1_8": 0.9590090015945096,
"std_TS_f1_8": 0.003727302269644434,
"avg_TS_ap_8": 0.9845904027121547,
"std_TS_ap_8": 0.0009016228778257984,
"avg_TS_auc_8": 0.9018093333333335,
"std_TS_auc_8": 0.004984063885506995,
"avg_TS_f1_9": 0.9799442252964671,
"std_TS_f1_9": 0.0004035059558603146,
"avg_TS_ap_9": 0.9985103866985797,
"std_TS_ap_9": 5.0371732724026516e-05,
"avg_TS_auc_9": 0.9870665777777777,
"std_TS_auc_9": 0.000398967520259859,
"avg_TS_f1_all": 0.9597949947555279,
"std_TS_f1_all": 0.0003873300814519479,
"avg_TS_ap_all": 0.9905535433911584,
"std_TS_ap_all": 0.0002581396513037664,
"avg_TS_auc_all": 0.9285283200000001,
"std_TS_auc_all": 0.001210520811875092
}