{
"avg_TS_f1_0": 0.9345866979452129,
"std_TS_f1_0": 0.0009523923717347938,
"avg_TS_ap_0": 0.9642818154142322,
"std_TS_ap_0": 0.0007106145601818972,
"avg_TS_auc_0": 0.7832370444444444,
"std_TS_auc_0": 0.002784855573620611,
"avg_TS_f1_1": 0.9674093041804062,
"std_TS_f1_1": 0.0004640446381313319,
"avg_TS_ap_1": 0.9843194200480079,
"std_TS_ap_1": 0.00010820357624122267,
"avg_TS_auc_1": 0.9124366555555555,
"std_TS_auc_1": 0.0012921704778022511,
"avg_TS_f1_2": 0.9432628886094419,
"std_TS_f1_2": 0.0009189846990463282,
"avg_TS_ap_2": 0.9785928935556448,
"std_TS_ap_2": 0.0005169643178382658,
"avg_TS_auc_2": 0.856205888888889,
"std_TS_auc_2": 0.002870590383634959,
"avg_TS_f1_3": 0.9146730373909662,
"std_TS_f1_3": 0.0009953528830072436,
"avg_TS_ap_3": 0.95143723114436,
"std_TS_ap_3": 0.0008348561064893268,
"avg_TS_auc_3": 0.6931949222222221,
"std_TS_auc_3": 0.0042578747502005024,
"avg_TS_f1_4": 0.9316977153051713,
"std_TS_f1_4": 0.0009398466594725353,
"avg_TS_ap_4": 0.9764777254430459,
"std_TS_ap_4": 0.0005055781073729194,
"avg_TS_auc_4": 0.8365117666666666,
"std_TS_auc_4": 0.003155888851999249,
"avg_TS_f1_5": 0.9102162415327477,
"std_TS_f1_5": 0.001767180045001278,
"avg_TS_ap_5": 0.9543420854018241,
"std_TS_ap_5": 0.002149438349154534,
"avg_TS_auc_5": 0.6948761444444445,
"std_TS_auc_5": 0.013136674326996953,
"avg_TS_f1_6": 0.9194168600975665,
"std_TS_f1_6": 0.0010496295719323364,
"avg_TS_ap_6": 0.9575572282063549,
"std_TS_ap_6": 0.0013927944695500314,
"avg_TS_auc_6": 0.7320097444444446,
"std_TS_auc_6": 0.005165074249774068,
"avg_TS_f1_7": 0.9513205968232803,
"std_TS_f1_7": 0.0006418031409706207,
"avg_TS_ap_7": 0.9874454162540985,
"std_TS_ap_7": 0.000644522746271137,
"avg_TS_auc_7": 0.9071411111111111,
"std_TS_auc_7": 0.004159406292361721,
"avg_TS_f1_8": 0.9082383734052574,
"std_TS_f1_8": 0.001419895823665811,
"avg_TS_ap_8": 0.9253982921968206,
"std_TS_ap_8": 0.002616096569923245,
"avg_TS_auc_8": 0.6039808444444444,
"std_TS_auc_8": 0.013360118337217107,
"avg_TS_f1_9": 0.9575874536239667,
"std_TS_f1_9": 0.0011643709223134035,
"avg_TS_ap_9": 0.9858531048893806,
"std_TS_ap_9": 0.00025679424996509953,
"avg_TS_auc_9": 0.9057603777777776,
"std_TS_auc_9": 0.0017296409715941298,
"avg_TS_f1_all": 0.9338409168914017,
"std_TS_f1_all": 0.00047911825393197425,
"avg_TS_ap_all": 0.9665705212553769,
"std_TS_ap_all": 0.000487953871999401,
"avg_TS_auc_all": 0.7925354500000001,
"std_TS_auc_all": 0.002627842658811382
}