{
"avg_TS_f1_0": 0.9475333333333333,
"std_TS_f1_0": 0.004117652453570494,
"avg_TS_ap_0": 0.9792402489477094,
"std_TS_ap_0": 0.0029002860805773844,
"avg_TS_auc_0": 0.8601599888888888,
"std_TS_auc_0": 0.01562985606832463,
"avg_TS_f1_1": 0.9856440839305887,
"std_TS_f1_1": 0.0030045561771180687,
"avg_TS_ap_1": 0.9890436801437568,
"std_TS_ap_1": 0.0019285870126144712,
"avg_TS_auc_1": 0.9543334111111111,
"std_TS_auc_1": 0.007545091477948859,
"avg_TS_f1_2": 0.9484222222222222,
"std_TS_f1_2": 0.00378782976399253,
"avg_TS_ap_2": 0.9858651803825763,
"std_TS_ap_2": 0.0020104289871608985,
"avg_TS_auc_2": 0.8993435444444444,
"std_TS_auc_2": 0.008695428524315632,
"avg_TS_f1_3": 0.9334207653511616,
"std_TS_f1_3": 0.0026694982661731284,
"avg_TS_ap_3": 0.9714114714160746,
"std_TS_ap_3": 0.002382741952926974,
"avg_TS_auc_3": 0.8086548111111111,
"std_TS_auc_3": 0.008818530541597432,
"avg_TS_f1_4": 0.9369214968732831,
"std_TS_f1_4": 0.004284365324344899,
"avg_TS_ap_4": 0.9844328713187827,
"std_TS_ap_4": 0.0026592192807506757,
"avg_TS_auc_4": 0.8812694444444447,
"std_TS_auc_4": 0.01715317023676986,
"avg_TS_f1_5": 0.9434327586100462,
"std_TS_f1_5": 0.007349467994673961,
"avg_TS_ap_5": 0.9830569624964767,
"std_TS_ap_5": 0.004128669463304504,
"avg_TS_auc_5": 0.8761125444444445,
"std_TS_auc_5": 0.02719161770285136,
"avg_TS_f1_6": 0.9217777777777778,
"std_TS_f1_6": 0.0007302967433402796,
"avg_TS_ap_6": 0.9657173554901621,
"std_TS_ap_6": 0.002010627403624851,
"avg_TS_auc_6": 0.7673567333333333,
"std_TS_auc_6": 0.008236093804321384,
"avg_TS_f1_7": 0.9729111111111111,
"std_TS_f1_7": 0.0027337849672045625,
"avg_TS_ap_7": 0.9959948865952295,
"std_TS_ap_7": 0.0011190053121662945,
"avg_TS_auc_7": 0.9692898111111111,
"std_TS_auc_7": 0.006883656729969079,
"avg_TS_f1_8": 0.9482210233901883,
"std_TS_f1_8": 0.0070326051528057975,
"avg_TS_ap_8": 0.9777715968869007,
"std_TS_ap_8": 0.004210506096290886,
"avg_TS_auc_8": 0.8615411666666667,
"std_TS_auc_8": 0.02218411164636238,
"avg_TS_f1_9": 0.976099653684464,
"std_TS_f1_9": 0.004123775870003444,
"avg_TS_ap_9": 0.9957272609445116,
"std_TS_ap_9": 0.001037664547516039,
"avg_TS_auc_9": 0.9684126111111111,
"std_TS_auc_9": 0.007171322293140868,
"avg_TS_f1_all": 0.9514384226284175,
"std_TS_f1_all": 0.0013772192173091278,
"avg_TS_ap_all": 0.9828261514622179,
"std_TS_ap_all": 0.0006563789820960668,
"avg_TS_auc_all": 0.8846474066666667,
"std_TS_auc_all": 0.00374787006861594
}