{
"avg_TS_f1_0": 0.9578106783710206,
"std_TS_f1_0": 0.0038524204552430105,
"avg_TS_ap_0": 0.983962165054826,
"std_TS_ap_0": 0.007855669520436526,
"avg_TS_auc_0": 0.8944536,
"std_TS_auc_0": 0.03857066415574544,
"avg_TS_f1_1": 0.9850444444444445,
"std_TS_f1_1": 0.005227940132087546,
"avg_TS_ap_1": 0.9965465838011409,
"std_TS_ap_1": 0.0018982171973436967,
"avg_TS_auc_1": 0.9770741666666668,
"std_TS_auc_1": 0.012496742141824727,
"avg_TS_f1_2": 0.9521216512028448,
"std_TS_f1_2": 0.0035359963784589326,
"avg_TS_ap_2": 0.98332553695577,
"std_TS_ap_2": 0.0032286049045365077,
"avg_TS_auc_2": 0.8853849888888888,
"std_TS_auc_2": 0.020998798086839406,
"avg_TS_f1_3": 0.9133536653270861,
"std_TS_f1_3": 0.002959842114242277,
"avg_TS_ap_3": 0.9371072367971122,
"std_TS_ap_3": 0.008669220467397237,
"avg_TS_auc_3": 0.6599970888888889,
"std_TS_auc_3": 0.017443576352873254,
"avg_TS_f1_4": 0.9393987073355927,
"std_TS_f1_4": 0.003646128057953893,
"avg_TS_ap_4": 0.9839919075759666,
"std_TS_ap_4": 0.0027872568990458097,
"avg_TS_auc_4": 0.8813748111111112,
"std_TS_auc_4": 0.014562814262199063,
"avg_TS_f1_5": 0.963488888888889,
"std_TS_f1_5": 0.008151225008291844,
"avg_TS_ap_5": 0.9941585970530907,
"std_TS_ap_5": 0.0017171514423934965,
"avg_TS_auc_5": 0.9512468222222223,
"std_TS_auc_5": 0.014238889722044464,
"avg_TS_f1_6": 0.924676903037823,
"std_TS_f1_6": 0.005168186221803152,
"avg_TS_ap_6": 0.9704623219142137,
"std_TS_ap_6": 0.002820846927620292,
"avg_TS_auc_6": 0.7895416000000001,
"std_TS_auc_6": 0.01692488749600264,
"avg_TS_f1_7": 0.970143994419443,
"std_TS_f1_7": 0.008762529715861443,
"avg_TS_ap_7": 0.9963460094617241,
"std_TS_ap_7": 0.0021640744099539516,
"avg_TS_auc_7": 0.9681024111111111,
"std_TS_auc_7": 0.017974048737396952,
"avg_TS_f1_8": 0.9831111111111112,
"std_TS_f1_8": 0.006926421055781646,
"avg_TS_ap_8": 0.9948197178022312,
"std_TS_ap_8": 0.004237714398059207,
"avg_TS_auc_8": 0.9667068333333333,
"std_TS_auc_8": 0.024121165399082104,
"avg_TS_f1_9": 0.9796773487415967,
"std_TS_f1_9": 0.009294304115322699,
"avg_TS_ap_9": 0.9971156699091969,
"std_TS_ap_9": 0.0017467427327128365,
"avg_TS_auc_9": 0.9767263444444444,
"std_TS_auc_9": 0.014796741958933355,
"avg_TS_f1_all": 0.9568827392879852,
"std_TS_f1_all": 0.0016862980863983747,
"avg_TS_ap_all": 0.9837835746325274,
"std_TS_ap_all": 0.0012795760967881078,
"avg_TS_auc_all": 0.8950608666666667,
"std_TS_auc_all": 0.003737221992848088
}