{
"avg_TS_f1_0": 0.9605217981245872,
"std_TS_f1_0": 0.0014145189817864605,
"avg_TS_ap_0": 0.9804755054833125,
"std_TS_ap_0": 0.004354160175449359,
"avg_TS_auc_0": 0.8903098222222223,
"std_TS_auc_0": 0.016005391730327497,
"avg_TS_f1_1": 0.9860444444444445,
"std_TS_f1_1": 0.0003340732528527235,
"avg_TS_ap_1": 0.9922743679144809,
"std_TS_ap_1": 0.001287978899141855,
"avg_TS_auc_1": 0.9605593333333331,
"std_TS_auc_1": 0.003580658030944589,
"avg_TS_f1_2": 0.9529534603774283,
"std_TS_f1_2": 0.0006542894854273402,
"avg_TS_ap_2": 0.9715277722053088,
"std_TS_ap_2": 0.001384034139622014,
"avg_TS_auc_2": 0.8751971333333334,
"std_TS_auc_2": 0.0026147831259594593,
"avg_TS_f1_3": 0.9464420615960145,
"std_TS_f1_3": 0.0003262659130883055,
"avg_TS_ap_3": 0.9232403479418145,
"std_TS_ap_3": 0.0006509930794958086,
"avg_TS_auc_3": 0.7659680888888889,
"std_TS_auc_3": 0.0018082340319552578,
"avg_TS_f1_4": 0.9435425634757486,
"std_TS_f1_4": 0.00048600072193168115,
"avg_TS_ap_4": 0.958552152853383,
"std_TS_ap_4": 0.002370439586845853,
"avg_TS_auc_4": 0.8258451888888889,
"std_TS_auc_4": 0.003585971484948609,
"avg_TS_f1_5": 0.9695097912476578,
"std_TS_f1_5": 0.001396518302979943,
"avg_TS_ap_5": 0.9970479946185445,
"std_TS_ap_5": 0.00023238565084356388,
"avg_TS_auc_5": 0.9738263,
"std_TS_auc_5": 0.002101177750456209,
"avg_TS_f1_6": 0.9273967726602095,
"std_TS_f1_6": 0.0010497261963236103,
"avg_TS_ap_6": 0.9349235543567487,
"std_TS_ap_6": 0.0012416286584616802,
"avg_TS_auc_6": 0.7398890222222223,
"std_TS_auc_6": 0.0030684697739797127,
"avg_TS_f1_7": 0.9756991808186875,
"std_TS_f1_7": 0.0008670890127110848,
"avg_TS_ap_7": 0.9972000026486125,
"std_TS_ap_7": 0.0007181572022428146,
"avg_TS_auc_7": 0.9777861,
"std_TS_auc_7": 0.0041032486276720865,
"avg_TS_f1_8": 0.9756888888888889,
"std_TS_f1_8": 0.0013041245112107617,
"avg_TS_ap_8": 0.9698889538402702,
"std_TS_ap_8": 0.002651121083037998,
"avg_TS_auc_8": 0.8847412666666667,
"std_TS_auc_8": 0.008011872095109536,
"avg_TS_f1_9": 0.9812553438153971,
"std_TS_f1_9": 0.0001978491204086443,
"avg_TS_ap_9": 0.9982729765444475,
"std_TS_ap_9": 0.00010888334591533378,
"avg_TS_auc_9": 0.9863075888888888,
"std_TS_auc_9": 0.0008829527430274347,
"avg_TS_f1_all": 0.9619054305449064,
"std_TS_f1_all": 0.00023374006923913636,
"avg_TS_ap_all": 0.9723403628406924,
"std_TS_ap_all": 0.0005642199795933865,
"avg_TS_auc_all": 0.8880429844444444,
"std_TS_auc_all": 0.0018996050354667731
}