{
"avg_TS_f1_0": 0.9428666666666666,
"std_TS_f1_0": 0.005516932409398966,
"avg_TS_ap_0": 0.979078367500299,
"std_TS_ap_0": 0.004122506287090126,
"avg_TS_auc_0": 0.8611907666666665,
"std_TS_auc_0": 0.021532311993247906,
"avg_TS_f1_1": 0.9700000000000001,
"std_TS_f1_1": 0.014088783736025396,
"avg_TS_ap_1": 0.9903887679488736,
"std_TS_ap_1": 0.003581562708869315,
"avg_TS_auc_1": 0.9386367555555555,
"std_TS_auc_1": 0.02583341085055515,
"avg_TS_f1_2": 0.9292666666666666,
"std_TS_f1_2": 0.008978602822375822,
"avg_TS_ap_2": 0.9799543717187518,
"std_TS_ap_2": 0.004907109591856605,
"avg_TS_auc_2": 0.8434032777777777,
"std_TS_auc_2": 0.035633707294108766,
"avg_TS_f1_3": 0.9257555555555556,
"std_TS_f1_3": 0.00902982711782332,
"avg_TS_ap_3": 0.9668539685105989,
"std_TS_ap_3": 0.004911404863452194,
"avg_TS_auc_3": 0.7782478333333334,
"std_TS_auc_3": 0.031857006576010094,
"avg_TS_f1_4": 0.9290769264959163,
"std_TS_f1_4": 0.00317774820530138,
"avg_TS_ap_4": 0.9800815086478032,
"std_TS_ap_4": 0.0016872512562363558,
"avg_TS_auc_4": 0.8495090666666666,
"std_TS_auc_4": 0.011594165270631427,
"avg_TS_f1_5": 0.9217333333333334,
"std_TS_f1_5": 0.009573523159162066,
"avg_TS_ap_5": 0.9604950159376164,
"std_TS_ap_5": 0.018944325818762087,
"avg_TS_auc_5": 0.7480232666666666,
"std_TS_auc_5": 0.09591410743159354,
"avg_TS_f1_6": 0.9092101104382342,
"std_TS_f1_6": 0.0009462169282404676,
"avg_TS_ap_6": 0.9557821318271269,
"std_TS_ap_6": 0.0044460648561132484,
"avg_TS_auc_6": 0.6951041777777778,
"std_TS_auc_6": 0.014823566177384857,
"avg_TS_f1_7": 0.9421438573747924,
"std_TS_f1_7": 0.005924923786349452,
"avg_TS_ap_7": 0.9893705138440968,
"std_TS_ap_7": 0.002426901226914076,
"avg_TS_auc_7": 0.9115420222222224,
"std_TS_auc_7": 0.015893694929028857,
"avg_TS_f1_8": 0.9418105067565481,
"std_TS_f1_8": 0.01063687278702193,
"avg_TS_ap_8": 0.9759671450857959,
"std_TS_ap_8": 0.0046142890132258784,
"avg_TS_auc_8": 0.8448571888888889,
"std_TS_auc_8": 0.03849528169341097,
"avg_TS_f1_9": 0.9467777777777778,
"std_TS_f1_9": 0.013698337287585098,
"avg_TS_ap_9": 0.9890988192756807,
"std_TS_ap_9": 0.0028316014188116034,
"avg_TS_auc_9": 0.9128288333333332,
"std_TS_auc_9": 0.02495582932589518,
"avg_TS_f1_all": 0.9358641401065491,
"std_TS_f1_all": 0.0043490196786263825,
"avg_TS_ap_all": 0.9767070610296642,
"std_TS_ap_all": 0.0024287073785989478,
"avg_TS_auc_all": 0.8383343188888889,
"std_TS_auc_all": 0.01693812103137809
}