{
"avg_TS_f1_0": 0.9561980492743423,
"std_TS_f1_0": 0.0003649637001137244,
"avg_TS_ap_0": 0.984556398905767,
"std_TS_ap_0": 0.0006034203494893714,
"avg_TS_auc_0": 0.8968752555555556,
"std_TS_auc_0": 0.0029864930386452374,
"avg_TS_f1_1": 0.9894998783883053,
"std_TS_f1_1": 0.0006266584005933417,
"avg_TS_ap_1": 0.9958085176498827,
"std_TS_ap_1": 0.00023107749399398143,
"avg_TS_auc_1": 0.9781651222222223,
"std_TS_auc_1": 0.0006459117915545255,
"avg_TS_f1_2": 0.9548191539201071,
"std_TS_f1_2": 0.0010771051828354333,
"avg_TS_ap_2": 0.9901139094317241,
"std_TS_ap_2": 0.0005364515094667947,
"avg_TS_auc_2": 0.9245176,
"std_TS_auc_2": 0.0032218236894155515,
"avg_TS_f1_3": 0.943597468995191,
"std_TS_f1_3": 0.00145666524724652,
"avg_TS_ap_3": 0.9788552791074139,
"std_TS_ap_3": 0.0006740889892526943,
"avg_TS_auc_3": 0.8537402444444446,
"std_TS_auc_3": 0.004707420631904384,
"avg_TS_f1_4": 0.9444314844651863,
"std_TS_f1_4": 0.0008542894671655274,
"avg_TS_ap_4": 0.9877999500137211,
"std_TS_ap_4": 0.00039940974290558865,
"avg_TS_auc_4": 0.9078465333333334,
"std_TS_auc_4": 0.002687547603161463,
"avg_TS_f1_5": 0.9564309128284905,
"std_TS_f1_5": 0.0012893436039211291,
"avg_TS_ap_5": 0.9905298708891992,
"std_TS_ap_5": 0.0005859971359674852,
"avg_TS_auc_5": 0.9261241333333332,
"std_TS_auc_5": 0.0045859167474258935,
"avg_TS_f1_6": 0.9287182669768251,
"std_TS_f1_6": 0.0011603322018100507,
"avg_TS_ap_6": 0.975537194701824,
"std_TS_ap_6": 0.0005870111309940445,
"avg_TS_auc_6": 0.8236509666666667,
"std_TS_auc_6": 0.0026647906286550917,
"avg_TS_f1_7": 0.9749777777777778,
"std_TS_f1_7": 0.0008816370855501015,
"avg_TS_ap_7": 0.9976890143045475,
"std_TS_ap_7": 0.0002113795008980562,
"avg_TS_auc_7": 0.9807419777777777,
"std_TS_auc_7": 0.001508764000558958,
"avg_TS_f1_8": 0.9531747996730002,
"std_TS_f1_8": 0.0035632304014775727,
"avg_TS_ap_8": 0.9779069635590876,
"std_TS_ap_8": 0.0009492372341393111,
"avg_TS_auc_8": 0.8679594666666667,
"std_TS_auc_8": 0.006886627626776097,
"avg_TS_f1_9": 0.9790439839250329,
"std_TS_f1_9": 0.0006566155515157721,
"avg_TS_ap_9": 0.9974011150188093,
"std_TS_ap_9": 0.00011601387739979511,
"avg_TS_auc_9": 0.9801175777777777,
"std_TS_auc_9": 0.0008125340871101844,
"avg_TS_f1_all": 0.958089177622426,
"std_TS_f1_all": 0.00033149775927353997,
"avg_TS_ap_all": 0.9876198213581977,
"std_TS_ap_all": 0.00012597910210029043,
"avg_TS_auc_all": 0.9139738877777777,
"std_TS_auc_all": 0.0005475641420389966
}