{
"avg_TS_f1_0": 0.9398091005055835,
"std_TS_f1_0": 0.0003388798739092031,
"avg_TS_ap_0": 0.9674803378155874,
"std_TS_ap_0": 0.0005062443699258396,
"avg_TS_auc_0": 0.8068795555555555,
"std_TS_auc_0": 0.002318515230236676,
"avg_TS_f1_1": 0.9739880314018782,
"std_TS_f1_1": 0.0006206356482655944,
"avg_TS_ap_1": 0.9879490624421446,
"std_TS_ap_1": 0.00029548840665105934,
"avg_TS_auc_1": 0.9343680666666667,
"std_TS_auc_1": 0.0015353578689279962,
"avg_TS_f1_2": 0.9470631404798138,
"std_TS_f1_2": 0.0008806689949613107,
"avg_TS_ap_2": 0.9809295125789846,
"std_TS_ap_2": 0.0007007376049241391,
"avg_TS_auc_2": 0.8720839777777778,
"std_TS_auc_2": 0.003455006675700555,
"avg_TS_f1_3": 0.9189057154489564,
"std_TS_f1_3": 0.0007763639013074442,
"avg_TS_ap_3": 0.9555776378755214,
"std_TS_ap_3": 0.001484064725936808,
"avg_TS_auc_3": 0.7227454444444444,
"std_TS_auc_3": 0.004942536886590561,
"avg_TS_f1_4": 0.9354312066719755,
"std_TS_f1_4": 0.0012175678320729202,
"avg_TS_ap_4": 0.9786316051607205,
"std_TS_ap_4": 0.000588299984014979,
"avg_TS_auc_4": 0.8548766111111112,
"std_TS_auc_4": 0.0035455587508255045,
"avg_TS_f1_5": 0.9207178176565364,
"std_TS_f1_5": 0.0017512873652843588,
"avg_TS_ap_5": 0.9637745121073695,
"std_TS_ap_5": 0.0010554452069687587,
"avg_TS_auc_5": 0.7561156222222223,
"std_TS_auc_5": 0.006712732084904298,
"avg_TS_f1_6": 0.9221862856578452,
"std_TS_f1_6": 0.0010633181722254064,
"avg_TS_ap_6": 0.9600557021481467,
"std_TS_ap_6": 0.0017086945179102392,
"avg_TS_auc_6": 0.7504620333333333,
"std_TS_auc_6": 0.007080202448507522,
"avg_TS_f1_7": 0.9608657752591194,
"std_TS_f1_7": 0.0013259154562889639,
"avg_TS_ap_7": 0.99164879279388,
"std_TS_ap_7": 0.00016552657025672036,
"avg_TS_auc_7": 0.9382377222222221,
"std_TS_auc_7": 0.0010099669937156744,
"avg_TS_f1_8": 0.9162286594079412,
"std_TS_f1_8": 0.0013348748641786171,
"avg_TS_ap_8": 0.9377531282292347,
"std_TS_ap_8": 0.0011947168791477643,
"avg_TS_auc_8": 0.6625075999999999,
"std_TS_auc_8": 0.007949619660705598,
"avg_TS_f1_9": 0.9663648301039999,
"std_TS_f1_9": 0.0014120013590524034,
"avg_TS_ap_9": 0.9895248035979909,
"std_TS_ap_9": 0.0002975144304557653,
"avg_TS_auc_9": 0.9312186555555556,
"std_TS_auc_9": 0.001784441720421378,
"avg_TS_f1_all": 0.9401560562593649,
"std_TS_f1_all": 0.0006403761326158966,
"avg_TS_ap_all": 0.971332509474958,
"std_TS_ap_all": 0.00013806798857399598,
"avg_TS_auc_all": 0.822949528888889,
"std_TS_auc_all": 0.00127814543217222
}