{
"avg_TS_f1_0": 0.9434092350809614,
"std_TS_f1_0": 0.001402739606095976,
"avg_TS_ap_0": 0.9729685904007894,
"std_TS_ap_0": 0.000572700093662572,
"avg_TS_auc_0": 0.8333448666666667,
"std_TS_auc_0": 0.0036134241709232565,
"avg_TS_f1_1": 0.9799991061231796,
"std_TS_f1_1": 0.0007422073971398953,
"avg_TS_ap_1": 0.9909427964260977,
"std_TS_ap_1": 0.0003103738967294344,
"avg_TS_auc_1": 0.9521075333333334,
"std_TS_auc_1": 0.0018883565000049622,
"avg_TS_f1_2": 0.9498888888888889,
"std_TS_f1_2": 0.0005211573066470582,
"avg_TS_ap_2": 0.9844110881305468,
"std_TS_ap_2": 0.000228110680606779,
"avg_TS_auc_2": 0.8918058555555556,
"std_TS_auc_2": 0.0013071923232166097,
"avg_TS_f1_3": 0.9257300170997155,
"std_TS_f1_3": 0.0011644591830267347,
"avg_TS_ap_3": 0.9631012749439828,
"std_TS_ap_3": 0.001222823664767171,
"avg_TS_auc_3": 0.7640936111111111,
"std_TS_auc_3": 0.007098211679320633,
"avg_TS_f1_4": 0.9397188707258687,
"std_TS_f1_4": 0.0009579648043876962,
"avg_TS_ap_4": 0.981698498391963,
"std_TS_ap_4": 0.00038260105297486716,
"avg_TS_auc_4": 0.8733469444444445,
"std_TS_auc_4": 0.002436471787059336,
"avg_TS_f1_5": 0.9325526096338598,
"std_TS_f1_5": 0.002063148180737816,
"avg_TS_ap_5": 0.9761358532321804,
"std_TS_ap_5": 0.00150434384712036,
"avg_TS_auc_5": 0.8276252444444445,
"std_TS_auc_5": 0.009681469376706138,
"avg_TS_f1_6": 0.9240615971547012,
"std_TS_f1_6": 0.0006752236891516196,
"avg_TS_ap_6": 0.964759853984009,
"std_TS_ap_6": 0.0012401035048863447,
"avg_TS_auc_6": 0.7722166444444444,
"std_TS_auc_6": 0.005717109392272514,
"avg_TS_f1_7": 0.9677326308251694,
"std_TS_f1_7": 0.0011678521248797878,
"avg_TS_ap_7": 0.9945489838429129,
"std_TS_ap_7": 0.00017978089398295368,
"avg_TS_auc_7": 0.9583734666666667,
"std_TS_auc_7": 0.001849637113090988,
"avg_TS_f1_8": 0.925006953384506,
"std_TS_f1_8": 0.002685832142179762,
"avg_TS_ap_8": 0.951163899283466,
"std_TS_ap_8": 0.000837290589706469,
"avg_TS_auc_8": 0.7267856444444445,
"std_TS_auc_8": 0.005608083817970497,
"avg_TS_f1_9": 0.972965779580347,
"std_TS_f1_9": 0.0009863342599467184,
"avg_TS_ap_9": 0.9932217761460306,
"std_TS_ap_9": 0.00027445423095367896,
"avg_TS_auc_9": 0.954122711111111,
"std_TS_auc_9": 0.0019798874133722835,
"avg_TS_f1_all": 0.9461065688497197,
"std_TS_f1_all": 0.0005227191269943464,
"avg_TS_ap_all": 0.977295261478198,
"std_TS_ap_all": 0.00036004576222882105,
"avg_TS_auc_all": 0.8553822522222221,
"std_TS_auc_all": 0.0022695204701493757
}