{
"avg_TS_f1_0": 0.9410222222222222,
"std_TS_f1_0": 0.009033927819716736,
"avg_TS_ap_0": 0.9754989696796914,
"std_TS_ap_0": 0.0036026540854188775,
"avg_TS_auc_0": 0.8392592555555554,
"std_TS_auc_0": 0.024896697470701928,
"avg_TS_f1_1": 0.9849777777777777,
"std_TS_f1_1": 0.003575913938257911,
"avg_TS_ap_1": 0.9896960940604569,
"std_TS_ap_1": 0.0016869659849206987,
"avg_TS_auc_1": 0.9546563666666665,
"std_TS_auc_1": 0.004696265157981774,
"avg_TS_f1_2": 0.9474981597743085,
"std_TS_f1_2": 0.0037717433197630686,
"avg_TS_ap_2": 0.9849823322722688,
"std_TS_ap_2": 0.0022304078750605793,
"avg_TS_auc_2": 0.8941504111111112,
"std_TS_auc_2": 0.011809987257632042,
"avg_TS_f1_3": 0.9318770882332968,
"std_TS_f1_3": 0.009374487620392993,
"avg_TS_ap_3": 0.9636405903216548,
"std_TS_ap_3": 0.0026993974015566144,
"avg_TS_auc_3": 0.7753567777777777,
"std_TS_auc_3": 0.02823646263223287,
"avg_TS_f1_4": 0.934088888888889,
"std_TS_f1_4": 0.004623290474847416,
"avg_TS_ap_4": 0.9818841201695643,
"std_TS_ap_4": 0.0027660384771714375,
"avg_TS_auc_4": 0.8698031222222223,
"std_TS_auc_4": 0.016983196196931137,
"avg_TS_f1_5": 0.945354309807335,
"std_TS_f1_5": 0.0024923958763150146,
"avg_TS_ap_5": 0.9846453458203894,
"std_TS_ap_5": 0.0014435794224200514,
"avg_TS_auc_5": 0.8883517777777777,
"std_TS_auc_5": 0.00885122174701406,
"avg_TS_f1_6": 0.9205315875573333,
"std_TS_f1_6": 0.0028100437989613458,
"avg_TS_ap_6": 0.9639761114562807,
"std_TS_ap_6": 0.005897728724157605,
"avg_TS_auc_6": 0.7614927666666667,
"std_TS_auc_6": 0.031511293874634534,
"avg_TS_f1_7": 0.9699333333333333,
"std_TS_f1_7": 0.003880053455149129,
"avg_TS_ap_7": 0.9959600507329472,
"std_TS_ap_7": 0.0007185037864821468,
"avg_TS_auc_7": 0.9684228222222222,
"std_TS_auc_7": 0.005721655150585518,
"avg_TS_f1_8": 0.9370771104567538,
"std_TS_f1_8": 0.007133169122719847,
"avg_TS_ap_8": 0.9632135390116702,
"std_TS_ap_8": 0.005091617703458266,
"avg_TS_auc_8": 0.7895164777777778,
"std_TS_auc_8": 0.03076184380668953,
"avg_TS_f1_9": 0.9786444444444445,
"std_TS_f1_9": 0.0030440389024298247,
"avg_TS_ap_9": 0.9955271045193601,
"std_TS_ap_9": 0.0014577589946019867,
"avg_TS_auc_9": 0.9685977222222222,
"std_TS_auc_9": 0.008778018716735447,
"avg_TS_f1_all": 0.9491004922495694,
"std_TS_f1_all": 0.0018989575262292541,
"avg_TS_ap_all": 0.9799024258044284,
"std_TS_ap_all": 0.000991730162995319,
"avg_TS_auc_all": 0.8709607500000001,
"std_TS_auc_all": 0.00727617741817446
}