{
"avg_TS_f1_0": 0.9529777777777777,
"std_TS_f1_0": 0.002182308212833937,
"avg_TS_ap_0": 0.9862660489153816,
"std_TS_ap_0": 0.0009169743347612955,
"avg_TS_auc_0": 0.8975790333333334,
"std_TS_auc_0": 0.006371972126604312,
"avg_TS_f1_1": 0.9921777777777777,
"std_TS_f1_1": 0.00015071844406943597,
"avg_TS_ap_1": 0.9978622399356855,
"std_TS_ap_1": 0.0002096095695522512,
"avg_TS_auc_1": 0.9873141111111112,
"std_TS_auc_1": 0.0008073205805335862,
"avg_TS_f1_2": 0.9534434085844274,
"std_TS_f1_2": 0.0007690914237877309,
"avg_TS_ap_2": 0.9921834440663174,
"std_TS_ap_2": 0.00017061411737905749,
"avg_TS_auc_2": 0.9358222666666667,
"std_TS_auc_2": 0.0009425280454942157,
"avg_TS_f1_3": 0.9298087757961863,
"std_TS_f1_3": 0.0007778951137023011,
"avg_TS_ap_3": 0.9688479152799958,
"std_TS_ap_3": 0.0031791504436366877,
"avg_TS_auc_3": 0.7845066555555554,
"std_TS_auc_3": 0.011444899703533896,
"avg_TS_f1_4": 0.9419412189566089,
"std_TS_f1_4": 0.00046083540981893556,
"avg_TS_ap_4": 0.9892881706718415,
"std_TS_ap_4": 0.000266848160073604,
"avg_TS_auc_4": 0.9102483999999998,
"std_TS_auc_4": 0.0020750792382312607,
"avg_TS_f1_5": 0.9626213876079536,
"std_TS_f1_5": 0.0016937219644943622,
"avg_TS_ap_5": 0.9961959484043664,
"std_TS_ap_5": 0.00033632297586573805,
"avg_TS_auc_5": 0.9655940777777777,
"std_TS_auc_5": 0.0030714761005977203,
"avg_TS_f1_6": 0.9251966677161076,
"std_TS_f1_6": 0.0008795276468158727,
"avg_TS_ap_6": 0.9757214163473862,
"std_TS_ap_6": 0.004339337098537663,
"avg_TS_auc_6": 0.8151788,
"std_TS_auc_6": 0.021533756153474103,
"avg_TS_f1_7": 0.9766775030711583,
"std_TS_f1_7": 0.0009047360157345727,
"avg_TS_ap_7": 0.9984032019667204,
"std_TS_ap_7": 0.00010043014802260192,
"avg_TS_auc_7": 0.9855399444444444,
"std_TS_auc_7": 0.000911614740886996,
"avg_TS_f1_8": 0.9577651412732806,
"std_TS_f1_8": 0.012892823636340792,
"avg_TS_ap_8": 0.9904519649820525,
"std_TS_ap_8": 0.004012700599499052,
"avg_TS_auc_8": 0.9278718333333332,
"std_TS_auc_8": 0.03058721618930221,
"avg_TS_f1_9": 0.9807995728157739,
"std_TS_f1_9": 0.0002293802125921912,
"avg_TS_ap_9": 0.998610424724893,
"std_TS_ap_9": 2.2832609650504614e-05,
"avg_TS_auc_9": 0.9876777888888888,
"std_TS_auc_9": 0.00022399622296197724,
"avg_TS_f1_all": 0.9573409231377052,
"std_TS_f1_all": 0.0014116915932149705,
"avg_TS_ap_all": 0.9893830775294641,
"std_TS_ap_all": 0.0008561719678535967,
"avg_TS_auc_all": 0.9197332911111111,
"std_TS_auc_all": 0.005072348657526767
}