{
"avg_TS_f1_0": 0.9571207721416621,
"std_TS_f1_0": 0.0012692737637892127,
"avg_TS_ap_0": 0.9711114075519195,
"std_TS_ap_0": 0.0010054407086796898,
"avg_TS_auc_0": 0.8723877111111109,
"std_TS_auc_0": 0.003034637281272528,
"avg_TS_f1_1": 0.9908222222222222,
"std_TS_f1_1": 0.00011331154474650402,
"avg_TS_ap_1": 0.9877207299118689,
"std_TS_ap_1": 0.00086292809036606,
"avg_TS_auc_1": 0.9590502111111112,
"std_TS_auc_1": 0.0018093974760730609,
"avg_TS_f1_2": 0.9537312813674834,
"std_TS_f1_2": 0.0010111458394444378,
"avg_TS_ap_2": 0.9854937870517574,
"std_TS_ap_2": 0.0006553900059313609,
"avg_TS_auc_2": 0.9162437888888888,
"std_TS_auc_2": 0.0027481761178221324,
"avg_TS_f1_3": 0.9265078467322259,
"std_TS_f1_3": 0.0004663835292627,
"avg_TS_ap_3": 0.9467989417216144,
"std_TS_ap_3": 0.0025795256213025693,
"avg_TS_auc_3": 0.7112409555555554,
"std_TS_auc_3": 0.005722078412799146,
"avg_TS_f1_4": 0.9413320530152911,
"std_TS_f1_4": 0.0009537543914232305,
"avg_TS_ap_4": 0.9798476486370674,
"std_TS_ap_4": 0.0012149654284625668,
"avg_TS_auc_4": 0.8818217444444445,
"std_TS_auc_4": 0.0015724088980656515,
"avg_TS_f1_5": 0.9684222222222223,
"std_TS_f1_5": 0.002823534253203311,
"avg_TS_ap_5": 0.992463057983245,
"std_TS_ap_5": 0.0020092928113410505,
"avg_TS_auc_5": 0.958098611111111,
"std_TS_auc_5": 0.008315027043674416,
"avg_TS_f1_6": 0.9254958607897867,
"std_TS_f1_6": 0.0009074992912204388,
"avg_TS_ap_6": 0.9573707705527938,
"std_TS_ap_6": 0.0025598892047599955,
"avg_TS_auc_6": 0.7667572444444445,
"std_TS_auc_6": 0.008486762971333951,
"avg_TS_f1_7": 0.9755111111111111,
"std_TS_f1_7": 0.0032656839035682,
"avg_TS_ap_7": 0.9929760161255375,
"std_TS_ap_7": 0.002360754594472501,
"avg_TS_auc_7": 0.9636448777777777,
"std_TS_auc_7": 0.010553086096540154,
"avg_TS_f1_8": 0.9904444444444446,
"std_TS_f1_8": 0.0006324555320337037,
"avg_TS_ap_8": 0.9937511661040291,
"std_TS_ap_8": 0.0013051510238956162,
"avg_TS_auc_8": 0.9794100111111111,
"std_TS_auc_8": 0.002091516154065248,
"avg_TS_f1_9": 0.9826444444444444,
"std_TS_f1_9": 0.0008444444444444312,
"avg_TS_ap_9": 0.9958695648136476,
"std_TS_ap_9": 0.0006087791106688032,
"avg_TS_auc_9": 0.9803799,
"std_TS_auc_9": 0.001871322613871038,
"avg_TS_f1_all": 0.9612032258490893,
"std_TS_f1_all": 0.0005982988638060687,
"avg_TS_ap_all": 0.9803403090453481,
"std_TS_ap_all": 0.0005131062555171151,
"avg_TS_auc_all": 0.8989035055555556,
"std_TS_auc_all": 0.002444711917439695
}