{
"avg_TS_f1_0": 0.9371291391166275,
"std_TS_f1_0": 0.0007832653105727066,
"avg_TS_ap_0": 0.9690809463592481,
"std_TS_ap_0": 0.0010064019781769124,
"avg_TS_auc_0": 0.8036242111111112,
"std_TS_auc_0": 0.003812234378587424,
"avg_TS_f1_1": 0.9699434413022946,
"std_TS_f1_1": 0.0008826829616105078,
"avg_TS_ap_1": 0.9862336423268923,
"std_TS_ap_1": 0.000929492448078962,
"avg_TS_auc_1": 0.9226045444444445,
"std_TS_auc_1": 0.002863388971864931,
"avg_TS_f1_2": 0.9447975615248783,
"std_TS_f1_2": 0.001037138251162151,
"avg_TS_ap_2": 0.9816321422750622,
"std_TS_ap_2": 0.0004440119017332987,
"avg_TS_auc_2": 0.8710903111111111,
"std_TS_auc_2": 0.002034833210806862,
"avg_TS_f1_3": 0.9159518330228107,
"std_TS_f1_3": 0.0012530091564095507,
"avg_TS_ap_3": 0.9582348149081186,
"std_TS_ap_3": 0.0015240687351868718,
"avg_TS_auc_3": 0.7196542666666667,
"std_TS_auc_3": 0.006906840092059732,
"avg_TS_f1_4": 0.9333422103697119,
"std_TS_f1_4": 0.0015375012396586629,
"avg_TS_ap_4": 0.9795042375782022,
"std_TS_ap_4": 0.0008178126009646794,
"avg_TS_auc_4": 0.8511011999999999,
"std_TS_auc_4": 0.0042090519900639944,
"avg_TS_f1_5": 0.9145174731929553,
"std_TS_f1_5": 0.0028816891803776557,
"avg_TS_ap_5": 0.9635620071357524,
"std_TS_ap_5": 0.0018637634248208437,
"avg_TS_auc_5": 0.7414073,
"std_TS_auc_5": 0.012417620278200661,
"avg_TS_f1_6": 0.9208511583976888,
"std_TS_f1_6": 0.0012078607248581783,
"avg_TS_ap_6": 0.9630038400534598,
"std_TS_ap_6": 0.0026060581757251997,
"avg_TS_auc_6": 0.7528429333333333,
"std_TS_auc_6": 0.01139036582934983,
"avg_TS_f1_7": 0.9553864103561309,
"std_TS_f1_7": 0.00021083022346810495,
"avg_TS_ap_7": 0.9901294824737737,
"std_TS_ap_7": 0.000533207929476892,
"avg_TS_auc_7": 0.9240565333333333,
"std_TS_auc_7": 0.003646541006637203,
"avg_TS_f1_8": 0.9115516565735134,
"std_TS_f1_8": 0.0019043745585947665,
"avg_TS_ap_8": 0.9321079046412992,
"std_TS_ap_8": 0.0008008052372306687,
"avg_TS_auc_8": 0.6302444777777778,
"std_TS_auc_8": 0.009641861368538944,
"avg_TS_f1_9": 0.9623102616812045,
"std_TS_f1_9": 0.000611953858524519,
"avg_TS_ap_9": 0.9895066110357101,
"std_TS_ap_9": 0.0009197898296301838,
"avg_TS_auc_9": 0.9259587222222223,
"std_TS_auc_9": 0.004764665397162053,
"avg_TS_f1_all": 0.9365781145537815,
"std_TS_f1_all": 0.00031298275086642417,
"avg_TS_ap_all": 0.971299562878752,
"std_TS_ap_all": 0.000517917836892062,
"avg_TS_auc_all": 0.81425845,
"std_TS_auc_all": 0.0016674528055883307
}