{
"avg_TS_f1_0": 0.9599777777777778,
"std_TS_f1_0": 0.0031820484123855357,
"avg_TS_ap_0": 0.9691824540302452,
"std_TS_ap_0": 0.003283203676488186,
"avg_TS_auc_0": 0.8752732444444444,
"std_TS_auc_0": 0.013873078846670144,
"avg_TS_f1_1": 0.9905555555555555,
"std_TS_f1_1": 0.00014054567378525166,
"avg_TS_ap_1": 0.9820171900877206,
"std_TS_ap_1": 0.0013736542697849376,
"avg_TS_auc_1": 0.9470033888888889,
"std_TS_auc_1": 0.003843822727666923,
"avg_TS_f1_2": 0.9553757653202956,
"std_TS_f1_2": 0.0014768081140958623,
"avg_TS_ap_2": 0.9800339374143101,
"std_TS_ap_2": 0.0006232640441976921,
"avg_TS_auc_2": 0.9062509555555556,
"std_TS_auc_2": 0.0035974620262239445,
"avg_TS_f1_3": 0.9240632146230346,
"std_TS_f1_3": 0.0038800483636639224,
"avg_TS_ap_3": 0.9457869376488892,
"std_TS_ap_3": 0.012267885963849288,
"avg_TS_auc_3": 0.7145541333333334,
"std_TS_auc_3": 0.05026301257222169,
"avg_TS_f1_4": 0.9403319937527392,
"std_TS_f1_4": 0.0009989898404535469,
"avg_TS_ap_4": 0.9740029745097356,
"std_TS_ap_4": 0.0020616062175236455,
"avg_TS_auc_4": 0.8666382555555556,
"std_TS_auc_4": 0.0049003032076256605,
"avg_TS_f1_5": 0.9777333333333333,
"std_TS_f1_5": 0.0009727141612550882,
"avg_TS_ap_5": 0.9884841571631133,
"std_TS_ap_5": 0.0024709926975477548,
"avg_TS_auc_5": 0.9534196999999999,
"std_TS_auc_5": 0.007882171712835083,
"avg_TS_f1_6": 0.9243197066503693,
"std_TS_f1_6": 0.0007892613755449493,
"avg_TS_ap_6": 0.9527301403074505,
"std_TS_ap_6": 0.004014756456313601,
"avg_TS_auc_6": 0.7586297999999999,
"std_TS_auc_6": 0.011929608341474955,
"avg_TS_f1_7": 0.9777555555555555,
"std_TS_f1_7": 0.0027056411120399103,
"avg_TS_ap_7": 0.9884618955278412,
"std_TS_ap_7": 0.0034760991661575897,
"avg_TS_auc_7": 0.9506840444444444,
"std_TS_auc_7": 0.012791459824236687,
"avg_TS_f1_8": 0.9914888888888889,
"std_TS_f1_8": 0.000166295883856629,
"avg_TS_ap_8": 0.9916202536185876,
"std_TS_ap_8": 0.0007593545943900857,
"avg_TS_auc_8": 0.9740586555555556,
"std_TS_auc_8": 0.0021435495240889656,
"avg_TS_f1_9": 0.9858,
"std_TS_f1_9": 0.0013266499161421845,
"avg_TS_ap_9": 0.9885312532845039,
"std_TS_ap_9": 0.0028109195904243794,
"avg_TS_auc_9": 0.9649935555555557,
"std_TS_auc_9": 0.004840982092101691,
"avg_TS_f1_all": 0.962740179145755,
"std_TS_f1_all": 0.0010348549902810297,
"avg_TS_ap_all": 0.9760851193592398,
"std_TS_ap_all": 0.0014897776710873542,
"avg_TS_auc_all": 0.8911505733333331,
"std_TS_auc_all": 0.005717672007970833
}