{
"avg_TS_f1_0": 0.9392077448009031,
"std_TS_f1_0": 0.0008243133061930941,
"avg_TS_ap_0": 0.9702543558413907,
"std_TS_ap_0": 0.00079267615679815,
"avg_TS_auc_0": 0.8113852444444444,
"std_TS_auc_0": 0.004571721319747305,
"avg_TS_f1_1": 0.9733651869548309,
"std_TS_f1_1": 0.0008116887546086045,
"avg_TS_ap_1": 0.9885853043876003,
"std_TS_ap_1": 0.00014986909494065664,
"avg_TS_auc_1": 0.9356055777777778,
"std_TS_auc_1": 0.0012474246742889216,
"avg_TS_f1_2": 0.9461858559347871,
"std_TS_f1_2": 0.0014083654044375895,
"avg_TS_ap_2": 0.9816759098217449,
"std_TS_ap_2": 0.0005036355002989514,
"avg_TS_auc_2": 0.8731754777777778,
"std_TS_auc_2": 0.0030505196840400314,
"avg_TS_f1_3": 0.9189741800470397,
"std_TS_f1_3": 0.0012954327216005966,
"avg_TS_ap_3": 0.9595737063728785,
"std_TS_ap_3": 0.0016466208858246707,
"avg_TS_auc_3": 0.731319911111111,
"std_TS_auc_3": 0.007863583682809218,
"avg_TS_f1_4": 0.9347705275083197,
"std_TS_f1_4": 0.0006119538350902707,
"avg_TS_ap_4": 0.9801322346550329,
"std_TS_ap_4": 0.0006646005693832186,
"avg_TS_auc_4": 0.8565832555555556,
"std_TS_auc_4": 0.003947336719521664,
"avg_TS_f1_5": 0.9213383814734243,
"std_TS_f1_5": 0.0018985865669517723,
"avg_TS_ap_5": 0.967681436181149,
"std_TS_ap_5": 0.0013058012555855721,
"avg_TS_auc_5": 0.7712175777777778,
"std_TS_auc_5": 0.008630871394757286,
"avg_TS_f1_6": 0.9219965417831857,
"std_TS_f1_6": 0.0012624897206417352,
"avg_TS_ap_6": 0.9636317064659463,
"std_TS_ap_6": 0.0009755638642450223,
"avg_TS_auc_6": 0.7583549777777778,
"std_TS_auc_6": 0.004807584284759025,
"avg_TS_f1_7": 0.9607742957156674,
"std_TS_f1_7": 0.0009985787703287732,
"avg_TS_ap_7": 0.9922175876785131,
"std_TS_ap_7": 0.00047839676374627794,
"avg_TS_auc_7": 0.9404070666666666,
"std_TS_auc_7": 0.0031781710023607336,
"avg_TS_f1_8": 0.9152267630084845,
"std_TS_f1_8": 0.0012092174835828065,
"avg_TS_ap_8": 0.9393662585857555,
"std_TS_ap_8": 0.0020921327665362113,
"avg_TS_auc_8": 0.6633209333333333,
"std_TS_auc_8": 0.010319597956052758,
"avg_TS_f1_9": 0.9666429505342888,
"std_TS_f1_9": 0.0014230803013126163,
"avg_TS_ap_9": 0.9904611995517186,
"std_TS_ap_9": 0.00029228575444209336,
"avg_TS_auc_9": 0.9348197444444445,
"std_TS_auc_9": 0.002531630452426734,
"avg_TS_f1_all": 0.9398482427760932,
"std_TS_f1_all": 0.0005658440399207437,
"avg_TS_ap_all": 0.973357969954173,
"std_TS_ap_all": 0.0004406710068962638,
"avg_TS_auc_all": 0.8276189766666666,
"std_TS_auc_all": 0.002184855486560395
}