{
"avg_TS_f1_0": 0.9543207017673823,
"std_TS_f1_0": 0.0009171185117202951,
"avg_TS_ap_0": 0.9866641324158156,
"std_TS_ap_0": 0.00022274273750142945,
"avg_TS_auc_0": 0.9020736777777778,
"std_TS_auc_0": 0.0016848656690419273,
"avg_TS_f1_1": 0.9923888117241081,
"std_TS_f1_1": 0.0003815444270185822,
"avg_TS_ap_1": 0.9962105728326367,
"std_TS_ap_1": 0.0004345172435030283,
"avg_TS_auc_1": 0.9807760999999999,
"std_TS_auc_1": 0.001230384186412082,
"avg_TS_f1_2": 0.9549661672562056,
"std_TS_f1_2": 0.0010861239800230343,
"avg_TS_ap_2": 0.9915175473452514,
"std_TS_ap_2": 0.0004123388003157474,
"avg_TS_auc_2": 0.9330097222222223,
"std_TS_auc_2": 0.002159319617065023,
"avg_TS_f1_3": 0.9370193972928448,
"std_TS_f1_3": 0.002357449458393206,
"avg_TS_ap_3": 0.9786634023856686,
"std_TS_ap_3": 0.0018275085770727043,
"avg_TS_auc_3": 0.8401830555555556,
"std_TS_auc_3": 0.013355985226957811,
"avg_TS_f1_4": 0.9440197294911445,
"std_TS_f1_4": 0.0006498446752342878,
"avg_TS_ap_4": 0.9892587835291554,
"std_TS_ap_4": 0.00030528681503614273,
"avg_TS_auc_4": 0.9127326444444444,
"std_TS_auc_4": 0.0017323629429692046,
"avg_TS_f1_5": 0.9608320030125131,
"std_TS_f1_5": 0.001732328671171678,
"avg_TS_ap_5": 0.9953171817133658,
"std_TS_ap_5": 0.00038590939649880046,
"avg_TS_auc_5": 0.9585445111111109,
"std_TS_auc_5": 0.003407413460473667,
"avg_TS_f1_6": 0.9275404089436966,
"std_TS_f1_6": 0.0009728952042382828,
"avg_TS_ap_6": 0.9793134389965006,
"std_TS_ap_6": 0.00018323458977022186,
"avg_TS_auc_6": 0.8370085333333332,
"std_TS_auc_6": 0.0009190025131953509,
"avg_TS_f1_7": 0.9766997327011995,
"std_TS_f1_7": 0.0005163109949325228,
"avg_TS_ap_7": 0.99834113039559,
"std_TS_ap_7": 8.762106690474395e-05,
"avg_TS_auc_7": 0.9851258111111111,
"std_TS_auc_7": 0.000727740114886354,
"avg_TS_f1_8": 0.9513639646647036,
"std_TS_f1_8": 0.0032694927374370517,
"avg_TS_ap_8": 0.9845095970730593,
"std_TS_ap_8": 0.0014238668411136804,
"avg_TS_auc_8": 0.8963804777777777,
"std_TS_auc_8": 0.01101547029014586,
"avg_TS_f1_9": 0.9807551234327834,
"std_TS_f1_9": 0.0007909834081614107,
"avg_TS_ap_9": 0.9985432449950912,
"std_TS_ap_9": 9.538365296733659e-05,
"avg_TS_auc_9": 0.9876216666666668,
"std_TS_auc_9": 0.0007454554262950235,
"avg_TS_f1_all": 0.9579906040286582,
"std_TS_f1_all": 0.00033643966533517824,
"avg_TS_ap_all": 0.9898339031682136,
"std_TS_ap_all": 0.00015458057478956856,
"avg_TS_auc_all": 0.9233456199999999,
"std_TS_auc_all": 0.0008159665138417106
}