{
"avg_TS_f1_0": 0.9517100431505454,
"std_TS_f1_0": 0.0005317331042371416,
"avg_TS_ap_0": 0.9805467068584048,
"std_TS_ap_0": 0.0003753244612064588,
"avg_TS_auc_0": 0.8744241666666668,
"std_TS_auc_0": 0.00161182051508217,
"avg_TS_f1_1": 0.9864328820736954,
"std_TS_f1_1": 0.0007725453109489715,
"avg_TS_ap_1": 0.9942511498442338,
"std_TS_ap_1": 0.00024680392668927856,
"avg_TS_auc_1": 0.9706404888888889,
"std_TS_auc_1": 0.0009706429385073609,
"avg_TS_f1_2": 0.9535100950052782,
"std_TS_f1_2": 0.0009661946680373309,
"avg_TS_ap_2": 0.988576143136745,
"std_TS_ap_2": 0.0005325314201545971,
"avg_TS_auc_2": 0.9152626444444444,
"std_TS_auc_2": 0.0030180281181143194,
"avg_TS_f1_3": 0.9372416319425154,
"std_TS_f1_3": 0.0017163511608653918,
"avg_TS_ap_3": 0.9724607775086135,
"std_TS_ap_3": 0.0013067055554451398,
"avg_TS_auc_3": 0.8177793666666666,
"std_TS_auc_3": 0.007344491158247784,
"avg_TS_f1_4": 0.943086370230445,
"std_TS_f1_4": 0.0014344817480605445,
"avg_TS_ap_4": 0.9859697173290488,
"std_TS_ap_4": 0.0005809367127625203,
"avg_TS_auc_4": 0.8976083111111113,
"std_TS_auc_4": 0.0038146176706951866,
"avg_TS_f1_5": 0.9510400264788839,
"std_TS_f1_5": 0.0020261513739524063,
"avg_TS_ap_5": 0.9869423834012364,
"std_TS_ap_5": 0.0009949973565734102,
"avg_TS_auc_5": 0.9016500222222221,
"std_TS_auc_5": 0.007019115212839315,
"avg_TS_f1_6": 0.9264530782574341,
"std_TS_f1_6": 0.0014582984348933663,
"avg_TS_ap_6": 0.971847673770268,
"std_TS_ap_6": 0.0010483572000443198,
"avg_TS_auc_6": 0.805919911111111,
"std_TS_auc_6": 0.0046714360986956985,
"avg_TS_f1_7": 0.9726984869189541,
"std_TS_f1_7": 0.0004899653822343972,
"avg_TS_ap_7": 0.9970790992154945,
"std_TS_ap_7": 0.00018534456597489284,
"avg_TS_auc_7": 0.9760281666666668,
"std_TS_auc_7": 0.001160652215005654,
"avg_TS_f1_8": 0.9409751850411443,
"std_TS_f1_8": 0.0024966887563091884,
"avg_TS_ap_8": 0.9687869536788721,
"std_TS_ap_8": 0.0013872875905606332,
"avg_TS_auc_8": 0.8154172444444445,
"std_TS_auc_8": 0.008581281221399312,
"avg_TS_f1_9": 0.9779772900963634,
"std_TS_f1_9": 0.0002992642035212672,
"avg_TS_ap_9": 0.9967722378608928,
"std_TS_ap_9": 0.0001343857019440255,
"avg_TS_auc_9": 0.9755756999999999,
"std_TS_auc_9": 0.0010458124082899885,
"avg_TS_f1_all": 0.954112508919526,
"std_TS_f1_all": 0.00021169932513857216,
"avg_TS_ap_all": 0.984323284260381,
"std_TS_ap_all": 9.234395360415168e-05,
"avg_TS_auc_all": 0.8950306022222222,
"std_TS_auc_all": 0.0005615905583845335
}