{
"avg_TS_f1_0": 0.9613876042496189,
"std_TS_f1_0": 0.0008555602042643445,
"avg_TS_ap_0": 0.9895081865253099,
"std_TS_ap_0": 0.000634822565270329,
"avg_TS_auc_0": 0.9227717999999999,
"std_TS_auc_0": 0.004003434704147237,
"avg_TS_f1_1": 0.9896888888888888,
"std_TS_f1_1": 0.00034712220781806327,
"avg_TS_ap_1": 0.9856626913025115,
"std_TS_ap_1": 0.0009533265037226384,
"avg_TS_auc_1": 0.9539036222222222,
"std_TS_auc_1": 0.0008627208648325005,
"avg_TS_f1_2": 0.955709141865906,
"std_TS_f1_2": 0.0009953862814165348,
"avg_TS_ap_2": 0.9909453528693082,
"std_TS_ap_2": 0.0009652277474426831,
"avg_TS_auc_2": 0.9321059999999999,
"std_TS_auc_2": 0.0040027279400089676,
"avg_TS_f1_3": 0.9492316363254749,
"std_TS_f1_3": 0.0011428231156040461,
"avg_TS_ap_3": 0.983713860664334,
"std_TS_ap_3": 0.003029727907762329,
"avg_TS_auc_3": 0.8873905555555556,
"std_TS_auc_3": 0.009212843372028516,
"avg_TS_f1_4": 0.9452759696526349,
"std_TS_f1_4": 0.0008618291876955555,
"avg_TS_ap_4": 0.9881775403895798,
"std_TS_ap_4": 0.0005381686428652414,
"avg_TS_auc_4": 0.9108084555555556,
"std_TS_auc_4": 0.0019966076456372443,
"avg_TS_f1_5": 0.969287530751567,
"std_TS_f1_5": 0.0007019162522936971,
"avg_TS_ap_5": 0.9970162674637381,
"std_TS_ap_5": 0.00011850870752729302,
"avg_TS_auc_5": 0.9734580777777777,
"std_TS_auc_5": 0.0011108349443459762,
"avg_TS_f1_6": 0.9280309251748553,
"std_TS_f1_6": 0.0010145401466157818,
"avg_TS_ap_6": 0.979952370569405,
"std_TS_ap_6": 0.0002911868935626042,
"avg_TS_auc_6": 0.8407551777777778,
"std_TS_auc_6": 0.0013166741783189593,
"avg_TS_f1_7": 0.9777219697390596,
"std_TS_f1_7": 0.0009284142822741285,
"avg_TS_ap_7": 0.9983744961534775,
"std_TS_ap_7": 9.740059877493466e-05,
"avg_TS_auc_7": 0.9854277444444444,
"std_TS_auc_7": 0.0008818294868910967,
"avg_TS_f1_8": 0.9828553561617621,
"std_TS_f1_8": 0.0007664722323269866,
"avg_TS_ap_8": 0.9931255194766239,
"std_TS_ap_8": 0.0007282325492932935,
"avg_TS_auc_8": 0.962520688888889,
"std_TS_auc_8": 0.001992950082567259,
"avg_TS_f1_9": 0.9810666666666666,
"std_TS_f1_9": 0.0009650689222492653,
"avg_TS_ap_9": 0.9986368004150392,
"std_TS_ap_9": 9.503073140169435e-05,
"avg_TS_auc_9": 0.9882297333333334,
"std_TS_auc_9": 0.0008823568169089285,
"avg_TS_f1_all": 0.9640255689476435,
"std_TS_f1_all": 0.0003377204355539193,
"avg_TS_ap_all": 0.9905113085829326,
"std_TS_ap_all": 0.000410255315807765,
"avg_TS_auc_all": 0.9357371855555556,
"std_TS_auc_all": 0.0013040672342149692
}