{
"avg_TS_f1_0": 0.9540434345117939,
"std_TS_f1_0": 0.003324908986985129,
"avg_TS_ap_0": 0.9842033674914397,
"std_TS_ap_0": 0.0007960443000066045,
"avg_TS_auc_0": 0.8911225666666667,
"std_TS_auc_0": 0.005989017868988398,
"avg_TS_f1_1": 0.9882,
"std_TS_f1_1": 0.0009333333333332764,
"avg_TS_ap_1": 0.9950112997911642,
"std_TS_ap_1": 0.00033274248691032176,
"avg_TS_auc_1": 0.9729427888888889,
"std_TS_auc_1": 0.0005147137432892627,
"avg_TS_f1_2": 0.9527111111111111,
"std_TS_f1_2": 0.0006028737762777964,
"avg_TS_ap_2": 0.9900852071359653,
"std_TS_ap_2": 0.0004973707819414009,
"avg_TS_auc_2": 0.9246604222222222,
"std_TS_auc_2": 0.002756570421446769,
"avg_TS_f1_3": 0.9388875357272936,
"std_TS_f1_3": 0.00329169459922529,
"avg_TS_ap_3": 0.9747221816743139,
"std_TS_ap_3": 0.0027941259681184046,
"avg_TS_auc_3": 0.8309201222222222,
"std_TS_auc_3": 0.016173561557097864,
"avg_TS_f1_4": 0.9403320060991043,
"std_TS_f1_4": 0.0009475092160439985,
"avg_TS_ap_4": 0.9865053700349099,
"std_TS_ap_4": 0.0009640603341324489,
"avg_TS_auc_4": 0.8974900666666666,
"std_TS_auc_4": 0.00425804183178542,
"avg_TS_f1_5": 0.9548328203418709,
"std_TS_f1_5": 0.0018515365320168912,
"avg_TS_ap_5": 0.991045447214104,
"std_TS_ap_5": 0.000583081725295789,
"avg_TS_auc_5": 0.9298429555555554,
"std_TS_auc_5": 0.00407562961740537,
"avg_TS_f1_6": 0.9262547129161497,
"std_TS_f1_6": 0.001399494526157304,
"avg_TS_ap_6": 0.9740993849010167,
"std_TS_ap_6": 0.0012214725826564781,
"avg_TS_auc_6": 0.8129539999999998,
"std_TS_auc_6": 0.006290576133696137,
"avg_TS_f1_7": 0.9742774783784285,
"std_TS_f1_7": 0.0015008611113250573,
"avg_TS_ap_7": 0.9973850253211559,
"std_TS_ap_7": 0.00014692632722770044,
"avg_TS_auc_7": 0.9788823555555556,
"std_TS_auc_7": 0.0014439656781769796,
"avg_TS_f1_8": 0.9519872980597688,
"std_TS_f1_8": 0.003891424582834268,
"avg_TS_ap_8": 0.9791265854890152,
"std_TS_ap_8": 0.0005536865557465422,
"avg_TS_auc_8": 0.8748007444444443,
"std_TS_auc_8": 0.003650636578786032,
"avg_TS_f1_9": 0.9785999999999999,
"std_TS_f1_9": 0.0011581168196262517,
"avg_TS_ap_9": 0.997249181879613,
"std_TS_ap_9": 0.0002849046179401009,
"avg_TS_auc_9": 0.9786308444444444,
"std_TS_auc_9": 0.002042403247750024,
"avg_TS_f1_all": 0.9560126397145521,
"std_TS_f1_all": 0.000648373513035213,
"avg_TS_ap_all": 0.9869433050932697,
"std_TS_ap_all": 0.0005834169427883792,
"avg_TS_auc_all": 0.9092246866666664,
"std_TS_auc_all": 0.002744601028366133
}