{
"avg_TS_f1_0": 0.9546105326839145,
"std_TS_f1_0": 0.006954192988455685,
"avg_TS_ap_0": 0.9857134939529505,
"std_TS_ap_0": 0.003149017430309874,
"avg_TS_auc_0": 0.8989827444444444,
"std_TS_auc_0": 0.02144669858920135,
"avg_TS_f1_1": 0.9884888888888888,
"std_TS_f1_1": 0.0011771486789465783,
"avg_TS_ap_1": 0.9929216226196933,
"std_TS_ap_1": 0.0009699645018166045,
"avg_TS_auc_1": 0.9686665555555555,
"std_TS_auc_1": 0.003453867336983503,
"avg_TS_f1_2": 0.9541777777777778,
"std_TS_f1_2": 0.004527883434350118,
"avg_TS_ap_2": 0.9904471110928276,
"std_TS_ap_2": 0.0010921062393451633,
"avg_TS_auc_2": 0.9248847111111111,
"std_TS_auc_2": 0.00890159230335013,
"avg_TS_f1_3": 0.9386652838737956,
"std_TS_f1_3": 0.005866961559197625,
"avg_TS_ap_3": 0.9785656778521841,
"std_TS_ap_3": 0.002620262006854731,
"avg_TS_auc_3": 0.8447781666666667,
"std_TS_auc_3": 0.019226378881148705,
"avg_TS_f1_4": 0.9379881474896754,
"std_TS_f1_4": 0.003571848112384907,
"avg_TS_ap_4": 0.9868779778595511,
"std_TS_ap_4": 0.0008761280588159292,
"avg_TS_auc_4": 0.8947088555555556,
"std_TS_auc_4": 0.007139001704737583,
"avg_TS_f1_5": 0.9611333333333333,
"std_TS_f1_5": 0.001055029108486141,
"avg_TS_ap_5": 0.9937632986985259,
"std_TS_ap_5": 0.0008400937256583279,
"avg_TS_auc_5": 0.949446711111111,
"std_TS_auc_5": 0.0055989198230055656,
"avg_TS_f1_6": 0.9220324709397435,
"std_TS_f1_6": 0.004256455615718935,
"avg_TS_ap_6": 0.9730191784251012,
"std_TS_ap_6": 0.0027587335691518075,
"avg_TS_auc_6": 0.798848488888889,
"std_TS_auc_6": 0.015089855803391857,
"avg_TS_f1_7": 0.9722222222222221,
"std_TS_f1_7": 0.0014956727707078708,
"avg_TS_ap_7": 0.9972965633346732,
"std_TS_ap_7": 0.00040476514980030483,
"avg_TS_auc_7": 0.9769988222222222,
"std_TS_auc_7": 0.0026277708882691737,
"avg_TS_f1_8": 0.9590995400979067,
"std_TS_f1_8": 0.005668710407895315,
"avg_TS_ap_8": 0.9882219456790727,
"std_TS_ap_8": 0.0017454836872570752,
"avg_TS_auc_8": 0.9169413555555556,
"std_TS_auc_8": 0.013443122520575786,
"avg_TS_f1_9": 0.9784331203585385,
"std_TS_f1_9": 0.0023284531242437267,
"avg_TS_ap_9": 0.9978235576837926,
"std_TS_ap_9": 0.0004270320242999575,
"avg_TS_auc_9": 0.9819849555555556,
"std_TS_auc_9": 0.0034980199812726276,
"avg_TS_f1_all": 0.9566851317665795,
"std_TS_f1_all": 0.0009078229812916444,
"avg_TS_ap_all": 0.9884650427198374,
"std_TS_ap_all": 0.00036453698082531815,
"avg_TS_auc_all": 0.9156241366666669,
"std_TS_auc_all": 0.002788370417212785
}