{
"avg_TS_f1_0": 0.9489205128679989,
"std_TS_f1_0": 0.000629681335964436,
"avg_TS_ap_0": 0.984302104589662,
"std_TS_ap_0": 0.0007138383886398698,
"avg_TS_auc_0": 0.8842038555555556,
"std_TS_auc_0": 0.0036081556063664124,
"avg_TS_f1_1": 0.9875333333333334,
"std_TS_f1_1": 0.0008296957645597474,
"avg_TS_ap_1": 0.9957749627069369,
"std_TS_ap_1": 0.00024648679165230634,
"avg_TS_auc_1": 0.9745384333333332,
"std_TS_auc_1": 0.0017899793085913308,
"avg_TS_f1_2": 0.9525555555555556,
"std_TS_f1_2": 0.0008043093809268221,
"avg_TS_ap_2": 0.9913312029943159,
"std_TS_ap_2": 0.0006236664674214586,
"avg_TS_auc_2": 0.9292514555555554,
"std_TS_auc_2": 0.0035505624194374233,
"avg_TS_f1_3": 0.9300191171114445,
"std_TS_f1_3": 0.0006216714163753738,
"avg_TS_ap_3": 0.97411456918386,
"std_TS_ap_3": 0.0013208047788839492,
"avg_TS_auc_3": 0.8075068999999999,
"std_TS_auc_3": 0.005970840154647089,
"avg_TS_f1_4": 0.9418771413226661,
"std_TS_f1_4": 0.0007196798343798434,
"avg_TS_ap_4": 0.988958904762022,
"std_TS_ap_4": 0.00017086361767636562,
"avg_TS_auc_4": 0.9074052222222224,
"std_TS_auc_4": 0.001416153674004058,
"avg_TS_f1_5": 0.954521757381583,
"std_TS_f1_5": 0.002134043944424294,
"avg_TS_ap_5": 0.9941577951055531,
"std_TS_ap_5": 0.0005209435423849435,
"avg_TS_auc_5": 0.9479080888888889,
"std_TS_auc_5": 0.004595120188597272,
"avg_TS_f1_6": 0.925442797439364,
"std_TS_f1_6": 0.001139561566257502,
"avg_TS_ap_6": 0.9774922850986861,
"std_TS_ap_6": 0.0023027399860566767,
"avg_TS_auc_6": 0.8238227111111109,
"std_TS_auc_6": 0.013876967938803029,
"avg_TS_f1_7": 0.9738330252915286,
"std_TS_f1_7": 0.0011346270245887115,
"avg_TS_ap_7": 0.9981117272998701,
"std_TS_ap_7": 0.00010354526867036559,
"avg_TS_auc_7": 0.9828578222222223,
"std_TS_auc_7": 0.0009513413671180552,
"avg_TS_f1_8": 0.9358742596057723,
"std_TS_f1_8": 0.0018821012651267465,
"avg_TS_ap_8": 0.9740087418862885,
"std_TS_ap_8": 0.0023418978029423445,
"avg_TS_auc_8": 0.8299316444444444,
"std_TS_auc_8": 0.007118119351397563,
"avg_TS_f1_9": 0.9778775351717071,
"std_TS_f1_9": 0.0006761242590320674,
"avg_TS_ap_9": 0.9983797215995966,
"std_TS_ap_9": 5.319967224063115e-05,
"avg_TS_auc_9": 0.9854852333333334,
"std_TS_auc_9": 0.00048092857378865454,
"avg_TS_f1_all": 0.9528455035080954,
"std_TS_f1_all": 0.00046336243687325034,
"avg_TS_ap_all": 0.9876632015226792,
"std_TS_ap_all": 0.0005400139461966038,
"avg_TS_auc_all": 0.9072911366666666,
"std_TS_auc_all": 0.0028977336316393064
}