{
"avg_TS_f1_0": 0.9200100733991394,
"std_TS_f1_0": 0.013698739697841297,
"avg_TS_ap_0": 0.8710074369718661,
"std_TS_ap_0": 0.06226283261458837,
"avg_TS_auc_0": 0.5344802333333333,
"std_TS_auc_0": 0.2001182135712968,
"avg_TS_f1_1": 0.9520666666666667,
"std_TS_f1_1": 0.022908901714787145,
"avg_TS_ap_1": 0.9195767767244615,
"std_TS_ap_1": 0.07089643565520637,
"avg_TS_auc_1": 0.7197983777777778,
"std_TS_auc_1": 0.21833765913090833,
"avg_TS_f1_2": 0.9326547104468765,
"std_TS_f1_2": 0.016422971283762855,
"avg_TS_ap_2": 0.8952603527019454,
"std_TS_ap_2": 0.05264555026890359,
"avg_TS_auc_2": 0.6349403777777778,
"std_TS_auc_2": 0.166160909972753,
"avg_TS_f1_3": 0.9301777777777778,
"std_TS_f1_3": 0.011093452634686132,
"avg_TS_ap_3": 0.9204253399322024,
"std_TS_ap_3": 0.020016365026778307,
"avg_TS_auc_3": 0.6687186333333334,
"std_TS_auc_3": 0.05462350499843739,
"avg_TS_f1_4": 0.929111111111111,
"std_TS_f1_4": 0.006394055881620344,
"avg_TS_ap_4": 0.9060827349654179,
"std_TS_ap_4": 0.047964328628747735,
"avg_TS_auc_4": 0.6323089,
"std_TS_auc_4": 0.1373585825363375,
"avg_TS_f1_5": 0.9464888888888888,
"std_TS_f1_5": 0.010307518531227826,
"avg_TS_ap_5": 0.9512853419543694,
"std_TS_ap_5": 0.03784401240921504,
"avg_TS_auc_5": 0.7926078333333334,
"std_TS_auc_5": 0.11446668039562345,
"avg_TS_f1_6": 0.9178000000000001,
"std_TS_f1_6": 0.007913857201293778,
"avg_TS_ap_6": 0.9219169879112912,
"std_TS_ap_6": 0.04124394181294734,
"avg_TS_auc_6": 0.6454256777777778,
"std_TS_auc_6": 0.10737602881819537,
"avg_TS_f1_7": 0.9436325351408412,
"std_TS_f1_7": 0.009062989557680347,
"avg_TS_ap_7": 0.9399033944389057,
"std_TS_ap_7": 0.05171647231539657,
"avg_TS_auc_7": 0.7892918888888889,
"std_TS_auc_7": 0.15257499834599456,
"avg_TS_f1_8": 0.9388993598409788,
"std_TS_f1_8": 0.005947380702541101,
"avg_TS_ap_8": 0.8919285471176117,
"std_TS_ap_8": 0.04371220958824736,
"avg_TS_auc_8": 0.6346278444444444,
"std_TS_auc_8": 0.10573114808581688,
"avg_TS_f1_9": 0.9565333333333333,
"std_TS_f1_9": 0.006642697652216696,
"avg_TS_ap_9": 0.9496779666263431,
"std_TS_ap_9": 0.032877501556483626,
"avg_TS_auc_9": 0.8256414888888889,
"std_TS_auc_9": 0.08365733603706851,
"avg_TS_f1_all": 0.9367374456605614,
"std_TS_f1_all": 0.0023590805775437424,
"avg_TS_ap_all": 0.9167064879344414,
"std_TS_ap_all": 0.01148174922157015,
"avg_TS_auc_all": 0.6877841255555557,
"std_TS_auc_all": 0.032086664222897146
}