{
"avg_TS_f1_0": 0.9241333333333334,
"std_TS_f1_0": 0.013743577624691696,
"avg_TS_ap_0": 0.9548284148624646,
"std_TS_ap_0": 0.021657435582246424,
"avg_TS_auc_0": 0.7323564666666667,
"std_TS_auc_0": 0.09773300341339773,
"avg_TS_f1_1": 0.9707333333333332,
"std_TS_f1_1": 0.01411637697022262,
"avg_TS_ap_1": 0.9859369383715029,
"std_TS_ap_1": 0.009073414244732179,
"avg_TS_auc_1": 0.9208671,
"std_TS_auc_1": 0.054120331403824135,
"avg_TS_f1_2": 0.9355658277311703,
"std_TS_f1_2": 0.012467609526433738,
"avg_TS_ap_2": 0.9770519545613494,
"std_TS_ap_2": 0.009039412789924376,
"avg_TS_auc_2": 0.8372099000000001,
"std_TS_auc_2": 0.05687658128616497,
"avg_TS_f1_3": 0.9267437302072337,
"std_TS_f1_3": 0.008907287471908332,
"avg_TS_ap_3": 0.9625572988164235,
"std_TS_ap_3": 0.012215989861764202,
"avg_TS_auc_3": 0.7626421888888889,
"std_TS_auc_3": 0.055994279786615045,
"avg_TS_f1_4": 0.9317437141569593,
"std_TS_f1_4": 0.0025744721688712962,
"avg_TS_ap_4": 0.9472912540569803,
"std_TS_ap_4": 0.035817591246205704,
"avg_TS_auc_4": 0.7587615,
"std_TS_auc_4": 0.08762537347378895,
"avg_TS_f1_5": 0.9435111111111111,
"std_TS_f1_5": 0.011652287435054778,
"avg_TS_ap_5": 0.9623676891337484,
"std_TS_ap_5": 0.009992393035406085,
"avg_TS_auc_5": 0.8175859444444444,
"std_TS_auc_5": 0.0372643238893731,
"avg_TS_f1_6": 0.9138990425394005,
"std_TS_f1_6": 0.006128108319477528,
"avg_TS_ap_6": 0.9518800676255514,
"std_TS_ap_6": 0.01269797406002539,
"avg_TS_auc_6": 0.7127991222222223,
"std_TS_auc_6": 0.040576655619453825,
"avg_TS_f1_7": 0.9430666666666667,
"std_TS_f1_7": 0.01110813293420412,
"avg_TS_ap_7": 0.9806654666931397,
"std_TS_ap_7": 0.008546419498798662,
"avg_TS_auc_7": 0.8743046888888888,
"std_TS_auc_7": 0.0423712325106738,
"avg_TS_f1_8": 0.9351879277243798,
"std_TS_f1_8": 0.01233950668669118,
"avg_TS_ap_8": 0.9557004445162957,
"std_TS_ap_8": 0.02223425710762317,
"avg_TS_auc_8": 0.7756957333333333,
"std_TS_auc_8": 0.0787324629447954,
"avg_TS_f1_9": 0.9427555555555556,
"std_TS_f1_9": 0.004564165305756548,
"avg_TS_ap_9": 0.968377339480843,
"std_TS_ap_9": 0.009196497893107865,
"avg_TS_auc_9": 0.8244021444444444,
"std_TS_auc_9": 0.03079185975298753,
"avg_TS_f1_all": 0.9367340242359143,
"std_TS_f1_all": 0.003870516787016372,
"avg_TS_ap_all": 0.96466568681183,
"std_TS_ap_all": 0.008993332411851719,
"avg_TS_auc_all": 0.8016624788888889,
"std_TS_auc_all": 0.03268205781716848
}