{
"avg_TS_f1_0": 0.9447728698932977,
"std_TS_f1_0": 0.0006506705692485921,
"avg_TS_ap_0": 0.975445093375428,
"std_TS_ap_0": 0.0006375382671847146,
"avg_TS_auc_0": 0.8414254444444446,
"std_TS_auc_0": 0.002557954429414814,
"avg_TS_f1_1": 0.9803660129013998,
"std_TS_f1_1": 0.0010839184480572893,
"avg_TS_ap_1": 0.9916540571886076,
"std_TS_ap_1": 0.0002905884912197644,
"avg_TS_auc_1": 0.954199511111111,
"std_TS_auc_1": 0.001349172270891725,
"avg_TS_f1_2": 0.9497533171595952,
"std_TS_f1_2": 0.0014081761191694442,
"avg_TS_ap_2": 0.9851867998876941,
"std_TS_ap_2": 0.0003537582529898141,
"avg_TS_auc_2": 0.8933204777777778,
"std_TS_auc_2": 0.0017608230435975267,
"avg_TS_f1_3": 0.9258069657262062,
"std_TS_f1_3": 0.0009332682075396084,
"avg_TS_ap_3": 0.9664651902647942,
"std_TS_ap_3": 0.00042193099960603043,
"avg_TS_auc_3": 0.7715514666666665,
"std_TS_auc_3": 0.0011954787535223986,
"avg_TS_f1_4": 0.9387750577977154,
"std_TS_f1_4": 0.0011732483790715272,
"avg_TS_ap_4": 0.9829629624436196,
"std_TS_ap_4": 0.0004811251929511019,
"avg_TS_auc_4": 0.8750783111111111,
"std_TS_auc_4": 0.0031858794589040384,
"avg_TS_f1_5": 0.9351186571337555,
"std_TS_f1_5": 0.0033286056917016015,
"avg_TS_ap_5": 0.979772845105597,
"std_TS_ap_5": 0.001272569277137903,
"avg_TS_auc_5": 0.8478498555555556,
"std_TS_auc_5": 0.009306099746714685,
"avg_TS_f1_6": 0.92483944284023,
"std_TS_f1_6": 0.0010572515921501249,
"avg_TS_ap_6": 0.967582209791195,
"std_TS_ap_6": 0.0009036045979975832,
"avg_TS_auc_6": 0.7809026222222222,
"std_TS_auc_6": 0.004033625191368732,
"avg_TS_f1_7": 0.9685770802081597,
"std_TS_f1_7": 0.001194932734388394,
"avg_TS_ap_7": 0.9954191013699601,
"std_TS_ap_7": 0.00024468804493749607,
"avg_TS_auc_7": 0.9631838333333335,
"std_TS_auc_7": 0.001626052784134065,
"avg_TS_f1_8": 0.9257061403708882,
"std_TS_f1_8": 0.0012165125902401583,
"avg_TS_ap_8": 0.9541756892891421,
"std_TS_ap_8": 0.0005562912992559096,
"avg_TS_auc_8": 0.7341079555555556,
"std_TS_auc_8": 0.004172697049974279,
"avg_TS_f1_9": 0.9739994258940312,
"std_TS_f1_9": 0.0004854074317078665,
"avg_TS_ap_9": 0.9941366184086291,
"std_TS_ap_9": 0.0002668825692447163,
"avg_TS_auc_9": 0.9578250555555554,
"std_TS_auc_9": 0.0018100967950381657,
"avg_TS_f1_all": 0.9467714969925278,
"std_TS_f1_all": 0.00032552539299609054,
"avg_TS_ap_all": 0.9792800567124667,
"std_TS_ap_all": 0.0002597939141208708,
"avg_TS_auc_all": 0.8619444533333332,
"std_TS_auc_all": 0.001582949247307245
}