{
"avg_TS_f1_0": 0.9567652314017445,
"std_TS_f1_0": 0.0006469264476698603,
"avg_TS_ap_0": 0.9883806074025443,
"std_TS_ap_0": 0.00024472592446972365,
"avg_TS_auc_0": 0.9110179555555555,
"std_TS_auc_0": 0.0016909198805589052,
"avg_TS_f1_1": 0.9924444444444444,
"std_TS_f1_1": 0.0001987615979999801,
"avg_TS_ap_1": 0.998576871065357,
"std_TS_ap_1": 0.0004853324121395238,
"avg_TS_auc_1": 0.9910611444444445,
"std_TS_auc_1": 0.002137524331130031,
"avg_TS_f1_2": 0.9542878579674179,
"std_TS_f1_2": 0.001012602291807722,
"avg_TS_ap_2": 0.9908528501985068,
"std_TS_ap_2": 0.0011498900170946501,
"avg_TS_auc_2": 0.9291626777777777,
"std_TS_auc_2": 0.0056981621580563776,
"avg_TS_f1_3": 0.9437203313764344,
"std_TS_f1_3": 0.0008623830577888978,
"avg_TS_ap_3": 0.9828427512727542,
"std_TS_ap_3": 0.0011949930447909696,
"avg_TS_auc_3": 0.8690306444444446,
"std_TS_auc_3": 0.008153433572988531,
"avg_TS_f1_4": 0.942819667689075,
"std_TS_f1_4": 0.001298937603785813,
"avg_TS_ap_4": 0.9890425403478078,
"std_TS_ap_4": 0.0003795406484108223,
"avg_TS_auc_4": 0.9096280555555556,
"std_TS_auc_4": 0.0024107075860485606,
"avg_TS_f1_5": 0.9678430431320258,
"std_TS_f1_5": 0.0026287713577555338,
"avg_TS_ap_5": 0.9966510473798701,
"std_TS_ap_5": 0.0005791986440918241,
"avg_TS_auc_5": 0.9717514666666667,
"std_TS_auc_5": 0.0025499178378436227,
"avg_TS_f1_6": 0.9285317184288016,
"std_TS_f1_6": 0.0011893429334522288,
"avg_TS_ap_6": 0.9809908520630403,
"std_TS_ap_6": 0.00024743059993434844,
"avg_TS_auc_6": 0.8459117222222222,
"std_TS_auc_6": 0.0017636838148504565,
"avg_TS_f1_7": 0.9812662394824404,
"std_TS_f1_7": 0.0019651230654541825,
"avg_TS_ap_7": 0.9986550335830362,
"std_TS_ap_7": 0.00029515316314533165,
"avg_TS_auc_7": 0.9879403888888888,
"std_TS_auc_7": 0.002563582011007395,
"avg_TS_f1_8": 0.9702544499385768,
"std_TS_f1_8": 0.008521221322988366,
"avg_TS_ap_8": 0.9941572319748788,
"std_TS_ap_8": 0.002509798526022974,
"avg_TS_auc_8": 0.9556992666666666,
"std_TS_auc_8": 0.018478172129065024,
"avg_TS_f1_9": 0.9786222222222222,
"std_TS_f1_9": 0.0007588164923984131,
"avg_TS_ap_9": 0.9979515344178154,
"std_TS_ap_9": 0.0002067475224764169,
"avg_TS_auc_9": 0.9828257333333333,
"std_TS_auc_9": 0.0013841981586712958,
"avg_TS_f1_all": 0.9616555206083184,
"std_TS_f1_all": 0.0008916794198160319,
"avg_TS_ap_all": 0.9918101319705611,
"std_TS_ap_all": 0.00022811052832238417,
"avg_TS_auc_all": 0.9354029055555554,
"std_TS_auc_all": 0.0015277634215769586
}