{
"avg_TS_f1_0": 0.9287757306367375,
"std_TS_f1_0": 0.016229575533991108,
"avg_TS_ap_0": 0.9585940558148058,
"std_TS_ap_0": 0.014980556515583686,
"avg_TS_auc_0": 0.7508191111111112,
"std_TS_auc_0": 0.08437923192513987,
"avg_TS_f1_1": 0.9761886931990048,
"std_TS_f1_1": 0.006599629115549916,
"avg_TS_ap_1": 0.9770857670183437,
"std_TS_ap_1": 0.005953306417288267,
"avg_TS_auc_1": 0.9081948222222224,
"std_TS_auc_1": 0.022124952711043772,
"avg_TS_f1_2": 0.9438104808291821,
"std_TS_f1_2": 0.0077399194377003305,
"avg_TS_ap_2": 0.9822420873998166,
"std_TS_ap_2": 0.00403825663433456,
"avg_TS_auc_2": 0.8754793222222222,
"std_TS_auc_2": 0.025709285240757215,
"avg_TS_f1_3": 0.9168546055027749,
"std_TS_f1_3": 0.00642095607721128,
"avg_TS_ap_3": 0.9381041172660994,
"std_TS_ap_3": 0.013383740000669574,
"avg_TS_auc_3": 0.6598920666666667,
"std_TS_auc_3": 0.05441193788202212,
"avg_TS_f1_4": 0.9225111111111112,
"std_TS_f1_4": 0.00285241937595022,
"avg_TS_ap_4": 0.9705385204764964,
"std_TS_ap_4": 0.003994620844894038,
"avg_TS_auc_4": 0.7932876,
"std_TS_auc_4": 0.019994524415060333,
"avg_TS_f1_5": 0.9290666666666667,
"std_TS_f1_5": 0.008623424887486597,
"avg_TS_ap_5": 0.9623409404795312,
"std_TS_ap_5": 0.007113743999923521,
"avg_TS_auc_5": 0.7664526777777778,
"std_TS_auc_5": 0.04288219874623507,
"avg_TS_f1_6": 0.9102888888888888,
"std_TS_f1_6": 0.006080773180207912,
"avg_TS_ap_6": 0.9486328185161808,
"std_TS_ap_6": 0.0037526964232415666,
"avg_TS_auc_6": 0.6811792888888889,
"std_TS_auc_6": 0.021233631235610097,
"avg_TS_f1_7": 0.9528992153885094,
"std_TS_f1_7": 0.012341753195838096,
"avg_TS_ap_7": 0.9840002950907796,
"std_TS_ap_7": 0.010498068656785507,
"avg_TS_auc_7": 0.8932899777777777,
"std_TS_auc_7": 0.06286927213190721,
"avg_TS_f1_8": 0.9079756171639165,
"std_TS_f1_8": 0.00951016049505515,
"avg_TS_ap_8": 0.9125345761879654,
"std_TS_ap_8": 0.01577178591959009,
"avg_TS_auc_8": 0.5546888333333333,
"std_TS_auc_8": 0.06571152484693897,
"avg_TS_f1_9": 0.9548222222222222,
"std_TS_f1_9": 0.005396203512255502,
"avg_TS_ap_9": 0.9818026194954914,
"std_TS_ap_9": 0.008520030186124896,
"avg_TS_auc_9": 0.8902407777777779,
"std_TS_auc_9": 0.03732462467815895,
"avg_TS_f1_all": 0.9343193231609013,
"std_TS_f1_all": 0.0036216650103648804,
"avg_TS_ap_all": 0.9615875797745511,
"std_TS_ap_all": 0.0010130371767267945,
"avg_TS_auc_all": 0.7773524477777778,
"std_TS_auc_all": 0.008645684972503455
}