{
"avg_TS_f1_0": 0.9356150274316126,
"std_TS_f1_0": 0.0012327600323376155,
"avg_TS_ap_0": 0.9704281669991307,
"std_TS_ap_0": 0.0007236824748881598,
"avg_TS_auc_0": 0.8051874000000001,
"std_TS_auc_0": 0.0037567856225867117,
"avg_TS_f1_1": 0.9697427683890492,
"std_TS_f1_1": 0.001044956423905702,
"avg_TS_ap_1": 0.9875847119076335,
"std_TS_ap_1": 0.0005852533319613325,
"avg_TS_auc_1": 0.9266043666666667,
"std_TS_auc_1": 0.0030867818808190456,
"avg_TS_f1_2": 0.9435962415563889,
"std_TS_f1_2": 0.0008507687861679985,
"avg_TS_ap_2": 0.9816733195879539,
"std_TS_ap_2": 0.0005339150521690275,
"avg_TS_auc_2": 0.8694191888888888,
"std_TS_auc_2": 0.002639956715320512,
"avg_TS_f1_3": 0.915372125506275,
"std_TS_f1_3": 0.0008846502093068822,
"avg_TS_ap_3": 0.9588779893204997,
"std_TS_ap_3": 0.0012911483184941876,
"avg_TS_auc_3": 0.7187365666666666,
"std_TS_auc_3": 0.0051474017523886785,
"avg_TS_f1_4": 0.9319510144780241,
"std_TS_f1_4": 0.0016288803679535067,
"avg_TS_ap_4": 0.9799858211508287,
"std_TS_ap_4": 0.0005579874083902182,
"avg_TS_auc_4": 0.8522139555555557,
"std_TS_auc_4": 0.0037751257350330577,
"avg_TS_f1_5": 0.9176132799221314,
"std_TS_f1_5": 0.003244461193704715,
"avg_TS_ap_5": 0.9680166455753069,
"std_TS_ap_5": 0.0027910989623042893,
"avg_TS_auc_5": 0.7651438444444445,
"std_TS_auc_5": 0.01861230598361353,
"avg_TS_f1_6": 0.9205382852664439,
"std_TS_f1_6": 0.00124367595376898,
"avg_TS_ap_6": 0.9630425931575667,
"std_TS_ap_6": 0.0002698096701922597,
"avg_TS_auc_6": 0.7525318,
"std_TS_auc_6": 0.0024843315598981407,
"avg_TS_f1_7": 0.9576203579211191,
"std_TS_f1_7": 0.0010949561196762932,
"avg_TS_ap_7": 0.9917372059698446,
"std_TS_ap_7": 0.0005947531382379312,
"avg_TS_auc_7": 0.9351790666666666,
"std_TS_auc_7": 0.004175867559066584,
"avg_TS_f1_8": 0.911672857024555,
"std_TS_f1_8": 0.0021238635688682604,
"avg_TS_ap_8": 0.932764160409523,
"std_TS_ap_8": 0.0024278084411390156,
"avg_TS_auc_8": 0.6347430333333334,
"std_TS_auc_8": 0.013426794563948177,
"avg_TS_f1_9": 0.9620649578822913,
"std_TS_f1_9": 0.0008140907129008699,
"avg_TS_ap_9": 0.9887713096011282,
"std_TS_ap_9": 0.00037086683458926616,
"avg_TS_auc_9": 0.9230904888888889,
"std_TS_auc_9": 0.0014832314993758532,
"avg_TS_f1_all": 0.9365786915377889,
"std_TS_f1_all": 0.0008340493423780178,
"avg_TS_ap_all": 0.9722881923679416,
"std_TS_ap_all": 0.0006656797751247636,
"avg_TS_auc_all": 0.8182849711111111,
"std_TS_auc_all": 0.004111468014883803
}