{
"avg_TS_f1_0": 0.9567758269975158,
"std_TS_f1_0": 0.0010904289560202897,
"avg_TS_ap_0": 0.9884001811424629,
"std_TS_ap_0": 0.00046284197863840764,
"avg_TS_auc_0": 0.9118486000000001,
"std_TS_auc_0": 0.003438279562854936,
"avg_TS_f1_1": 0.9928000000000001,
"std_TS_f1_1": 0.00021545243810738393,
"avg_TS_ap_1": 0.9989393770970558,
"std_TS_ap_1": 0.00023583975967712798,
"avg_TS_auc_1": 0.9925010333333333,
"std_TS_auc_1": 0.0013864095980554401,
"avg_TS_f1_2": 0.9540762696693026,
"std_TS_f1_2": 0.0012962319481830402,
"avg_TS_ap_2": 0.9918846602225331,
"std_TS_ap_2": 0.00040567594770671246,
"avg_TS_auc_2": 0.93469,
"std_TS_auc_2": 0.0021626015077867225,
"avg_TS_f1_3": 0.9438981116234852,
"std_TS_f1_3": 0.0016943130371289835,
"avg_TS_ap_3": 0.982928565331509,
"std_TS_ap_3": 0.0017678467588910542,
"avg_TS_auc_3": 0.8711130555555556,
"std_TS_auc_3": 0.011733230769280279,
"avg_TS_f1_4": 0.9442432061040428,
"std_TS_f1_4": 0.0002546820655086333,
"avg_TS_ap_4": 0.9897684692068814,
"std_TS_ap_4": 0.00021887902189049119,
"avg_TS_auc_4": 0.914876188888889,
"std_TS_auc_4": 0.001206070074843131,
"avg_TS_f1_5": 0.966910345636486,
"std_TS_f1_5": 0.001247362993767055,
"avg_TS_ap_5": 0.9969066891792953,
"std_TS_ap_5": 0.00020166801845207747,
"avg_TS_auc_5": 0.9720997777777779,
"std_TS_auc_5": 0.0018077984223365724,
"avg_TS_f1_6": 0.9275094999104889,
"std_TS_f1_6": 0.0008926560146827785,
"avg_TS_ap_6": 0.9801834819390811,
"std_TS_ap_6": 0.0003692935511684564,
"avg_TS_auc_6": 0.840827811111111,
"std_TS_auc_6": 0.0022862887174427793,
"avg_TS_f1_7": 0.9806444444444444,
"std_TS_f1_7": 0.0009594236953298898,
"avg_TS_ap_7": 0.9987092801695734,
"std_TS_ap_7": 6.194526583020933e-05,
"avg_TS_auc_7": 0.9883231222222222,
"std_TS_auc_7": 0.0005652932751356784,
"avg_TS_f1_8": 0.9648888888888889,
"std_TS_f1_8": 0.006319478021888774,
"avg_TS_ap_8": 0.9912438324144969,
"std_TS_ap_8": 0.0022540955329644814,
"avg_TS_auc_8": 0.9387351555555554,
"std_TS_auc_8": 0.014129619247069656,
"avg_TS_f1_9": 0.9796997870252051,
"std_TS_f1_9": 0.00140423043606704,
"avg_TS_ap_9": 0.9984861807497898,
"std_TS_ap_9": 0.00017441316529307342,
"avg_TS_auc_9": 0.9865157111111109,
"std_TS_auc_9": 0.0015441902054530966,
"avg_TS_f1_all": 0.961144638029986,
"std_TS_f1_all": 0.0008164970565561808,
"avg_TS_ap_all": 0.9917450717452677,
"std_TS_ap_all": 0.000357921472603573,
"avg_TS_auc_all": 0.9351530455555557,
"std_TS_auc_all": 0.0020997574949526278
}