{
"avg_TS_f1_0": 0.9528539894191652,
"std_TS_f1_0": 0.0004474889738278289,
"avg_TS_ap_0": 0.9856926244380018,
"std_TS_ap_0": 0.000549056836780456,
"avg_TS_auc_0": 0.8955917777777778,
"std_TS_auc_0": 0.002625128685146689,
"avg_TS_f1_1": 0.9878331981406374,
"std_TS_f1_1": 0.0006226189798712303,
"avg_TS_ap_1": 0.9960176062680388,
"std_TS_ap_1": 0.00012400869023141212,
"avg_TS_auc_1": 0.9771611111111111,
"std_TS_auc_1": 0.0011004576786360313,
"avg_TS_f1_2": 0.9539186827429242,
"std_TS_f1_2": 0.0009443266070196231,
"avg_TS_ap_2": 0.990876366307752,
"std_TS_ap_2": 0.0003488410340115744,
"avg_TS_auc_2": 0.9272324444444445,
"std_TS_auc_2": 0.0019983680434387777,
"avg_TS_f1_3": 0.937609048575667,
"std_TS_f1_3": 0.0015065197412196057,
"avg_TS_ap_3": 0.9784711704496797,
"std_TS_ap_3": 0.0008543215060088754,
"avg_TS_auc_3": 0.8395219666666666,
"std_TS_auc_3": 0.006191395869916942,
"avg_TS_f1_4": 0.9432654061028082,
"std_TS_f1_4": 0.00017700959209331638,
"avg_TS_ap_4": 0.9890445776961119,
"std_TS_ap_4": 0.00030208969911344575,
"avg_TS_auc_4": 0.9100224777777777,
"std_TS_auc_4": 0.001923921780640891,
"avg_TS_f1_5": 0.9569758788537577,
"std_TS_f1_5": 0.0012321776713336127,
"avg_TS_ap_5": 0.9943683795679629,
"std_TS_ap_5": 0.00025754464566192834,
"avg_TS_auc_5": 0.9503642888888889,
"std_TS_auc_5": 0.002307714666766634,
"avg_TS_f1_6": 0.9269181719078944,
"std_TS_f1_6": 0.0007264772460059659,
"avg_TS_ap_6": 0.978063844645688,
"std_TS_ap_6": 0.0008381881765553157,
"avg_TS_auc_6": 0.8306133555555556,
"std_TS_auc_6": 0.003911722799641473,
"avg_TS_f1_7": 0.9757777777777777,
"std_TS_f1_7": 0.00047140452079103733,
"avg_TS_ap_7": 0.9982201139770179,
"std_TS_ap_7": 8.517716936769443e-05,
"avg_TS_auc_7": 0.9839366888888887,
"std_TS_auc_7": 0.0007653242261363086,
"avg_TS_f1_8": 0.9476760066917297,
"std_TS_f1_8": 0.003219536599078043,
"avg_TS_ap_8": 0.9788234964746133,
"std_TS_ap_8": 0.0012964350929262226,
"avg_TS_auc_8": 0.8645604888888888,
"std_TS_auc_8": 0.005932984930199631,
"avg_TS_f1_9": 0.9794108857899513,
"std_TS_f1_9": 0.0007757804534065593,
"avg_TS_ap_9": 0.9984543202723138,
"std_TS_ap_9": 6.271865030734245e-05,
"avg_TS_auc_9": 0.9866177555555555,
"std_TS_auc_9": 0.0005370906326257525,
"avg_TS_f1_all": 0.9562239046002313,
"std_TS_f1_all": 0.0003170598963535729,
"avg_TS_ap_all": 0.988803250009718,
"std_TS_ap_all": 0.0002632140441340924,
"avg_TS_auc_all": 0.9165622355555556,
"std_TS_auc_all": 0.0010617523983618702
}