{
"avg_TS_f1_0": 0.9376861047835992,
"std_TS_f1_0": 0.0008882720768838024,
"avg_TS_ap_0": 0.9738211267771479,
"std_TS_ap_0": 0.0026864598183631446,
"avg_TS_auc_0": 0.8209332666666667,
"std_TS_auc_0": 0.009165749897280964,
"avg_TS_f1_1": 0.9708323425375485,
"std_TS_f1_1": 0.0010931640856160034,
"avg_TS_ap_1": 0.9885711860550096,
"std_TS_ap_1": 0.0024090567546799523,
"avg_TS_auc_1": 0.9311879999999999,
"std_TS_auc_1": 0.006944009004570501,
"avg_TS_f1_2": 0.9450863997912015,
"std_TS_f1_2": 0.0012003520161125202,
"avg_TS_ap_2": 0.9837632359350899,
"std_TS_ap_2": 0.0009256932501282323,
"avg_TS_auc_2": 0.8803304444444444,
"std_TS_auc_2": 0.003425588179467638,
"avg_TS_f1_3": 0.9161602047892986,
"std_TS_f1_3": 0.0011942108248072833,
"avg_TS_ap_3": 0.9639014101492241,
"std_TS_ap_3": 0.0032985243936107995,
"avg_TS_auc_3": 0.7402979666666667,
"std_TS_auc_3": 0.013974424706575695,
"avg_TS_f1_4": 0.9337763023871697,
"std_TS_f1_4": 0.0014051953866963931,
"avg_TS_ap_4": 0.98160222202404,
"std_TS_ap_4": 0.0014239289622787375,
"avg_TS_auc_4": 0.8609898555555555,
"std_TS_auc_4": 0.005733438793237666,
"avg_TS_f1_5": 0.9176527992295869,
"std_TS_f1_5": 0.0033024007622907887,
"avg_TS_ap_5": 0.968629205462958,
"std_TS_ap_5": 0.0030882308061409595,
"avg_TS_auc_5": 0.7698307333333333,
"std_TS_auc_5": 0.020033568565988105,
"avg_TS_f1_6": 0.9210426739757146,
"std_TS_f1_6": 0.001375922661393011,
"avg_TS_ap_6": 0.9673460437583646,
"std_TS_ap_6": 0.0040465259561670314,
"avg_TS_auc_6": 0.7691274333333333,
"std_TS_auc_6": 0.01841622285097546,
"avg_TS_f1_7": 0.957477319110321,
"std_TS_f1_7": 0.0006691398643447427,
"avg_TS_ap_7": 0.9917246765207695,
"std_TS_ap_7": 0.0004790951111660938,
"avg_TS_auc_7": 0.9348876666666668,
"std_TS_auc_7": 0.003310590273353824,
"avg_TS_f1_8": 0.9122850243718499,
"std_TS_f1_8": 0.0020120118947664703,
"avg_TS_ap_8": 0.9349988534962905,
"std_TS_ap_8": 0.0015294962388803497,
"avg_TS_auc_8": 0.6410830666666667,
"std_TS_auc_8": 0.009217193452255246,
"avg_TS_f1_9": 0.964721027711416,
"std_TS_f1_9": 0.0007370938443010016,
"avg_TS_ap_9": 0.9912120397100516,
"std_TS_ap_9": 0.0008355923109647719,
"avg_TS_auc_9": 0.9362197,
"std_TS_auc_9": 0.004562213093106679,
"avg_TS_f1_all": 0.9376720198687705,
"std_TS_f1_all": 0.0002858315182520883,
"avg_TS_ap_all": 0.9745569999888947,
"std_TS_ap_all": 0.0013668660601050286,
"avg_TS_auc_all": 0.8284888133333332,
"std_TS_auc_all": 0.005372034856048467
}