{
"avg_TS_f1_0": 0.947942669654487,
"std_TS_f1_0": 0.0016690579163056575,
"avg_TS_ap_0": 0.9743040224363068,
"std_TS_ap_0": 0.003714908102785328,
"avg_TS_auc_0": 0.8662628666666666,
"std_TS_auc_0": 0.00992003944776352,
"avg_TS_f1_1": 0.9924554759215016,
"std_TS_f1_1": 0.00024932324327430426,
"avg_TS_ap_1": 0.9993373724462723,
"std_TS_ap_1": 0.00012758291203880475,
"avg_TS_auc_1": 0.9952649222222222,
"std_TS_auc_1": 0.0006770330121243677,
"avg_TS_f1_2": 0.9530444444444445,
"std_TS_f1_2": 0.0010531551654286934,
"avg_TS_ap_2": 0.9898987952347106,
"std_TS_ap_2": 0.0013733656207424651,
"avg_TS_auc_2": 0.9292802222222223,
"std_TS_auc_2": 0.0037037318135785006,
"avg_TS_f1_3": 0.9199964442469026,
"std_TS_f1_3": 0.0008847633502386856,
"avg_TS_ap_3": 0.9433382892330036,
"std_TS_ap_3": 0.005494904527180784,
"avg_TS_auc_3": 0.6998810111111111,
"std_TS_auc_3": 0.007168584208187587,
"avg_TS_f1_4": 0.939841761579347,
"std_TS_f1_4": 0.0007788358934864078,
"avg_TS_ap_4": 0.9869985306342096,
"std_TS_ap_4": 0.00040074535832628134,
"avg_TS_auc_4": 0.9041283777777778,
"std_TS_auc_4": 0.0014076813794058462,
"avg_TS_f1_5": 0.9628996030643677,
"std_TS_f1_5": 0.0018630635033398816,
"avg_TS_ap_5": 0.9963815929917746,
"std_TS_ap_5": 0.00026698093095677705,
"avg_TS_auc_5": 0.9685628777777779,
"std_TS_auc_5": 0.0023284422629944487,
"avg_TS_f1_6": 0.9234855084541733,
"std_TS_f1_6": 0.0012422460756164038,
"avg_TS_ap_6": 0.9601957737174203,
"std_TS_ap_6": 0.0013035095553658876,
"avg_TS_auc_6": 0.7845206333333334,
"std_TS_auc_6": 0.004989470434256619,
"avg_TS_f1_7": 0.9799107147927971,
"std_TS_f1_7": 0.002494229400295536,
"avg_TS_ap_7": 0.9987863814332165,
"std_TS_ap_7": 0.00021183932101391143,
"avg_TS_auc_7": 0.9888845666666667,
"std_TS_auc_7": 0.0019362836356737413,
"avg_TS_f1_8": 0.9623768876048671,
"std_TS_f1_8": 0.01292053609234754,
"avg_TS_ap_8": 0.9932589441713521,
"std_TS_ap_8": 0.005396762128336428,
"avg_TS_auc_8": 0.9537374555555556,
"std_TS_auc_8": 0.032970013000375616,
"avg_TS_f1_9": 0.9776444444444443,
"std_TS_f1_9": 0.0007350149070462478,
"avg_TS_ap_9": 0.9980537308787809,
"std_TS_ap_9": 0.00016099332146920183,
"avg_TS_auc_9": 0.9845370777777778,
"std_TS_auc_9": 0.0006556174157253528,
"avg_TS_f1_all": 0.9559597954207334,
"std_TS_f1_all": 0.001584632485472634,
"avg_TS_ap_all": 0.9840553433177048,
"std_TS_ap_all": 0.0012390108551365768,
"avg_TS_auc_all": 0.9075060011111112,
"std_TS_auc_all": 0.004164738409478765
}