{
"avg_TS_f1_0": 0.961799146866184,
"std_TS_f1_0": 0.0008380591527712106,
"avg_TS_ap_0": 0.9889984214969989,
"std_TS_ap_0": 0.0005110383257292727,
"avg_TS_auc_0": 0.9201670222222222,
"std_TS_auc_0": 0.0036450353498937906,
"avg_TS_f1_1": 0.9918222222222223,
"std_TS_f1_1": 0.00011331154474650402,
"avg_TS_ap_1": 0.9959970006422332,
"std_TS_ap_1": 0.00039089161848846154,
"avg_TS_auc_1": 0.9799674555555555,
"std_TS_auc_1": 0.0005627636407130504,
"avg_TS_f1_2": 0.9554995042934484,
"std_TS_f1_2": 0.0010932396207174802,
"avg_TS_ap_2": 0.9910015294803596,
"std_TS_ap_2": 0.0005305843190963068,
"avg_TS_auc_2": 0.9312838666666666,
"std_TS_auc_2": 0.0023333820840409857,
"avg_TS_f1_3": 0.9381201301306863,
"std_TS_f1_3": 0.0019951995276756454,
"avg_TS_ap_3": 0.9688873786792479,
"std_TS_ap_3": 0.0030807492361372008,
"avg_TS_auc_3": 0.8052260666666667,
"std_TS_auc_3": 0.016108163559887857,
"avg_TS_f1_4": 0.943264146704576,
"std_TS_f1_4": 0.0007835565402669128,
"avg_TS_ap_4": 0.9884868109382523,
"std_TS_ap_4": 0.00019960317240069397,
"avg_TS_auc_4": 0.9086221333333333,
"std_TS_auc_4": 0.000841708220169668,
"avg_TS_f1_5": 0.9666658863764036,
"std_TS_f1_5": 0.0016567381972027858,
"avg_TS_ap_5": 0.9966870448347487,
"std_TS_ap_5": 0.00022328821864603854,
"avg_TS_auc_5": 0.9705698777777778,
"std_TS_auc_5": 0.0020304247501264526,
"avg_TS_f1_6": 0.9273967640177541,
"std_TS_f1_6": 0.0006662075416673201,
"avg_TS_ap_6": 0.9745978902808521,
"std_TS_ap_6": 0.0018249736288484249,
"avg_TS_auc_6": 0.813410411111111,
"std_TS_auc_6": 0.007676316741803564,
"avg_TS_f1_7": 0.9771881338809603,
"std_TS_f1_7": 0.00026621712641368206,
"avg_TS_ap_7": 0.9983699482737484,
"std_TS_ap_7": 7.23571565862166e-05,
"avg_TS_auc_7": 0.9854033777777778,
"std_TS_auc_7": 0.0006013375055287692,
"avg_TS_f1_8": 0.9800216160157046,
"std_TS_f1_8": 0.007853442280255378,
"avg_TS_ap_8": 0.9927250149381711,
"std_TS_ap_8": 0.002464818863218682,
"avg_TS_auc_8": 0.9570658666666667,
"std_TS_auc_8": 0.01564183186213209,
"avg_TS_f1_9": 0.9813664512225987,
"std_TS_f1_9": 0.0008072693294563019,
"avg_TS_ap_9": 0.9985103794310236,
"std_TS_ap_9": 0.0001245335029438125,
"avg_TS_auc_9": 0.9876276333333334,
"std_TS_auc_9": 0.000771023291188769,
"avg_TS_f1_all": 0.9623144001730539,
"std_TS_f1_all": 0.0007698969147797385,
"avg_TS_ap_all": 0.9894261418995635,
"std_TS_ap_all": 0.0004933948407844853,
"avg_TS_auc_all": 0.9259343711111111,
"std_TS_auc_all": 0.002615040317018887
}