{
"avg_TS_f1_0": 0.9459192177343188,
"std_TS_f1_0": 0.00030145363556310494,
"avg_TS_ap_0": 0.9774121848998224,
"std_TS_ap_0": 0.0007550852334036865,
"avg_TS_auc_0": 0.8496426777777778,
"std_TS_auc_0": 0.0032936542236455227,
"avg_TS_f1_1": 0.9817886857911858,
"std_TS_f1_1": 0.000634815097214457,
"avg_TS_ap_1": 0.9923230799525069,
"std_TS_ap_1": 0.0003909730320749576,
"avg_TS_auc_1": 0.9580189777777779,
"std_TS_auc_1": 0.001959988930933778,
"avg_TS_f1_2": 0.9511089183967009,
"std_TS_f1_2": 0.0010562038018426662,
"avg_TS_ap_2": 0.9861531857341598,
"std_TS_ap_2": 0.0007331689770848958,
"avg_TS_auc_2": 0.8990910666666666,
"std_TS_auc_2": 0.0031932408044276716,
"avg_TS_f1_3": 0.9268054160788315,
"std_TS_f1_3": 0.00037491690032963147,
"avg_TS_ap_3": 0.9667582716786234,
"std_TS_ap_3": 0.00043822940762837365,
"avg_TS_auc_3": 0.7738856222222222,
"std_TS_auc_3": 0.0021247729875546665,
"avg_TS_f1_4": 0.940398677704317,
"std_TS_f1_4": 0.0011140193576930377,
"avg_TS_ap_4": 0.9841298570824095,
"std_TS_ap_4": 0.0005090803661236655,
"avg_TS_auc_4": 0.8816896999999999,
"std_TS_auc_4": 0.003810200112466151,
"avg_TS_f1_5": 0.9375736539427608,
"std_TS_f1_5": 0.0025169744775738654,
"avg_TS_ap_5": 0.9808983526143539,
"std_TS_ap_5": 0.0013800466732000409,
"avg_TS_auc_5": 0.8560484333333334,
"std_TS_auc_5": 0.009778881535706567,
"avg_TS_f1_6": 0.9247641547987234,
"std_TS_f1_6": 0.0011567821430475374,
"avg_TS_ap_6": 0.9697625460700999,
"std_TS_ap_6": 0.0010411337470407356,
"avg_TS_auc_6": 0.7893661666666667,
"std_TS_auc_6": 0.003895372662246534,
"avg_TS_f1_7": 0.9695434388330215,
"std_TS_f1_7": 0.0009434581142820478,
"avg_TS_ap_7": 0.99576842107384,
"std_TS_ap_7": 0.0001942464218167154,
"avg_TS_auc_7": 0.9659183111111111,
"std_TS_auc_7": 0.0016698286470824483,
"avg_TS_f1_8": 0.9287302022091666,
"std_TS_f1_8": 0.0018146729256607243,
"avg_TS_ap_8": 0.9573538414198955,
"std_TS_ap_8": 0.0012733593126452681,
"avg_TS_auc_8": 0.7502250555555555,
"std_TS_auc_8": 0.009115769700271937,
"avg_TS_f1_9": 0.9747544332709841,
"std_TS_f1_9": 0.0002667054255070246,
"avg_TS_ap_9": 0.9949121491962163,
"std_TS_ap_9": 0.0002976397985952768,
"avg_TS_auc_9": 0.9624696444444444,
"std_TS_auc_9": 0.0018484101432124896,
"avg_TS_f1_all": 0.948138679876001,
"std_TS_f1_all": 0.0005858664196113142,
"avg_TS_ap_all": 0.9805471889721927,
"std_TS_ap_all": 0.00011651138189875108,
"avg_TS_auc_all": 0.8686355655555555,
"std_TS_auc_all": 0.0013901951587500859
}