{
"avg_TS_f1_0": 0.9566096672037336,
"std_TS_f1_0": 0.0005452772732300064,
"avg_TS_ap_0": 0.9878174107151241,
"std_TS_ap_0": 0.00041139056694172905,
"avg_TS_auc_0": 0.9091283555555556,
"std_TS_auc_0": 0.002471568514222021,
"avg_TS_f1_1": 0.9898222222222222,
"std_TS_f1_1": 0.0007685162873684547,
"avg_TS_ap_1": 0.9972599539772922,
"std_TS_ap_1": 0.00013077555303610684,
"avg_TS_auc_1": 0.9831130111111112,
"std_TS_auc_1": 0.0005612918096280924,
"avg_TS_f1_2": 0.9550656579686526,
"std_TS_f1_2": 0.001009956398457628,
"avg_TS_ap_2": 0.9912980412625515,
"std_TS_ap_2": 0.0005708977212886975,
"avg_TS_auc_2": 0.9301333777777778,
"std_TS_auc_2": 0.003521573865563144,
"avg_TS_f1_3": 0.9439073069805988,
"std_TS_f1_3": 0.0012078459103295133,
"avg_TS_ap_3": 0.9823961006297235,
"std_TS_ap_3": 0.001026559809819307,
"avg_TS_auc_3": 0.8675633111111111,
"std_TS_auc_3": 0.007000192363106504,
"avg_TS_f1_4": 0.9445086504805822,
"std_TS_f1_4": 0.0007113989010450131,
"avg_TS_ap_4": 0.9898227478305905,
"std_TS_ap_4": 0.0001905597037821285,
"avg_TS_auc_4": 0.9157663333333333,
"std_TS_auc_4": 0.0015879917424451895,
"avg_TS_f1_5": 0.9600764548647763,
"std_TS_f1_5": 0.0009203814662318052,
"avg_TS_ap_5": 0.994668678918418,
"std_TS_ap_5": 0.0003329088146231796,
"avg_TS_auc_5": 0.9536152111111111,
"std_TS_auc_5": 0.00263537187443124,
"avg_TS_f1_6": 0.92874048179164,
"std_TS_f1_6": 0.001115066584819109,
"avg_TS_ap_6": 0.9795009350539358,
"std_TS_ap_6": 0.0004107712591566421,
"avg_TS_auc_6": 0.8396973222222222,
"std_TS_auc_6": 0.00215232799958041,
"avg_TS_f1_7": 0.9761875708864454,
"std_TS_f1_7": 0.0009299559064447355,
"avg_TS_ap_7": 0.9982944363439541,
"std_TS_ap_7": 0.00015582623070926817,
"avg_TS_auc_7": 0.9846791888888887,
"std_TS_auc_7": 0.001328601797583975,
"avg_TS_f1_8": 0.955886919643684,
"std_TS_f1_8": 0.003211387062847406,
"avg_TS_ap_8": 0.9827844788851283,
"std_TS_ap_8": 0.00047022769119845604,
"avg_TS_auc_8": 0.8905934111111111,
"std_TS_auc_8": 0.005561676419108234,
"avg_TS_f1_9": 0.9795219931971528,
"std_TS_f1_9": 0.00043269131836554917,
"avg_TS_ap_9": 0.9984630886930506,
"std_TS_ap_9": 4.586943859821061e-05,
"avg_TS_auc_9": 0.9867302777777779,
"std_TS_auc_9": 0.00036791519252254767,
"avg_TS_f1_all": 0.9590326925239487,
"std_TS_f1_all": 0.00026461520270917095,
"avg_TS_ap_all": 0.9902305872309768,
"std_TS_ap_all": 0.00010815210833537446,
"avg_TS_auc_all": 0.92610198,
"std_TS_auc_all": 0.00041059466321933765
}