{
"avg_TS_f1_0": 0.9615991406930015,
"std_TS_f1_0": 0.0005706625113856192,
"avg_TS_ap_0": 0.990486364867359,
"std_TS_ap_0": 0.0002547718115652414,
"avg_TS_auc_0": 0.9278352444444444,
"std_TS_auc_0": 0.0016528277275739108,
"avg_TS_f1_1": 0.9915777777777779,
"std_TS_f1_1": 0.00033259176771323725,
"avg_TS_ap_1": 0.9945381549998886,
"std_TS_ap_1": 0.0013897585240662696,
"avg_TS_auc_1": 0.9774527777777777,
"std_TS_auc_1": 0.0027958941468244044,
"avg_TS_f1_2": 0.9550878875986936,
"std_TS_f1_2": 0.0007831840047128758,
"avg_TS_ap_2": 0.9920109782922524,
"std_TS_ap_2": 0.0006085899101972279,
"avg_TS_auc_2": 0.9365000111111111,
"std_TS_auc_2": 0.00298367723124447,
"avg_TS_f1_3": 0.9517428511460514,
"std_TS_f1_3": 0.0008265777983615722,
"avg_TS_ap_3": 0.9880654309599656,
"std_TS_ap_3": 0.0007829182212260932,
"avg_TS_auc_3": 0.9077632999999998,
"std_TS_auc_3": 0.005052392453770117,
"avg_TS_f1_4": 0.9460081090260772,
"std_TS_f1_4": 0.0007711381302371094,
"avg_TS_ap_4": 0.9902483605063732,
"std_TS_ap_4": 0.00028572644651495314,
"avg_TS_auc_4": 0.9199407666666666,
"std_TS_auc_4": 0.0012325924438323077,
"avg_TS_f1_5": 0.9677104098375835,
"std_TS_f1_5": 0.0007425079254578858,
"avg_TS_ap_5": 0.9967008625470761,
"std_TS_ap_5": 0.00016143370569528687,
"avg_TS_auc_5": 0.9707597111111111,
"std_TS_auc_5": 0.0014742780779456461,
"avg_TS_f1_6": 0.9287849274705836,
"std_TS_f1_6": 0.000890298766732473,
"avg_TS_ap_6": 0.9813018629924702,
"std_TS_ap_6": 0.00011242023564992764,
"avg_TS_auc_6": 0.8489725555555555,
"std_TS_auc_6": 0.0010966165929129066,
"avg_TS_f1_7": 0.9787333333333332,
"std_TS_f1_7": 0.0004365973934308508,
"avg_TS_ap_7": 0.9985225895668982,
"std_TS_ap_7": 5.4526848622637256e-05,
"avg_TS_auc_7": 0.9867324333333334,
"std_TS_auc_7": 0.00045539703935874496,
"avg_TS_f1_8": 0.9853661833064798,
"std_TS_f1_8": 0.0008001122624086257,
"avg_TS_ap_8": 0.9966760314858625,
"std_TS_ap_8": 0.00022447748896234538,
"avg_TS_auc_8": 0.9772323666666667,
"std_TS_auc_8": 0.0012723108341774554,
"avg_TS_f1_9": 0.9814109055441351,
"std_TS_f1_9": 0.0003212063205077874,
"avg_TS_ap_9": 0.9987017637294351,
"std_TS_ap_9": 4.469570968762642e-05,
"avg_TS_auc_9": 0.9886402666666665,
"std_TS_auc_9": 0.00039305468849530346,
"avg_TS_f1_all": 0.9648021525733718,
"std_TS_f1_all": 0.00026325648730026293,
"avg_TS_ap_all": 0.992725239994758,
"std_TS_ap_all": 0.0001801752528819587,
"avg_TS_auc_all": 0.9441829433333334,
"std_TS_auc_all": 0.0007530800439675669
}