{
"avg_TS_f1_0": 0.9432314214987253,
"std_TS_f1_0": 0.0007691724011809148,
"avg_TS_ap_0": 0.9804779863810928,
"std_TS_ap_0": 0.0018131168215909919,
"avg_TS_auc_0": 0.8581627555555557,
"std_TS_auc_0": 0.008622091955888755,
"avg_TS_f1_1": 0.9785219635658772,
"std_TS_f1_1": 0.0009285289431978181,
"avg_TS_ap_1": 0.9927553594567925,
"std_TS_ap_1": 0.0011734344577065666,
"avg_TS_auc_1": 0.9549704555555556,
"std_TS_auc_1": 0.0031506424119378007,
"avg_TS_f1_2": 0.9496550005864524,
"std_TS_f1_2": 0.0011738095508294977,
"avg_TS_ap_2": 0.988513190975915,
"std_TS_ap_2": 0.001017281434945712,
"avg_TS_auc_2": 0.9090569555555555,
"std_TS_auc_2": 0.005777766407510187,
"avg_TS_f1_3": 0.9219058959091584,
"std_TS_f1_3": 0.0007736337862283577,
"avg_TS_ap_3": 0.970333862815466,
"std_TS_ap_3": 0.002913305504228824,
"avg_TS_auc_3": 0.7775489777777777,
"std_TS_auc_3": 0.012123952345503952,
"avg_TS_f1_4": 0.9386653270860726,
"std_TS_f1_4": 0.0011247756980635542,
"avg_TS_ap_4": 0.9864616362291525,
"std_TS_ap_4": 0.0009515291441632224,
"avg_TS_auc_4": 0.8898903555555556,
"std_TS_auc_4": 0.005595839428815537,
"avg_TS_f1_5": 0.9358194208320215,
"std_TS_f1_5": 0.0029417148568680784,
"avg_TS_ap_5": 0.9858409563267436,
"std_TS_ap_5": 0.000991935557303315,
"avg_TS_auc_5": 0.8824042999999999,
"std_TS_auc_5": 0.006875783060194955,
"avg_TS_f1_6": 0.9234529980060622,
"std_TS_f1_6": 0.0007133476584242293,
"avg_TS_ap_6": 0.9749548767050458,
"std_TS_ap_6": 0.0032263078176186354,
"avg_TS_auc_6": 0.8081032888888888,
"std_TS_auc_6": 0.017205132763879444,
"avg_TS_f1_7": 0.9669655548765055,
"std_TS_f1_7": 0.0013704109360507823,
"avg_TS_ap_7": 0.9963398467521266,
"std_TS_ap_7": 0.0003717728544443605,
"avg_TS_auc_7": 0.9683001888888889,
"std_TS_auc_7": 0.003094155459197052,
"avg_TS_f1_8": 0.9229504723698435,
"std_TS_f1_8": 0.0015246549475227652,
"avg_TS_ap_8": 0.9546241761761127,
"std_TS_ap_8": 0.003140898980250109,
"avg_TS_auc_8": 0.7322461222222222,
"std_TS_auc_8": 0.009844826585096205,
"avg_TS_f1_9": 0.9747219413424203,
"std_TS_f1_9": 0.00014907225696310787,
"avg_TS_ap_9": 0.9958544643108356,
"std_TS_ap_9": 0.0003381036569988423,
"avg_TS_auc_9": 0.9679099999999998,
"std_TS_auc_9": 0.002170202852212869,
"avg_TS_f1_all": 0.9455889996073139,
"std_TS_f1_all": 0.0005513252226081101,
"avg_TS_ap_all": 0.9826156356129282,
"std_TS_ap_all": 0.0007646610268045092,
"avg_TS_auc_all": 0.8748593400000001,
"std_TS_auc_all": 0.002962529762968501
}