{
"avg_TS_f1_0": 0.9450524942049515,
"std_TS_f1_0": 0.0007995792955869392,
"avg_TS_ap_0": 0.9637041085409745,
"std_TS_ap_0": 0.003525496531704766,
"avg_TS_auc_0": 0.8347627222222223,
"std_TS_auc_0": 0.012521102425283658,
"avg_TS_f1_1": 0.9919333333333334,
"std_TS_f1_1": 0.0004640136226182771,
"avg_TS_ap_1": 0.999118201873145,
"std_TS_ap_1": 0.00017055448934429515,
"avg_TS_auc_1": 0.9944423555555556,
"std_TS_auc_1": 0.0006466101489238581,
"avg_TS_f1_2": 0.9523545135223562,
"std_TS_f1_2": 0.0010407487715484265,
"avg_TS_ap_2": 0.9858570283622914,
"std_TS_ap_2": 0.001367295060425798,
"avg_TS_auc_2": 0.9215796777777777,
"std_TS_auc_2": 0.0033293042055490413,
"avg_TS_f1_3": 0.9163740726336649,
"std_TS_f1_3": 0.0015811529360474387,
"avg_TS_ap_3": 0.9429927114603057,
"std_TS_ap_3": 0.0025907811776753223,
"avg_TS_auc_3": 0.7038483777777778,
"std_TS_auc_3": 0.004597761572711879,
"avg_TS_f1_4": 0.9383750405886747,
"std_TS_f1_4": 0.0005646557383086217,
"avg_TS_ap_4": 0.9838324428084627,
"std_TS_ap_4": 0.0017888411477728823,
"avg_TS_auc_4": 0.8923587,
"std_TS_auc_4": 0.004988076326502251,
"avg_TS_f1_5": 0.9644321622806205,
"std_TS_f1_5": 0.0020137143666133727,
"avg_TS_ap_5": 0.9961687373972442,
"std_TS_ap_5": 0.00017251577979944364,
"avg_TS_auc_5": 0.969696011111111,
"std_TS_auc_5": 0.0020135986455677747,
"avg_TS_f1_6": 0.9220187553629522,
"std_TS_f1_6": 0.001366212676430695,
"avg_TS_ap_6": 0.9556219080178445,
"std_TS_ap_6": 0.0014564487186008274,
"avg_TS_auc_6": 0.7623637000000001,
"std_TS_auc_6": 0.006072772923955387,
"avg_TS_f1_7": 0.9799887092492792,
"std_TS_f1_7": 0.004328670041962301,
"avg_TS_ap_7": 0.9987224466962716,
"std_TS_ap_7": 0.0004861726417362791,
"avg_TS_auc_7": 0.9883321111111112,
"std_TS_auc_7": 0.00439877943325978,
"avg_TS_f1_8": 0.9699777777777779,
"std_TS_f1_8": 0.009378567633929882,
"avg_TS_ap_8": 0.9959237277142249,
"std_TS_ap_8": 0.0020013904132682716,
"avg_TS_auc_8": 0.9716951222222223,
"std_TS_auc_8": 0.012537256201063758,
"avg_TS_f1_9": 0.9782775277638882,
"std_TS_f1_9": 0.0007472709360605657,
"avg_TS_ap_9": 0.9980721357668612,
"std_TS_ap_9": 0.00015050079924118867,
"avg_TS_auc_9": 0.9860238333333333,
"std_TS_auc_9": 0.0009174039849514846,
"avg_TS_f1_all": 0.9558784386717498,
"std_TS_f1_all": 0.0012866981271185127,
"avg_TS_ap_all": 0.9820013448637626,
"std_TS_ap_all": 0.00042692130783121346,
"avg_TS_auc_all": 0.9025102611111111,
"std_TS_auc_all": 0.0019307985067368702
}