{
"avg_TS_f1_0": 0.9497977579001302,
"std_TS_f1_0": 0.0010259364928258197,
"avg_TS_ap_0": 0.9854325721897315,
"std_TS_ap_0": 0.0013583812029969195,
"avg_TS_auc_0": 0.8882170666666667,
"std_TS_auc_0": 0.007195766448885985,
"avg_TS_f1_1": 0.9846331611015426,
"std_TS_f1_1": 0.00019763196303153132,
"avg_TS_ap_1": 0.9954469477808285,
"std_TS_ap_1": 0.00037257503337470517,
"avg_TS_auc_1": 0.9675192000000001,
"std_TS_auc_1": 0.002179777093768604,
"avg_TS_f1_2": 0.9521756628454667,
"std_TS_f1_2": 0.0014511602410477657,
"avg_TS_ap_2": 0.9910116215279103,
"std_TS_ap_2": 0.0008654420845486367,
"avg_TS_auc_2": 0.9255163444444445,
"std_TS_auc_2": 0.004889866395130018,
"avg_TS_f1_3": 0.9293643103629213,
"std_TS_f1_3": 0.0010522733736734722,
"avg_TS_ap_3": 0.9773029062549263,
"std_TS_ap_3": 0.0011437548300077636,
"avg_TS_auc_3": 0.8229973111111111,
"std_TS_auc_3": 0.007471000663520327,
"avg_TS_f1_4": 0.9412104684828169,
"std_TS_f1_4": 0.0009063606165285109,
"avg_TS_ap_4": 0.989528942050368,
"std_TS_ap_4": 0.00025195203767743724,
"avg_TS_auc_4": 0.9102162777777778,
"std_TS_auc_4": 0.002216415639364598,
"avg_TS_f1_5": 0.9508200332117216,
"std_TS_f1_5": 0.001680281161159486,
"avg_TS_ap_5": 0.9933567362251245,
"std_TS_ap_5": 0.0003082393956119246,
"avg_TS_auc_5": 0.9409374777777778,
"std_TS_auc_5": 0.0028069239436493256,
"avg_TS_f1_6": 0.9256069781654537,
"std_TS_f1_6": 0.0008462440253195809,
"avg_TS_ap_6": 0.9796441618208747,
"std_TS_ap_6": 0.0007423395835787318,
"avg_TS_auc_6": 0.834921488888889,
"std_TS_auc_6": 0.004687714955387417,
"avg_TS_f1_7": 0.9738883197214661,
"std_TS_f1_7": 0.0007750437244387009,
"avg_TS_ap_7": 0.9979797674419327,
"std_TS_ap_7": 0.00012468046900491274,
"avg_TS_auc_7": 0.9817824999999999,
"std_TS_auc_7": 0.0011338597867679618,
"avg_TS_f1_8": 0.9392431751676111,
"std_TS_f1_8": 0.0030148012258499213,
"avg_TS_ap_8": 0.9769606178151715,
"std_TS_ap_8": 0.0060069469276129266,
"avg_TS_auc_8": 0.8417415333333332,
"std_TS_auc_8": 0.020599867779469008,
"avg_TS_f1_9": 0.9764992141538726,
"std_TS_f1_9": 0.00020214116221492558,
"avg_TS_ap_9": 0.9980127472310982,
"std_TS_ap_9": 9.591194057444416e-05,
"avg_TS_auc_9": 0.9824395444444445,
"std_TS_auc_9": 0.0008234490227612274,
"avg_TS_f1_all": 0.9523239081113003,
"std_TS_f1_all": 0.0004548768473951925,
"avg_TS_ap_all": 0.9884677020337967,
"std_TS_ap_all": 0.0006673514652748733,
"avg_TS_auc_all": 0.9096288744444443,
"std_TS_auc_all": 0.002400593415599496
}