{
"avg_TS_f1_0": 0.9522,
"std_TS_f1_0": 0.005789048835495629,
"avg_TS_ap_0": 0.985864978811497,
"std_TS_ap_0": 0.0011828201188757333,
"avg_TS_auc_0": 0.8960884444444444,
"std_TS_auc_0": 0.010778073836769932,
"avg_TS_f1_1": 0.990311111111111,
"std_TS_f1_1": 0.00054160256030908,
"avg_TS_ap_1": 0.9968762012378992,
"std_TS_ap_1": 0.0005221628416675039,
"avg_TS_auc_1": 0.9813723888888889,
"std_TS_auc_1": 0.0017720360278364808,
"avg_TS_f1_2": 0.9514994302152588,
"std_TS_f1_2": 0.002094839362478115,
"avg_TS_ap_2": 0.9903408107663283,
"std_TS_ap_2": 0.00044004058512350184,
"avg_TS_auc_2": 0.9242069888888889,
"std_TS_auc_2": 0.0013223664559053755,
"avg_TS_f1_3": 0.9370089634609331,
"std_TS_f1_3": 0.0026482402863862507,
"avg_TS_ap_3": 0.9741994113196248,
"std_TS_ap_3": 0.0045652145506905745,
"avg_TS_auc_3": 0.8284968666666666,
"std_TS_auc_3": 0.021877803330231645,
"avg_TS_f1_4": 0.9358104265051763,
"std_TS_f1_4": 0.003348252281185564,
"avg_TS_ap_4": 0.9856981942243206,
"std_TS_ap_4": 0.00188212207180678,
"avg_TS_auc_4": 0.8869135555555555,
"std_TS_auc_4": 0.013666595933918118,
"avg_TS_f1_5": 0.9589663623287713,
"std_TS_f1_5": 0.007594740969197323,
"avg_TS_ap_5": 0.9936128260356554,
"std_TS_ap_5": 0.0009217790377232511,
"avg_TS_auc_5": 0.9472712,
"std_TS_auc_5": 0.009442807324422747,
"avg_TS_f1_6": 0.926088888888889,
"std_TS_f1_6": 0.00277946615355637,
"avg_TS_ap_6": 0.9746271346228745,
"std_TS_ap_6": 0.00183200014407017,
"avg_TS_auc_6": 0.8137950222222223,
"std_TS_auc_6": 0.011405649027630157,
"avg_TS_f1_7": 0.973888304905828,
"std_TS_f1_7": 0.0017663724765952925,
"avg_TS_ap_7": 0.9976049685356247,
"std_TS_ap_7": 0.00026413256829732585,
"avg_TS_auc_7": 0.9794675333333334,
"std_TS_auc_7": 0.002255726475899605,
"avg_TS_f1_8": 0.9507555555555556,
"std_TS_f1_8": 0.0075042045827491315,
"avg_TS_ap_8": 0.9823056125301516,
"std_TS_ap_8": 0.00286740101465255,
"avg_TS_auc_8": 0.8834424222222221,
"std_TS_auc_8": 0.022754842874435497,
"avg_TS_f1_9": 0.9799106518263361,
"std_TS_f1_9": 0.0028360950093421758,
"avg_TS_ap_9": 0.9979097760043502,
"std_TS_ap_9": 0.0003104909125729402,
"avg_TS_auc_9": 0.9831827000000001,
"std_TS_auc_9": 0.002577538618120195,
"avg_TS_f1_all": 0.9556439694797859,
"std_TS_f1_all": 0.0009084623522620477,
"avg_TS_ap_all": 0.9879039914088328,
"std_TS_ap_all": 0.0008544458615197563,
"avg_TS_auc_all": 0.9124237122222221,
"std_TS_auc_all": 0.004923902281882011
}