{
"avg_TS_f1_0": 0.9431202658671628,
"std_TS_f1_0": 0.0015138112099741569,
"avg_TS_ap_0": 0.9726216393787288,
"std_TS_ap_0": 0.0011527681341735646,
"avg_TS_auc_0": 0.8309975111111111,
"std_TS_auc_0": 0.005598565719256981,
"avg_TS_f1_1": 0.9768439320703003,
"std_TS_f1_1": 0.0023246975968725467,
"avg_TS_ap_1": 0.9885399933637741,
"std_TS_ap_1": 0.0009693816326326946,
"avg_TS_auc_1": 0.939095888888889,
"std_TS_auc_1": 0.005761360960616778,
"avg_TS_f1_2": 0.9510666666666667,
"std_TS_f1_2": 0.0014377623217441539,
"avg_TS_ap_2": 0.9848494900836184,
"std_TS_ap_2": 0.0006548198642672997,
"avg_TS_auc_2": 0.8980499999999999,
"std_TS_auc_2": 0.0025041032077989167,
"avg_TS_f1_3": 0.923953833237649,
"std_TS_f1_3": 0.002472936628205348,
"avg_TS_ap_3": 0.9578979669018632,
"std_TS_ap_3": 0.004331523421956004,
"avg_TS_auc_3": 0.7412332888888888,
"std_TS_auc_3": 0.02269974694554657,
"avg_TS_f1_4": 0.9373868029705354,
"std_TS_f1_4": 0.000893681840072595,
"avg_TS_ap_4": 0.9808749395850006,
"std_TS_ap_4": 0.0007755133761969118,
"avg_TS_auc_4": 0.8676136999999999,
"std_TS_auc_4": 0.003855913668223145,
"avg_TS_f1_5": 0.9296651455945083,
"std_TS_f1_5": 0.0024796627957673397,
"avg_TS_ap_5": 0.9711863298287071,
"std_TS_ap_5": 0.0020397251022997937,
"avg_TS_auc_5": 0.8036296444444444,
"std_TS_auc_5": 0.010696733099444017,
"avg_TS_f1_6": 0.9230205480551389,
"std_TS_f1_6": 0.0018493136619485758,
"avg_TS_ap_6": 0.9632361385370807,
"std_TS_ap_6": 0.0030401030746548645,
"avg_TS_auc_6": 0.7637529222222222,
"std_TS_auc_6": 0.014431233231979998,
"avg_TS_f1_7": 0.9677885894895395,
"std_TS_f1_7": 0.003471194659540967,
"avg_TS_ap_7": 0.9938647581759522,
"std_TS_ap_7": 0.0009825031724383865,
"avg_TS_auc_7": 0.9546939777777779,
"std_TS_auc_7": 0.007297379169872555,
"avg_TS_f1_8": 0.9270292794044114,
"std_TS_f1_8": 0.001918696611513906,
"avg_TS_ap_8": 0.9513244665201656,
"std_TS_ap_8": 0.0030854798435977714,
"avg_TS_auc_8": 0.7298747888888888,
"std_TS_auc_8": 0.013141701479669275,
"avg_TS_f1_9": 0.9731333333333334,
"std_TS_f1_9": 0.0009923161583007215,
"avg_TS_ap_9": 0.9930553028199276,
"std_TS_ap_9": 0.0008335225382528327,
"avg_TS_auc_9": 0.9517137666666666,
"std_TS_auc_9": 0.004651088965467301,
"avg_TS_f1_all": 0.9453008396689244,
"std_TS_f1_all": 0.0006860926043949586,
"avg_TS_ap_all": 0.9757451025194819,
"std_TS_ap_all": 0.001205814752370107,
"avg_TS_auc_all": 0.8480655488888889,
"std_TS_auc_all": 0.0058116519119033
}