{
"avg_TS_f1_0": 0.9387854954148948,
"std_TS_f1_0": 0.00045089662131475144,
"avg_TS_ap_0": 0.9668258725670134,
"std_TS_ap_0": 0.0005514678668693695,
"avg_TS_auc_0": 0.8029137555555556,
"std_TS_auc_0": 0.0018491167182679044,
"avg_TS_f1_1": 0.9729549604607663,
"std_TS_f1_1": 0.0005742975850082757,
"avg_TS_ap_1": 0.9874868102523114,
"std_TS_ap_1": 0.00043004110104261626,
"avg_TS_auc_1": 0.9316724222222221,
"std_TS_auc_1": 0.0023960221545174074,
"avg_TS_f1_2": 0.9463858892731277,
"std_TS_f1_2": 0.0008797041774433382,
"avg_TS_ap_2": 0.9808495851532998,
"std_TS_ap_2": 0.0005061472101037345,
"avg_TS_auc_2": 0.8721214444444445,
"std_TS_auc_2": 0.003095951726862296,
"avg_TS_f1_3": 0.91821680814268,
"std_TS_f1_3": 0.001418650576600473,
"avg_TS_ap_3": 0.9554252822834529,
"std_TS_ap_3": 0.0017940279789700824,
"avg_TS_auc_3": 0.7213894222222222,
"std_TS_auc_3": 0.00821372221749513,
"avg_TS_f1_4": 0.9348296966307366,
"std_TS_f1_4": 0.0006233228511594233,
"avg_TS_ap_4": 0.9776388088065708,
"std_TS_ap_4": 0.000683694945122554,
"avg_TS_auc_4": 0.8499613,
"std_TS_auc_4": 0.003659688271417492,
"avg_TS_f1_5": 0.9191603766111612,
"std_TS_f1_5": 0.002319498920440953,
"avg_TS_ap_5": 0.9641553426425903,
"std_TS_ap_5": 0.002095012993503159,
"avg_TS_auc_5": 0.7547084333333334,
"std_TS_auc_5": 0.01266936561311438,
"avg_TS_f1_6": 0.921974291164324,
"std_TS_f1_6": 0.0012482397924609948,
"avg_TS_ap_6": 0.9591279911169203,
"std_TS_ap_6": 0.0003723135352227443,
"avg_TS_auc_6": 0.7464574444444445,
"std_TS_auc_6": 0.002959613603617183,
"avg_TS_f1_7": 0.9590764277027736,
"std_TS_f1_7": 0.0008661674577560452,
"avg_TS_ap_7": 0.9907348538706653,
"std_TS_ap_7": 0.00034915498763356587,
"avg_TS_auc_7": 0.9323355000000001,
"std_TS_auc_7": 0.002297226259300523,
"avg_TS_f1_8": 0.9158851343593163,
"std_TS_f1_8": 0.001844062245958024,
"avg_TS_ap_8": 0.937402455983564,
"std_TS_ap_8": 0.0011767404461420828,
"avg_TS_auc_8": 0.6630373444444444,
"std_TS_auc_8": 0.00725030059456883,
"avg_TS_f1_9": 0.9648873369508182,
"std_TS_f1_9": 0.000970924792035595,
"avg_TS_ap_9": 0.9884678242089711,
"std_TS_ap_9": 0.0005300972807880961,
"avg_TS_auc_9": 0.9261279,
"std_TS_auc_9": 0.002708093822207067,
"avg_TS_f1_all": 0.9392156416710599,
"std_TS_f1_all": 0.0005102876350678695,
"avg_TS_ap_all": 0.970811482688536,
"std_TS_ap_all": 0.0002335655474611444,
"avg_TS_auc_all": 0.8200724966666666,
"std_TS_auc_all": 0.001750037976542413
}