{
"avg_TS_f1_0": 0.9183640375082567,
"std_TS_f1_0": 0.013538710065390347,
"avg_TS_ap_0": 0.9689169839260691,
"std_TS_ap_0": 0.007298489589050148,
"avg_TS_auc_0": 0.7633650777777778,
"std_TS_auc_0": 0.05760842525217391,
"avg_TS_f1_1": 0.9606,
"std_TS_f1_1": 0.011882677505148325,
"avg_TS_ap_1": 0.9869925741683693,
"std_TS_ap_1": 0.005418351097392403,
"avg_TS_auc_1": 0.9061212666666666,
"std_TS_auc_1": 0.03697832664447082,
"avg_TS_f1_2": 0.934109419659117,
"std_TS_f1_2": 0.011587003324567323,
"avg_TS_ap_2": 0.9770158517953688,
"std_TS_ap_2": 0.005126963882097216,
"avg_TS_auc_2": 0.8303407333333332,
"std_TS_auc_2": 0.04053794489279594,
"avg_TS_f1_3": 0.9151434042631997,
"std_TS_f1_3": 0.00608645099577128,
"avg_TS_ap_3": 0.9687792522011938,
"std_TS_ap_3": 0.0028534347488946305,
"avg_TS_auc_3": 0.7605117555555555,
"std_TS_auc_3": 0.022063478043556937,
"avg_TS_f1_4": 0.932106578676035,
"std_TS_f1_4": 0.005199610569782907,
"avg_TS_ap_4": 0.9835453037559068,
"std_TS_ap_4": 0.0013012446134426,
"avg_TS_auc_4": 0.8676284444444444,
"std_TS_auc_4": 0.01078924348278718,
"avg_TS_f1_5": 0.9343743614239072,
"std_TS_f1_5": 0.013928678128530223,
"avg_TS_ap_5": 0.9862251578737824,
"std_TS_ap_5": 0.004676295439964372,
"avg_TS_auc_5": 0.8834294444444446,
"std_TS_auc_5": 0.03915830195181329,
"avg_TS_f1_6": 0.916430622688915,
"std_TS_f1_6": 0.006712277857687953,
"avg_TS_ap_6": 0.9707550414874279,
"std_TS_ap_6": 0.0055875057319386325,
"avg_TS_auc_6": 0.7738439666666667,
"std_TS_auc_6": 0.03994319447978747,
"avg_TS_f1_7": 0.9596996759079209,
"std_TS_f1_7": 0.012749812635542984,
"avg_TS_ap_7": 0.9943916813912063,
"std_TS_ap_7": 0.003175945094991001,
"avg_TS_auc_7": 0.9517988111111112,
"std_TS_auc_7": 0.02617981093200077,
"avg_TS_f1_8": 0.9160387833132168,
"std_TS_f1_8": 0.013343025885343448,
"avg_TS_ap_8": 0.960384550121202,
"std_TS_ap_8": 0.007410879726891133,
"avg_TS_auc_8": 0.7261708,
"std_TS_auc_8": 0.048053269492170494,
"avg_TS_f1_9": 0.9574653468402566,
"std_TS_f1_9": 0.023330752693945533,
"avg_TS_ap_9": 0.9847802734773123,
"std_TS_ap_9": 0.010005589801957745,
"avg_TS_auc_9": 0.8932506555555555,
"std_TS_auc_9": 0.07840249210935382,
"avg_TS_f1_all": 0.9344332230280825,
"std_TS_f1_all": 0.0039223123193731675,
"avg_TS_ap_all": 0.9781786670197838,
"std_TS_ap_all": 0.0013718578340548976,
"avg_TS_auc_all": 0.8356460955555555,
"std_TS_auc_all": 0.009989427254197042
}