{
"avg_TS_f1_0": 0.9480666666666666,
"std_TS_f1_0": 0.0055584881148974885,
"avg_TS_ap_0": 0.9613963686563537,
"std_TS_ap_0": 0.00489920703880103,
"avg_TS_auc_0": 0.8184767555555557,
"std_TS_auc_0": 0.020865835671732707,
"avg_TS_f1_1": 0.9870888888888889,
"std_TS_f1_1": 0.001255899657861726,
"avg_TS_ap_1": 0.9820639632211131,
"std_TS_ap_1": 0.0014322490817918533,
"avg_TS_auc_1": 0.9415333666666668,
"std_TS_auc_1": 0.004480796283758417,
"avg_TS_f1_2": 0.9498877283305862,
"std_TS_f1_2": 0.00231394133851726,
"avg_TS_ap_2": 0.9616888360767435,
"std_TS_ap_2": 0.0025336554530592586,
"avg_TS_auc_2": 0.8401890444444444,
"std_TS_auc_2": 0.002872962612373967,
"avg_TS_f1_3": 0.9449764665938233,
"std_TS_f1_3": 0.004254779473413992,
"avg_TS_ap_3": 0.931028066252313,
"std_TS_ap_3": 0.002302785612769237,
"avg_TS_auc_3": 0.7740682333333334,
"std_TS_auc_3": 0.013431316845407526,
"avg_TS_f1_4": 0.9386417578025859,
"std_TS_f1_4": 0.0026830595648710902,
"avg_TS_ap_4": 0.9547826102089729,
"std_TS_ap_4": 0.003810923276365579,
"avg_TS_auc_4": 0.8167521333333333,
"std_TS_auc_4": 0.009606462113868239,
"avg_TS_f1_5": 0.9597886252939979,
"std_TS_f1_5": 0.013129053592888141,
"avg_TS_ap_5": 0.9762041357531099,
"std_TS_ap_5": 0.012402562950727622,
"avg_TS_auc_5": 0.8953675000000001,
"std_TS_auc_5": 0.014629584367360844,
"avg_TS_f1_6": 0.9223965615373693,
"std_TS_f1_6": 0.003093983176227948,
"avg_TS_ap_6": 0.9379185907284132,
"std_TS_ap_6": 0.008293409406514633,
"avg_TS_auc_6": 0.7278417333333334,
"std_TS_auc_6": 0.02361298482184729,
"avg_TS_f1_7": 0.9646214197085022,
"std_TS_f1_7": 0.0044887573128239945,
"avg_TS_ap_7": 0.9691538203780803,
"std_TS_ap_7": 0.004239665622865693,
"avg_TS_auc_7": 0.8774664111111112,
"std_TS_auc_7": 0.015424357947843704,
"avg_TS_f1_8": 0.9711555555555555,
"std_TS_f1_8": 0.002099500234476746,
"avg_TS_ap_8": 0.9663057155940356,
"std_TS_ap_8": 0.0038695564836880897,
"avg_TS_auc_8": 0.8707438777777778,
"std_TS_auc_8": 0.010257010088943617,
"avg_TS_f1_9": 0.979111111111111,
"std_TS_f1_9": 0.004212268970109011,
"avg_TS_ap_9": 0.9760333750060702,
"std_TS_ap_9": 0.007485840910121015,
"avg_TS_auc_9": 0.9076008999999999,
"std_TS_auc_9": 0.019412723542817895,
"avg_TS_f1_all": 0.9565734781489088,
"std_TS_f1_all": 0.0020208892509856946,
"avg_TS_ap_all": 0.9616575481875207,
"std_TS_ap_all": 0.0020033284968195082,
"avg_TS_auc_all": 0.8470039955555556,
"std_TS_auc_all": 0.00595896845946459
}