{
"avg_TS_f1_0": 0.9467531764110351,
"std_TS_f1_0": 0.001136803216845693,
"avg_TS_ap_0": 0.9759687169888556,
"std_TS_ap_0": 0.0008053921470369456,
"avg_TS_auc_0": 0.8489916444444445,
"std_TS_auc_0": 0.0032026520242441387,
"avg_TS_f1_1": 0.9837107481279824,
"std_TS_f1_1": 0.0009266265279753908,
"avg_TS_ap_1": 0.9923836568958657,
"std_TS_ap_1": 0.0002536439588209322,
"avg_TS_auc_1": 0.9606190666666666,
"std_TS_auc_1": 0.0014601834974321067,
"avg_TS_f1_2": 0.95168675784676,
"std_TS_f1_2": 0.000605880635877506,
"avg_TS_ap_2": 0.9861237064151563,
"std_TS_ap_2": 0.0002448338655880828,
"avg_TS_auc_2": 0.9020974222222222,
"std_TS_auc_2": 0.0009079917132650798,
"avg_TS_f1_3": 0.9303643288824688,
"std_TS_f1_3": 0.0018130967031828016,
"avg_TS_ap_3": 0.9674988760227892,
"std_TS_ap_3": 0.001811946253181917,
"avg_TS_auc_3": 0.7879575666666667,
"std_TS_auc_3": 0.008892439144160165,
"avg_TS_f1_4": 0.9403620249031505,
"std_TS_f1_4": 0.0009355765365627381,
"avg_TS_ap_4": 0.9830999786291079,
"std_TS_ap_4": 0.0006276029105974133,
"avg_TS_auc_4": 0.8814106888888888,
"std_TS_auc_4": 0.0032300836192210728,
"avg_TS_f1_5": 0.9383632424023558,
"std_TS_f1_5": 0.0020934921008643895,
"avg_TS_ap_5": 0.9813552704100225,
"std_TS_ap_5": 0.0014780488431815901,
"avg_TS_auc_5": 0.8606526555555556,
"std_TS_auc_5": 0.009761173248989632,
"avg_TS_f1_6": 0.9257402916514463,
"std_TS_f1_6": 0.0010540749820311518,
"avg_TS_ap_6": 0.9672677284419031,
"std_TS_ap_6": 0.0009149812014211481,
"avg_TS_auc_6": 0.7846783111111112,
"std_TS_auc_6": 0.004173447682524036,
"avg_TS_f1_7": 0.9711320443728354,
"std_TS_f1_7": 0.0004917769324139508,
"avg_TS_ap_7": 0.9959860290983578,
"std_TS_ap_7": 0.00019454448907522422,
"avg_TS_auc_7": 0.9684955111111112,
"std_TS_auc_7": 0.0009627804580331239,
"avg_TS_f1_8": 0.9309643498712891,
"std_TS_f1_8": 0.0010578476487713205,
"avg_TS_ap_8": 0.9582863027768929,
"std_TS_ap_8": 0.001288139158621967,
"avg_TS_auc_8": 0.7600876888888889,
"std_TS_auc_8": 0.0052677602996733155,
"avg_TS_f1_9": 0.9752319573309629,
"std_TS_f1_9": 0.0005287128064168288,
"avg_TS_ap_9": 0.9946758511792451,
"std_TS_ap_9": 0.0002509987446271496,
"avg_TS_auc_9": 0.9628503555555555,
"std_TS_auc_9": 0.001246913432994734,
"avg_TS_f1_all": 0.9494308921800286,
"std_TS_f1_all": 0.00043286697476540827,
"avg_TS_ap_all": 0.9802646116858196,
"std_TS_ap_all": 0.0003113145058865837,
"avg_TS_auc_all": 0.8717840911111111,
"std_TS_auc_all": 0.001495439844869977
}