{
"avg_TS_f1_0": 0.9511322542610392,
"std_TS_f1_0": 0.001984525839262183,
"avg_TS_ap_0": 0.9814781881190419,
"std_TS_ap_0": 0.0005016224077332765,
"avg_TS_auc_0": 0.8770857555555557,
"std_TS_auc_0": 0.003815186221948854,
"avg_TS_f1_1": 0.9861333333333334,
"std_TS_f1_1": 0.0010712862927283577,
"avg_TS_ap_1": 0.993703990290723,
"std_TS_ap_1": 0.0004617618369116998,
"avg_TS_auc_1": 0.9669332888888889,
"std_TS_auc_1": 0.000815421039012523,
"avg_TS_f1_2": 0.9523545085838101,
"std_TS_f1_2": 0.0007384683434103216,
"avg_TS_ap_2": 0.9885794880725569,
"std_TS_ap_2": 0.0005964640777370167,
"avg_TS_auc_2": 0.9176937777777778,
"std_TS_auc_2": 0.0029158488010978968,
"avg_TS_f1_3": 0.9353645128433061,
"std_TS_f1_3": 0.002549529479275478,
"avg_TS_ap_3": 0.9701184279259492,
"std_TS_ap_3": 0.0017654572016795565,
"avg_TS_auc_3": 0.8075482222222222,
"std_TS_auc_3": 0.011682316240559662,
"avg_TS_f1_4": 0.9396312807501651,
"std_TS_f1_4": 0.0019753863881103706,
"avg_TS_ap_4": 0.9852412818759921,
"std_TS_ap_4": 0.0006730417394862027,
"avg_TS_auc_4": 0.8913633222222221,
"std_TS_auc_4": 0.0033758227493548456,
"avg_TS_f1_5": 0.9502539474415246,
"std_TS_f1_5": 0.0021547522269431793,
"avg_TS_ap_5": 0.988229382617854,
"std_TS_ap_5": 0.00033012176421521244,
"avg_TS_auc_5": 0.9108668333333334,
"std_TS_auc_5": 0.002872059048019157,
"avg_TS_f1_6": 0.9266547672401554,
"std_TS_f1_6": 0.002135339636209408,
"avg_TS_ap_6": 0.971809415777208,
"std_TS_ap_6": 0.001994776902522637,
"avg_TS_auc_6": 0.8043750666666666,
"std_TS_auc_6": 0.009558644647931673,
"avg_TS_f1_7": 0.9740997252933805,
"std_TS_f1_7": 0.0021389613564267826,
"avg_TS_ap_7": 0.9970113916736567,
"std_TS_ap_7": 0.00043412264444740565,
"avg_TS_auc_7": 0.9765528111111111,
"std_TS_auc_7": 0.003204588232750304,
"avg_TS_f1_8": 0.9446104030470828,
"std_TS_f1_8": 0.004737760122018734,
"avg_TS_ap_8": 0.9732130191769599,
"std_TS_ap_8": 0.003592564509719207,
"avg_TS_auc_8": 0.8426717222222223,
"std_TS_auc_8": 0.019615912043668506,
"avg_TS_f1_9": 0.9773441746763709,
"std_TS_f1_9": 0.00131614344329106,
"avg_TS_ap_9": 0.996471401820985,
"std_TS_ap_9": 0.00038389086690600836,
"avg_TS_auc_9": 0.9731150666666668,
"std_TS_auc_9": 0.0027016027817976995,
"avg_TS_f1_all": 0.9537578907470168,
"std_TS_f1_all": 0.0006438022809249793,
"avg_TS_ap_all": 0.9845855987350924,
"std_TS_ap_all": 0.000745046946216796,
"avg_TS_auc_all": 0.8968205866666666,
"std_TS_auc_all": 0.0034414369332753064
}