{
"avg_TS_f1_0": 0.947775467772901,
"std_TS_f1_0": 0.0008455456829104693,
"avg_TS_ap_0": 0.9754568279361179,
"std_TS_ap_0": 0.0005786663828289647,
"avg_TS_auc_0": 0.8484308444444444,
"std_TS_auc_0": 0.002518792562339946,
"avg_TS_f1_1": 0.9825555555555555,
"std_TS_f1_1": 0.0008225224677031991,
"avg_TS_ap_1": 0.9915872730859249,
"std_TS_ap_1": 0.0005908678858387414,
"avg_TS_auc_1": 0.9567521777777778,
"std_TS_auc_1": 0.0018250867499761227,
"avg_TS_f1_2": 0.9516433666067867,
"std_TS_f1_2": 0.0010755151701856674,
"avg_TS_ap_2": 0.9859015841892755,
"std_TS_ap_2": 0.00037217958574140925,
"avg_TS_auc_2": 0.9006525444444445,
"std_TS_auc_2": 0.0015759164053157544,
"avg_TS_f1_3": 0.9291182843491305,
"std_TS_f1_3": 0.00038875172364097283,
"avg_TS_ap_3": 0.9647470808439739,
"std_TS_ap_3": 0.0013290275734551852,
"avg_TS_auc_3": 0.7750590111111111,
"std_TS_auc_3": 0.004491929372156745,
"avg_TS_f1_4": 0.9412431221487614,
"std_TS_f1_4": 0.0009041768131764731,
"avg_TS_ap_4": 0.9833719763519266,
"std_TS_ap_4": 0.0005971807163833685,
"avg_TS_auc_4": 0.8829471111111111,
"std_TS_auc_4": 0.004193381162654877,
"avg_TS_f1_5": 0.9389097530109698,
"std_TS_f1_5": 0.0020326532357903457,
"avg_TS_ap_5": 0.978555084737088,
"std_TS_ap_5": 0.0012512028055277997,
"avg_TS_auc_5": 0.8475760777777779,
"std_TS_auc_5": 0.008122217292489789,
"avg_TS_f1_6": 0.9249863991519316,
"std_TS_f1_6": 0.0013988967823435777,
"avg_TS_ap_6": 0.9661363387397082,
"std_TS_ap_6": 0.002215421021180666,
"avg_TS_auc_6": 0.7802593333333333,
"std_TS_auc_6": 0.00990042300748614,
"avg_TS_f1_7": 0.9696222222222222,
"std_TS_f1_7": 0.0005987641593470081,
"avg_TS_ap_7": 0.9954691718455788,
"std_TS_ap_7": 0.00016816894649588005,
"avg_TS_auc_7": 0.9645946666666667,
"std_TS_auc_7": 0.0012311057821785907,
"avg_TS_f1_8": 0.9295183065725873,
"std_TS_f1_8": 0.0016562067567208805,
"avg_TS_ap_8": 0.9563990906616194,
"std_TS_ap_8": 0.0006817599638158649,
"avg_TS_auc_8": 0.7504799555555556,
"std_TS_auc_8": 0.005520050278823675,
"avg_TS_f1_9": 0.97529972899729,
"std_TS_f1_9": 0.000261674693407778,
"avg_TS_ap_9": 0.9949774103882543,
"std_TS_ap_9": 0.0004901541611697867,
"avg_TS_auc_9": 0.9638883555555557,
"std_TS_auc_9": 0.0026642363069942676,
"avg_TS_f1_all": 0.9490672206388137,
"std_TS_f1_all": 0.0003670009097921623,
"avg_TS_ap_all": 0.9792601838779467,
"std_TS_ap_all": 0.00031658592406231867,
"avg_TS_auc_all": 0.8670640077777778,
"std_TS_auc_all": 0.0014383019401603243
}