{
"avg_TS_f1_0": 0.947453817804693,
"std_TS_f1_0": 0.0035913417981346374,
"avg_TS_ap_0": 0.9781333312623349,
"std_TS_ap_0": 0.001488525022932549,
"avg_TS_auc_0": 0.8590178333333334,
"std_TS_auc_0": 0.009444818391812604,
"avg_TS_f1_1": 0.9828888888888889,
"std_TS_f1_1": 0.0016644429609843521,
"avg_TS_ap_1": 0.9920546853229858,
"std_TS_ap_1": 0.0008564983510457642,
"avg_TS_auc_1": 0.9583608222222223,
"std_TS_auc_1": 0.0021257702730022943,
"avg_TS_f1_2": 0.9515989381536221,
"std_TS_f1_2": 0.0010711326138969025,
"avg_TS_ap_2": 0.9874597731587922,
"std_TS_ap_2": 0.0006512080431127977,
"avg_TS_auc_2": 0.9115357222222222,
"std_TS_auc_2": 0.002810017895466079,
"avg_TS_f1_3": 0.9329437055145039,
"std_TS_f1_3": 0.003839260591773263,
"avg_TS_ap_3": 0.9672706411184022,
"std_TS_ap_3": 0.003347541324435805,
"avg_TS_auc_3": 0.7927347555555555,
"std_TS_auc_3": 0.02001459784413539,
"avg_TS_f1_4": 0.9384535239612077,
"std_TS_f1_4": 0.0015726996911432079,
"avg_TS_ap_4": 0.9836893477877926,
"std_TS_ap_4": 0.0008771197104261251,
"avg_TS_auc_4": 0.8828311555555557,
"std_TS_auc_4": 0.0037411123872881633,
"avg_TS_f1_5": 0.9441765098061004,
"std_TS_f1_5": 0.002278225021096845,
"avg_TS_ap_5": 0.9844511249109553,
"std_TS_ap_5": 0.0010576469577057363,
"avg_TS_auc_5": 0.8858760111111111,
"std_TS_auc_5": 0.007101987600717175,
"avg_TS_f1_6": 0.9251538715113803,
"std_TS_f1_6": 0.0018452931494108424,
"avg_TS_ap_6": 0.9687678600683294,
"std_TS_ap_6": 0.0023795035235834637,
"avg_TS_auc_6": 0.7893711111111111,
"std_TS_auc_6": 0.011156880374575684,
"avg_TS_f1_7": 0.9721885722046286,
"std_TS_f1_7": 0.002242670846147746,
"avg_TS_ap_7": 0.9961287128285872,
"std_TS_ap_7": 0.0005581966374049264,
"avg_TS_auc_7": 0.9704839777777778,
"std_TS_auc_7": 0.003921694803790047,
"avg_TS_f1_8": 0.9382993178633381,
"std_TS_f1_8": 0.0032794266494384737,
"avg_TS_ap_8": 0.9650282639747534,
"std_TS_ap_8": 0.003744195145634503,
"avg_TS_auc_8": 0.8003000333333332,
"std_TS_auc_8": 0.019727533989062823,
"avg_TS_f1_9": 0.9765333333333335,
"std_TS_f1_9": 0.0009619938143072584,
"avg_TS_ap_9": 0.9955467510761673,
"std_TS_ap_9": 0.00038516518645016366,
"avg_TS_auc_9": 0.9675597444444444,
"std_TS_auc_9": 0.002552447274119703,
"avg_TS_f1_all": 0.9509690479041696,
"std_TS_f1_all": 0.0011921213117716256,
"avg_TS_ap_all": 0.9818530491509101,
"std_TS_ap_all": 0.0010159673365396202,
"avg_TS_auc_all": 0.8818071166666666,
"std_TS_auc_all": 0.005109251570063605
}