{
"avg_TS_f1_0": 0.9448666666666667,
"std_TS_f1_0": 0.004710062776442016,
"avg_TS_ap_0": 0.9796214707597091,
"std_TS_ap_0": 0.002095801357780097,
"avg_TS_auc_0": 0.8592068666666668,
"std_TS_auc_0": 0.015462104110747815,
"avg_TS_f1_1": 0.9850666666666668,
"std_TS_f1_1": 0.003049063810984737,
"avg_TS_ap_1": 0.9912833526002149,
"std_TS_ap_1": 0.0012148392751849505,
"avg_TS_auc_1": 0.9592829333333335,
"std_TS_auc_1": 0.006430099793438705,
"avg_TS_f1_2": 0.9489555555555554,
"std_TS_f1_2": 0.005074068667204473,
"avg_TS_ap_2": 0.9876147826116137,
"std_TS_ap_2": 0.0013035514243490828,
"avg_TS_auc_2": 0.9075818999999999,
"std_TS_auc_2": 0.008631473215198613,
"avg_TS_f1_3": 0.9342666666666666,
"std_TS_f1_3": 0.00890237865286644,
"avg_TS_ap_3": 0.9723898479107831,
"std_TS_ap_3": 0.004810576969859171,
"avg_TS_auc_3": 0.8135491555555557,
"std_TS_auc_3": 0.03487117431235601,
"avg_TS_f1_4": 0.9371437227994148,
"std_TS_f1_4": 0.004881059859366236,
"avg_TS_ap_4": 0.9848173001929513,
"std_TS_ap_4": 0.0018604890895235753,
"avg_TS_auc_4": 0.8855136333333334,
"std_TS_auc_4": 0.012509466496336422,
"avg_TS_f1_5": 0.9486772684902249,
"std_TS_f1_5": 0.011578709295830242,
"avg_TS_ap_5": 0.9864368710628441,
"std_TS_ap_5": 0.004257344348401384,
"avg_TS_auc_5": 0.8981212555555557,
"std_TS_auc_5": 0.03414358782822127,
"avg_TS_f1_6": 0.9225315678031496,
"std_TS_f1_6": 0.0033717654879330348,
"avg_TS_ap_6": 0.9688561773285557,
"std_TS_ap_6": 0.004242744349579209,
"avg_TS_auc_6": 0.7829932888888889,
"std_TS_auc_6": 0.018832350708597272,
"avg_TS_f1_7": 0.9698888888888888,
"std_TS_f1_7": 0.005390893098092528,
"avg_TS_ap_7": 0.9961051086581578,
"std_TS_ap_7": 0.0010635516168675835,
"avg_TS_auc_7": 0.9683141888888889,
"std_TS_auc_7": 0.0087102188622274,
"avg_TS_f1_8": 0.9490876986331814,
"std_TS_f1_8": 0.012006721556087464,
"avg_TS_ap_8": 0.9772585549760345,
"std_TS_ap_8": 0.006560010253278057,
"avg_TS_auc_8": 0.8594673555555555,
"std_TS_auc_8": 0.04563108056567212,
"avg_TS_f1_9": 0.9772997808520227,
"std_TS_f1_9": 0.0036915892033944383,
"avg_TS_ap_9": 0.9968071291120335,
"std_TS_ap_9": 0.0007587552276008235,
"avg_TS_auc_9": 0.9749458777777779,
"std_TS_auc_9": 0.004862830240701045,
"avg_TS_f1_all": 0.9517784483022437,
"std_TS_f1_all": 0.002383763711973149,
"avg_TS_ap_all": 0.9841190595212899,
"std_TS_ap_all": 0.001438700175843945,
"avg_TS_auc_all": 0.8908976455555555,
"std_TS_auc_all": 0.009759702356875179
}