{
"avg_TS_f1_0": 0.9642444444444445,
"std_TS_f1_0": 0.002344839355891637,
"avg_TS_ap_0": 0.9791891525868666,
"std_TS_ap_0": 0.0019536772089065045,
"avg_TS_auc_0": 0.8917342333333333,
"std_TS_auc_0": 0.007429480080042823,
"avg_TS_f1_1": 0.9813111111111112,
"std_TS_f1_1": 0.0004888888888888872,
"avg_TS_ap_1": 0.9696116627484759,
"std_TS_ap_1": 0.00617277707234439,
"avg_TS_auc_1": 0.9103764333333334,
"std_TS_auc_1": 0.009874387845029883,
"avg_TS_f1_2": 0.9562888888888889,
"std_TS_f1_2": 0.0029038926620301732,
"avg_TS_ap_2": 0.9801769914079325,
"std_TS_ap_2": 0.002327989934998702,
"avg_TS_auc_2": 0.888054,
"std_TS_auc_2": 0.006728716157881335,
"avg_TS_f1_3": 0.937296520099942,
"std_TS_f1_3": 0.0028629101997945873,
"avg_TS_ap_3": 0.9360092208219493,
"std_TS_ap_3": 0.006737862174873643,
"avg_TS_auc_3": 0.6960216444444444,
"std_TS_auc_3": 0.01358481786414432,
"avg_TS_f1_4": 0.9430993746566168,
"std_TS_f1_4": 0.0013424553333653906,
"avg_TS_ap_4": 0.9725147016181905,
"std_TS_ap_4": 0.0037401105799451237,
"avg_TS_auc_4": 0.8471600777777779,
"std_TS_auc_4": 0.008902791280877259,
"avg_TS_f1_5": 0.9636666666666667,
"std_TS_f1_5": 0.004015402444353904,
"avg_TS_ap_5": 0.9901983939421678,
"std_TS_ap_5": 0.00566564297567407,
"avg_TS_auc_5": 0.9387079,
"std_TS_auc_5": 0.019264402087673476,
"avg_TS_f1_6": 0.9272547339049702,
"std_TS_f1_6": 0.0007959771354225871,
"avg_TS_ap_6": 0.9574261595402789,
"std_TS_ap_6": 0.003012713185915634,
"avg_TS_auc_6": 0.7545793222222221,
"std_TS_auc_6": 0.009618610441428203,
"avg_TS_f1_7": 0.9614995363939972,
"std_TS_f1_7": 0.004215553318061492,
"avg_TS_ap_7": 0.9846887008808078,
"std_TS_ap_7": 0.006912376723318185,
"avg_TS_auc_7": 0.9162329777777778,
"std_TS_auc_7": 0.029208643286622968,
"avg_TS_f1_8": 0.9770222222222221,
"std_TS_f1_8": 0.0014963329661806333,
"avg_TS_ap_8": 0.9883020399724229,
"std_TS_ap_8": 0.0032827398436117206,
"avg_TS_auc_8": 0.9422586111111111,
"std_TS_auc_8": 0.009415064916805115,
"avg_TS_f1_9": 0.9702,
"std_TS_f1_9": 0.010555766079771966,
"avg_TS_ap_9": 0.9818256308671856,
"std_TS_ap_9": 0.007755592282443149,
"avg_TS_auc_9": 0.9179175888888889,
"std_TS_auc_9": 0.0323905660953126,
"avg_TS_f1_all": 0.9581883498388859,
"std_TS_f1_all": 0.0012215544511653923,
"avg_TS_ap_all": 0.973994265438628,
"std_TS_ap_all": 0.00164593409562749,
"avg_TS_auc_all": 0.8703042788888888,
"std_TS_auc_all": 0.004414918235333992
}