{
"avg_TS_f1_0": 0.9166105018180023,
"std_TS_f1_0": 0.01601495502102413,
"avg_TS_ap_0": 0.9117816276747612,
"std_TS_ap_0": 0.06204867588816974,
"avg_TS_auc_0": 0.6190671111111111,
"std_TS_auc_0": 0.19442355123972674,
"avg_TS_f1_1": 0.9754326882357661,
"std_TS_f1_1": 0.01823865787180804,
"avg_TS_ap_1": 0.9614156020853638,
"std_TS_ap_1": 0.050579534219914395,
"avg_TS_auc_1": 0.8737378555555555,
"std_TS_auc_1": 0.1540469549284058,
"avg_TS_f1_2": 0.9384,
"std_TS_f1_2": 0.004830254447199568,
"avg_TS_ap_2": 0.9758849465883797,
"std_TS_ap_2": 0.022083171878572266,
"avg_TS_auc_2": 0.8644543777777777,
"std_TS_auc_2": 0.0632074752044525,
"avg_TS_f1_3": 0.9208000000000001,
"std_TS_f1_3": 0.0073814582519937215,
"avg_TS_ap_3": 0.9211230038027949,
"std_TS_ap_3": 0.02804866669264542,
"avg_TS_auc_3": 0.6389459888888889,
"std_TS_auc_3": 0.07536820851261974,
"avg_TS_f1_4": 0.9248992771203339,
"std_TS_f1_4": 0.00885023812158904,
"avg_TS_ap_4": 0.9329572892046778,
"std_TS_ap_4": 0.05933768230811606,
"avg_TS_auc_4": 0.7030554333333333,
"std_TS_auc_4": 0.1877651372026307,
"avg_TS_f1_5": 0.9492666666666667,
"std_TS_f1_5": 0.01386114562453952,
"avg_TS_ap_5": 0.9739346562348057,
"std_TS_ap_5": 0.024532765033149672,
"avg_TS_auc_5": 0.8719710444444445,
"std_TS_auc_5": 0.07361917693295461,
"avg_TS_f1_6": 0.9099980258162491,
"std_TS_f1_6": 0.003369465943516531,
"avg_TS_ap_6": 0.9368510799467226,
"std_TS_ap_6": 0.030630477513134247,
"avg_TS_auc_6": 0.6728318666666666,
"std_TS_auc_6": 0.07883661191338062,
"avg_TS_f1_7": 0.9565555555555555,
"std_TS_f1_7": 0.010681471207679887,
"avg_TS_ap_7": 0.9953014155490235,
"std_TS_ap_7": 0.0018047126650181772,
"avg_TS_auc_7": 0.9572271777777777,
"std_TS_auc_7": 0.016384665551366133,
"avg_TS_f1_8": 0.921086987548691,
"std_TS_f1_8": 0.015487911489292459,
"avg_TS_ap_8": 0.8819845098561301,
"std_TS_ap_8": 0.07026777325931358,
"avg_TS_auc_8": 0.5547697555555555,
"std_TS_auc_8": 0.21073637804193968,
"avg_TS_f1_9": 0.952521732688853,
"std_TS_f1_9": 0.004594802055603533,
"avg_TS_ap_9": 0.9939948821391864,
"std_TS_ap_9": 0.0010672399028898113,
"avg_TS_auc_9": 0.9468413888888888,
"std_TS_auc_9": 0.008896679524712075,
"avg_TS_f1_all": 0.9365571435450117,
"std_TS_f1_all": 0.002458133815018974,
"avg_TS_ap_all": 0.9485229013081844,
"std_TS_ap_all": 0.016974122826038388,
"avg_TS_auc_all": 0.7702902000000001,
"std_TS_auc_all": 0.04879559958647447
}