{
"avg_TS_f1_0": 0.9576435295788037,
"std_TS_f1_0": 0.0017829302989701519,
"avg_TS_ap_0": 0.9707024290701287,
"std_TS_ap_0": 0.0016081656086931774,
"avg_TS_auc_0": 0.8727767777777778,
"std_TS_auc_0": 0.010332767599925678,
"avg_TS_f1_1": 0.9905111111111111,
"std_TS_f1_1": 0.00018053418676970367,
"avg_TS_ap_1": 0.9847094806789471,
"std_TS_ap_1": 0.0020844886372595587,
"avg_TS_auc_1": 0.9506701555555555,
"std_TS_auc_1": 0.003621025743325659,
"avg_TS_f1_2": 0.9548328413306912,
"std_TS_f1_2": 0.0010548490621014206,
"avg_TS_ap_2": 0.9840374334460581,
"std_TS_ap_2": 0.0015661617383172148,
"avg_TS_auc_2": 0.9144450444444445,
"std_TS_auc_2": 0.004531211153655576,
"avg_TS_f1_3": 0.9257847658203234,
"std_TS_f1_3": 0.0012184454835822258,
"avg_TS_ap_3": 0.9450933265408699,
"std_TS_ap_3": 0.0025488900566269256,
"avg_TS_auc_3": 0.7074758,
"std_TS_auc_3": 0.003113246491889012,
"avg_TS_f1_4": 0.9410862788673444,
"std_TS_f1_4": 0.0007087070125694701,
"avg_TS_ap_4": 0.9801846168176956,
"std_TS_ap_4": 0.0022993951663240818,
"avg_TS_auc_4": 0.8819210444444444,
"std_TS_auc_4": 0.0061858076610102645,
"avg_TS_f1_5": 0.970721900599416,
"std_TS_f1_5": 0.0036277099974669027,
"avg_TS_ap_5": 0.989362867608601,
"std_TS_ap_5": 0.0014019462432510363,
"avg_TS_auc_5": 0.9490315888888888,
"std_TS_auc_5": 0.005992340330809607,
"avg_TS_f1_6": 0.9243060403628627,
"std_TS_f1_6": 0.0012175773308085518,
"avg_TS_ap_6": 0.9567297758571485,
"std_TS_ap_6": 0.0015402114269324485,
"avg_TS_auc_6": 0.7683588,
"std_TS_auc_6": 0.00298520762427007,
"avg_TS_f1_7": 0.9750330524535313,
"std_TS_f1_7": 0.003868157729595697,
"avg_TS_ap_7": 0.9901421578842917,
"std_TS_ap_7": 0.003083197288459639,
"avg_TS_auc_7": 0.9517623555555556,
"std_TS_auc_7": 0.016654699803996312,
"avg_TS_f1_8": 0.9911999999999999,
"std_TS_f1_8": 0.0009568466729604895,
"avg_TS_ap_8": 0.9916254209682597,
"std_TS_ap_8": 0.0015674543514833802,
"avg_TS_auc_8": 0.9739336,
"std_TS_auc_8": 0.003993680024739152,
"avg_TS_f1_9": 0.9846,
"std_TS_f1_9": 0.0006725664866854132,
"avg_TS_ap_9": 0.9908962543388622,
"std_TS_ap_9": 0.002875871240414396,
"avg_TS_auc_9": 0.9683805666666666,
"std_TS_auc_9": 0.006587552413397462,
"avg_TS_f1_all": 0.9615719520124084,
"std_TS_f1_all": 0.0009334848234027483,
"avg_TS_ap_all": 0.9783483763210862,
"std_TS_ap_all": 0.0009647999958183278,
"avg_TS_auc_all": 0.8938755733333332,
"std_TS_auc_all": 0.0040048958268466975
}