{
"avg_TS_f1_0": 0.9209314727361397,
"std_TS_f1_0": 0.013361665327483663,
"avg_TS_ap_0": 0.9449701137978284,
"std_TS_ap_0": 0.02046510031689121,
"avg_TS_auc_0": 0.6888793333333334,
"std_TS_auc_0": 0.09876823090433909,
"avg_TS_f1_1": 0.9732444444444445,
"std_TS_f1_1": 0.015890271890082353,
"avg_TS_ap_1": 0.9874686041112882,
"std_TS_ap_1": 0.010031047893305438,
"avg_TS_auc_1": 0.932994588888889,
"std_TS_auc_1": 0.06129091081087523,
"avg_TS_f1_2": 0.9384206085523269,
"std_TS_f1_2": 0.012472280487986136,
"avg_TS_ap_2": 0.9811090246415336,
"std_TS_ap_2": 0.006557989195356204,
"avg_TS_auc_2": 0.8602479666666666,
"std_TS_auc_2": 0.04499313237297002,
"avg_TS_f1_3": 0.9217213956330909,
"std_TS_f1_3": 0.0035197493426116677,
"avg_TS_ap_3": 0.9552113489595596,
"std_TS_ap_3": 0.00853889867799046,
"avg_TS_auc_3": 0.7233017666666667,
"std_TS_auc_3": 0.036009452645865234,
"avg_TS_f1_4": 0.9280103845275356,
"std_TS_f1_4": 0.004120205118782582,
"avg_TS_ap_4": 0.9456037776881555,
"std_TS_ap_4": 0.028392211966821658,
"avg_TS_auc_4": 0.7389771888888887,
"std_TS_auc_4": 0.07634743774141833,
"avg_TS_f1_5": 0.9391777777777778,
"std_TS_f1_5": 0.012460426245607427,
"avg_TS_ap_5": 0.9676083269650386,
"std_TS_ap_5": 0.010912569833456244,
"avg_TS_auc_5": 0.8244817,
"std_TS_auc_5": 0.03960051677536606,
"avg_TS_f1_6": 0.9134869171744109,
"std_TS_f1_6": 0.00623100683626146,
"avg_TS_ap_6": 0.9512283801622656,
"std_TS_ap_6": 0.011958968536906376,
"avg_TS_auc_6": 0.701172388888889,
"std_TS_auc_6": 0.04508664051380392,
"avg_TS_f1_7": 0.9415216104598404,
"std_TS_f1_7": 0.002493500093931964,
"avg_TS_ap_7": 0.9870679475855771,
"std_TS_ap_7": 0.00883885529643811,
"avg_TS_auc_7": 0.9068959555555555,
"std_TS_auc_7": 0.0369329704235814,
"avg_TS_f1_8": 0.9218102919297986,
"std_TS_f1_8": 0.00899242991496835,
"avg_TS_ap_8": 0.9329751593758925,
"std_TS_ap_8": 0.024308823527219192,
"avg_TS_auc_8": 0.6760203666666668,
"std_TS_auc_8": 0.08178224902118864,
"avg_TS_f1_9": 0.9380444444444442,
"std_TS_f1_9": 0.007514463420220192,
"avg_TS_ap_9": 0.9709785950670151,
"std_TS_ap_9": 0.008415996308912054,
"avg_TS_auc_9": 0.826157488888889,
"std_TS_auc_9": 0.033863486167173024,
"avg_TS_f1_all": 0.9336369347679809,
"std_TS_f1_all": 0.003465448302358175,
"avg_TS_ap_all": 0.9624221278354155,
"std_TS_ap_all": 0.0073087645896945585,
"avg_TS_auc_all": 0.7879128744444445,
"std_TS_auc_all": 0.025665041603971456
}