{
"avg_TS_f1_0": 0.9477661499712948,
"std_TS_f1_0": 0.006074394934901938,
"avg_TS_ap_0": 0.9798033012249675,
"std_TS_ap_0": 0.0028365733098977327,
"avg_TS_auc_0": 0.8649764222222223,
"std_TS_auc_0": 0.01910254518704153,
"avg_TS_f1_1": 0.9869887462883741,
"std_TS_f1_1": 0.0014317213144129013,
"avg_TS_ap_1": 0.9904129651869711,
"std_TS_ap_1": 0.0015911238771225186,
"avg_TS_auc_1": 0.9599635,
"std_TS_auc_1": 0.002272389425252637,
"avg_TS_f1_2": 0.9486666666666667,
"std_TS_f1_2": 0.004023388412891249,
"avg_TS_ap_2": 0.9870370706842506,
"std_TS_ap_2": 0.0015930841539058356,
"avg_TS_auc_2": 0.9035556,
"std_TS_auc_2": 0.007929310228076978,
"avg_TS_f1_3": 0.9369866659258849,
"std_TS_f1_3": 0.0049741351494233515,
"avg_TS_ap_3": 0.9714003079654183,
"std_TS_ap_3": 0.0034592881779700563,
"avg_TS_auc_3": 0.8140040222222222,
"std_TS_auc_3": 0.01980562733683735,
"avg_TS_f1_4": 0.9349762789290763,
"std_TS_f1_4": 0.004081951692159292,
"avg_TS_ap_4": 0.9839853803185363,
"std_TS_ap_4": 0.0024937873121364694,
"avg_TS_auc_4": 0.8797700222222222,
"std_TS_auc_4": 0.017017799798040096,
"avg_TS_f1_5": 0.9524878320400516,
"std_TS_f1_5": 0.004719397370271252,
"avg_TS_ap_5": 0.9896828057089259,
"std_TS_ap_5": 0.0021122482012671156,
"avg_TS_auc_5": 0.920714711111111,
"std_TS_auc_5": 0.01549017272163788,
"avg_TS_f1_6": 0.9218871875598026,
"std_TS_f1_6": 0.0028355878372422314,
"avg_TS_ap_6": 0.9666596540563402,
"std_TS_ap_6": 0.004004296665914837,
"avg_TS_auc_6": 0.7713493777777778,
"std_TS_auc_6": 0.023870296344610086,
"avg_TS_f1_7": 0.9718552018322004,
"std_TS_f1_7": 0.0022381965447734534,
"avg_TS_ap_7": 0.9963250240764786,
"std_TS_ap_7": 0.0002583405541208542,
"avg_TS_auc_7": 0.9714971888888888,
"std_TS_auc_7": 0.0025624213706936356,
"avg_TS_f1_8": 0.9427111111111112,
"std_TS_f1_8": 0.011857299673853074,
"avg_TS_ap_8": 0.9725213862943564,
"std_TS_ap_8": 0.0037852516005327914,
"avg_TS_auc_8": 0.832924411111111,
"std_TS_auc_8": 0.029087825883484353,
"avg_TS_f1_9": 0.9782222222222222,
"std_TS_f1_9": 0.0031119046606996183,
"avg_TS_ap_9": 0.9964141075506033,
"std_TS_ap_9": 0.0008484600994747079,
"avg_TS_auc_9": 0.9735617444444445,
"std_TS_auc_9": 0.005528526760604159,
"avg_TS_f1_all": 0.9522548062546683,
"std_TS_f1_all": 0.0012901443985479078,
"avg_TS_ap_all": 0.9834242003066848,
"std_TS_ap_all": 0.0007614819030737089,
"avg_TS_auc_all": 0.8892317000000001,
"std_TS_auc_all": 0.005574724880507179
}