{
"avg_TS_f1_0": 0.9520084449136063,
"std_TS_f1_0": 0.0004999043004256597,
"avg_TS_ap_0": 0.9850666233343353,
"std_TS_ap_0": 0.0006734109941675836,
"avg_TS_auc_0": 0.8904448555555555,
"std_TS_auc_0": 0.0032811645329209674,
"avg_TS_f1_1": 0.9871220820909805,
"std_TS_f1_1": 0.0006959667997319585,
"avg_TS_ap_1": 0.9954603682880115,
"std_TS_ap_1": 0.00041934880935998783,
"avg_TS_auc_1": 0.9742964333333333,
"std_TS_auc_1": 0.0019095510161318391,
"avg_TS_f1_2": 0.9537323061157718,
"std_TS_f1_2": 0.000891244637132549,
"avg_TS_ap_2": 0.9902607276974157,
"std_TS_ap_2": 0.00039278998478253503,
"avg_TS_auc_2": 0.9224252555555555,
"std_TS_auc_2": 0.0026096291848119214,
"avg_TS_f1_3": 0.9375423646992733,
"std_TS_f1_3": 0.0016060542015696822,
"avg_TS_ap_3": 0.9787526787320868,
"std_TS_ap_3": 0.0007689582144721853,
"avg_TS_auc_3": 0.8407241222222221,
"std_TS_auc_3": 0.005579179468897986,
"avg_TS_f1_4": 0.9434981103888488,
"std_TS_f1_4": 0.0011819646441616767,
"avg_TS_ap_4": 0.9887261351151573,
"std_TS_ap_4": 0.00036244893126003943,
"avg_TS_auc_4": 0.9077435333333334,
"std_TS_auc_4": 0.003116988165355005,
"avg_TS_f1_5": 0.9543525132467992,
"std_TS_f1_5": 0.0020589653325671464,
"avg_TS_ap_5": 0.9919412465791615,
"std_TS_ap_5": 0.0009319766695076072,
"avg_TS_auc_5": 0.9321868555555556,
"std_TS_auc_5": 0.006952183344376564,
"avg_TS_f1_6": 0.9265642201433586,
"std_TS_f1_6": 0.001372682747256811,
"avg_TS_ap_6": 0.9775498512528407,
"std_TS_ap_6": 0.0005558482897437052,
"avg_TS_auc_6": 0.8270836111111113,
"std_TS_auc_6": 0.0036790824510306193,
"avg_TS_f1_7": 0.9733327308307252,
"std_TS_f1_7": 0.0008355080422605314,
"avg_TS_ap_7": 0.9976748271203053,
"std_TS_ap_7": 7.877623281120095e-05,
"avg_TS_auc_7": 0.9797054000000001,
"std_TS_auc_7": 0.0005660122914513821,
"avg_TS_f1_8": 0.9436419282552734,
"std_TS_f1_8": 0.0022914473055108396,
"avg_TS_ap_8": 0.9737028275706674,
"std_TS_ap_8": 0.001806095012009634,
"avg_TS_auc_8": 0.8365145444444444,
"std_TS_auc_8": 0.008382981861964477,
"avg_TS_f1_9": 0.9783886475174546,
"std_TS_f1_9": 0.00045547917465523646,
"avg_TS_ap_9": 0.9977399814470725,
"std_TS_ap_9": 0.00014366028572786304,
"avg_TS_auc_9": 0.9814455444444444,
"std_TS_auc_9": 0.0011371301946154666,
"avg_TS_f1_all": 0.9550183348202091,
"std_TS_f1_all": 0.00018440578972548564,
"avg_TS_ap_all": 0.9876875267137054,
"std_TS_ap_all": 0.00030604565644943405,
"avg_TS_auc_all": 0.9092570155555558,
"std_TS_auc_all": 0.00126165361749399
}