{
"avg_TS_f1_0": 0.9451531355335779,
"std_TS_f1_0": 0.0011784343903475587,
"avg_TS_ap_0": 0.9729530382600687,
"std_TS_ap_0": 0.0011300639763062819,
"avg_TS_auc_0": 0.8377577111111112,
"std_TS_auc_0": 0.004904598269173028,
"avg_TS_f1_1": 0.9797664549265083,
"std_TS_f1_1": 0.0008240191663235872,
"avg_TS_ap_1": 0.9883581062462593,
"std_TS_ap_1": 0.001315135745725118,
"avg_TS_auc_1": 0.9423724333333332,
"std_TS_auc_1": 0.0034665756110548386,
"avg_TS_f1_2": 0.9513333333333331,
"std_TS_f1_2": 0.002203252365856951,
"avg_TS_ap_2": 0.9860468025506218,
"std_TS_ap_2": 0.0008523654753849143,
"avg_TS_auc_2": 0.9025178333333332,
"std_TS_auc_2": 0.0045155705459615555,
"avg_TS_f1_3": 0.9237418992413158,
"std_TS_f1_3": 0.002918081244605277,
"avg_TS_ap_3": 0.96022742869898,
"std_TS_ap_3": 0.0007550546338873695,
"avg_TS_auc_3": 0.7502259333333333,
"std_TS_auc_3": 0.0086671004198722,
"avg_TS_f1_4": 0.9371867806687391,
"std_TS_f1_4": 0.0009074984305021557,
"avg_TS_ap_4": 0.9824880650267669,
"std_TS_ap_4": 0.0009370944950281948,
"avg_TS_auc_4": 0.8732910333333332,
"std_TS_auc_4": 0.005802127195974867,
"avg_TS_f1_5": 0.939930633183325,
"std_TS_f1_5": 0.0034616595896300806,
"avg_TS_ap_5": 0.9796420565580997,
"std_TS_ap_5": 0.002034848972273421,
"avg_TS_auc_5": 0.8546064888888889,
"std_TS_auc_5": 0.014971979932956118,
"avg_TS_f1_6": 0.9228734929718317,
"std_TS_f1_6": 0.0008624304866684692,
"avg_TS_ap_6": 0.9659409143352905,
"std_TS_ap_6": 0.0021057987550602256,
"avg_TS_auc_6": 0.7744684222222222,
"std_TS_auc_6": 0.009253040515739991,
"avg_TS_f1_7": 0.9681555555555554,
"std_TS_f1_7": 0.0006308919807368075,
"avg_TS_ap_7": 0.9945581629089627,
"std_TS_ap_7": 0.0003606569405503828,
"avg_TS_auc_7": 0.9589786222222221,
"std_TS_auc_7": 0.0026900885378059584,
"avg_TS_f1_8": 0.9306310424653222,
"std_TS_f1_8": 0.002882661498285506,
"avg_TS_ap_8": 0.9527943606331251,
"std_TS_ap_8": 0.003404054879400245,
"avg_TS_auc_8": 0.7412112555555556,
"std_TS_auc_8": 0.016100443887662033,
"avg_TS_f1_9": 0.97213269749554,
"std_TS_f1_9": 0.0014148337134986778,
"avg_TS_ap_9": 0.9936338690591351,
"std_TS_ap_9": 0.000623306788079678,
"avg_TS_auc_9": 0.9542170222222222,
"std_TS_auc_9": 0.0037705492614259037,
"avg_TS_f1_all": 0.9470905025375048,
"std_TS_f1_all": 0.001001607484694144,
"avg_TS_ap_all": 0.977664280427731,
"std_TS_ap_all": 0.0006616112355124283,
"avg_TS_auc_all": 0.8589646755555554,
"std_TS_auc_all": 0.00410920030912057
}