{
"avg_TS_f1_0": 0.9441388689636776,
"std_TS_f1_0": 0.0007163817221000211,
"avg_TS_ap_0": 0.9817891354490929,
"std_TS_ap_0": 0.0010273349423896105,
"avg_TS_auc_0": 0.8668723555555555,
"std_TS_auc_0": 0.006270518253396034,
"avg_TS_f1_1": 0.982399601212413,
"std_TS_f1_1": 0.0005854510009972427,
"avg_TS_ap_1": 0.9939192035896642,
"std_TS_ap_1": 0.000501958702688857,
"avg_TS_auc_1": 0.964329188888889,
"std_TS_auc_1": 0.0019567210364078314,
"avg_TS_f1_2": 0.9508539215141582,
"std_TS_f1_2": 0.0012997658496573749,
"avg_TS_ap_2": 0.989563091391658,
"std_TS_ap_2": 0.0009422256301995199,
"avg_TS_auc_2": 0.916855811111111,
"std_TS_auc_2": 0.005378401214161468,
"avg_TS_f1_3": 0.9201827050176096,
"std_TS_f1_3": 0.0012490282537798384,
"avg_TS_ap_3": 0.9693706871080764,
"std_TS_ap_3": 0.0017093363856311272,
"avg_TS_auc_3": 0.7702097888888889,
"std_TS_auc_3": 0.005992685575694377,
"avg_TS_f1_4": 0.9373069330239797,
"std_TS_f1_4": 0.0003573961235081771,
"avg_TS_ap_4": 0.9872248181037954,
"std_TS_ap_4": 0.00020026568711020758,
"avg_TS_auc_4": 0.8944104333333334,
"std_TS_auc_4": 0.0010928785331170859,
"avg_TS_f1_5": 0.9403633535196401,
"std_TS_f1_5": 0.004223860156699134,
"avg_TS_ap_5": 0.98943560894039,
"std_TS_ap_5": 0.002698834097026726,
"avg_TS_auc_5": 0.9089841,
"std_TS_auc_5": 0.020360271204577538,
"avg_TS_f1_6": 0.9235624373264804,
"std_TS_f1_6": 0.0011262325927558362,
"avg_TS_ap_6": 0.9761209176920671,
"std_TS_ap_6": 0.0017787804707383374,
"avg_TS_auc_6": 0.8154820333333334,
"std_TS_auc_6": 0.010522712909807188,
"avg_TS_f1_7": 0.9711422127691517,
"std_TS_f1_7": 0.0008875568102446627,
"avg_TS_ap_7": 0.9977191273846966,
"std_TS_ap_7": 0.00010825609784238766,
"avg_TS_auc_7": 0.9792908444444446,
"std_TS_auc_7": 0.0009832634710900759,
"avg_TS_f1_8": 0.9229144935345506,
"std_TS_f1_8": 0.0014971311655541345,
"avg_TS_ap_8": 0.9525936820143202,
"std_TS_ap_8": 0.0017741200711023017,
"avg_TS_auc_8": 0.7271272555555556,
"std_TS_auc_8": 0.00999569643196511,
"avg_TS_f1_9": 0.9765436548944078,
"std_TS_f1_9": 0.0008386784798925247,
"avg_TS_ap_9": 0.9981398038465666,
"std_TS_ap_9": 0.00010334833779217516,
"avg_TS_auc_9": 0.9835771777777778,
"std_TS_auc_9": 0.0006934629440819512,
"avg_TS_f1_all": 0.9469408181776068,
"std_TS_f1_all": 0.0005937880991005009,
"avg_TS_ap_all": 0.9835876075520327,
"std_TS_ap_all": 0.0006782544471411418,
"avg_TS_auc_all": 0.8827138988888888,
"std_TS_auc_all": 0.0038055067171098565
}