{
"avg_TS_f1_0": 0.9454993721873437,
"std_TS_f1_0": 0.001529962232265342,
"avg_TS_ap_0": 0.9842810661641985,
"std_TS_ap_0": 0.0015839562790628465,
"avg_TS_auc_0": 0.8779135666666665,
"std_TS_auc_0": 0.008972381755403096,
"avg_TS_f1_1": 0.9834776080152603,
"std_TS_f1_1": 0.0019255455703206554,
"avg_TS_ap_1": 0.9920294576667903,
"std_TS_ap_1": 0.002268245846291678,
"avg_TS_auc_1": 0.9553782888888888,
"std_TS_auc_1": 0.005654146894902554,
"avg_TS_f1_2": 0.950475043616134,
"std_TS_f1_2": 0.0013839627655352462,
"avg_TS_ap_2": 0.988695043795326,
"std_TS_ap_2": 0.0026068617789954335,
"avg_TS_auc_2": 0.9135752444444446,
"std_TS_auc_2": 0.010051772607485323,
"avg_TS_f1_3": 0.9252189257427881,
"std_TS_f1_3": 0.0016992607231129209,
"avg_TS_ap_3": 0.9745722338273879,
"std_TS_ap_3": 0.0023882532614999162,
"avg_TS_auc_3": 0.8067905333333332,
"std_TS_auc_3": 0.013526558674367714,
"avg_TS_f1_4": 0.9386979523553778,
"std_TS_f1_4": 0.001251687760716238,
"avg_TS_ap_4": 0.9882228957743886,
"std_TS_ap_4": 0.00034587983347537325,
"avg_TS_auc_4": 0.8996827111111111,
"std_TS_auc_4": 0.0028540060342794383,
"avg_TS_f1_5": 0.940452265721605,
"std_TS_f1_5": 0.0011529781927423937,
"avg_TS_ap_5": 0.9897218053288347,
"std_TS_ap_5": 0.0005150944839726606,
"avg_TS_auc_5": 0.9103720111111112,
"std_TS_auc_5": 0.004464601756174277,
"avg_TS_f1_6": 0.9239077072183022,
"std_TS_f1_6": 0.0014230999100282072,
"avg_TS_ap_6": 0.9779492375836705,
"std_TS_ap_6": 0.002857658179522893,
"avg_TS_auc_6": 0.8244568666666667,
"std_TS_auc_6": 0.015139470267882519,
"avg_TS_f1_7": 0.970199324653839,
"std_TS_f1_7": 0.0007347259054116653,
"avg_TS_ap_7": 0.9971516611058086,
"std_TS_ap_7": 8.260464643828861e-05,
"avg_TS_auc_7": 0.9746955555555555,
"std_TS_auc_7": 0.0007039159812377699,
"avg_TS_f1_8": 0.9306842390744423,
"std_TS_f1_8": 0.0052215782666936855,
"avg_TS_ap_8": 0.9737798874778882,
"std_TS_ap_8": 0.008644121880234263,
"avg_TS_auc_8": 0.8178873,
"std_TS_auc_8": 0.040637777844318684,
"avg_TS_f1_9": 0.9746888888888888,
"std_TS_f1_9": 0.0012754084313139284,
"avg_TS_ap_9": 0.9974958036044264,
"std_TS_ap_9": 0.00016531231394552624,
"avg_TS_auc_9": 0.9782681222222223,
"std_TS_auc_9": 0.0014214363876717945,
"avg_TS_f1_all": 0.9483301327473981,
"std_TS_f1_all": 0.0007533940939667439,
"avg_TS_ap_all": 0.9863899092328721,
"std_TS_ap_all": 0.0010809941482870916,
"avg_TS_auc_all": 0.89590202,
"std_TS_auc_all": 0.005529085480330033
}