{
"avg_TS_f1_0": 0.9346535078325939,
"std_TS_f1_0": 0.008742958201730435,
"avg_TS_ap_0": 0.9718652443359872,
"std_TS_ap_0": 0.007532582942838297,
"avg_TS_auc_0": 0.8005851333333333,
"std_TS_auc_0": 0.05070327474300787,
"avg_TS_f1_1": 0.9512877851238649,
"std_TS_f1_1": 0.028763549600752062,
"avg_TS_ap_1": 0.9874450500190035,
"std_TS_ap_1": 0.006518697564057813,
"avg_TS_auc_1": 0.9027360111111111,
"std_TS_auc_1": 0.0567313206132878,
"avg_TS_f1_2": 0.9361865054231409,
"std_TS_f1_2": 0.0200435456285619,
"avg_TS_ap_2": 0.9776734557320166,
"std_TS_ap_2": 0.016049907428494933,
"avg_TS_auc_2": 0.8315643777777779,
"std_TS_auc_2": 0.11474288546837189,
"avg_TS_f1_3": 0.9101272921404968,
"std_TS_f1_3": 0.00443762825693763,
"avg_TS_ap_3": 0.962043253509048,
"std_TS_ap_3": 0.0038222900149753993,
"avg_TS_auc_3": 0.7179327222222222,
"std_TS_auc_3": 0.02844662410207821,
"avg_TS_f1_4": 0.9237759110074016,
"std_TS_f1_4": 0.006817627631072677,
"avg_TS_ap_4": 0.976516103597082,
"std_TS_ap_4": 0.004053450279978192,
"avg_TS_auc_4": 0.8174500666666666,
"std_TS_auc_4": 0.029618209031544992,
"avg_TS_f1_5": 0.9330296200754539,
"std_TS_f1_5": 0.005973903185888686,
"avg_TS_ap_5": 0.9829074715062293,
"std_TS_ap_5": 0.003827928963637108,
"avg_TS_auc_5": 0.8651354777777776,
"std_TS_auc_5": 0.026078908604786157,
"avg_TS_f1_6": 0.9175195609632633,
"std_TS_f1_6": 0.007857211234329756,
"avg_TS_ap_6": 0.9676277241943619,
"std_TS_ap_6": 0.004541840464435336,
"avg_TS_auc_6": 0.7598105222222223,
"std_TS_auc_6": 0.03290917451922094,
"avg_TS_f1_7": 0.9585099604299003,
"std_TS_f1_7": 0.011782384351082715,
"avg_TS_ap_7": 0.9926007914084198,
"std_TS_ap_7": 0.0032529413048999487,
"avg_TS_auc_7": 0.9399260333333335,
"std_TS_auc_7": 0.027731502802315216,
"avg_TS_f1_8": 0.9052968559981727,
"std_TS_f1_8": 0.01071727719811004,
"avg_TS_ap_8": 0.9494397786742553,
"std_TS_ap_8": 0.009797108044088204,
"avg_TS_auc_8": 0.6489552111111111,
"std_TS_auc_8": 0.06342822432380449,
"avg_TS_f1_9": 0.9459428980622381,
"std_TS_f1_9": 0.013683391630879657,
"avg_TS_ap_9": 0.9789249529131606,
"std_TS_ap_9": 0.004066680755069509,
"avg_TS_auc_9": 0.8566517777777778,
"std_TS_auc_9": 0.031107009713841567,
"avg_TS_f1_all": 0.9316329897056527,
"std_TS_f1_all": 0.006525863080718387,
"avg_TS_ap_all": 0.9747043825889564,
"std_TS_ap_all": 0.002657093269024799,
"avg_TS_auc_all": 0.8140747333333334,
"std_TS_auc_all": 0.020994637415994787
}