{
"avg_TS_f1_0": 0.9557662376304856,
"std_TS_f1_0": 0.0035643109102960137,
"avg_TS_ap_0": 0.9874425037926621,
"std_TS_ap_0": 0.0012317408600609342,
"avg_TS_auc_0": 0.9069693444444444,
"std_TS_auc_0": 0.008274894590906703,
"avg_TS_f1_1": 0.9903333333333334,
"std_TS_f1_1": 0.0009609665915750985,
"avg_TS_ap_1": 0.9957389745177834,
"std_TS_ap_1": 0.0007078383692780702,
"avg_TS_auc_1": 0.9767904777777778,
"std_TS_auc_1": 0.0022013572100349323,
"avg_TS_f1_2": 0.9531872016941886,
"std_TS_f1_2": 0.0031352511314501706,
"avg_TS_ap_2": 0.9912703358401875,
"std_TS_ap_2": 0.0007879342054312387,
"avg_TS_auc_2": 0.9286893111111111,
"std_TS_auc_2": 0.005773303477127531,
"avg_TS_f1_3": 0.9437543345000649,
"std_TS_f1_3": 0.005558456729936201,
"avg_TS_ap_3": 0.9817843228252501,
"std_TS_ap_3": 0.004187526332996444,
"avg_TS_auc_3": 0.8648574444444446,
"std_TS_auc_3": 0.027537350527516442,
"avg_TS_f1_4": 0.9366444444444444,
"std_TS_f1_4": 0.001895283294241777,
"avg_TS_ap_4": 0.987887694341075,
"std_TS_ap_4": 0.0014669702887009442,
"avg_TS_auc_4": 0.8989557333333333,
"std_TS_auc_4": 0.009829708696586788,
"avg_TS_f1_5": 0.9610000000000001,
"std_TS_f1_5": 0.005728852684998937,
"avg_TS_ap_5": 0.995337361776009,
"std_TS_ap_5": 0.0010012474988965432,
"avg_TS_auc_5": 0.9594326666666667,
"std_TS_auc_5": 0.008884551852777447,
"avg_TS_f1_6": 0.9264769339037354,
"std_TS_f1_6": 0.0015495573517773054,
"avg_TS_ap_6": 0.978160177365828,
"std_TS_ap_6": 0.0008308379740101292,
"avg_TS_auc_6": 0.8272495111111112,
"std_TS_auc_6": 0.005936134918831325,
"avg_TS_f1_7": 0.9721663845522281,
"std_TS_f1_7": 0.002382260334658511,
"avg_TS_ap_7": 0.9975577473164512,
"std_TS_ap_7": 0.00031852261906048463,
"avg_TS_auc_7": 0.9782336111111112,
"std_TS_auc_7": 0.0031424588010106986,
"avg_TS_f1_8": 0.9718444444444444,
"std_TS_f1_8": 0.004988183568057825,
"avg_TS_ap_8": 0.992482216400718,
"std_TS_ap_8": 0.0014089444593831952,
"avg_TS_auc_8": 0.9487685555555556,
"std_TS_auc_8": 0.011063745628943954,
"avg_TS_f1_9": 0.9774108956670432,
"std_TS_f1_9": 0.003809423547386543,
"avg_TS_ap_9": 0.9980573812138331,
"std_TS_ap_9": 0.0004709047627105603,
"avg_TS_auc_9": 0.9832330777777777,
"std_TS_auc_9": 0.004303080442062939,
"avg_TS_f1_all": 0.9588584210169968,
"std_TS_f1_all": 0.0008251811886644549,
"avg_TS_ap_all": 0.9905718715389797,
"std_TS_ap_all": 0.0005326877993567654,
"avg_TS_auc_all": 0.9273179733333332,
"std_TS_auc_all": 0.003303199845562042
}