{
"avg_TS_f1_0": 0.9617991505700936,
"std_TS_f1_0": 0.0004312441104055723,
"avg_TS_ap_0": 0.9897175052015381,
"std_TS_ap_0": 0.0003891242106388445,
"avg_TS_auc_0": 0.9247386333333335,
"std_TS_auc_0": 0.0023136991392385064,
"avg_TS_f1_1": 0.9897777777777778,
"std_TS_f1_1": 0.00017213259316478378,
"avg_TS_ap_1": 0.9855643344299567,
"std_TS_ap_1": 0.002354389428771739,
"avg_TS_auc_1": 0.9499315555555554,
"std_TS_auc_1": 0.0021381155958540865,
"avg_TS_f1_2": 0.9550202184071954,
"std_TS_f1_2": 0.0011664348257568228,
"avg_TS_ap_2": 0.9828298142007492,
"std_TS_ap_2": 0.005275623451511953,
"avg_TS_auc_2": 0.9114703444444444,
"std_TS_auc_2": 0.011492472549799768,
"avg_TS_f1_3": 0.9501977862967695,
"std_TS_f1_3": 0.000835688342172223,
"avg_TS_ap_3": 0.9825624003210682,
"std_TS_ap_3": 0.0036282250735011606,
"avg_TS_auc_3": 0.8868041999999999,
"std_TS_auc_3": 0.009267582144933298,
"avg_TS_f1_4": 0.9456525411231962,
"std_TS_f1_4": 0.0005454504434009322,
"avg_TS_ap_4": 0.9809694053698337,
"std_TS_ap_4": 0.0026882364383238426,
"avg_TS_auc_4": 0.8929039555555557,
"std_TS_auc_4": 0.006604158254921603,
"avg_TS_f1_5": 0.9686989807699838,
"std_TS_f1_5": 0.001102412999064684,
"avg_TS_ap_5": 0.9969010349367938,
"std_TS_ap_5": 0.00018621341529710526,
"avg_TS_auc_5": 0.9725142888888889,
"std_TS_auc_5": 0.001696746759151538,
"avg_TS_f1_6": 0.9285849213845212,
"std_TS_f1_6": 0.0009543157088097311,
"avg_TS_ap_6": 0.9799023250076038,
"std_TS_ap_6": 0.0005668701332700327,
"avg_TS_auc_6": 0.8420535222222222,
"std_TS_auc_6": 0.002717069006471158,
"avg_TS_f1_7": 0.9784884135538394,
"std_TS_f1_7": 0.0003995490298987981,
"avg_TS_ap_7": 0.9983885658543675,
"std_TS_ap_7": 8.434552510972439e-05,
"avg_TS_auc_7": 0.9856739777777778,
"std_TS_auc_7": 0.0006768518717536073,
"avg_TS_f1_8": 0.9821664623343273,
"std_TS_f1_8": 0.00048200204187500616,
"avg_TS_ap_8": 0.9854837044098506,
"std_TS_ap_8": 0.002593207514697666,
"avg_TS_auc_8": 0.9424977666666667,
"std_TS_auc_8": 0.006490455594958092,
"avg_TS_f1_9": 0.9814775709761653,
"std_TS_f1_9": 0.00023208639833597057,
"avg_TS_ap_9": 0.9986353132106099,
"std_TS_ap_9": 5.131301229852601e-05,
"avg_TS_auc_9": 0.9883509333333332,
"std_TS_auc_9": 0.00045928613341326497,
"avg_TS_f1_all": 0.9641863823193869,
"std_TS_f1_all": 0.0002559657619210167,
"avg_TS_ap_all": 0.9880954402942372,
"std_TS_ap_all": 0.0007788460682542633,
"avg_TS_auc_all": 0.9296939177777779,
"std_TS_auc_all": 0.002043528300013298
}