{
"avg_TS_f1_0": 0.957311111111111,
"std_TS_f1_0": 0.003423520677191894,
"avg_TS_ap_0": 0.9807008795954435,
"std_TS_ap_0": 0.0011323140444839436,
"avg_TS_auc_0": 0.8797098,
"std_TS_auc_0": 0.009327511713669549,
"avg_TS_f1_1": 0.9655999999999999,
"std_TS_f1_1": 0.0011474071683044808,
"avg_TS_ap_1": 0.9580246524574738,
"std_TS_ap_1": 0.0068793335950007445,
"avg_TS_auc_1": 0.8414856333333335,
"std_TS_auc_1": 0.013469950721385097,
"avg_TS_f1_2": 0.9483111111111111,
"std_TS_f1_2": 0.00511661539363866,
"avg_TS_ap_2": 0.9762560482262048,
"std_TS_ap_2": 0.005693457999326796,
"avg_TS_auc_2": 0.8519831555555555,
"std_TS_auc_2": 0.025127710878172668,
"avg_TS_f1_3": 0.9375096900445087,
"std_TS_f1_3": 0.0032311732631299965,
"avg_TS_ap_3": 0.9189786734759426,
"std_TS_ap_3": 0.005572499921577362,
"avg_TS_auc_3": 0.6514059,
"std_TS_auc_3": 0.016644972650475046,
"avg_TS_f1_4": 0.9384103610694421,
"std_TS_f1_4": 0.00330931797488839,
"avg_TS_ap_4": 0.9510975988427207,
"std_TS_ap_4": 0.027612284564719286,
"avg_TS_auc_4": 0.7699578,
"std_TS_auc_4": 0.0657728637643403,
"avg_TS_f1_5": 0.940520096795501,
"std_TS_f1_5": 0.006464471191632774,
"avg_TS_ap_5": 0.8858419655395267,
"std_TS_ap_5": 0.03058474074057309,
"avg_TS_auc_5": 0.6286951444444444,
"std_TS_auc_5": 0.07469906315015352,
"avg_TS_f1_6": 0.9278873122580883,
"std_TS_f1_6": 0.0014724310947533668,
"avg_TS_ap_6": 0.9623658600367986,
"std_TS_ap_6": 0.003255293105179855,
"avg_TS_auc_6": 0.7596478888888888,
"std_TS_auc_6": 0.013384959272110235,
"avg_TS_f1_7": 0.9451333333333334,
"std_TS_f1_7": 0.00037449554547452327,
"avg_TS_ap_7": 0.9150283983909692,
"std_TS_ap_7": 0.008035482085261402,
"avg_TS_auc_7": 0.6773313777777779,
"std_TS_auc_7": 0.01717503061752263,
"avg_TS_f1_8": 0.9542222222222222,
"std_TS_f1_8": 0.007002292393597414,
"avg_TS_ap_8": 0.9199281320011252,
"std_TS_ap_8": 0.04971546482191903,
"avg_TS_auc_8": 0.7311396666666667,
"std_TS_auc_8": 0.1280927798720256,
"avg_TS_f1_9": 0.9475987925255106,
"std_TS_f1_9": 0.003237739843278272,
"avg_TS_ap_9": 0.9398891175632844,
"std_TS_ap_9": 0.021359062721800097,
"avg_TS_auc_9": 0.7482864333333332,
"std_TS_auc_9": 0.05145247167429686,
"avg_TS_f1_all": 0.9462504030470829,
"std_TS_f1_all": 0.0015070681650596028,
"avg_TS_ap_all": 0.9408111326129489,
"std_TS_ap_all": 0.008138685007797273,
"avg_TS_auc_all": 0.75396428,
"std_TS_auc_all": 0.019738900687858503
}