{
"avg_TS_f1_0": 0.958176862912137,
"std_TS_f1_0": 0.0012030977886328805,
"avg_TS_ap_0": 0.9881974624179515,
"std_TS_ap_0": 0.0007487044052743903,
"avg_TS_auc_0": 0.9129912000000001,
"std_TS_auc_0": 0.00537393221143384,
"avg_TS_f1_1": 0.9922444444444445,
"std_TS_f1_1": 0.00036784323016102427,
"avg_TS_ap_1": 0.9965385689518824,
"std_TS_ap_1": 0.00022699040437062042,
"avg_TS_auc_1": 0.9820887555555556,
"std_TS_auc_1": 0.001234145607692909,
"avg_TS_f1_2": 0.9545873597915933,
"std_TS_f1_2": 0.0008223466332545037,
"avg_TS_ap_2": 0.9918657528543381,
"std_TS_ap_2": 0.0004716117921788392,
"avg_TS_auc_2": 0.9351456222222222,
"std_TS_auc_2": 0.0024237281443630497,
"avg_TS_f1_3": 0.9458525473637425,
"std_TS_f1_3": 0.0017686856159628247,
"avg_TS_ap_3": 0.9826527548086478,
"std_TS_ap_3": 0.0012673471061697746,
"avg_TS_auc_3": 0.8717013333333332,
"std_TS_auc_3": 0.009720767036429918,
"avg_TS_f1_4": 0.9445870252051041,
"std_TS_f1_4": 0.0008650500793194405,
"avg_TS_ap_4": 0.989538985433333,
"std_TS_ap_4": 0.0001966678932393032,
"avg_TS_auc_4": 0.9151234111111112,
"std_TS_auc_4": 0.0011400506998689157,
"avg_TS_f1_5": 0.9662444444444445,
"std_TS_f1_5": 0.0015322057045278397,
"avg_TS_ap_5": 0.9963780324398861,
"std_TS_ap_5": 0.0002816793682729516,
"avg_TS_auc_5": 0.9679366555555555,
"std_TS_auc_5": 0.0025335142991894754,
"avg_TS_f1_6": 0.9275523331543111,
"std_TS_f1_6": 0.0010342213853570784,
"avg_TS_ap_6": 0.9797851816951164,
"std_TS_ap_6": 0.00024976372175993894,
"avg_TS_auc_6": 0.8395760000000001,
"std_TS_auc_6": 0.00143933470442352,
"avg_TS_f1_7": 0.9778217370100808,
"std_TS_f1_7": 0.0012829444605842325,
"avg_TS_ap_7": 0.9984281387874804,
"std_TS_ap_7": 0.00014815973428145132,
"avg_TS_auc_7": 0.9859219444444444,
"std_TS_auc_7": 0.0013165549840115805,
"avg_TS_f1_8": 0.9656212900716706,
"std_TS_f1_8": 0.006902234687199438,
"avg_TS_ap_8": 0.9895045362324459,
"std_TS_ap_8": 0.001574184126992029,
"avg_TS_auc_8": 0.9310165444444445,
"std_TS_auc_8": 0.011885788409755585,
"avg_TS_f1_9": 0.9811333333333334,
"std_TS_f1_9": 0.0007483314773548001,
"avg_TS_ap_9": 0.9986233026506894,
"std_TS_ap_9": 5.267654658252218e-05,
"avg_TS_auc_9": 0.9882013333333333,
"std_TS_auc_9": 0.0004251982123116748,
"avg_TS_f1_all": 0.9613821377730861,
"std_TS_f1_all": 0.0006153409956402968,
"avg_TS_ap_all": 0.9911512716271771,
"std_TS_ap_all": 0.0003131520152424883,
"avg_TS_auc_all": 0.9329702799999999,
"std_TS_auc_all": 0.0018376751102606636
}