{
"avg_TS_f1_0": 0.9479532455506788,
"std_TS_f1_0": 0.0009572410379419921,
"avg_TS_ap_0": 0.978776004896674,
"std_TS_ap_0": 0.0007519878379650031,
"avg_TS_auc_0": 0.8586669222222222,
"std_TS_auc_0": 0.0033940333400080797,
"avg_TS_f1_1": 0.9837329617077492,
"std_TS_f1_1": 0.0010337969123845984,
"avg_TS_ap_1": 0.9933889320502404,
"std_TS_ap_1": 0.000303092668000377,
"avg_TS_auc_1": 0.9634918666666668,
"std_TS_auc_1": 0.0011359581883498278,
"avg_TS_f1_2": 0.9520306633727872,
"std_TS_f1_2": 0.0012517258248780031,
"avg_TS_ap_2": 0.9869005847533708,
"std_TS_ap_2": 0.0006553184801953921,
"avg_TS_auc_2": 0.9033078888888889,
"std_TS_auc_2": 0.0030779160047180202,
"avg_TS_f1_3": 0.9308191603237217,
"std_TS_f1_3": 0.0007848837986415145,
"avg_TS_ap_3": 0.9703756295425018,
"std_TS_ap_3": 0.0008812336484689815,
"avg_TS_auc_3": 0.7954890000000001,
"std_TS_auc_3": 0.005041308132338825,
"avg_TS_f1_4": 0.9409071688435284,
"std_TS_f1_4": 0.0004243785761334586,
"avg_TS_ap_4": 0.9850073614443989,
"std_TS_ap_4": 0.00030166853750487546,
"avg_TS_auc_4": 0.8870853888888888,
"std_TS_auc_4": 0.0019785711108627254,
"avg_TS_f1_5": 0.9428197109715972,
"std_TS_f1_5": 0.0017811649601403726,
"avg_TS_ap_5": 0.9853400090582962,
"std_TS_ap_5": 0.0010195414597715992,
"avg_TS_auc_5": 0.8848033555555557,
"std_TS_auc_5": 0.0077888213720801805,
"avg_TS_f1_6": 0.9260172811146472,
"std_TS_f1_6": 0.0014693886654895843,
"avg_TS_ap_6": 0.9704766553001836,
"std_TS_ap_6": 0.0006625618936984705,
"avg_TS_auc_6": 0.7942316888888888,
"std_TS_auc_6": 0.003356684077449435,
"avg_TS_f1_7": 0.9715435104419381,
"std_TS_f1_7": 0.0007799544598644018,
"avg_TS_ap_7": 0.996636391433755,
"std_TS_ap_7": 0.00013446221192576184,
"avg_TS_auc_7": 0.9720503333333333,
"std_TS_auc_7": 0.0010172602414157872,
"avg_TS_f1_8": 0.9311525047687835,
"std_TS_f1_8": 0.0025594078234583272,
"avg_TS_ap_8": 0.961116471966676,
"std_TS_ap_8": 0.0020696988604470908,
"avg_TS_auc_8": 0.7678623777777778,
"std_TS_auc_8": 0.012234221721521886,
"avg_TS_f1_9": 0.9766547672401552,
"std_TS_f1_9": 0.000499123926080311,
"avg_TS_ap_9": 0.9958845142151086,
"std_TS_ap_9": 0.00017390708740326047,
"avg_TS_auc_9": 0.9691102666666666,
"std_TS_auc_9": 0.0013515719076251343,
"avg_TS_f1_all": 0.9503630974335586,
"std_TS_f1_all": 0.00035491238543428484,
"avg_TS_ap_all": 0.9823902554661206,
"std_TS_ap_all": 0.00038645966501670346,
"avg_TS_auc_all": 0.8796099088888887,
"std_TS_auc_all": 0.00209248541102811
}