{
"avg_TS_f1_0": 0.9594435172324388,
"std_TS_f1_0": 0.0020586325077928233,
"avg_TS_ap_0": 0.9868408547449403,
"std_TS_ap_0": 0.000761318839052791,
"avg_TS_auc_0": 0.903365788888889,
"std_TS_auc_0": 0.00520774028000153,
"avg_TS_f1_1": 0.9909111111111113,
"std_TS_f1_1": 0.0004629481479110753,
"avg_TS_ap_1": 0.9960809341393546,
"std_TS_ap_1": 0.0006824264645159422,
"avg_TS_auc_1": 0.9800787333333334,
"std_TS_auc_1": 0.0026619601886903703,
"avg_TS_f1_2": 0.9548879135260602,
"std_TS_f1_2": 0.0018429786884268079,
"avg_TS_ap_2": 0.9901921209357265,
"std_TS_ap_2": 0.0010929305600102521,
"avg_TS_auc_2": 0.9258004666666668,
"std_TS_auc_2": 0.006420890732754693,
"avg_TS_f1_3": 0.9389319554790081,
"std_TS_f1_3": 0.003477992658339101,
"avg_TS_ap_3": 0.9643603729163674,
"std_TS_ap_3": 0.013097036622280879,
"avg_TS_auc_3": 0.8029415666666665,
"std_TS_auc_3": 0.03481975113713974,
"avg_TS_f1_4": 0.942498070880481,
"std_TS_f1_4": 0.0013564193143984352,
"avg_TS_ap_4": 0.988357586859699,
"std_TS_ap_4": 0.00061572892278053,
"avg_TS_auc_4": 0.9060002222222222,
"std_TS_auc_4": 0.003598685326307043,
"avg_TS_f1_5": 0.9632888888888889,
"std_TS_f1_5": 0.01109545563744314,
"avg_TS_ap_5": 0.9951910785784323,
"std_TS_ap_5": 0.003405865472995831,
"avg_TS_auc_5": 0.9582240555555555,
"std_TS_auc_5": 0.028057938464699915,
"avg_TS_f1_6": 0.9275301183399076,
"std_TS_f1_6": 0.0006155750444065091,
"avg_TS_ap_6": 0.9714351449674302,
"std_TS_ap_6": 0.0031081159830885913,
"avg_TS_auc_6": 0.8005042999999998,
"std_TS_auc_6": 0.011212401581361931,
"avg_TS_f1_7": 0.9785659684797302,
"std_TS_f1_7": 0.0017857394941226958,
"avg_TS_ap_7": 0.9985460541720853,
"std_TS_ap_7": 0.00022739406438286862,
"avg_TS_auc_7": 0.9869205333333333,
"std_TS_auc_7": 0.002040348766059537,
"avg_TS_f1_8": 0.9695439104641617,
"std_TS_f1_8": 0.018144537176386234,
"avg_TS_ap_8": 0.9898597252091352,
"std_TS_ap_8": 0.007117611462096739,
"avg_TS_auc_8": 0.9350519111111112,
"std_TS_auc_8": 0.0465501647452973,
"avg_TS_f1_9": 0.9805111111111111,
"std_TS_f1_9": 0.001432601018780993,
"avg_TS_ap_9": 0.9985109128361096,
"std_TS_ap_9": 0.0001519910011248317,
"avg_TS_auc_9": 0.9872945111111111,
"std_TS_auc_9": 0.0013602321594692636,
"avg_TS_f1_all": 0.9606112565512899,
"std_TS_f1_all": 0.0028687825959139287,
"avg_TS_ap_all": 0.9879374785359282,
"std_TS_ap_all": 0.0019450301098728536,
"avg_TS_auc_all": 0.9186182088888888,
"std_TS_auc_all": 0.009115028315080858
}