{
"avg_TS_f1_0": 0.9487988604305176,
"std_TS_f1_0": 0.0006856077249214535,
"avg_TS_ap_0": 0.9811434396948873,
"std_TS_ap_0": 0.0005478702057380902,
"avg_TS_auc_0": 0.869075488888889,
"std_TS_auc_0": 0.0028024145782512585,
"avg_TS_f1_1": 0.9850444444444445,
"std_TS_f1_1": 0.0006190394789859544,
"avg_TS_ap_1": 0.9937454921091129,
"std_TS_ap_1": 0.00038669023647293805,
"avg_TS_auc_1": 0.9660737444444445,
"std_TS_auc_1": 0.0020818019985662816,
"avg_TS_f1_2": 0.9526656024100104,
"std_TS_f1_2": 0.0014547119399797232,
"avg_TS_ap_2": 0.9884284583429677,
"std_TS_ap_2": 0.0005987093191388088,
"avg_TS_auc_2": 0.9118419333333332,
"std_TS_auc_2": 0.0028988056773117505,
"avg_TS_f1_3": 0.9321628743950701,
"std_TS_f1_3": 0.0009373560074380326,
"avg_TS_ap_3": 0.9732253362886649,
"std_TS_ap_3": 0.0010839401531460237,
"avg_TS_auc_3": 0.8087498666666667,
"std_TS_auc_3": 0.005560490990133744,
"avg_TS_f1_4": 0.9416313943367225,
"std_TS_f1_4": 0.0010564516146262938,
"avg_TS_ap_4": 0.9864365379358864,
"std_TS_ap_4": 0.00030904375982028194,
"avg_TS_auc_4": 0.8945128555555556,
"std_TS_auc_4": 0.0025793259236656586,
"avg_TS_f1_5": 0.9461871523726627,
"std_TS_f1_5": 0.0023980001351003744,
"avg_TS_ap_5": 0.9869601131551837,
"std_TS_ap_5": 0.0011411826558969142,
"avg_TS_auc_5": 0.8970054666666666,
"std_TS_auc_5": 0.008451075963610522,
"avg_TS_f1_6": 0.9257983430257681,
"std_TS_f1_6": 0.0011959619883217477,
"avg_TS_ap_6": 0.9740703523834208,
"std_TS_ap_6": 0.001096490794089846,
"avg_TS_auc_6": 0.8098685888888889,
"std_TS_auc_6": 0.00509621250460562,
"avg_TS_f1_7": 0.9722323968269804,
"std_TS_f1_7": 0.0005339078548477269,
"avg_TS_ap_7": 0.9968917576399312,
"std_TS_ap_7": 0.00012108899982592738,
"avg_TS_auc_7": 0.9741215666666667,
"std_TS_auc_7": 0.001050247955085142,
"avg_TS_f1_8": 0.936374917048058,
"std_TS_f1_8": 0.002512487523891179,
"avg_TS_ap_8": 0.9651125413366696,
"std_TS_ap_8": 0.0008560811011385541,
"avg_TS_auc_8": 0.7919479888888891,
"std_TS_auc_8": 0.0074678111147894145,
"avg_TS_f1_9": 0.9774439332765368,
"std_TS_f1_9": 0.00048223871897223154,
"avg_TS_ap_9": 0.9966753637162103,
"std_TS_ap_9": 0.0002895072453916228,
"avg_TS_auc_9": 0.9741708666666667,
"std_TS_auc_9": 0.0018852660203290729,
"avg_TS_f1_all": 0.951833991856677,
"std_TS_f1_all": 0.00035237774302582546,
"avg_TS_ap_all": 0.9842689392602935,
"std_TS_ap_all": 0.00013414658614412683,
"avg_TS_auc_all": 0.8897368366666667,
"std_TS_auc_all": 0.0005400712549878992
}