{
"avg_TS_f1_0": 0.9520222222222221,
"std_TS_f1_0": 0.007319987856699052,
"avg_TS_ap_0": 0.9857488100401737,
"std_TS_ap_0": 0.0014839368792517423,
"avg_TS_auc_0": 0.8952737111111111,
"std_TS_auc_0": 0.014140880424831467,
"avg_TS_f1_1": 0.9899443080171121,
"std_TS_f1_1": 0.001193858356830439,
"avg_TS_ap_1": 0.9965239311259708,
"std_TS_ap_1": 0.000345871523372153,
"avg_TS_auc_1": 0.9795044666666668,
"std_TS_auc_1": 0.0016364069136863212,
"avg_TS_f1_2": 0.9534,
"std_TS_f1_2": 0.0014966629547095917,
"avg_TS_ap_2": 0.9906986202105484,
"std_TS_ap_2": 0.0006668980425520996,
"avg_TS_auc_2": 0.9276521888888889,
"std_TS_auc_2": 0.003922594223089169,
"avg_TS_f1_3": 0.9439987270897767,
"std_TS_f1_3": 0.002330102882972882,
"avg_TS_ap_3": 0.9812308178209529,
"std_TS_ap_3": 0.0013577783250764218,
"avg_TS_auc_3": 0.8649113666666665,
"std_TS_auc_3": 0.010166353804755017,
"avg_TS_f1_4": 0.9408313585322642,
"std_TS_f1_4": 0.000964353490606556,
"avg_TS_ap_4": 0.9880801018125845,
"std_TS_ap_4": 0.0006202012655135395,
"avg_TS_auc_4": 0.904290411111111,
"std_TS_auc_4": 0.0038387237045342517,
"avg_TS_f1_5": 0.9607546505670067,
"std_TS_f1_5": 0.003189272397561335,
"avg_TS_ap_5": 0.9941685883167531,
"std_TS_ap_5": 0.0005884994716050467,
"avg_TS_auc_5": 0.9518211777777777,
"std_TS_auc_5": 0.004649832138533989,
"avg_TS_f1_6": 0.92775392089684,
"std_TS_f1_6": 0.0015862373783648506,
"avg_TS_ap_6": 0.9774525983443001,
"std_TS_ap_6": 0.0006714566569630193,
"avg_TS_auc_6": 0.8276136111111111,
"std_TS_auc_6": 0.003707068233976576,
"avg_TS_f1_7": 0.9744108141810347,
"std_TS_f1_7": 0.0013453832577469396,
"avg_TS_ap_7": 0.9977172277451322,
"std_TS_ap_7": 0.00016215756647795456,
"avg_TS_auc_7": 0.9805503666666666,
"std_TS_auc_7": 0.0012301091854579915,
"avg_TS_f1_8": 0.9654773870153279,
"std_TS_f1_8": 0.005433550149131213,
"avg_TS_ap_8": 0.988438179291711,
"std_TS_ap_8": 0.0008304698787830698,
"avg_TS_auc_8": 0.9261111111111111,
"std_TS_auc_8": 0.005546435104452283,
"avg_TS_f1_9": 0.9793111111111111,
"std_TS_f1_9": 0.0021607040462100933,
"avg_TS_ap_9": 0.9979466711925514,
"std_TS_ap_9": 0.00019703591747158,
"avg_TS_auc_9": 0.9834340666666666,
"std_TS_auc_9": 0.001359125385707366,
"avg_TS_f1_all": 0.9587904499632696,
"std_TS_f1_all": 0.0010729870046324787,
"avg_TS_ap_all": 0.9898005545900677,
"std_TS_ap_all": 0.0003910840450097846,
"avg_TS_auc_all": 0.9241162477777778,
"std_TS_auc_all": 0.002267337736730531
}