{
"avg_TS_f1_0": 0.9537661363902933,
"std_TS_f1_0": 0.001982541061078351,
"avg_TS_ap_0": 0.9847758007520234,
"std_TS_ap_0": 0.0009539528685009494,
"avg_TS_auc_0": 0.8941394888888888,
"std_TS_auc_0": 0.0057118894393326965,
"avg_TS_f1_1": 0.9921333333333333,
"std_TS_f1_1": 0.00039999999999999666,
"avg_TS_ap_1": 0.9971205995001522,
"std_TS_ap_1": 0.0005379336355393279,
"avg_TS_auc_1": 0.9840700222222223,
"std_TS_auc_1": 0.0020857703718172886,
"avg_TS_f1_2": 0.9525544863603533,
"std_TS_f1_2": 0.0014833335705418415,
"avg_TS_ap_2": 0.9907481121369346,
"std_TS_ap_2": 0.0012337569175337613,
"avg_TS_auc_2": 0.9274809555555554,
"std_TS_auc_2": 0.006934837908543889,
"avg_TS_f1_3": 0.9324103573655327,
"std_TS_f1_3": 0.005352500318473301,
"avg_TS_ap_3": 0.969680739388741,
"std_TS_ap_3": 0.009971015021204713,
"avg_TS_auc_3": 0.8001839222222221,
"std_TS_auc_3": 0.04149682103118947,
"avg_TS_f1_4": 0.9386548623071651,
"std_TS_f1_4": 0.001376870011615996,
"avg_TS_ap_4": 0.9875909002498433,
"std_TS_ap_4": 0.00042261643162899704,
"avg_TS_auc_4": 0.8982070999999999,
"std_TS_auc_4": 0.002911508765334063,
"avg_TS_f1_5": 0.9595651548542821,
"std_TS_f1_5": 0.006893505338873323,
"avg_TS_ap_5": 0.9953380857868008,
"std_TS_ap_5": 0.001255926781740929,
"avg_TS_auc_5": 0.9582002666666666,
"std_TS_auc_5": 0.011260404436764489,
"avg_TS_f1_6": 0.9258086856677222,
"std_TS_f1_6": 0.0028186775225285347,
"avg_TS_ap_6": 0.9761018045134595,
"std_TS_ap_6": 0.0015876525090775986,
"avg_TS_auc_6": 0.8183484888888888,
"std_TS_auc_6": 0.006499842938311375,
"avg_TS_f1_7": 0.9745219265267823,
"std_TS_f1_7": 0.0015815850699475377,
"avg_TS_ap_7": 0.9981023275142915,
"std_TS_ap_7": 0.00016886501335680988,
"avg_TS_auc_7": 0.9828406888888889,
"std_TS_auc_7": 0.0015353047329319045,
"avg_TS_f1_8": 0.9664986301182654,
"std_TS_f1_8": 0.007320450271351495,
"avg_TS_ap_8": 0.986511066796312,
"std_TS_ap_8": 0.005046194609864772,
"avg_TS_auc_8": 0.9193829666666666,
"std_TS_auc_8": 0.026371733042735115,
"avg_TS_f1_9": 0.9772666666666666,
"std_TS_f1_9": 0.0012969099076813068,
"avg_TS_ap_9": 0.9982124066122742,
"std_TS_ap_9": 0.0001572078693393813,
"avg_TS_auc_9": 0.9840307111111111,
"std_TS_auc_9": 0.001428504058857679,
"avg_TS_f1_all": 0.9573180239590396,
"std_TS_f1_all": 0.002181926835827338,
"avg_TS_ap_all": 0.9884181843250832,
"std_TS_ap_all": 0.0013881373373877148,
"avg_TS_auc_all": 0.9166884611111111,
"std_TS_auc_all": 0.007886212137561981
}