{
"avg_TS_f1_0": 0.9530772524399505,
"std_TS_f1_0": 0.00537069132372821,
"avg_TS_ap_0": 0.9877291743713743,
"std_TS_ap_0": 0.0011770640288068183,
"avg_TS_auc_0": 0.9058218555555555,
"std_TS_auc_0": 0.011147671344863306,
"avg_TS_f1_1": 0.9910999080195815,
"std_TS_f1_1": 0.00045583637841719975,
"avg_TS_ap_1": 0.9979559711255609,
"std_TS_ap_1": 0.0002587288176761935,
"avg_TS_auc_1": 0.9865734777777778,
"std_TS_auc_1": 0.001058447155500735,
"avg_TS_f1_2": 0.9526656641418351,
"std_TS_f1_2": 0.0024010231679850954,
"avg_TS_ap_2": 0.9915050399507521,
"std_TS_ap_2": 0.00041464662512200176,
"avg_TS_auc_2": 0.9305862777777778,
"std_TS_auc_2": 0.0032700355295008214,
"avg_TS_f1_3": 0.9403097616534252,
"std_TS_f1_3": 0.0030051440799749637,
"avg_TS_ap_3": 0.9815193879680593,
"std_TS_ap_3": 0.0018658527052280484,
"avg_TS_auc_3": 0.8615886666666667,
"std_TS_auc_3": 0.012345075398666647,
"avg_TS_f1_4": 0.9370993363828856,
"std_TS_f1_4": 0.0025989041199378895,
"avg_TS_ap_4": 0.9874567468860566,
"std_TS_ap_4": 0.0012768042254267334,
"avg_TS_auc_4": 0.8964681999999999,
"std_TS_auc_4": 0.009367202815392226,
"avg_TS_f1_5": 0.9605662512114872,
"std_TS_f1_5": 0.009218809580878253,
"avg_TS_ap_5": 0.995277858235406,
"std_TS_ap_5": 0.0012173439501301537,
"avg_TS_auc_5": 0.9584113000000001,
"std_TS_auc_5": 0.01180912990625119,
"avg_TS_f1_6": 0.9257880289645721,
"std_TS_f1_6": 0.0033249578640725864,
"avg_TS_ap_6": 0.9775214636635425,
"std_TS_ap_6": 0.0013168727426181503,
"avg_TS_auc_6": 0.8250842222222223,
"std_TS_auc_6": 0.009741157683183314,
"avg_TS_f1_7": 0.9753777777777778,
"std_TS_f1_7": 0.002194943684420579,
"avg_TS_ap_7": 0.998014877638483,
"std_TS_ap_7": 0.0002984979629264655,
"avg_TS_auc_7": 0.9822214333333334,
"std_TS_auc_7": 0.002625825394371949,
"avg_TS_f1_8": 0.9708666666666665,
"std_TS_f1_8": 0.004504264097688817,
"avg_TS_ap_8": 0.9922864385329062,
"std_TS_ap_8": 0.0013152980323820527,
"avg_TS_auc_8": 0.9472713444444445,
"std_TS_auc_8": 0.010185858701317711,
"avg_TS_f1_9": 0.9788997870252052,
"std_TS_f1_9": 0.004605650462753985,
"avg_TS_ap_9": 0.9982179759265992,
"std_TS_ap_9": 0.000458585691586669,
"avg_TS_auc_9": 0.9845899444444445,
"std_TS_auc_9": 0.004364115551225098,
"avg_TS_f1_all": 0.9585750434283385,
"std_TS_f1_all": 0.0013291253791421897,
"avg_TS_ap_all": 0.990748493429874,
"std_TS_ap_all": 0.00037603268994870764,
"avg_TS_auc_all": 0.9278616722222223,
"std_TS_auc_all": 0.0025692944014616428
}