{
"avg_TS_f1_0": 0.9436536918717706,
"std_TS_f1_0": 0.002204503157448285,
"avg_TS_ap_0": 0.9811317658108802,
"std_TS_ap_0": 0.0007245856227016836,
"avg_TS_auc_0": 0.8577644111111112,
"std_TS_auc_0": 0.005843647251355249,
"avg_TS_f1_1": 0.9796657530356624,
"std_TS_f1_1": 0.0015147496059153176,
"avg_TS_ap_1": 0.99441532421421,
"std_TS_ap_1": 0.0004959704859575143,
"avg_TS_auc_1": 0.9592269444444443,
"std_TS_auc_1": 0.0031843632896535975,
"avg_TS_f1_2": 0.9486749558285847,
"std_TS_f1_2": 0.0008868157658568682,
"avg_TS_ap_2": 0.9875549196855168,
"std_TS_ap_2": 0.0005342861963786314,
"avg_TS_auc_2": 0.9010764222222221,
"std_TS_auc_2": 0.003973549277253986,
"avg_TS_f1_3": 0.9227367094903492,
"std_TS_f1_3": 0.0006580057861100264,
"avg_TS_ap_3": 0.9731132701164353,
"std_TS_ap_3": 0.0005911657759089676,
"avg_TS_auc_3": 0.7912161222222223,
"std_TS_auc_3": 0.004313026223453485,
"avg_TS_f1_4": 0.9375867955627164,
"std_TS_f1_4": 0.0010610564116524284,
"avg_TS_ap_4": 0.9854848703440782,
"std_TS_ap_4": 0.00047983687265365613,
"avg_TS_auc_4": 0.8820115444444445,
"std_TS_auc_4": 0.003830414708457237,
"avg_TS_f1_5": 0.9407855991999556,
"std_TS_f1_5": 0.003917636801941482,
"avg_TS_ap_5": 0.989038572088924,
"std_TS_ap_5": 0.0019528179049982217,
"avg_TS_auc_5": 0.9060719888888888,
"std_TS_auc_5": 0.015246536079029059,
"avg_TS_f1_6": 0.9234632553660388,
"std_TS_f1_6": 0.0014584678779964656,
"avg_TS_ap_6": 0.9742186568658273,
"std_TS_ap_6": 0.0004840054043846412,
"avg_TS_auc_6": 0.8017552666666667,
"std_TS_auc_6": 0.0037181404847976044,
"avg_TS_f1_7": 0.9672099783321297,
"std_TS_f1_7": 0.0016908023747371937,
"avg_TS_ap_7": 0.9962235675047288,
"std_TS_ap_7": 0.00047437028582065187,
"avg_TS_auc_7": 0.9677023777777777,
"std_TS_auc_7": 0.003692918099134305,
"avg_TS_f1_8": 0.9221383494647976,
"std_TS_f1_8": 0.0017426806733919673,
"avg_TS_ap_8": 0.9552441879411218,
"std_TS_ap_8": 0.0030528177496195,
"avg_TS_auc_8": 0.7295691333333334,
"std_TS_auc_8": 0.013653440114265242,
"avg_TS_f1_9": 0.9775777777777778,
"std_TS_f1_9": 0.0017089452381982499,
"avg_TS_ap_9": 0.9956205816491271,
"std_TS_ap_9": 0.0007303684834721018,
"avg_TS_auc_9": 0.9680111555555555,
"std_TS_auc_9": 0.004433851650764587,
"avg_TS_f1_all": 0.9463492865929781,
"std_TS_f1_all": 0.0005738495435900962,
"avg_TS_ap_all": 0.9832045716220851,
"std_TS_ap_all": 0.00022656668182877596,
"avg_TS_auc_all": 0.8764405366666667,
"std_TS_auc_all": 0.0016609562483203691
}