{
"avg_TS_f1_0": 0.9369958058627313,
"std_TS_f1_0": 0.0010276859394704328,
"avg_TS_ap_0": 0.9751433967867994,
"std_TS_ap_0": 0.0017530520764651048,
"avg_TS_auc_0": 0.8253203666666667,
"std_TS_auc_0": 0.007042010066279321,
"avg_TS_f1_1": 0.9732654665665201,
"std_TS_f1_1": 0.0015235150143546878,
"avg_TS_ap_1": 0.9886402011268574,
"std_TS_ap_1": 0.0012566271303981469,
"avg_TS_auc_1": 0.9354614777777778,
"std_TS_auc_1": 0.005066183972694373,
"avg_TS_f1_2": 0.9451086665308568,
"std_TS_f1_2": 0.0009496704481265018,
"avg_TS_ap_2": 0.9851687057025453,
"std_TS_ap_2": 0.0008488597189389071,
"avg_TS_auc_2": 0.8866320111111111,
"std_TS_auc_2": 0.003730911030867204,
"avg_TS_f1_3": 0.9158128341288909,
"std_TS_f1_3": 0.0008628766845839248,
"avg_TS_ap_3": 0.9621694732345795,
"std_TS_ap_3": 0.0011784608280382333,
"avg_TS_auc_3": 0.7317630111111112,
"std_TS_auc_3": 0.004519003558690473,
"avg_TS_f1_4": 0.9328310819736899,
"std_TS_f1_4": 0.0014717122037774689,
"avg_TS_ap_4": 0.9833087055093722,
"std_TS_ap_4": 0.0005446879116924936,
"avg_TS_auc_4": 0.8688485555555555,
"std_TS_auc_4": 0.004177457586281993,
"avg_TS_f1_5": 0.9233521356124722,
"std_TS_f1_5": 0.0031712709174741725,
"avg_TS_ap_5": 0.9757994055413766,
"std_TS_ap_5": 0.0024314136022799402,
"avg_TS_auc_5": 0.8125962111111111,
"std_TS_auc_5": 0.01650939459469097,
"avg_TS_f1_6": 0.9211930165098432,
"std_TS_f1_6": 0.0012427564959613848,
"avg_TS_ap_6": 0.9669578221327205,
"std_TS_ap_6": 0.000363616349995245,
"avg_TS_auc_6": 0.7687421666666665,
"std_TS_auc_6": 0.0024028947932971164,
"avg_TS_f1_7": 0.9628979016422621,
"std_TS_f1_7": 0.0011170644188102108,
"avg_TS_ap_7": 0.9948121213887579,
"std_TS_ap_7": 0.000344226895378854,
"avg_TS_auc_7": 0.9572000111111111,
"std_TS_auc_7": 0.0026267362346023824,
"avg_TS_f1_8": 0.9137700930786608,
"std_TS_f1_8": 0.0015901593730108345,
"avg_TS_ap_8": 0.9363277463531592,
"std_TS_ap_8": 0.0024344960313195893,
"avg_TS_auc_8": 0.6538316444444444,
"std_TS_auc_8": 0.013566313563090723,
"avg_TS_f1_9": 0.9687649140603789,
"std_TS_f1_9": 0.0005945422773953013,
"avg_TS_ap_9": 0.9925047787337405,
"std_TS_ap_9": 0.000521114401732051,
"avg_TS_auc_9": 0.9474029999999999,
"std_TS_auc_9": 0.002598624741219671,
"avg_TS_f1_all": 0.9393991915966307,
"std_TS_f1_all": 0.0007497091281006807,
"avg_TS_ap_all": 0.9760832356509909,
"std_TS_ap_all": 0.0008154403479934991,
"avg_TS_auc_all": 0.8387798455555557,
"std_TS_auc_all": 0.004232294876450214
}