{
"avg_TS_f1_0": 0.9438431727688575,
"std_TS_f1_0": 0.005569156739629196,
"avg_TS_ap_0": 0.9756487905421356,
"std_TS_ap_0": 0.0024953230918827816,
"avg_TS_auc_0": 0.8446809999999999,
"std_TS_auc_0": 0.015210407808674093,
"avg_TS_f1_1": 0.9840444444444445,
"std_TS_f1_1": 0.0030724582991474474,
"avg_TS_ap_1": 0.9899282385943365,
"std_TS_ap_1": 0.0016149967162620807,
"avg_TS_auc_1": 0.9544648333333331,
"std_TS_auc_1": 0.0033853438261109117,
"avg_TS_f1_2": 0.947721596878839,
"std_TS_f1_2": 0.00335953654434136,
"avg_TS_ap_2": 0.9838763331033096,
"std_TS_ap_2": 0.0018429948054720215,
"avg_TS_auc_2": 0.8914966222222223,
"std_TS_auc_2": 0.012414609953071969,
"avg_TS_f1_3": 0.9304534017321948,
"std_TS_f1_3": 0.007139745498839739,
"avg_TS_ap_3": 0.9612538364311074,
"std_TS_ap_3": 0.00397171740350729,
"avg_TS_auc_3": 0.7667192222222223,
"std_TS_auc_3": 0.02177535969032913,
"avg_TS_f1_4": 0.934288888888889,
"std_TS_f1_4": 0.005602733019156861,
"avg_TS_ap_4": 0.9820963547161001,
"std_TS_ap_4": 0.001248622586938228,
"avg_TS_auc_4": 0.8697479666666666,
"std_TS_auc_4": 0.01142646054735438,
"avg_TS_f1_5": 0.9460876715373076,
"std_TS_f1_5": 0.0009137660557424735,
"avg_TS_ap_5": 0.9855311411592039,
"std_TS_ap_5": 0.001063772840691227,
"avg_TS_auc_5": 0.8925292333333333,
"std_TS_auc_5": 0.005724778258620189,
"avg_TS_f1_6": 0.9192769240266436,
"std_TS_f1_6": 0.0054617213098070525,
"avg_TS_ap_6": 0.9625819621204059,
"std_TS_ap_6": 0.006845774906950912,
"avg_TS_auc_6": 0.7534595222222222,
"std_TS_auc_6": 0.03941878109943204,
"avg_TS_f1_7": 0.9691662561500329,
"std_TS_f1_7": 0.003614795498320707,
"avg_TS_ap_7": 0.9957020780393933,
"std_TS_ap_7": 0.0009598888050917744,
"avg_TS_auc_7": 0.9665802444444445,
"std_TS_auc_7": 0.007251177962251811,
"avg_TS_f1_8": 0.9359660116920075,
"std_TS_f1_8": 0.01065764675220889,
"avg_TS_ap_8": 0.9641170310223451,
"std_TS_ap_8": 0.007223329807396949,
"avg_TS_auc_8": 0.7923309555555555,
"std_TS_auc_8": 0.04515151909428387,
"avg_TS_f1_9": 0.9785886549252736,
"std_TS_f1_9": 0.0029446468304264806,
"avg_TS_ap_9": 0.995644842107065,
"std_TS_ap_9": 0.0021102267703676904,
"avg_TS_auc_9": 0.9692452111111111,
"std_TS_auc_9": 0.012423622923633986,
"avg_TS_f1_all": 0.9489437023044489,
"std_TS_f1_all": 0.0013311721688050412,
"avg_TS_ap_all": 0.9796380607835402,
"std_TS_ap_all": 0.0006864672064978723,
"avg_TS_auc_all": 0.8701254811111111,
"std_TS_auc_all": 0.004821773597653959
}