{
"avg_TS_f1_0": 0.9583322073448525,
"std_TS_f1_0": 0.009367390603093337,
"avg_TS_ap_0": 0.9587862164481482,
"std_TS_ap_0": 0.012077060344211422,
"avg_TS_auc_0": 0.8285639777777778,
"std_TS_auc_0": 0.054424269146894196,
"avg_TS_f1_1": 0.9801777777777778,
"std_TS_f1_1": 0.0016278441397166506,
"avg_TS_ap_1": 0.9816363068569478,
"std_TS_ap_1": 0.002027674052005439,
"avg_TS_auc_1": 0.922126311111111,
"std_TS_auc_1": 0.007877256293553042,
"avg_TS_f1_2": 0.9503555555555556,
"std_TS_f1_2": 0.001440850229106416,
"avg_TS_ap_2": 0.9650106119348398,
"std_TS_ap_2": 0.010764950281132857,
"avg_TS_auc_2": 0.8275813777777777,
"std_TS_auc_2": 0.03234534256404898,
"avg_TS_f1_3": 0.9389645917815649,
"std_TS_f1_3": 0.0026832474627791433,
"avg_TS_ap_3": 0.9060178850959584,
"std_TS_ap_3": 0.005483772170451009,
"avg_TS_auc_3": 0.6947986222222222,
"std_TS_auc_3": 0.020862420488021303,
"avg_TS_f1_4": 0.9381986147378558,
"std_TS_f1_4": 0.001813544603337225,
"avg_TS_ap_4": 0.9544672147444226,
"std_TS_ap_4": 0.009491501501769372,
"avg_TS_auc_4": 0.790892,
"std_TS_auc_4": 0.033692953819093374,
"avg_TS_f1_5": 0.9554549450278103,
"std_TS_f1_5": 0.007743630387563134,
"avg_TS_ap_5": 0.9138935733081264,
"std_TS_ap_5": 0.012406215440478126,
"avg_TS_auc_5": 0.7412888999999999,
"std_TS_auc_5": 0.02156253430587076,
"avg_TS_f1_6": 0.9226427517578136,
"std_TS_f1_6": 0.0030994518366576425,
"avg_TS_ap_6": 0.9174361323331679,
"std_TS_ap_6": 0.0030532861138603843,
"avg_TS_auc_6": 0.6837186222222222,
"std_TS_auc_6": 0.013614346384314555,
"avg_TS_f1_7": 0.9594551462735584,
"std_TS_f1_7": 0.0023549107973384717,
"avg_TS_ap_7": 0.948550908649478,
"std_TS_ap_7": 0.009282545677689479,
"avg_TS_auc_7": 0.7999108444444444,
"std_TS_auc_7": 0.024243025349531468,
"avg_TS_f1_8": 0.962632966028977,
"std_TS_f1_8": 0.005422066844710415,
"avg_TS_ap_8": 0.9470007816350836,
"std_TS_ap_8": 0.017667309823343635,
"avg_TS_auc_8": 0.794668088888889,
"std_TS_auc_8": 0.037645131545178914,
"avg_TS_f1_9": 0.9668106314548337,
"std_TS_f1_9": 0.007024942678865645,
"avg_TS_ap_9": 0.9696669023127343,
"std_TS_ap_9": 0.00529252025808211,
"avg_TS_auc_9": 0.8580717555555555,
"std_TS_auc_9": 0.011630913014415012,
"avg_TS_f1_all": 0.9533025187740598,
"std_TS_f1_all": 0.0015817113331651168,
"avg_TS_ap_all": 0.9462466533318906,
"std_TS_ap_all": 0.0037732701126700257,
"avg_TS_auc_all": 0.7941620500000001,
"std_TS_auc_all": 0.010524527261816989
}