{
"avg_TS_f1_0": 0.9534222222222223,
"std_TS_f1_0": 0.0057337639803811385,
"avg_TS_ap_0": 0.9876725916706037,
"std_TS_ap_0": 0.0012863247436201066,
"avg_TS_auc_0": 0.9055049555555555,
"std_TS_auc_0": 0.01220764445915896,
"avg_TS_f1_1": 0.9907777777777778,
"std_TS_f1_1": 0.00039126259692572735,
"avg_TS_ap_1": 0.9977025377665111,
"std_TS_ap_1": 0.0003755795901835662,
"avg_TS_auc_1": 0.9850940111111111,
"std_TS_auc_1": 0.0016216673816754408,
"avg_TS_f1_2": 0.9523206202813738,
"std_TS_f1_2": 0.0011102208763503236,
"avg_TS_ap_2": 0.9921666712430822,
"std_TS_ap_2": 0.0001958341131055352,
"avg_TS_auc_2": 0.9346144888888889,
"std_TS_auc_2": 0.0014322824961026336,
"avg_TS_f1_3": 0.9419869227302751,
"std_TS_f1_3": 0.0036429465103616694,
"avg_TS_ap_3": 0.9830568382555256,
"std_TS_ap_3": 0.0027656822247191844,
"avg_TS_auc_3": 0.8716312666666667,
"std_TS_auc_3": 0.018720688210725884,
"avg_TS_f1_4": 0.9380208110327116,
"std_TS_f1_4": 0.0031577376002779748,
"avg_TS_ap_4": 0.9880174315583723,
"std_TS_ap_4": 0.0013324992618055664,
"avg_TS_auc_4": 0.9001280333333334,
"std_TS_auc_4": 0.009948628697153565,
"avg_TS_f1_5": 0.963520972111066,
"std_TS_f1_5": 0.004777153496125543,
"avg_TS_ap_5": 0.9960843694115777,
"std_TS_ap_5": 0.0006831944884564103,
"avg_TS_auc_5": 0.9651962999999999,
"std_TS_auc_5": 0.006520311294223626,
"avg_TS_f1_6": 0.9273658820551759,
"std_TS_f1_6": 0.0018839909069495219,
"avg_TS_ap_6": 0.9786361979067386,
"std_TS_ap_6": 0.0008980005506311341,
"avg_TS_auc_6": 0.8321967555555554,
"std_TS_auc_6": 0.00614207947611103,
"avg_TS_f1_7": 0.9779550913322345,
"std_TS_f1_7": 0.0013692298636767096,
"avg_TS_ap_7": 0.9984295543614199,
"std_TS_ap_7": 0.000174345177285043,
"avg_TS_auc_7": 0.9858718111111111,
"std_TS_auc_7": 0.0015237084450222525,
"avg_TS_f1_8": 0.9814444444444443,
"std_TS_f1_8": 0.001117757896885267,
"avg_TS_ap_8": 0.9954375140173853,
"std_TS_ap_8": 0.001048279226331641,
"avg_TS_auc_8": 0.9693915000000001,
"std_TS_auc_8": 0.005805411086240732,
"avg_TS_f1_9": 0.9802888888888889,
"std_TS_f1_9": 0.0012384777593860308,
"avg_TS_ap_9": 0.9985889735092272,
"std_TS_ap_9": 0.00011581244203254599,
"avg_TS_auc_9": 0.9875218333333333,
"std_TS_auc_9": 0.0009912328469083808,
"avg_TS_f1_all": 0.9607103632876169,
"std_TS_f1_all": 0.0010584578806711697,
"avg_TS_ap_all": 0.9915792679700445,
"std_TS_ap_all": 0.00046170066109136736,
"avg_TS_auc_all": 0.9337150955555555,
"std_TS_auc_all": 0.0029462113774510602
}