{
"avg_TS_f1_0": 0.9430758610046238,
"std_TS_f1_0": 0.0009404526213634548,
"avg_TS_ap_0": 0.9724222358409426,
"std_TS_ap_0": 0.000706550464930316,
"avg_TS_auc_0": 0.831024188888889,
"std_TS_auc_0": 0.0031641272715970843,
"avg_TS_f1_1": 0.9796553302343958,
"std_TS_f1_1": 0.0009726988227418444,
"avg_TS_ap_1": 0.990736362135576,
"std_TS_ap_1": 0.0003274910253318564,
"avg_TS_auc_1": 0.9512231666666666,
"std_TS_auc_1": 0.0020741127497716227,
"avg_TS_f1_2": 0.9497872141044873,
"std_TS_f1_2": 0.0008940969727500172,
"avg_TS_ap_2": 0.9841662627420973,
"std_TS_ap_2": 0.000300352796764741,
"avg_TS_auc_2": 0.8907543444444445,
"std_TS_auc_2": 0.001310769851256489,
"avg_TS_f1_3": 0.9259744799719224,
"std_TS_f1_3": 0.0005369679463153688,
"avg_TS_ap_3": 0.9632625180941767,
"std_TS_ap_3": 0.0008507372810378659,
"avg_TS_auc_3": 0.7639163333333333,
"std_TS_auc_3": 0.0036278879151225023,
"avg_TS_f1_4": 0.938995937744712,
"std_TS_f1_4": 0.0010319148357839946,
"avg_TS_ap_4": 0.981168799953906,
"std_TS_ap_4": 0.0004878640502677564,
"avg_TS_auc_4": 0.8701793777777779,
"std_TS_auc_4": 0.0031909256889413483,
"avg_TS_f1_5": 0.9306620453368029,
"std_TS_f1_5": 0.0027398610071006587,
"avg_TS_ap_5": 0.9746517060322434,
"std_TS_ap_5": 0.001954099029637666,
"avg_TS_auc_5": 0.8184677,
"std_TS_auc_5": 0.012164488682814494,
"avg_TS_f1_6": 0.9244513584088004,
"std_TS_f1_6": 0.0011080571909388949,
"avg_TS_ap_6": 0.9641128329217024,
"std_TS_ap_6": 0.0007877725184900052,
"avg_TS_auc_6": 0.7692472777777777,
"std_TS_auc_6": 0.0031053508652479564,
"avg_TS_f1_7": 0.9673870868957695,
"std_TS_f1_7": 0.00118351231710982,
"avg_TS_ap_7": 0.9943977583998013,
"std_TS_ap_7": 0.0001629970055255062,
"avg_TS_auc_7": 0.9573476222222222,
"std_TS_auc_7": 0.0012596203447227576,
"avg_TS_f1_8": 0.9248633220364095,
"std_TS_f1_8": 0.002339864447710429,
"avg_TS_ap_8": 0.9506808496896273,
"std_TS_ap_8": 0.0016367847202183512,
"avg_TS_auc_8": 0.7250919555555555,
"std_TS_auc_8": 0.008633167384319587,
"avg_TS_f1_9": 0.9724540214854148,
"std_TS_f1_9": 0.0003906003181240853,
"avg_TS_ap_9": 0.9928924870499829,
"std_TS_ap_9": 0.00036168479790625233,
"avg_TS_auc_9": 0.9523486555555556,
"std_TS_auc_9": 0.0021557955168268247,
"avg_TS_f1_all": 0.9457306657223338,
"std_TS_f1_all": 0.000312798530837926,
"avg_TS_ap_all": 0.9768491812860057,
"std_TS_ap_all": 0.0001434723449218915,
"avg_TS_auc_all": 0.8529600622222222,
"std_TS_auc_all": 0.001087622618603889
}