{
"avg_TS_f1_0": 0.9463976171515702,
"std_TS_f1_0": 0.0011949340062405956,
"avg_TS_ap_0": 0.9753093910693267,
"std_TS_ap_0": 0.0007328996337201625,
"avg_TS_auc_0": 0.8465318999999999,
"std_TS_auc_0": 0.003893301455412346,
"avg_TS_f1_1": 0.9827329468921112,
"std_TS_f1_1": 0.0005549916005811344,
"avg_TS_ap_1": 0.9923030041684232,
"std_TS_ap_1": 0.0002300834228422511,
"avg_TS_auc_1": 0.9593171,
"std_TS_auc_1": 0.0012460854123272779,
"avg_TS_f1_2": 0.9518645158692562,
"std_TS_f1_2": 0.0009132338779680729,
"avg_TS_ap_2": 0.9857585481026845,
"std_TS_ap_2": 0.0003822670719951738,
"avg_TS_auc_2": 0.8996011000000002,
"std_TS_auc_2": 0.0015403570831802596,
"avg_TS_f1_3": 0.9297048586511032,
"std_TS_f1_3": 0.0007436417251181325,
"avg_TS_ap_3": 0.9665840639365602,
"std_TS_ap_3": 0.0012843163513680236,
"avg_TS_auc_3": 0.7831824999999999,
"std_TS_auc_3": 0.0057721836901718955,
"avg_TS_f1_4": 0.9405869005068184,
"std_TS_f1_4": 0.0010348501049831187,
"avg_TS_ap_4": 0.9828688365889293,
"std_TS_ap_4": 0.00020856486395870103,
"avg_TS_auc_4": 0.8801710111111112,
"std_TS_auc_4": 0.0007532036133807922,
"avg_TS_f1_5": 0.9358505680832574,
"std_TS_f1_5": 0.001425768374733402,
"avg_TS_ap_5": 0.9792855046425627,
"std_TS_ap_5": 0.0010915022243943974,
"avg_TS_auc_5": 0.8474421444444443,
"std_TS_auc_5": 0.007127392516270434,
"avg_TS_f1_6": 0.9256069781654537,
"std_TS_f1_6": 0.000530577760378363,
"avg_TS_ap_6": 0.9665524908081433,
"std_TS_ap_6": 0.0006596481953271775,
"avg_TS_auc_6": 0.7817803333333334,
"std_TS_auc_6": 0.0026328336764598757,
"avg_TS_f1_7": 0.9700989931539405,
"std_TS_f1_7": 0.0010783883104167958,
"avg_TS_ap_7": 0.9954615916018816,
"std_TS_ap_7": 0.0001424425614155621,
"avg_TS_auc_7": 0.9648054777777778,
"std_TS_auc_7": 0.0010189526895086217,
"avg_TS_f1_8": 0.9297286440966788,
"std_TS_f1_8": 0.0020767076828613956,
"avg_TS_ap_8": 0.956423890863111,
"std_TS_ap_8": 0.0014131855130600614,
"avg_TS_auc_8": 0.7523516333333333,
"std_TS_auc_8": 0.007219464669596761,
"avg_TS_f1_9": 0.9751994567599434,
"std_TS_f1_9": 0.0006797841266171429,
"avg_TS_ap_9": 0.9943401995213097,
"std_TS_ap_9": 0.00032364471156921484,
"avg_TS_auc_9": 0.9611421555555555,
"std_TS_auc_9": 0.0019302322253303302,
"avg_TS_f1_all": 0.9487771479330134,
"std_TS_f1_all": 0.00022540437574453752,
"avg_TS_ap_all": 0.9794887521302933,
"std_TS_ap_all": 0.00024055396484100767,
"avg_TS_auc_all": 0.8676325355555555,
"std_TS_auc_all": 0.0009070966366543122
}