{
"avg_TS_f1_0": 0.9540994808353551,
"std_TS_f1_0": 0.0015408400789430382,
"avg_TS_ap_0": 0.9845526546946406,
"std_TS_ap_0": 0.0013066877506226254,
"avg_TS_auc_0": 0.8901937222222223,
"std_TS_auc_0": 0.006357694853822509,
"avg_TS_f1_1": 0.9908444444444445,
"std_TS_f1_1": 0.0001507184440694687,
"avg_TS_ap_1": 0.9939597108970641,
"std_TS_ap_1": 0.0009322671527399962,
"avg_TS_auc_1": 0.971998488888889,
"std_TS_auc_1": 0.0023279332330483305,
"avg_TS_f1_2": 0.954542926403587,
"std_TS_f1_2": 0.0013391843047662008,
"avg_TS_ap_2": 0.9876904750696458,
"std_TS_ap_2": 0.0007822489477136464,
"avg_TS_auc_2": 0.9191530555555556,
"std_TS_auc_2": 0.0025455172088386857,
"avg_TS_f1_3": 0.9333288947335119,
"std_TS_f1_3": 0.001336801689451152,
"avg_TS_ap_3": 0.9380891882866184,
"std_TS_ap_3": 0.013496157507060366,
"avg_TS_auc_3": 0.7227266777777779,
"std_TS_auc_3": 0.02273510061997737,
"avg_TS_f1_4": 0.9425660388540104,
"std_TS_f1_4": 0.0013732236670999454,
"avg_TS_ap_4": 0.9853848402733834,
"std_TS_ap_4": 0.0007494258939757902,
"avg_TS_auc_4": 0.8944061888888889,
"std_TS_auc_4": 0.004098562754803365,
"avg_TS_f1_5": 0.9669333333333334,
"std_TS_f1_5": 0.0008623825738636483,
"avg_TS_ap_5": 0.9961841154498817,
"std_TS_ap_5": 0.00028386493484631065,
"avg_TS_auc_5": 0.9674061999999999,
"std_TS_auc_5": 0.0017040880264749213,
"avg_TS_f1_6": 0.9259538813884722,
"std_TS_f1_6": 0.0010903062455303093,
"avg_TS_ap_6": 0.9646567542342399,
"std_TS_ap_6": 0.009148776602914363,
"avg_TS_auc_6": 0.7805018555555556,
"std_TS_auc_6": 0.026398670105078997,
"avg_TS_f1_7": 0.9762552252902938,
"std_TS_f1_7": 0.0030544035489354334,
"avg_TS_ap_7": 0.997297861440221,
"std_TS_ap_7": 0.0011145847213498792,
"avg_TS_auc_7": 0.9778494444444444,
"std_TS_auc_7": 0.007511165373160338,
"avg_TS_f1_8": 0.9867333333333332,
"std_TS_f1_8": 0.008446081712622502,
"avg_TS_ap_8": 0.9949210732987972,
"std_TS_ap_8": 0.003031211660600464,
"avg_TS_auc_8": 0.9753042777777778,
"std_TS_auc_8": 0.015495770636444113,
"avg_TS_f1_9": 0.9793111111111111,
"std_TS_f1_9": 0.0017894064123731292,
"avg_TS_ap_9": 0.9976694076030788,
"std_TS_ap_9": 0.0005572682186240324,
"avg_TS_auc_9": 0.9831987333333334,
"std_TS_auc_9": 0.00312497084241213,
"avg_TS_f1_all": 0.9610568669727453,
"std_TS_f1_all": 0.0005787131114943666,
"avg_TS_ap_all": 0.9840406081247572,
"std_TS_ap_all": 0.0020608793923165515,
"avg_TS_auc_all": 0.9082738644444446,
"std_TS_auc_all": 0.004760653026188735
}