{
"avg_TS_f1_0": 0.9577555555555556,
"std_TS_f1_0": 0.005157470908579085,
"avg_TS_ap_0": 0.9715982378569782,
"std_TS_ap_0": 0.005575897230640694,
"avg_TS_auc_0": 0.8513626666666667,
"std_TS_auc_0": 0.022240849357893062,
"avg_TS_f1_1": 0.971488888888889,
"std_TS_f1_1": 0.005715735265880464,
"avg_TS_ap_1": 0.9847607735854125,
"std_TS_ap_1": 0.003092476899942443,
"avg_TS_auc_1": 0.9194605666666666,
"std_TS_auc_1": 0.020374681088662243,
"avg_TS_f1_2": 0.956088888888889,
"std_TS_f1_2": 0.003244292233872485,
"avg_TS_ap_2": 0.9817543709818913,
"std_TS_ap_2": 0.003226807427112937,
"avg_TS_auc_2": 0.884592688888889,
"std_TS_auc_2": 0.011257512583488768,
"avg_TS_f1_3": 0.9280873270737263,
"std_TS_f1_3": 0.0034492716069734384,
"avg_TS_ap_3": 0.896854873207975,
"std_TS_ap_3": 0.014315202440290898,
"avg_TS_auc_3": 0.6419998,
"std_TS_auc_3": 0.03678684382611751,
"avg_TS_f1_4": 0.9392653023933428,
"std_TS_f1_4": 0.0053360556913099105,
"avg_TS_ap_4": 0.9691426561492478,
"std_TS_ap_4": 0.0036587230076691956,
"avg_TS_auc_4": 0.8271896222222223,
"std_TS_auc_4": 0.01692439969909024,
"avg_TS_f1_5": 0.9323879919254774,
"std_TS_f1_5": 0.012121659733847817,
"avg_TS_ap_5": 0.926302404611081,
"std_TS_ap_5": 0.030764063997803896,
"avg_TS_auc_5": 0.6879581777777778,
"std_TS_auc_5": 0.13141918840115308,
"avg_TS_f1_6": 0.9241402311511028,
"std_TS_f1_6": 0.002891280687500504,
"avg_TS_ap_6": 0.9318958736383316,
"std_TS_ap_6": 0.005005585089347164,
"avg_TS_auc_6": 0.6994377555555555,
"std_TS_auc_6": 0.02065295161240745,
"avg_TS_f1_7": 0.9613111111111111,
"std_TS_f1_7": 0.0063477029966227515,
"avg_TS_ap_7": 0.9708809184324869,
"std_TS_ap_7": 0.01126406319335273,
"avg_TS_auc_7": 0.8559746111111112,
"std_TS_auc_7": 0.04428274066958686,
"avg_TS_f1_8": 0.9536104141588112,
"std_TS_f1_8": 0.023091723784140417,
"avg_TS_ap_8": 0.9406600298842618,
"std_TS_ap_8": 0.044299358408079956,
"avg_TS_auc_8": 0.7787222444444445,
"std_TS_auc_8": 0.1467272633852573,
"avg_TS_f1_9": 0.9670666666666667,
"std_TS_f1_9": 0.005547816832316866,
"avg_TS_ap_9": 0.9728552534627347,
"std_TS_ap_9": 0.003423516776943637,
"avg_TS_auc_9": 0.8639619222222222,
"std_TS_auc_9": 0.01999451264622374,
"avg_TS_f1_all": 0.9491202377813572,
"std_TS_f1_all": 0.002813538059198323,
"avg_TS_ap_all": 0.9546705391810402,
"std_TS_ap_all": 0.005693827618532417,
"avg_TS_auc_all": 0.8010660055555556,
"std_TS_auc_all": 0.02019815268006512
}