{
"avg_TS_f1_0": 0.9363555555555555,
"std_TS_f1_0": 0.010431528657078814,
"avg_TS_ap_0": 0.978161551360581,
"std_TS_ap_0": 0.004246220166581244,
"avg_TS_auc_0": 0.8422180333333333,
"std_TS_auc_0": 0.03170167932111039,
"avg_TS_f1_1": 0.9536666666666667,
"std_TS_f1_1": 0.02102320880936055,
"avg_TS_ap_1": 0.9841919344346692,
"std_TS_ap_1": 0.010637102862211568,
"avg_TS_auc_1": 0.8924877999999999,
"std_TS_auc_1": 0.07261288370082906,
"avg_TS_f1_2": 0.9358888888888888,
"std_TS_f1_2": 0.011918032814724058,
"avg_TS_ap_2": 0.9823306499640172,
"std_TS_ap_2": 0.007113894415542919,
"avg_TS_auc_2": 0.8637043111111111,
"std_TS_auc_2": 0.05182382558571889,
"avg_TS_f1_3": 0.9232666666666667,
"std_TS_f1_3": 0.00654503864497355,
"avg_TS_ap_3": 0.9616822362071122,
"std_TS_ap_3": 0.009249620834153994,
"avg_TS_auc_3": 0.7525553444444444,
"std_TS_auc_3": 0.03667885475475272,
"avg_TS_f1_4": 0.9196444444444444,
"std_TS_f1_4": 0.00497867055485967,
"avg_TS_ap_4": 0.9728130919875779,
"std_TS_ap_4": 0.007833433151518179,
"avg_TS_auc_4": 0.7969496777777778,
"std_TS_auc_4": 0.04388556187896642,
"avg_TS_f1_5": 0.9316101943935156,
"std_TS_f1_5": 0.019186445797220293,
"avg_TS_ap_5": 0.975551776088724,
"std_TS_ap_5": 0.013215197437824112,
"avg_TS_auc_5": 0.8335914444444444,
"std_TS_auc_5": 0.07647789662966373,
"avg_TS_f1_6": 0.909,
"std_TS_f1_6": 0.0031964486466416584,
"avg_TS_ap_6": 0.955931112642347,
"std_TS_ap_6": 0.005333044831999449,
"avg_TS_auc_6": 0.7006964555555555,
"std_TS_auc_6": 0.025610874409135162,
"avg_TS_f1_7": 0.929511111111111,
"std_TS_f1_7": 0.009293725481922378,
"avg_TS_ap_7": 0.976447757953997,
"std_TS_ap_7": 0.0085565073986703,
"avg_TS_auc_7": 0.8219794222222223,
"std_TS_auc_7": 0.055214406195992445,
"avg_TS_f1_8": 0.9326666666666668,
"std_TS_f1_8": 0.017385675954505228,
"avg_TS_ap_8": 0.9708764331707649,
"std_TS_ap_8": 0.008955240437870321,
"avg_TS_auc_8": 0.8061897111111109,
"std_TS_auc_8": 0.06552524474170995,
"avg_TS_f1_9": 0.9407333333333334,
"std_TS_f1_9": 0.01585016259604262,
"avg_TS_ap_9": 0.9809356586665906,
"std_TS_ap_9": 0.012261317742131243,
"avg_TS_auc_9": 0.8606523111111111,
"std_TS_auc_9": 0.08218567023452608,
"avg_TS_f1_all": 0.931234352772685,
"std_TS_f1_all": 0.004307384107353474,
"avg_TS_ap_all": 0.9738922202476381,
"std_TS_ap_all": 0.0019035049331774224,
"avg_TS_auc_all": 0.8171024511111111,
"std_TS_auc_all": 0.014466633988148505
}