{
"avg_TS_f1_0": 0.9325111111111111,
"std_TS_f1_0": 0.005565147275457383,
"avg_TS_ap_0": 0.9679542361759541,
"std_TS_ap_0": 0.0073983763666542,
"avg_TS_auc_0": 0.7987690333333334,
"std_TS_auc_0": 0.035065732329909144,
"avg_TS_f1_1": 0.9667555555555556,
"std_TS_f1_1": 0.01306156362938392,
"avg_TS_ap_1": 0.9916012066258238,
"std_TS_ap_1": 0.0033379861304300784,
"avg_TS_auc_1": 0.9435136222222221,
"std_TS_auc_1": 0.025543387489935385,
"avg_TS_f1_2": 0.9358888888888888,
"std_TS_f1_2": 0.011918032814724058,
"avg_TS_ap_2": 0.9823306499640172,
"std_TS_ap_2": 0.007113894415542919,
"avg_TS_auc_2": 0.8637043111111111,
"std_TS_auc_2": 0.05182382558571889,
"avg_TS_f1_3": 0.9203333333333333,
"std_TS_f1_3": 0.005550664513660473,
"avg_TS_ap_3": 0.9634798777170317,
"std_TS_ap_3": 0.006335385461634883,
"avg_TS_auc_3": 0.7565735666666666,
"std_TS_auc_3": 0.021882305237940988,
"avg_TS_f1_4": 0.9244666666666668,
"std_TS_f1_4": 0.005638229299135468,
"avg_TS_ap_4": 0.9702050512305848,
"std_TS_ap_4": 0.004680799959931681,
"avg_TS_auc_4": 0.7958914333333332,
"std_TS_auc_4": 0.026419075844655877,
"avg_TS_f1_5": 0.9316101943935156,
"std_TS_f1_5": 0.019186445797220293,
"avg_TS_ap_5": 0.975551776088724,
"std_TS_ap_5": 0.013215197437824112,
"avg_TS_auc_5": 0.8335914444444444,
"std_TS_auc_5": 0.07647789662966373,
"avg_TS_f1_6": 0.9092222222222223,
"std_TS_f1_6": 0.0031182457873175353,
"avg_TS_ap_6": 0.957702635050941,
"std_TS_ap_6": 0.005573014880967908,
"avg_TS_auc_6": 0.7097483333333333,
"std_TS_auc_6": 0.030400819309683084,
"avg_TS_f1_7": 0.924088888888889,
"std_TS_f1_7": 0.016368503329094154,
"avg_TS_ap_7": 0.9804256116001883,
"std_TS_ap_7": 0.009507250972798698,
"avg_TS_auc_7": 0.8421120222222221,
"std_TS_auc_7": 0.06904926412992893,
"avg_TS_f1_8": 0.9406549993518158,
"std_TS_f1_8": 0.01179056073852986,
"avg_TS_ap_8": 0.9719180495143067,
"std_TS_ap_8": 0.013234704487425631,
"avg_TS_auc_8": 0.8242157999999999,
"std_TS_auc_8": 0.07237442250001457,
"avg_TS_f1_9": 0.9437777777777777,
"std_TS_f1_9": 0.015058732752086598,
"avg_TS_ap_9": 0.9848382996787214,
"std_TS_ap_9": 0.013940781821790118,
"avg_TS_auc_9": 0.8854733333333332,
"std_TS_auc_9": 0.09163554113515185,
"avg_TS_f1_all": 0.9329309638189776,
"std_TS_f1_all": 0.005724673445377278,
"avg_TS_ap_all": 0.9746007393646293,
"std_TS_ap_all": 0.003752002653054722,
"avg_TS_auc_all": 0.82535929,
"std_TS_auc_all": 0.023747654872032134
}