{
"avg_TS_f1_0": 0.957911111111111,
"std_TS_f1_0": 0.003857588321000709,
"avg_TS_ap_0": 0.9882367315448919,
"std_TS_ap_0": 0.0012388246269045933,
"avg_TS_auc_0": 0.9146042777777778,
"std_TS_auc_0": 0.008978895821265365,
"avg_TS_f1_1": 0.9898888888888889,
"std_TS_f1_1": 0.001030402055055062,
"avg_TS_ap_1": 0.9953801873239477,
"std_TS_ap_1": 0.0007944097251848647,
"avg_TS_auc_1": 0.976778911111111,
"std_TS_auc_1": 0.002448362785945919,
"avg_TS_f1_2": 0.9543111111111111,
"std_TS_f1_2": 0.004156446725595782,
"avg_TS_ap_2": 0.9916728547979468,
"std_TS_ap_2": 0.0009556052659947823,
"avg_TS_auc_2": 0.9318854999999999,
"std_TS_auc_2": 0.007585487316637214,
"avg_TS_f1_3": 0.9407437573692367,
"std_TS_f1_3": 0.003976236628137395,
"avg_TS_ap_3": 0.9814827510515606,
"std_TS_ap_3": 0.0008902902900134529,
"avg_TS_auc_3": 0.8624091333333332,
"std_TS_auc_3": 0.008276537052549328,
"avg_TS_f1_4": 0.9387541258464976,
"std_TS_f1_4": 0.0031836417400236206,
"avg_TS_ap_4": 0.9881833642696393,
"std_TS_ap_4": 0.00048539754205084793,
"avg_TS_auc_4": 0.9018957888888888,
"std_TS_auc_4": 0.004261293536642636,
"avg_TS_f1_5": 0.9619768900741399,
"std_TS_f1_5": 0.006393743002410238,
"avg_TS_ap_5": 0.995592768318437,
"std_TS_ap_5": 0.0010280021241836663,
"avg_TS_auc_5": 0.9611685222222223,
"std_TS_auc_5": 0.009552621022241402,
"avg_TS_f1_6": 0.9221212906889888,
"std_TS_f1_6": 0.005867822933630727,
"avg_TS_ap_6": 0.9769537187610254,
"std_TS_ap_6": 0.001957827167944072,
"avg_TS_auc_6": 0.8174958666666665,
"std_TS_auc_6": 0.015786829173556748,
"avg_TS_f1_7": 0.9740222222222222,
"std_TS_f1_7": 0.0009306840707276336,
"avg_TS_ap_7": 0.9978645882799257,
"std_TS_ap_7": 8.098687260109652e-05,
"avg_TS_auc_7": 0.9809222777777776,
"std_TS_auc_7": 0.0008241847472084311,
"avg_TS_f1_8": 0.9723333333333333,
"std_TS_f1_8": 0.00444833163343151,
"avg_TS_ap_8": 0.9937305913062084,
"std_TS_ap_8": 0.0010780190789239142,
"avg_TS_auc_8": 0.9548783444444446,
"std_TS_auc_8": 0.008739826142675747,
"avg_TS_f1_9": 0.9787111111111111,
"std_TS_f1_9": 0.0008479459568150769,
"avg_TS_ap_9": 0.9981463109659838,
"std_TS_ap_9": 0.0002080498711266459,
"avg_TS_auc_9": 0.9841808555555556,
"std_TS_auc_9": 0.0016381693571533105,
"avg_TS_f1_all": 0.9590773841756641,
"std_TS_f1_all": 0.0011310971145013188,
"avg_TS_ap_all": 0.9907243866619566,
"std_TS_ap_all": 0.00030158362560042115,
"avg_TS_auc_all": 0.9286219477777777,
"std_TS_auc_all": 0.0024964348254854205
}