{
"avg_TS_f1_0": 0.9524328030569599,
"std_TS_f1_0": 0.0009233156441088912,
"avg_TS_ap_0": 0.9860522489684775,
"std_TS_ap_0": 0.0007925491856642497,
"avg_TS_auc_0": 0.8946163666666667,
"std_TS_auc_0": 0.0044542816877502596,
"avg_TS_f1_1": 0.9928444444444444,
"std_TS_f1_1": 0.00029481109247603374,
"avg_TS_ap_1": 0.9990549615167493,
"std_TS_ap_1": 0.00010979019631707424,
"avg_TS_auc_1": 0.9940238000000001,
"std_TS_auc_1": 0.0004344523636674884,
"avg_TS_f1_2": 0.9533757159348359,
"std_TS_f1_2": 0.0006773616790401186,
"avg_TS_ap_2": 0.9913901034529193,
"std_TS_ap_2": 0.00032333581377441554,
"avg_TS_auc_2": 0.9313411666666667,
"std_TS_auc_2": 0.0021001027150070904,
"avg_TS_f1_3": 0.9302532004864468,
"std_TS_f1_3": 0.0017715521670446676,
"avg_TS_ap_3": 0.9567839334249628,
"std_TS_ap_3": 0.012997868417789276,
"avg_TS_auc_3": 0.7583783444444444,
"std_TS_auc_3": 0.04576827444090531,
"avg_TS_f1_4": 0.9405882252717743,
"std_TS_f1_4": 0.0006739746578026608,
"avg_TS_ap_4": 0.9889180337335066,
"std_TS_ap_4": 0.00018932148923614395,
"avg_TS_auc_4": 0.9074839333333333,
"std_TS_auc_4": 0.0013171111089552766,
"avg_TS_f1_5": 0.9652214530436876,
"std_TS_f1_5": 0.0016279973885493385,
"avg_TS_ap_5": 0.9967285218372067,
"std_TS_ap_5": 0.00022289188888834305,
"avg_TS_auc_5": 0.9704149111111111,
"std_TS_auc_5": 0.0019622088069253607,
"avg_TS_f1_6": 0.926188061065121,
"std_TS_f1_6": 0.0005863952146316927,
"avg_TS_ap_6": 0.9710574981338512,
"std_TS_ap_6": 0.008097724262019323,
"avg_TS_auc_6": 0.7995422999999999,
"std_TS_auc_6": 0.026437220577762825,
"avg_TS_f1_7": 0.9807886857911858,
"std_TS_f1_7": 0.0021739459060355895,
"avg_TS_ap_7": 0.9986266681804485,
"std_TS_ap_7": 0.0002678163833706667,
"avg_TS_auc_7": 0.987613088888889,
"std_TS_auc_7": 0.0023864070551436207,
"avg_TS_f1_8": 0.9863555555555555,
"std_TS_f1_8": 0.01427549052150678,
"avg_TS_ap_8": 0.9967627063138605,
"std_TS_ap_8": 0.005080532957468221,
"avg_TS_auc_8": 0.9769008555555556,
"std_TS_auc_8": 0.035513494287845615,
"avg_TS_f1_9": 0.9801442154193751,
"std_TS_f1_9": 0.0011374003804598676,
"avg_TS_ap_9": 0.9984296594466187,
"std_TS_ap_9": 0.0001371826752094775,
"avg_TS_auc_9": 0.986631888888889,
"std_TS_auc_9": 0.0012863266202927947,
"avg_TS_f1_all": 0.9608192360069385,
"std_TS_f1_all": 0.0016634037860270758,
"avg_TS_ap_all": 0.9883804335008601,
"std_TS_ap_all": 0.0018952884548321784,
"avg_TS_auc_all": 0.9206946655555555,
"std_TS_auc_all": 0.007031405040036765
}