{
"avg_TS_f1_0": 0.9471520404152625,
"std_TS_f1_0": 0.001541645462136975,
"avg_TS_ap_0": 0.9767560150606303,
"std_TS_ap_0": 0.0005859504109587813,
"avg_TS_auc_0": 0.8535182111111113,
"std_TS_auc_0": 0.003608824178641281,
"avg_TS_f1_1": 0.9840885382521251,
"std_TS_f1_1": 0.000952272907926201,
"avg_TS_ap_1": 0.9923473149182203,
"std_TS_ap_1": 0.00011381696781245153,
"avg_TS_auc_1": 0.9610660222222223,
"std_TS_auc_1": 0.0010837565028782902,
"avg_TS_f1_2": 0.9519206116389182,
"std_TS_f1_2": 0.0006471505682174466,
"avg_TS_ap_2": 0.9862368803194084,
"std_TS_ap_2": 0.0002159631985199035,
"avg_TS_auc_2": 0.9029211888888888,
"std_TS_auc_2": 0.001188926279058996,
"avg_TS_f1_3": 0.9311747282256422,
"std_TS_f1_3": 0.0010677341939666178,
"avg_TS_ap_3": 0.9677149730541744,
"std_TS_ap_3": 0.0013374569507976697,
"avg_TS_auc_3": 0.7899815888888889,
"std_TS_auc_3": 0.007294653146426258,
"avg_TS_f1_4": 0.9413856325351408,
"std_TS_f1_4": 0.0007762319771797458,
"avg_TS_ap_4": 0.9835760697936594,
"std_TS_ap_4": 0.00035006343899529705,
"avg_TS_auc_4": 0.8840777888888889,
"std_TS_auc_4": 0.0015280009369947859,
"avg_TS_f1_5": 0.9396639788630232,
"std_TS_f1_5": 0.0015431303417382024,
"avg_TS_ap_5": 0.9817056877395244,
"std_TS_ap_5": 0.0011570790616294297,
"avg_TS_auc_5": 0.8637034888888888,
"std_TS_auc_5": 0.007767585740915194,
"avg_TS_f1_6": 0.9252736064655066,
"std_TS_f1_6": 0.0007677326484013812,
"avg_TS_ap_6": 0.9679112021115397,
"std_TS_ap_6": 0.0009062952649569029,
"avg_TS_auc_6": 0.7867276777777776,
"std_TS_auc_6": 0.003962983565290814,
"avg_TS_f1_7": 0.97065456846368,
"std_TS_f1_7": 0.0012028337947718917,
"avg_TS_ap_7": 0.9958850969038903,
"std_TS_ap_7": 0.00016330854011211197,
"avg_TS_auc_7": 0.9675895666666667,
"std_TS_auc_7": 0.0009172779937281232,
"avg_TS_f1_8": 0.9328740805804625,
"std_TS_f1_8": 0.002555732723233056,
"avg_TS_ap_8": 0.9593851250148177,
"std_TS_ap_8": 0.0007575678242319169,
"avg_TS_auc_8": 0.7685754444444444,
"std_TS_auc_8": 0.007335847485523654,
"avg_TS_f1_9": 0.9760552833182091,
"std_TS_f1_9": 0.0008075609167394069,
"avg_TS_ap_9": 0.9950202623927682,
"std_TS_ap_9": 0.00020194908742275083,
"avg_TS_auc_9": 0.9649953777777778,
"std_TS_auc_9": 0.0013785310339650553,
"avg_TS_f1_all": 0.9500243068757971,
"std_TS_f1_all": 0.000326084112051591,
"avg_TS_ap_all": 0.9806538627308633,
"std_TS_ap_all": 0.00018021558896405966,
"avg_TS_auc_all": 0.8743156355555556,
"std_TS_auc_all": 0.0014176118267845916
}