{
"avg_TS_f1_0": 0.9573662129377558,
"std_TS_f1_0": 0.0019322722482548417,
"avg_TS_ap_0": 0.9870619606181756,
"std_TS_ap_0": 0.0012490544055776486,
"avg_TS_auc_0": 0.9067422111111112,
"std_TS_auc_0": 0.007449686742225125,
"avg_TS_f1_1": 0.9913777777777778,
"std_TS_f1_1": 0.00031894889098683655,
"avg_TS_ap_1": 0.9960557866044282,
"std_TS_ap_1": 0.0007631402852348385,
"avg_TS_auc_1": 0.9797255444444446,
"std_TS_auc_1": 0.00242831752769461,
"avg_TS_f1_2": 0.9532434517967048,
"std_TS_f1_2": 0.002605643021757824,
"avg_TS_ap_2": 0.9909785667126304,
"std_TS_ap_2": 0.0008068472973866242,
"avg_TS_auc_2": 0.9291979444444444,
"std_TS_auc_2": 0.005264823580691245,
"avg_TS_f1_3": 0.9388312535080392,
"std_TS_f1_3": 0.0028018512359545803,
"avg_TS_ap_3": 0.9707448020446616,
"std_TS_ap_3": 0.0037148336820350186,
"avg_TS_auc_3": 0.8151992444444444,
"std_TS_auc_3": 0.016503032893709663,
"avg_TS_f1_4": 0.9388,
"std_TS_f1_4": 0.0016885964659122351,
"avg_TS_ap_4": 0.9875338533234602,
"std_TS_ap_4": 0.0005162513534938104,
"avg_TS_auc_4": 0.8987714222222222,
"std_TS_auc_4": 0.0038883570356312686,
"avg_TS_f1_5": 0.9620880234087078,
"std_TS_f1_5": 0.007342739243208174,
"avg_TS_ap_5": 0.9944309965680912,
"std_TS_ap_5": 0.0017593534075127204,
"avg_TS_auc_5": 0.9536462222222223,
"std_TS_auc_5": 0.012941236904027865,
"avg_TS_f1_6": 0.9269111111111112,
"std_TS_f1_6": 0.0019198765392404598,
"avg_TS_ap_6": 0.977525160662022,
"std_TS_ap_6": 0.0015507891636652239,
"avg_TS_auc_6": 0.8262675222222222,
"std_TS_auc_6": 0.007330373606482601,
"avg_TS_f1_7": 0.9727333333333334,
"std_TS_f1_7": 0.004857271499489485,
"avg_TS_ap_7": 0.9976627937345748,
"std_TS_ap_7": 0.000644571794617485,
"avg_TS_auc_7": 0.9789954444444444,
"std_TS_auc_7": 0.005798311023665466,
"avg_TS_f1_8": 0.9715657252563414,
"std_TS_f1_8": 0.004120983253641335,
"avg_TS_ap_8": 0.990633303610514,
"std_TS_ap_8": 0.0016129741531810445,
"avg_TS_auc_8": 0.9407903777777777,
"std_TS_auc_8": 0.010111007204008225,
"avg_TS_f1_9": 0.9781555555555557,
"std_TS_f1_9": 0.0016932691734710048,
"avg_TS_ap_9": 0.9982476701606762,
"std_TS_ap_9": 0.0002369498474022845,
"avg_TS_auc_9": 0.9848716333333334,
"std_TS_auc_9": 0.0020000487165671523,
"avg_TS_f1_all": 0.9591072444685326,
"std_TS_f1_all": 0.001385951313511139,
"avg_TS_ap_all": 0.9890874894039234,
"std_TS_ap_all": 0.0006165304363265206,
"avg_TS_auc_all": 0.9214207566666668,
"std_TS_auc_all": 0.003679725897210029
}