{
"avg_TS_f1_0": 0.9555101382175554,
"std_TS_f1_0": 0.0007716275701887902,
"avg_TS_ap_0": 0.9851205874676026,
"std_TS_ap_0": 0.00026956930184188986,
"avg_TS_auc_0": 0.8984439444444444,
"std_TS_auc_0": 0.001161561466090468,
"avg_TS_f1_1": 0.9900998944385799,
"std_TS_f1_1": 0.000439319946269116,
"avg_TS_ap_1": 0.995970745314603,
"std_TS_ap_1": 0.00020502332657234792,
"avg_TS_auc_1": 0.9791591111111112,
"std_TS_auc_1": 0.0008861082424195762,
"avg_TS_f1_2": 0.9543313221104877,
"std_TS_f1_2": 0.0011667742888858282,
"avg_TS_ap_2": 0.990738810648,
"std_TS_ap_2": 0.00032259244810028265,
"avg_TS_auc_2": 0.9281304444444445,
"std_TS_auc_2": 0.0015259849780015304,
"avg_TS_f1_3": 0.9444419751714601,
"std_TS_f1_3": 0.000777821969924607,
"avg_TS_ap_3": 0.9797397651574921,
"std_TS_ap_3": 0.0007152109061730046,
"avg_TS_auc_3": 0.8592152666666667,
"std_TS_auc_3": 0.004064673307055139,
"avg_TS_f1_4": 0.9438524596371878,
"std_TS_f1_4": 0.0008169274159131549,
"avg_TS_ap_4": 0.9880173490959068,
"std_TS_ap_4": 0.00039905506858229956,
"avg_TS_auc_4": 0.908829788888889,
"std_TS_auc_4": 0.0024549908353654662,
"avg_TS_f1_5": 0.9605653598039398,
"std_TS_f1_5": 0.001159517090173128,
"avg_TS_ap_5": 0.9923531131137668,
"std_TS_ap_5": 0.0004706232449477756,
"avg_TS_auc_5": 0.9392343666666667,
"std_TS_auc_5": 0.003735597646434843,
"avg_TS_f1_6": 0.9275642436925509,
"std_TS_f1_6": 0.0009740202123662225,
"avg_TS_ap_6": 0.976077136792914,
"std_TS_ap_6": 0.00045061758786033756,
"avg_TS_auc_6": 0.8252064888888888,
"std_TS_auc_6": 0.0013264976876378749,
"avg_TS_f1_7": 0.9747544283324382,
"std_TS_f1_7": 0.0003475118745853478,
"avg_TS_ap_7": 0.9977778831854348,
"std_TS_ap_7": 6.363892994945665e-05,
"avg_TS_auc_7": 0.981229088888889,
"std_TS_auc_7": 0.00024249693036114108,
"avg_TS_f1_8": 0.956464760335102,
"std_TS_f1_8": 0.0016956007089135555,
"avg_TS_ap_8": 0.979882877759011,
"std_TS_ap_8": 0.0003463036045862744,
"avg_TS_auc_8": 0.8800016777777777,
"std_TS_auc_8": 0.002944634123743727,
"avg_TS_f1_9": 0.9786775339370705,
"std_TS_f1_9": 0.00037291971809676183,
"avg_TS_ap_9": 0.9977417286192996,
"std_TS_ap_9": 9.496301770824201e-05,
"avg_TS_auc_9": 0.9820430666666666,
"std_TS_auc_9": 0.0007153866479389786,
"avg_TS_f1_all": 0.9586262115676372,
"std_TS_f1_all": 0.00033520195994604125,
"avg_TS_ap_all": 0.988341999715403,
"std_TS_ap_all": 6.128870621993018e-05,
"avg_TS_auc_all": 0.9181493244444445,
"std_TS_auc_all": 0.0003645768338569895
}