{
"avg_TS_f1_0": 0.9473087393085551,
"std_TS_f1_0": 0.0017324777239573895,
"avg_TS_ap_0": 0.9704647611957613,
"std_TS_ap_0": 0.0016911662525868221,
"avg_TS_auc_0": 0.8553108777777778,
"std_TS_auc_0": 0.004263835681521103,
"avg_TS_f1_1": 0.9920664876443752,
"std_TS_f1_1": 0.00028423491780906764,
"avg_TS_ap_1": 0.9993787809487923,
"std_TS_ap_1": 8.77956220417148e-05,
"avg_TS_auc_1": 0.9955062333333334,
"std_TS_auc_1": 0.00043160973512745127,
"avg_TS_f1_2": 0.953164060909276,
"std_TS_f1_2": 0.0010939685584617014,
"avg_TS_ap_2": 0.9853891450936489,
"std_TS_ap_2": 0.0009649396563863043,
"avg_TS_auc_2": 0.9229079222222222,
"std_TS_auc_2": 0.0022096351859666316,
"avg_TS_f1_3": 0.9201742356056817,
"std_TS_f1_3": 0.002268987605118814,
"avg_TS_ap_3": 0.9470427918182998,
"std_TS_ap_3": 0.004587379227833757,
"avg_TS_auc_3": 0.7082270222222222,
"std_TS_auc_3": 0.02210515655685821,
"avg_TS_f1_4": 0.9398757498873394,
"std_TS_f1_4": 0.0014731607652869606,
"avg_TS_ap_4": 0.9846280373652749,
"std_TS_ap_4": 0.0010025648688608872,
"avg_TS_auc_4": 0.9011281222222223,
"std_TS_auc_4": 0.003029397084903951,
"avg_TS_f1_5": 0.963865819706033,
"std_TS_f1_5": 0.00209801394834312,
"avg_TS_ap_5": 0.9962055693600972,
"std_TS_ap_5": 0.00034065392139891236,
"avg_TS_auc_5": 0.9697284222222222,
"std_TS_auc_5": 0.0022085615819429473,
"avg_TS_f1_6": 0.9228700649535393,
"std_TS_f1_6": 0.0009437576312629584,
"avg_TS_ap_6": 0.9626552361013317,
"std_TS_ap_6": 0.0019919877180328252,
"avg_TS_auc_6": 0.7912139444444445,
"std_TS_auc_6": 0.001694019064273927,
"avg_TS_f1_7": 0.9800108969016798,
"std_TS_f1_7": 0.0019576230798398916,
"avg_TS_ap_7": 0.9988105423757446,
"std_TS_ap_7": 0.00015376793128502573,
"avg_TS_auc_7": 0.9892924555555556,
"std_TS_auc_7": 0.0015517339438811033,
"avg_TS_f1_8": 0.9362756227197806,
"std_TS_f1_8": 0.0030660846992735832,
"avg_TS_ap_8": 0.9726627817242072,
"std_TS_ap_8": 0.004072787705271796,
"avg_TS_auc_8": 0.8608699888888889,
"std_TS_auc_8": 0.013890065599281586,
"avg_TS_f1_9": 0.9785219783815149,
"std_TS_f1_9": 0.000523266728740539,
"avg_TS_ap_9": 0.9976164414877562,
"std_TS_ap_9": 0.0003411732804894275,
"avg_TS_auc_9": 0.9841708555555554,
"std_TS_auc_9": 0.0007978282076292373,
"avg_TS_f1_all": 0.9534133656017776,
"std_TS_f1_all": 0.0006713115494184018,
"avg_TS_ap_all": 0.9814854087470914,
"std_TS_ap_all": 0.0007341370783271773,
"avg_TS_auc_all": 0.8978355844444443,
"std_TS_auc_all": 0.0027907294139094684
}