{
"avg_TS_f1_0": 0.9622107080022964,
"std_TS_f1_0": 0.0011943352488127965,
"avg_TS_ap_0": 0.9824264740350621,
"std_TS_ap_0": 0.0023505519859831673,
"avg_TS_auc_0": 0.8983564666666666,
"std_TS_auc_0": 0.007927098060528503,
"avg_TS_f1_1": 0.9705999999999999,
"std_TS_f1_1": 0.0019175601782048261,
"avg_TS_ap_1": 0.9827000389263457,
"std_TS_ap_1": 0.007003708723936656,
"avg_TS_auc_1": 0.9211160555555555,
"std_TS_auc_1": 0.015336890810625092,
"avg_TS_f1_2": 0.9548444444444446,
"std_TS_f1_2": 0.0023566035404610406,
"avg_TS_ap_2": 0.9790129706047036,
"std_TS_ap_2": 0.0034634491710776355,
"avg_TS_auc_2": 0.8727572888888888,
"std_TS_auc_2": 0.008481506460310963,
"avg_TS_f1_3": 0.9410875814088436,
"std_TS_f1_3": 0.0006558747927859294,
"avg_TS_ap_3": 0.9152553164272008,
"std_TS_ap_3": 0.004584359591822376,
"avg_TS_auc_3": 0.6773653888888889,
"std_TS_auc_3": 0.007097295538216701,
"avg_TS_f1_4": 0.9439765307949207,
"std_TS_f1_4": 0.001380111629320583,
"avg_TS_ap_4": 0.9665123149032105,
"std_TS_ap_4": 0.004577399129427898,
"avg_TS_auc_4": 0.8093109333333333,
"std_TS_auc_4": 0.01398616833471251,
"avg_TS_f1_5": 0.9588986956065462,
"std_TS_f1_5": 0.011442713940833016,
"avg_TS_ap_5": 0.9422649447616991,
"std_TS_ap_5": 0.044511599246708965,
"avg_TS_auc_5": 0.8094227333333333,
"std_TS_auc_5": 0.13270036823384027,
"avg_TS_f1_6": 0.9275864869035934,
"std_TS_f1_6": 0.0005678950804342787,
"avg_TS_ap_6": 0.9518068163317542,
"std_TS_ap_6": 0.0027832127378411295,
"avg_TS_auc_6": 0.7381774333333334,
"std_TS_auc_6": 0.009018530874267907,
"avg_TS_f1_7": 0.959232870961967,
"std_TS_f1_7": 0.0011116849721964034,
"avg_TS_ap_7": 0.9430943230595605,
"std_TS_ap_7": 0.005188792951754394,
"avg_TS_auc_7": 0.7612761666666668,
"std_TS_auc_7": 0.008964716101486272,
"avg_TS_f1_8": 0.9659333333333333,
"std_TS_f1_8": 0.0021379579503654645,
"avg_TS_ap_8": 0.9693434174572321,
"std_TS_ap_8": 0.020796907128790777,
"avg_TS_auc_8": 0.8575325555555556,
"std_TS_auc_8": 0.059381423658600684,
"avg_TS_f1_9": 0.9645111111111111,
"std_TS_f1_9": 0.0014950122836937514,
"avg_TS_ap_9": 0.9577674054794713,
"std_TS_ap_9": 0.016440124076681367,
"avg_TS_auc_9": 0.8170412333333334,
"std_TS_auc_9": 0.051832539529367665,
"avg_TS_f1_all": 0.9548881762567056,
"std_TS_f1_all": 0.001465872191467019,
"avg_TS_ap_all": 0.9590184021986239,
"std_TS_ap_all": 0.004316190986095194,
"avg_TS_auc_all": 0.8162356255555554,
"std_TS_auc_all": 0.014085343879390182
}