{
"avg_TS_f1_0": 0.936198738201505,
"std_TS_f1_0": 0.011653485098996117,
"avg_TS_ap_0": 0.970608981920394,
"std_TS_ap_0": 0.005330020541118258,
"avg_TS_auc_0": 0.8126460777777776,
"std_TS_auc_0": 0.038420972920753596,
"avg_TS_f1_1": 0.9809333333333334,
"std_TS_f1_1": 0.005630428793179207,
"avg_TS_ap_1": 0.9864374770433283,
"std_TS_ap_1": 0.0007113690016987596,
"avg_TS_auc_1": 0.9405352777777777,
"std_TS_auc_1": 0.008562965304145513,
"avg_TS_f1_2": 0.9450876715373075,
"std_TS_f1_2": 0.0023260224893166285,
"avg_TS_ap_2": 0.9818675825110514,
"std_TS_ap_2": 0.002934991999996783,
"avg_TS_auc_2": 0.8782720555555557,
"std_TS_auc_2": 0.017401017393698596,
"avg_TS_f1_3": 0.9277539023772926,
"std_TS_f1_3": 0.006148685549303835,
"avg_TS_ap_3": 0.9588865301681887,
"std_TS_ap_3": 0.003958456709767806,
"avg_TS_auc_3": 0.7517262555555555,
"std_TS_auc_3": 0.02547688285234962,
"avg_TS_f1_4": 0.9314755992616874,
"std_TS_f1_4": 0.004965097513854063,
"avg_TS_ap_4": 0.9792543493715689,
"std_TS_ap_4": 0.003275829438345204,
"avg_TS_auc_4": 0.8534203777777776,
"std_TS_auc_4": 0.021412231330765658,
"avg_TS_f1_5": 0.9342771326802106,
"std_TS_f1_5": 0.007698002726099995,
"avg_TS_ap_5": 0.9743191091706673,
"std_TS_ap_5": 0.00754340235873457,
"avg_TS_auc_5": 0.8252809222222224,
"std_TS_auc_5": 0.04590249591892758,
"avg_TS_f1_6": 0.9189213511861771,
"std_TS_f1_6": 0.0036232800475123005,
"avg_TS_ap_6": 0.9609905433118742,
"std_TS_ap_6": 0.0039879545617249905,
"avg_TS_auc_6": 0.7489327777777778,
"std_TS_auc_6": 0.024168607252864387,
"avg_TS_f1_7": 0.9655555555555555,
"std_TS_f1_7": 0.007066177481321208,
"avg_TS_ap_7": 0.9945562496022742,
"std_TS_ap_7": 0.0016631968123799797,
"avg_TS_auc_7": 0.9588173888888889,
"std_TS_auc_7": 0.012844989950690217,
"avg_TS_f1_8": 0.9276429295454687,
"std_TS_f1_8": 0.008093908745954328,
"avg_TS_ap_8": 0.9465885003599295,
"std_TS_ap_8": 0.006843852259013463,
"avg_TS_auc_8": 0.7157623444444444,
"std_TS_auc_8": 0.0415678227709877,
"avg_TS_f1_9": 0.9759886388749992,
"std_TS_f1_9": 0.0031536355991142453,
"avg_TS_ap_9": 0.9941638271421791,
"std_TS_ap_9": 0.001707540991994196,
"avg_TS_auc_9": 0.9601156,
"std_TS_auc_9": 0.009063993634182125,
"avg_TS_f1_all": 0.9443834852553536,
"std_TS_f1_all": 0.001325444399813666,
"avg_TS_ap_all": 0.9747673150601456,
"std_TS_ap_all": 0.0014061926878937917,
"avg_TS_auc_all": 0.8445509077777776,
"std_TS_auc_all": 0.008744917124629369
}