{
"avg_TS_f1_0": 0.9517333333333333,
"std_TS_f1_0": 0.006447355664280379,
"avg_TS_ap_0": 0.9848322392543082,
"std_TS_ap_0": 0.0018249009767010711,
"avg_TS_auc_0": 0.8901611444444443,
"std_TS_auc_0": 0.01485021863872801,
"avg_TS_f1_1": 0.9879887388805552,
"std_TS_f1_1": 0.0015132182583957306,
"avg_TS_ap_1": 0.9934839007291586,
"std_TS_ap_1": 0.0009998716513181726,
"avg_TS_auc_1": 0.9678949333333333,
"std_TS_auc_1": 0.003761319370961562,
"avg_TS_f1_2": 0.950911111111111,
"std_TS_f1_2": 0.0028366211860392115,
"avg_TS_ap_2": 0.9891122249040109,
"std_TS_ap_2": 0.0017406879954811171,
"avg_TS_auc_2": 0.9164621666666666,
"std_TS_auc_2": 0.008526451967007055,
"avg_TS_f1_3": 0.9415555555555555,
"std_TS_f1_3": 0.004943133409208637,
"avg_TS_ap_3": 0.9802368217033521,
"std_TS_ap_3": 0.003287572867787727,
"avg_TS_auc_3": 0.854963711111111,
"std_TS_auc_3": 0.022622048451646518,
"avg_TS_f1_4": 0.9360104549018157,
"std_TS_f1_4": 0.004217417876356635,
"avg_TS_ap_4": 0.9870521691298848,
"std_TS_ap_4": 0.0018711563941494391,
"avg_TS_auc_4": 0.8942622777777778,
"std_TS_auc_4": 0.013558705857569825,
"avg_TS_f1_5": 0.9600878666098733,
"std_TS_f1_5": 0.006949970288136843,
"avg_TS_ap_5": 0.9934414556110097,
"std_TS_ap_5": 0.0015475333224774642,
"avg_TS_auc_5": 0.9471372555555556,
"std_TS_auc_5": 0.012926069374612017,
"avg_TS_f1_6": 0.9231657734071644,
"std_TS_f1_6": 0.002861223894210402,
"avg_TS_ap_6": 0.9736712105662019,
"std_TS_ap_6": 0.0029791075010442702,
"avg_TS_auc_6": 0.8037895,
"std_TS_auc_6": 0.015443445741051146,
"avg_TS_f1_7": 0.9727555555555554,
"std_TS_f1_7": 0.0032229118036066805,
"avg_TS_ap_7": 0.9972378132684696,
"std_TS_ap_7": 0.0002785951791393867,
"avg_TS_auc_7": 0.9768811222222222,
"std_TS_auc_7": 0.0030684140197812884,
"avg_TS_f1_8": 0.9579428869505096,
"std_TS_f1_8": 0.008386353063931755,
"avg_TS_ap_8": 0.986799095625973,
"std_TS_ap_8": 0.0027504357074009693,
"avg_TS_auc_8": 0.910714777777778,
"std_TS_auc_8": 0.022136929300895343,
"avg_TS_f1_9": 0.9759555555555556,
"std_TS_f1_9": 0.006381145065400012,
"avg_TS_ap_9": 0.997687343983652,
"std_TS_ap_9": 0.0007191386193104482,
"avg_TS_auc_9": 0.9801645777777777,
"std_TS_auc_9": 0.006785179026960323,
"avg_TS_f1_all": 0.9558106831861028,
"std_TS_f1_all": 0.0011887942533775565,
"avg_TS_ap_all": 0.9883554274776021,
"std_TS_ap_all": 0.0008110640282593543,
"avg_TS_auc_all": 0.9142431466666666,
"std_TS_auc_all": 0.005154975242292583
}