{
"avg_TS_f1_0": 0.9462103746504436,
"std_TS_f1_0": 0.007247588090038197,
"avg_TS_ap_0": 0.980454569718947,
"std_TS_ap_0": 0.0029930734288074116,
"avg_TS_auc_0": 0.8645039555555554,
"std_TS_auc_0": 0.022717330223248004,
"avg_TS_f1_1": 0.9867111111111111,
"std_TS_f1_1": 0.001817065875267519,
"avg_TS_ap_1": 0.9908748776070919,
"std_TS_ap_1": 0.0006558449078732214,
"avg_TS_auc_1": 0.9606095333333334,
"std_TS_auc_1": 0.0025627650187798235,
"avg_TS_f1_2": 0.9503988752461556,
"std_TS_f1_2": 0.0038501634290052356,
"avg_TS_ap_2": 0.9882043563680076,
"std_TS_ap_2": 0.001123417415687448,
"avg_TS_auc_2": 0.9113237111111111,
"std_TS_auc_2": 0.005886082058803075,
"avg_TS_f1_3": 0.937311111111111,
"std_TS_f1_3": 0.007661801999304301,
"avg_TS_ap_3": 0.973544304909902,
"std_TS_ap_3": 0.005426654680504362,
"avg_TS_auc_3": 0.8222911999999999,
"std_TS_auc_3": 0.03410093476159152,
"avg_TS_f1_4": 0.9364312597613449,
"std_TS_f1_4": 0.003955302965223712,
"avg_TS_ap_4": 0.9846556494307407,
"std_TS_ap_4": 0.0021085619989945343,
"avg_TS_auc_4": 0.8842903444444443,
"std_TS_auc_4": 0.014942252374688655,
"avg_TS_f1_5": 0.9574774154119673,
"std_TS_f1_5": 0.007028142922441023,
"avg_TS_ap_5": 0.9911021388259857,
"std_TS_ap_5": 0.0022152925640415346,
"avg_TS_auc_5": 0.9316475444444444,
"std_TS_auc_5": 0.01850615644744428,
"avg_TS_f1_6": 0.9223657598261632,
"std_TS_f1_6": 0.0029563587765386637,
"avg_TS_ap_6": 0.9688943398348344,
"std_TS_ap_6": 0.0034626445984988815,
"avg_TS_auc_6": 0.7840776444444445,
"std_TS_auc_6": 0.018565126246776902,
"avg_TS_f1_7": 0.9724222222222224,
"std_TS_f1_7": 0.003085129606897912,
"avg_TS_ap_7": 0.9967899802197623,
"std_TS_ap_7": 0.0005459185524478044,
"avg_TS_auc_7": 0.9740023666666666,
"std_TS_auc_7": 0.004995052647506089,
"avg_TS_f1_8": 0.9461777777777778,
"std_TS_f1_8": 0.00686900355776171,
"avg_TS_ap_8": 0.9749264078241028,
"std_TS_ap_8": 0.004105638116775569,
"avg_TS_auc_8": 0.8459950444444443,
"std_TS_auc_8": 0.026337202315787425,
"avg_TS_f1_9": 0.9770552067707465,
"std_TS_f1_9": 0.004979311739133894,
"avg_TS_ap_9": 0.996854421463448,
"std_TS_ap_9": 0.0009401366225517917,
"avg_TS_auc_9": 0.9755995555555556,
"std_TS_auc_9": 0.007267906577788204,
"avg_TS_f1_all": 0.9532561113889042,
"std_TS_f1_all": 0.0016420057349207447,
"avg_TS_ap_all": 0.9846301046202821,
"std_TS_ap_all": 0.0011104889801776385,
"avg_TS_auc_all": 0.89543409,
"std_TS_auc_all": 0.007376537336685209
}