{
"avg_TS_f1_0": 0.9368444444444444,
"std_TS_f1_0": 0.015135209542693323,
"avg_TS_ap_0": 0.9788925764066502,
"std_TS_ap_0": 0.0063514425456110205,
"avg_TS_auc_0": 0.8469101111111111,
"std_TS_auc_0": 0.050850886703644745,
"avg_TS_f1_1": 0.9696888888888889,
"std_TS_f1_1": 0.008312834046012421,
"avg_TS_ap_1": 0.991159483080563,
"std_TS_ap_1": 0.004306047799198308,
"avg_TS_auc_1": 0.9432676888888889,
"std_TS_auc_1": 0.024008051968387435,
"avg_TS_f1_2": 0.9236666666666666,
"std_TS_f1_2": 0.013169737100969102,
"avg_TS_ap_2": 0.9753452848888411,
"std_TS_ap_2": 0.009869453498295733,
"avg_TS_auc_2": 0.8117529555555556,
"std_TS_auc_2": 0.06800992914933837,
"avg_TS_f1_3": 0.9305215351470142,
"std_TS_f1_3": 0.004131644336834777,
"avg_TS_ap_3": 0.9683376625030924,
"std_TS_ap_3": 0.005014518227323626,
"avg_TS_auc_3": 0.7911417333333333,
"std_TS_auc_3": 0.02385743272592632,
"avg_TS_f1_4": 0.9192222222222222,
"std_TS_f1_4": 0.006172419738813818,
"avg_TS_ap_4": 0.9754875535901514,
"std_TS_ap_4": 0.005037416278585292,
"avg_TS_auc_4": 0.814123711111111,
"std_TS_auc_4": 0.029991756060200422,
"avg_TS_f1_5": 0.9245777777777778,
"std_TS_f1_5": 0.009954315398947765,
"avg_TS_ap_5": 0.9660909897633093,
"std_TS_ap_5": 0.01802562588968263,
"avg_TS_auc_5": 0.781359111111111,
"std_TS_auc_5": 0.09646931930928884,
"avg_TS_f1_6": 0.909,
"std_TS_f1_6": 0.0014159584286288008,
"avg_TS_ap_6": 0.9591938449686402,
"std_TS_ap_6": 0.0020614179445300673,
"avg_TS_auc_6": 0.7169412111111111,
"std_TS_auc_6": 0.0075047297764661725,
"avg_TS_f1_7": 0.9324666666666668,
"std_TS_f1_7": 0.008142375059215697,
"avg_TS_ap_7": 0.9830945171560567,
"std_TS_ap_7": 0.006056250818114032,
"avg_TS_auc_7": 0.8649571333333335,
"std_TS_auc_7": 0.03959034415023535,
"avg_TS_f1_8": 0.9358328660234211,
"std_TS_f1_8": 0.01753427900796029,
"avg_TS_ap_8": 0.9749289201961295,
"std_TS_ap_8": 0.007151308474812787,
"avg_TS_auc_8": 0.8301930000000001,
"std_TS_auc_8": 0.05745345210676162,
"avg_TS_f1_9": 0.944310022161725,
"std_TS_f1_9": 0.015685801479515524,
"avg_TS_ap_9": 0.9861020954244939,
"std_TS_ap_9": 0.005158920405852259,
"avg_TS_auc_9": 0.8922636777777777,
"std_TS_auc_9": 0.04283658005454717,
"avg_TS_f1_all": 0.9326131089998826,
"std_TS_f1_all": 0.0040549984280378246,
"avg_TS_ap_all": 0.9758632927977928,
"std_TS_ap_all": 0.00116648498243616,
"avg_TS_auc_all": 0.8292910333333335,
"std_TS_auc_all": 0.01083817961882556
}