{
"avg_TS_f1_0": 0.9282222222222222,
"std_TS_f1_0": 0.008593135359613644,
"avg_TS_ap_0": 0.9555887452268177,
"std_TS_ap_0": 0.017209467638135356,
"avg_TS_auc_0": 0.7466419777777779,
"std_TS_auc_0": 0.06510361896051783,
"avg_TS_f1_1": 0.9735777777777777,
"std_TS_f1_1": 0.011169712133076777,
"avg_TS_ap_1": 0.9917319447736412,
"std_TS_ap_1": 0.0040090840199769415,
"avg_TS_auc_1": 0.9474664222222222,
"std_TS_auc_1": 0.03064830875290001,
"avg_TS_f1_2": 0.9372666666666667,
"std_TS_f1_2": 0.012460426245607418,
"avg_TS_ap_2": 0.9802425165139621,
"std_TS_ap_2": 0.005488786199131033,
"avg_TS_auc_2": 0.8536773777777779,
"std_TS_auc_2": 0.04069646178451229,
"avg_TS_f1_3": 0.9326444444444444,
"std_TS_f1_3": 0.006932977198830685,
"avg_TS_ap_3": 0.9732904421168834,
"std_TS_ap_3": 0.005663848939599116,
"avg_TS_auc_3": 0.8118562888888888,
"std_TS_auc_3": 0.036360091712412716,
"avg_TS_f1_4": 0.9341777777777779,
"std_TS_f1_4": 0.0029123830978499323,
"avg_TS_ap_4": 0.9543705765418309,
"std_TS_ap_4": 0.03287424032920122,
"avg_TS_auc_4": 0.7873614999999999,
"std_TS_auc_4": 0.08706822866659383,
"avg_TS_f1_5": 0.9529777777777777,
"std_TS_f1_5": 0.01410934372133992,
"avg_TS_ap_5": 0.9706607389825009,
"std_TS_ap_5": 0.012319178157307764,
"avg_TS_auc_5": 0.8555883777777777,
"std_TS_auc_5": 0.05013264147013732,
"avg_TS_f1_6": 0.9138444444444443,
"std_TS_f1_6": 0.007483182791523802,
"avg_TS_ap_6": 0.9581036959390176,
"std_TS_ap_6": 0.012415696389407196,
"avg_TS_auc_6": 0.7330752111111111,
"std_TS_auc_6": 0.05512065888753107,
"avg_TS_f1_7": 0.9481777777777778,
"std_TS_f1_7": 0.007132467929506034,
"avg_TS_ap_7": 0.9896777871859662,
"std_TS_ap_7": 0.004283355867663073,
"avg_TS_auc_7": 0.9193599777777777,
"std_TS_auc_7": 0.02642851307186294,
"avg_TS_f1_8": 0.9582222222222221,
"std_TS_f1_8": 0.006972963661329603,
"avg_TS_ap_8": 0.9754032359545171,
"std_TS_ap_8": 0.012141205602988403,
"avg_TS_auc_8": 0.8752638000000001,
"std_TS_auc_8": 0.04767069363179587,
"avg_TS_f1_9": 0.9473555555555555,
"std_TS_f1_9": 0.006938317296980612,
"avg_TS_ap_9": 0.9778705706191009,
"std_TS_ap_9": 0.004718318522109826,
"avg_TS_auc_9": 0.866015611111111,
"std_TS_auc_9": 0.025337643581374934,
"avg_TS_f1_all": 0.9426466666666666,
"std_TS_f1_all": 0.0034479938701214435,
"avg_TS_ap_all": 0.9726940253854238,
"std_TS_ap_all": 0.005532093626934304,
"avg_TS_auc_all": 0.8396306544444443,
"std_TS_auc_all": 0.02111270968929721
}