{
"avg_TS_f1_0": 0.8919210067225958,
"std_TS_f1_0": 0.001541278332716581,
"avg_TS_ap_0": 0.7699286868826263,
"std_TS_ap_0": 0.005401040335315936,
"avg_TS_auc_0": 0.1247670111111111,
"std_TS_auc_0": 0.025589839795507767,
"avg_TS_f1_1": 0.9126321153644339,
"std_TS_f1_1": 0.0253717422170403,
"avg_TS_ap_1": 0.8127911158424951,
"std_TS_ap_1": 0.06244576182161282,
"avg_TS_auc_1": 0.32046742222222224,
"std_TS_auc_1": 0.2462209952854323,
"avg_TS_f1_2": 0.9196199702452604,
"std_TS_f1_2": 0.024931239641537675,
"avg_TS_ap_2": 0.878757122413972,
"std_TS_ap_2": 0.09351115029701065,
"avg_TS_auc_2": 0.5215788666666666,
"std_TS_auc_2": 0.33758352694110133,
"avg_TS_f1_3": 0.9212,
"std_TS_f1_3": 0.01293696016348529,
"avg_TS_ap_3": 0.9458989263726348,
"std_TS_ap_3": 0.029728923818118928,
"avg_TS_auc_3": 0.7052975555555555,
"std_TS_auc_3": 0.10127769648009168,
"avg_TS_f1_4": 0.9098202739658376,
"std_TS_f1_4": 0.010585599463780956,
"avg_TS_ap_4": 0.8714774504229762,
"std_TS_ap_4": 0.042329091050263494,
"avg_TS_auc_4": 0.4884092444444444,
"std_TS_auc_4": 0.16155302136405195,
"avg_TS_f1_5": 0.918175786309116,
"std_TS_f1_5": 0.021582957645645096,
"avg_TS_ap_5": 0.8636068018600822,
"std_TS_ap_5": 0.051424156532457035,
"avg_TS_auc_5": 0.4868855777777778,
"std_TS_auc_5": 0.1990054120411085,
"avg_TS_f1_6": 0.9038222222222222,
"std_TS_f1_6": 0.009431913255237276,
"avg_TS_ap_6": 0.8647368899864126,
"std_TS_ap_6": 0.04532917047680834,
"avg_TS_auc_6": 0.41706895555555556,
"std_TS_auc_6": 0.1509788275039775,
"avg_TS_f1_7": 0.9469656882172467,
"std_TS_f1_7": 0.0195846726542219,
"avg_TS_ap_7": 0.9461186370952145,
"std_TS_ap_7": 0.07111416993937641,
"avg_TS_auc_7": 0.7926527,
"std_TS_auc_7": 0.2476315231226982,
"avg_TS_f1_8": 0.9143311517306516,
"std_TS_f1_8": 0.03848233619972133,
"avg_TS_ap_8": 0.8382402643295152,
"std_TS_ap_8": 0.08501306620737041,
"avg_TS_auc_8": 0.38148471111111115,
"std_TS_auc_8": 0.3255017645732952,
"avg_TS_f1_9": 0.9622666666666667,
"std_TS_f1_9": 0.030613448186647393,
"avg_TS_ap_9": 0.957309049146207,
"std_TS_ap_9": 0.07812358548733313,
"avg_TS_auc_9": 0.8326959555555555,
"std_TS_auc_9": 0.2813579159621354,
"avg_TS_f1_all": 0.9200754881444032,
"std_TS_f1_all": 0.006441030129050193,
"avg_TS_ap_all": 0.8748864944352135,
"std_TS_ap_all": 0.018768078699866454,
"avg_TS_auc_all": 0.5071308,
"std_TS_auc_all": 0.06759107192508387
}