{
"avg_TS_f1_0": 0.95754399195017,
"std_TS_f1_0": 0.0012566514683583754,
"avg_TS_ap_0": 0.9878519777145218,
"std_TS_ap_0": 0.001230204755410707,
"avg_TS_auc_0": 0.9106925888888888,
"std_TS_auc_0": 0.00835061010601709,
"avg_TS_f1_1": 0.9899999999999999,
"std_TS_f1_1": 0.0010423146132940927,
"avg_TS_ap_1": 0.9958626781768505,
"std_TS_ap_1": 0.000517295656530348,
"avg_TS_auc_1": 0.9772168888888888,
"std_TS_auc_1": 0.001773920890896945,
"avg_TS_f1_2": 0.9520666666666667,
"std_TS_f1_2": 0.003106822440856942,
"avg_TS_ap_2": 0.9909810173666671,
"std_TS_ap_2": 0.0005224346272904813,
"avg_TS_auc_2": 0.9269378222222221,
"std_TS_auc_2": 0.004605641118411757,
"avg_TS_f1_3": 0.9403881104505805,
"std_TS_f1_3": 0.006534917904922985,
"avg_TS_ap_3": 0.9805628206145582,
"std_TS_ap_3": 0.0036543576694971318,
"avg_TS_auc_3": 0.8564892777777778,
"std_TS_auc_3": 0.02542506558329429,
"avg_TS_f1_4": 0.9362,
"std_TS_f1_4": 0.0053223961929349094,
"avg_TS_ap_4": 0.9877219400943668,
"std_TS_ap_4": 0.0016324688687945753,
"avg_TS_auc_4": 0.8975090666666666,
"std_TS_auc_4": 0.012959519528054447,
"avg_TS_f1_5": 0.9637439178719805,
"std_TS_f1_5": 0.006454312192304442,
"avg_TS_ap_5": 0.9957273077753521,
"std_TS_ap_5": 0.0010928050162275793,
"avg_TS_auc_5": 0.9630664999999998,
"std_TS_auc_5": 0.009639446301269663,
"avg_TS_f1_6": 0.9251658845244488,
"std_TS_f1_6": 0.003429064328717427,
"avg_TS_ap_6": 0.9771101001012699,
"std_TS_ap_6": 0.0015111861235350672,
"avg_TS_auc_6": 0.8206632555555554,
"std_TS_auc_6": 0.01174507982705737,
"avg_TS_f1_7": 0.9693555555555555,
"std_TS_f1_7": 0.0028900852223753925,
"avg_TS_ap_7": 0.9972093350538014,
"std_TS_ap_7": 0.00038777572244408224,
"avg_TS_auc_7": 0.9749568777777778,
"std_TS_auc_7": 0.003521696547067902,
"avg_TS_f1_8": 0.9731555555555556,
"std_TS_f1_8": 0.0057014618008600915,
"avg_TS_ap_8": 0.9924734021354313,
"std_TS_ap_8": 0.0019599667763241886,
"avg_TS_auc_8": 0.9498697333333335,
"std_TS_auc_8": 0.013978865925291717,
"avg_TS_f1_9": 0.9772222222222222,
"std_TS_f1_9": 0.003010270485365377,
"avg_TS_ap_9": 0.9980048885461485,
"std_TS_ap_9": 0.00034445407201768094,
"avg_TS_auc_9": 0.9829736111111111,
"std_TS_auc_9": 0.002981325529622709,
"avg_TS_f1_all": 0.958484190479718,
"std_TS_f1_all": 0.0009124596658763604,
"avg_TS_ap_all": 0.9903505467578968,
"std_TS_ap_all": 0.00038607218532236813,
"avg_TS_auc_all": 0.9260375622222222,
"std_TS_auc_all": 0.0025070483455660276
}