{
"avg_TS_f1_0": 0.9597662129377558,
"std_TS_f1_0": 0.0006114561566507279,
"avg_TS_ap_0": 0.9876554531807752,
"std_TS_ap_0": 0.0005997232567424827,
"avg_TS_auc_0": 0.9100783888888888,
"std_TS_auc_0": 0.003921669560213698,
"avg_TS_f1_1": 0.9909555555555556,
"std_TS_f1_1": 0.0003189488909868165,
"avg_TS_ap_1": 0.9960897974958591,
"std_TS_ap_1": 0.0006406936761819716,
"avg_TS_auc_1": 0.9798323555555555,
"std_TS_auc_1": 0.0025800466082496728,
"avg_TS_f1_2": 0.9556879369841533,
"std_TS_f1_2": 0.0014800426425854124,
"avg_TS_ap_2": 0.9910918977643043,
"std_TS_ap_2": 0.0007552360133787523,
"avg_TS_auc_2": 0.9314535333333334,
"std_TS_auc_2": 0.004790025837271462,
"avg_TS_f1_3": 0.943841919612818,
"std_TS_f1_3": 0.002031018351323727,
"avg_TS_ap_3": 0.9666855232521666,
"std_TS_ap_3": 0.006933486625433757,
"avg_TS_auc_3": 0.814313511111111,
"std_TS_auc_3": 0.023234257578231422,
"avg_TS_f1_4": 0.9430993499638868,
"std_TS_f1_4": 0.0008875589096479392,
"avg_TS_ap_4": 0.9885994091496322,
"std_TS_ap_4": 0.0006410789678747001,
"avg_TS_auc_4": 0.9084110333333333,
"std_TS_auc_4": 0.003475477402076705,
"avg_TS_f1_5": 0.9675555555555556,
"std_TS_f1_5": 0.0011331154474650837,
"avg_TS_ap_5": 0.9967317304018165,
"std_TS_ap_5": 0.00020856800875121044,
"avg_TS_auc_5": 0.9710825222222222,
"std_TS_auc_5": 0.0017426203937011466,
"avg_TS_f1_6": 0.9271642473964604,
"std_TS_f1_6": 0.0004893842805758076,
"avg_TS_ap_6": 0.9716260747566459,
"std_TS_ap_6": 0.0047122243058109635,
"avg_TS_auc_6": 0.803673188888889,
"std_TS_auc_6": 0.01735270777833375,
"avg_TS_f1_7": 0.9768325573642981,
"std_TS_f1_7": 0.0012547273600412698,
"avg_TS_ap_7": 0.9982893535150223,
"std_TS_ap_7": 0.0001906454348053057,
"avg_TS_auc_7": 0.9846573555555557,
"std_TS_auc_7": 0.0017110252498660564,
"avg_TS_f1_8": 0.9788888888888888,
"std_TS_f1_8": 0.0029971179572019983,
"avg_TS_ap_8": 0.9926984371180598,
"std_TS_ap_8": 0.0017750244694397037,
"avg_TS_auc_8": 0.9555605,
"std_TS_auc_8": 0.010134025690467808,
"avg_TS_f1_9": 0.9809777777777777,
"std_TS_f1_9": 0.0010503379820530454,
"avg_TS_ap_9": 0.9985443392405452,
"std_TS_ap_9": 0.00011791775216721836,
"avg_TS_auc_9": 0.987668611111111,
"std_TS_auc_9": 0.0009281619583820835,
"avg_TS_f1_all": 0.9624770002037151,
"std_TS_f1_all": 0.0003306763282037535,
"avg_TS_ap_all": 0.9888012015874826,
"std_TS_ap_all": 0.0011228163328120442,
"avg_TS_auc_all": 0.9246731,
"std_TS_auc_all": 0.004292191785270468
}