{
"avg_TS_f1_0": 0.9455204091585335,
"std_TS_f1_0": 0.00018033737875500065,
"avg_TS_ap_0": 0.974041756550406,
"std_TS_ap_0": 0.0006592341537594509,
"avg_TS_auc_0": 0.8396390888888888,
"std_TS_auc_0": 0.002733672300255702,
"avg_TS_f1_1": 0.9808104721867265,
"std_TS_f1_1": 0.0006672342233757667,
"avg_TS_ap_1": 0.9912482402921361,
"std_TS_ap_1": 0.0003893313744941479,
"avg_TS_auc_1": 0.9541878,
"std_TS_auc_1": 0.0017442358387656713,
"avg_TS_f1_2": 0.9507544838910803,
"std_TS_f1_2": 0.0010685467927368695,
"avg_TS_ap_2": 0.9847691626105665,
"std_TS_ap_2": 0.0005317384410017865,
"avg_TS_auc_2": 0.8938933,
"std_TS_auc_2": 0.002544208450628053,
"avg_TS_f1_3": 0.9261744911754356,
"std_TS_f1_3": 0.0006335122591713639,
"avg_TS_ap_3": 0.9628692751511064,
"std_TS_ap_3": 0.0009409464720731356,
"avg_TS_auc_3": 0.7619579444444444,
"std_TS_auc_3": 0.003782684868231274,
"avg_TS_f1_4": 0.9400091350754055,
"std_TS_f1_4": 0.0011952482210915948,
"avg_TS_ap_4": 0.9824269407653464,
"std_TS_ap_4": 0.0005715117207771408,
"avg_TS_auc_4": 0.8765110555555558,
"std_TS_auc_4": 0.0038890780263529778,
"avg_TS_f1_5": 0.9344637688973032,
"std_TS_f1_5": 0.0022985759027361282,
"avg_TS_ap_5": 0.9760547776589703,
"std_TS_ap_5": 0.001690118142059153,
"avg_TS_auc_5": 0.8306502,
"std_TS_auc_5": 0.010496424594411765,
"avg_TS_f1_6": 0.9247402580390389,
"std_TS_f1_6": 0.0011124150213854685,
"avg_TS_ap_6": 0.9661286089202289,
"std_TS_ap_6": 0.0010446105834025,
"avg_TS_auc_6": 0.7787824444444444,
"std_TS_auc_6": 0.003874244179574005,
"avg_TS_f1_7": 0.9688323153755455,
"std_TS_f1_7": 0.0011621758109103214,
"avg_TS_ap_7": 0.9950133184868586,
"std_TS_ap_7": 0.00025700939191174133,
"avg_TS_auc_7": 0.9615677,
"std_TS_auc_7": 0.0018277631791379194,
"avg_TS_f1_8": 0.9271880981042158,
"std_TS_f1_8": 0.0018584127622066733,
"avg_TS_ap_8": 0.9535789528759351,
"std_TS_ap_8": 0.001435896870905088,
"avg_TS_auc_8": 0.736232988888889,
"std_TS_auc_8": 0.009398785837227815,
"avg_TS_f1_9": 0.973532139406095,
"std_TS_f1_9": 0.0005504063031873125,
"avg_TS_ap_9": 0.9936723724392124,
"std_TS_ap_9": 0.0003451035482891443,
"avg_TS_auc_9": 0.9557940888888888,
"std_TS_auc_9": 0.0018368999974797229,
"avg_TS_f1_all": 0.947202557130938,
"std_TS_f1_all": 0.0006138396508101108,
"avg_TS_ap_all": 0.9779803405750768,
"std_TS_ap_all": 0.00013995025537084642,
"avg_TS_auc_all": 0.858921661111111,
"std_TS_auc_all": 0.0014110437947679494
}