{
"avg_TS_f1_0": 0.9640666666666666,
"std_TS_f1_0": 0.0010366136701947396,
"avg_TS_ap_0": 0.9678527055640863,
"std_TS_ap_0": 0.0017224507486112615,
"avg_TS_auc_0": 0.8617585777777779,
"std_TS_auc_0": 0.00591996766399252,
"avg_TS_f1_1": 0.977511111111111,
"std_TS_f1_1": 0.00031111111111111915,
"avg_TS_ap_1": 0.9426819857323101,
"std_TS_ap_1": 0.0028988552685622706,
"avg_TS_auc_1": 0.8525449555555558,
"std_TS_auc_1": 0.005923349573374451,
"avg_TS_f1_2": 0.9547111111111111,
"std_TS_f1_2": 0.0027885125908153692,
"avg_TS_ap_2": 0.9627213425399195,
"std_TS_ap_2": 0.0030253478998230657,
"avg_TS_auc_2": 0.8501987555555557,
"std_TS_auc_2": 0.0055027301538799174,
"avg_TS_f1_3": 0.9322873060849058,
"std_TS_f1_3": 0.0033118669974337507,
"avg_TS_ap_3": 0.942852245457822,
"std_TS_ap_3": 0.004630517305769991,
"avg_TS_auc_3": 0.7043142111111111,
"std_TS_auc_3": 0.016150969951738967,
"avg_TS_f1_4": 0.9411320036298312,
"std_TS_f1_4": 0.0021357754892400577,
"avg_TS_ap_4": 0.9607979885204522,
"std_TS_ap_4": 0.0025615817035515415,
"avg_TS_auc_4": 0.8172435666666666,
"std_TS_auc_4": 0.006920418759844307,
"avg_TS_f1_5": 0.953954088807403,
"std_TS_f1_5": 0.0165944964286226,
"avg_TS_ap_5": 0.9600219047249509,
"std_TS_ap_5": 0.008498881050252382,
"avg_TS_auc_5": 0.8308775666666666,
"std_TS_auc_5": 0.0564408258032787,
"avg_TS_f1_6": 0.9277539479695275,
"std_TS_f1_6": 0.0006022999802469556,
"avg_TS_ap_6": 0.948084004371815,
"std_TS_ap_6": 0.003161739665703902,
"avg_TS_auc_6": 0.7453914222222222,
"std_TS_auc_6": 0.008662725131173912,
"avg_TS_f1_7": 0.9603777777777779,
"std_TS_f1_7": 0.007260445859179325,
"avg_TS_ap_7": 0.9682744619926351,
"std_TS_ap_7": 0.00599877978050673,
"avg_TS_auc_7": 0.8731788444444444,
"std_TS_auc_7": 0.02468588230301424,
"avg_TS_f1_8": 0.9675214795883722,
"std_TS_f1_8": 0.01725941982260357,
"avg_TS_ap_8": 0.947961673555608,
"std_TS_ap_8": 0.05478404670733136,
"avg_TS_auc_8": 0.8269341555555554,
"std_TS_auc_8": 0.16975264778227853,
"avg_TS_f1_9": 0.9673333333333334,
"std_TS_f1_9": 0.012861081113475937,
"avg_TS_ap_9": 0.954702974311485,
"std_TS_ap_9": 0.012511053315505411,
"avg_TS_auc_9": 0.862740988888889,
"std_TS_auc_9": 0.03433111300309613,
"avg_TS_f1_all": 0.954664882608004,
"std_TS_f1_all": 0.001826157086592354,
"avg_TS_ap_all": 0.9555951286771084,
"std_TS_ap_all": 0.0036550360211021937,
"avg_TS_auc_all": 0.8225183044444444,
"std_TS_auc_all": 0.01117884646726776
}