{
"avg_TS_f1_0": 0.9452877085764024,
"std_TS_f1_0": 0.007297122380425763,
"avg_TS_ap_0": 0.9791115406364824,
"std_TS_ap_0": 0.0037400000195182007,
"avg_TS_auc_0": 0.8573287222222223,
"std_TS_auc_0": 0.023787502339580706,
"avg_TS_f1_1": 0.9848888888888888,
"std_TS_f1_1": 0.002955639096563691,
"avg_TS_ap_1": 0.9895475890679476,
"std_TS_ap_1": 0.0009266305580553505,
"avg_TS_auc_1": 0.9548676777777778,
"std_TS_auc_1": 0.004466230659952682,
"avg_TS_f1_2": 0.9495111111111111,
"std_TS_f1_2": 0.003963163719387165,
"avg_TS_ap_2": 0.9865827700529197,
"std_TS_ap_2": 0.001977102568182396,
"avg_TS_auc_2": 0.9039503,
"std_TS_auc_2": 0.0075487855418955325,
"avg_TS_f1_3": 0.9368444444444444,
"std_TS_f1_3": 0.00478505905119851,
"avg_TS_ap_3": 0.972746391499024,
"std_TS_ap_3": 0.0024496149605585135,
"avg_TS_auc_3": 0.8192398888888889,
"std_TS_auc_3": 0.01328328693202547,
"avg_TS_f1_4": 0.9370548610725287,
"std_TS_f1_4": 0.006303976947270773,
"avg_TS_ap_4": 0.9841420138523876,
"std_TS_ap_4": 0.003326476473868997,
"avg_TS_auc_4": 0.8806077444444445,
"std_TS_auc_4": 0.02329352930768858,
"avg_TS_f1_5": 0.9450104956448196,
"std_TS_f1_5": 0.002090779301064315,
"avg_TS_ap_5": 0.9835690817767804,
"std_TS_ap_5": 0.0023568495974667864,
"avg_TS_auc_5": 0.8807360444444445,
"std_TS_auc_5": 0.01065267442820505,
"avg_TS_f1_6": 0.9218102598292497,
"std_TS_f1_6": 0.001696556596709149,
"avg_TS_ap_6": 0.9661930241796618,
"std_TS_ap_6": 0.0018826024124031324,
"avg_TS_auc_6": 0.7685810111111111,
"std_TS_auc_6": 0.01103928122735097,
"avg_TS_f1_7": 0.9717111111111111,
"std_TS_f1_7": 0.0023164468320956088,
"avg_TS_ap_7": 0.9958427307981552,
"std_TS_ap_7": 0.001222101016431979,
"avg_TS_auc_7": 0.9681586666666666,
"std_TS_auc_7": 0.007599477581865984,
"avg_TS_f1_8": 0.9495206980634727,
"std_TS_f1_8": 0.00895208285145709,
"avg_TS_ap_8": 0.9774869563478067,
"std_TS_ap_8": 0.00524706737911553,
"avg_TS_auc_8": 0.8616178888888889,
"std_TS_auc_8": 0.031485582730830984,
"avg_TS_f1_9": 0.9778330623306232,
"std_TS_f1_9": 0.0022713937222808836,
"avg_TS_ap_9": 0.9957780728786026,
"std_TS_ap_9": 0.0011845071576026293,
"avg_TS_auc_9": 0.9696883777777778,
"std_TS_auc_9": 0.007297055655452068,
"avg_TS_f1_all": 0.9519472641072652,
"std_TS_f1_all": 0.000518988174303362,
"avg_TS_ap_all": 0.983100017108977,
"std_TS_ap_all": 0.0004653454509016849,
"avg_TS_auc_all": 0.8864776322222223,
"std_TS_auc_all": 0.002676742491930011
}