{
"avg_TS_f1_0": 0.9522317449147659,
"std_TS_f1_0": 0.00041290833186314517,
"avg_TS_ap_0": 0.9806648128289532,
"std_TS_ap_0": 0.0005415007483222202,
"avg_TS_auc_0": 0.8757509444444445,
"std_TS_auc_0": 0.0025784306120171974,
"avg_TS_f1_1": 0.9869997209721528,
"std_TS_f1_1": 0.0006012325875059223,
"avg_TS_ap_1": 0.9941706377625472,
"std_TS_ap_1": 0.000230010191031589,
"avg_TS_auc_1": 0.9705940777777778,
"std_TS_auc_1": 0.0008748416157182598,
"avg_TS_f1_2": 0.9534550363909104,
"std_TS_f1_2": 0.0008864900915109967,
"avg_TS_ap_2": 0.9884744873190728,
"std_TS_ap_2": 0.0004090748398448568,
"avg_TS_auc_2": 0.9149702111111111,
"std_TS_auc_2": 0.00224906572136351,
"avg_TS_f1_3": 0.9368402453690416,
"std_TS_f1_3": 0.0012945205228608407,
"avg_TS_ap_3": 0.9721456463413952,
"std_TS_ap_3": 0.0011214282618651984,
"avg_TS_auc_3": 0.8161240777777777,
"std_TS_auc_3": 0.006486727763748654,
"avg_TS_f1_4": 0.94264061576534,
"std_TS_f1_4": 0.00040681750411752563,
"avg_TS_ap_4": 0.985949106173063,
"std_TS_ap_4": 0.0005188895772056797,
"avg_TS_auc_4": 0.8966983111111112,
"std_TS_auc_4": 0.0030976282485431893,
"avg_TS_f1_5": 0.9505744292515932,
"std_TS_f1_5": 0.0013435942566581824,
"avg_TS_ap_5": 0.9872831813418109,
"std_TS_ap_5": 0.0006606818895453847,
"avg_TS_auc_5": 0.9034237555555557,
"std_TS_auc_5": 0.0046726265895302545,
"avg_TS_f1_6": 0.9267300775055304,
"std_TS_f1_6": 0.0007415050666861841,
"avg_TS_ap_6": 0.972123725721343,
"std_TS_ap_6": 0.00044589846296494743,
"avg_TS_auc_6": 0.8069255111111111,
"std_TS_auc_6": 0.0009578159643070504,
"avg_TS_f1_7": 0.9736438493496552,
"std_TS_f1_7": 0.0004021676991845824,
"avg_TS_ap_7": 0.997060420981124,
"std_TS_ap_7": 9.335149549463704e-05,
"avg_TS_auc_7": 0.9761157111111111,
"std_TS_auc_7": 0.0005546444600255832,
"avg_TS_f1_8": 0.9430863850460828,
"std_TS_f1_8": 0.0022036935353553656,
"avg_TS_ap_8": 0.9695999060241187,
"std_TS_ap_8": 0.0010232200667061563,
"avg_TS_auc_8": 0.8227978111111112,
"std_TS_auc_8": 0.004677649923378058,
"avg_TS_f1_9": 0.9784444444444444,
"std_TS_f1_9": 0.0007919346524980402,
"avg_TS_ap_9": 0.9967089820971688,
"std_TS_ap_9": 0.0001921785334046902,
"avg_TS_auc_9": 0.9753454111111111,
"std_TS_auc_9": 0.0015450835922090553,
"avg_TS_f1_all": 0.9544646549009517,
"std_TS_f1_all": 0.0002121421428138372,
"avg_TS_ap_all": 0.9844180906590598,
"std_TS_ap_all": 0.00021621148037391654,
"avg_TS_auc_all": 0.8958745822222223,
"std_TS_auc_all": 0.000745208803512201
}