{
"avg_TS_f1_0": 0.9613662438036681,
"std_TS_f1_0": 0.0006509297999242543,
"avg_TS_ap_0": 0.9902075583204532,
"std_TS_ap_0": 0.0005832166344980255,
"avg_TS_auc_0": 0.9257446,
"std_TS_auc_0": 0.003967925262730767,
"avg_TS_f1_1": 0.9921555555555555,
"std_TS_f1_1": 0.00040123266856150565,
"avg_TS_ap_1": 0.9976121263855822,
"std_TS_ap_1": 0.0001931688933600513,
"avg_TS_auc_1": 0.9857026777777778,
"std_TS_auc_1": 0.0008307961222767663,
"avg_TS_f1_2": 0.9548328437999641,
"std_TS_f1_2": 0.0007770787464891658,
"avg_TS_ap_2": 0.9925806055519082,
"std_TS_ap_2": 0.00034576262900538847,
"avg_TS_auc_2": 0.9390137555555557,
"std_TS_auc_2": 0.002058690644230445,
"avg_TS_f1_3": 0.9496772055237637,
"std_TS_f1_3": 0.000677224657435083,
"avg_TS_ap_3": 0.9868328618985245,
"std_TS_ap_3": 0.0008423278960809254,
"avg_TS_auc_3": 0.8990423888888888,
"std_TS_auc_3": 0.005396088306230975,
"avg_TS_f1_4": 0.9453413929721671,
"std_TS_f1_4": 0.0006542817184778986,
"avg_TS_ap_4": 0.9903908108404889,
"std_TS_ap_4": 0.00021929962370823233,
"avg_TS_auc_4": 0.9194386666666666,
"std_TS_auc_4": 0.001149995843256018,
"avg_TS_f1_5": 0.9678315831982394,
"std_TS_f1_5": 0.0017217984284602127,
"avg_TS_ap_5": 0.9967198003693529,
"std_TS_ap_5": 0.00022078385050256413,
"avg_TS_auc_5": 0.9708864333333332,
"std_TS_auc_5": 0.0020076412181929426,
"avg_TS_f1_6": 0.9281968109339408,
"std_TS_f1_6": 0.0007004293449510492,
"avg_TS_ap_6": 0.9808186408339041,
"std_TS_ap_6": 8.626453252237758e-05,
"avg_TS_auc_6": 0.8453647666666667,
"std_TS_auc_6": 0.0006720683711911629,
"avg_TS_f1_7": 0.9785219956664258,
"std_TS_f1_7": 0.0009870773181196765,
"avg_TS_ap_7": 0.9985114878187094,
"std_TS_ap_7": 8.198633764481029e-05,
"avg_TS_auc_7": 0.9866009,
"std_TS_auc_7": 0.0007418566609743703,
"avg_TS_f1_8": 0.9844222222222221,
"std_TS_f1_8": 0.0008646700648153,
"avg_TS_ap_8": 0.9959640837374473,
"std_TS_ap_8": 0.0002615864514048866,
"avg_TS_auc_8": 0.9731168666666665,
"std_TS_auc_8": 0.001323641492993935,
"avg_TS_f1_9": 0.9818666666666667,
"std_TS_f1_9": 0.000682768510921676,
"avg_TS_ap_9": 0.9987271158464581,
"std_TS_ap_9": 5.8845484715545184e-05,
"avg_TS_auc_9": 0.9889244111111111,
"std_TS_auc_9": 0.0005462436445938651,
"avg_TS_f1_all": 0.9644212520342613,
"std_TS_f1_all": 0.0002581134250751995,
"avg_TS_ap_all": 0.9928365091602828,
"std_TS_ap_all": 0.00013722252590686262,
"avg_TS_auc_all": 0.9433835466666667,
"std_TS_auc_all": 0.0007353587468125
}