{
"avg_TS_f1_0": 0.9426092708854196,
"std_TS_f1_0": 0.002854617424223243,
"avg_TS_ap_0": 0.9724889432983848,
"std_TS_ap_0": 0.0016690008837760865,
"avg_TS_auc_0": 0.8310637888888888,
"std_TS_auc_0": 0.008072549802055502,
"avg_TS_f1_1": 0.9774552820835727,
"std_TS_f1_1": 0.002261681835290892,
"avg_TS_ap_1": 0.9885914491145383,
"std_TS_ap_1": 0.0011365781845086849,
"avg_TS_auc_1": 0.9393212666666667,
"std_TS_auc_1": 0.005917111840884087,
"avg_TS_f1_2": 0.9509100357427265,
"std_TS_f1_2": 0.0011839369257578732,
"avg_TS_ap_2": 0.9847772487780994,
"std_TS_ap_2": 0.0007620610136241556,
"avg_TS_auc_2": 0.8975634555555555,
"std_TS_auc_2": 0.0036603940134673253,
"avg_TS_f1_3": 0.9238171315321573,
"std_TS_f1_3": 0.0026148833117284075,
"avg_TS_ap_3": 0.9582028770154227,
"std_TS_ap_3": 0.0035514551198201393,
"avg_TS_auc_3": 0.7433644555555555,
"std_TS_auc_3": 0.018967924863084164,
"avg_TS_f1_4": 0.9369881820594973,
"std_TS_f1_4": 0.001731012925791373,
"avg_TS_ap_4": 0.9811226262596744,
"std_TS_ap_4": 0.0011279303309964764,
"avg_TS_auc_4": 0.8689206222222221,
"std_TS_auc_4": 0.005745529062810915,
"avg_TS_f1_5": 0.9306992079806904,
"std_TS_f1_5": 0.004503515727082257,
"avg_TS_ap_5": 0.9719097721428505,
"std_TS_ap_5": 0.002663456431234425,
"avg_TS_auc_5": 0.8078818555555556,
"std_TS_auc_5": 0.01767943916973321,
"avg_TS_f1_6": 0.9230102314326103,
"std_TS_f1_6": 0.002343234551675211,
"avg_TS_ap_6": 0.9628940967082528,
"std_TS_ap_6": 0.002748414903919858,
"avg_TS_auc_6": 0.7624416444444444,
"std_TS_auc_6": 0.013065634761200318,
"avg_TS_f1_7": 0.9684888888888888,
"std_TS_f1_7": 0.003558748566283464,
"avg_TS_ap_7": 0.9939021227298575,
"std_TS_ap_7": 0.0011928839953774047,
"avg_TS_auc_7": 0.9553268888888888,
"std_TS_auc_7": 0.008370766510988219,
"avg_TS_f1_8": 0.9276873246044535,
"std_TS_f1_8": 0.004061875717405779,
"avg_TS_ap_8": 0.9499872229008943,
"std_TS_ap_8": 0.004489189129367293,
"avg_TS_auc_8": 0.7262549888888888,
"std_TS_auc_8": 0.024006375672416397,
"avg_TS_f1_9": 0.9730660715718775,
"std_TS_f1_9": 0.0008456735062847024,
"avg_TS_ap_9": 0.9928002024631468,
"std_TS_ap_9": 0.0009878618228913911,
"avg_TS_auc_9": 0.9506466555555557,
"std_TS_auc_9": 0.005534789181906368,
"avg_TS_f1_all": 0.9454731626781893,
"std_TS_f1_all": 0.0011551756253726344,
"avg_TS_ap_all": 0.9756676561411121,
"std_TS_ap_all": 0.0012774214784855176,
"avg_TS_auc_all": 0.8482785622222222,
"std_TS_auc_all": 0.006507577737698622
}