{
"avg_TS_f1_0": 0.9506422467914885,
"std_TS_f1_0": 0.0018258144050974665,
"avg_TS_ap_0": 0.9799101240837294,
"std_TS_ap_0": 0.00036300607228730166,
"avg_TS_auc_0": 0.8707490444444443,
"std_TS_auc_0": 0.0033056736521200757,
"avg_TS_f1_1": 0.9868444444444444,
"std_TS_f1_1": 0.0005379430416404206,
"avg_TS_ap_1": 0.9940401009749081,
"std_TS_ap_1": 8.957666201203296e-05,
"avg_TS_auc_1": 0.9691484888888888,
"std_TS_auc_1": 0.000463111620814332,
"avg_TS_f1_2": 0.9538656382144687,
"std_TS_f1_2": 0.00028293520485430355,
"avg_TS_ap_2": 0.9881248490862845,
"std_TS_ap_2": 0.00012639325188014118,
"avg_TS_auc_2": 0.9137080555555557,
"std_TS_auc_2": 0.0008661027025462884,
"avg_TS_f1_3": 0.9362638898936002,
"std_TS_f1_3": 0.00158068791234777,
"avg_TS_ap_3": 0.972487685578723,
"std_TS_ap_3": 0.0012366439885933493,
"avg_TS_auc_3": 0.8166435555555556,
"std_TS_auc_3": 0.0072553089642458475,
"avg_TS_f1_4": 0.9426523546893817,
"std_TS_f1_4": 0.0008033999897872181,
"avg_TS_ap_4": 0.9852014416023585,
"std_TS_ap_4": 0.0002398278114302722,
"avg_TS_auc_4": 0.8934045999999999,
"std_TS_auc_4": 0.0012024304196394105,
"avg_TS_f1_5": 0.9464970794033067,
"std_TS_f1_5": 0.0023441237199723856,
"avg_TS_ap_5": 0.985729835789676,
"std_TS_ap_5": 0.0012232246451697453,
"avg_TS_auc_5": 0.891379711111111,
"std_TS_auc_5": 0.009199800550132633,
"avg_TS_f1_6": 0.9272070916632444,
"std_TS_f1_6": 0.0008184123720435243,
"avg_TS_ap_6": 0.9706647882806724,
"std_TS_ap_6": 0.0008070094158898311,
"avg_TS_auc_6": 0.8009856333333334,
"std_TS_auc_6": 0.002975037626818772,
"avg_TS_f1_7": 0.9735105246587773,
"std_TS_f1_7": 0.0009896687690937535,
"avg_TS_ap_7": 0.996905872896639,
"std_TS_ap_7": 0.00011573745650771488,
"avg_TS_auc_7": 0.9751831333333334,
"std_TS_auc_7": 0.0007716569918599009,
"avg_TS_f1_8": 0.9395841224180319,
"std_TS_f1_8": 0.0028735281560197893,
"avg_TS_ap_8": 0.9664225479032446,
"std_TS_ap_8": 0.0015986535649296124,
"avg_TS_auc_8": 0.8047421444444446,
"std_TS_auc_8": 0.009545844714033658,
"avg_TS_f1_9": 0.977666165404251,
"std_TS_f1_9": 0.000744677302616314,
"avg_TS_ap_9": 0.9962538902284528,
"std_TS_ap_9": 0.0002722396938721921,
"avg_TS_auc_9": 0.9728718444444444,
"std_TS_auc_9": 0.0017232932954013237,
"avg_TS_f1_all": 0.9534733557580994,
"std_TS_f1_all": 0.0005232199503891744,
"avg_TS_ap_all": 0.9835741136424687,
"std_TS_ap_all": 0.00024343422713285942,
"avg_TS_auc_all": 0.8908816211111112,
"std_TS_auc_all": 0.0014131169651003038
}