{
"avg_TS_f1_0": 0.9222222222222222,
"std_TS_f1_0": 0.01499678977993971,
"avg_TS_ap_0": 0.947939176087222,
"std_TS_ap_0": 0.027282834225431415,
"avg_TS_auc_0": 0.7037375888888888,
"std_TS_auc_0": 0.11166887705406352,
"avg_TS_f1_1": 0.9687438018161503,
"std_TS_f1_1": 0.018314241585894144,
"avg_TS_ap_1": 0.9827079471991567,
"std_TS_ap_1": 0.006810808037326669,
"avg_TS_auc_1": 0.9110771666666666,
"std_TS_auc_1": 0.043941057236574335,
"avg_TS_f1_2": 0.9378415924341477,
"std_TS_f1_2": 0.013259613776786234,
"avg_TS_ap_2": 0.970100282906281,
"std_TS_ap_2": 0.019432947665475583,
"avg_TS_auc_2": 0.8115130888888891,
"std_TS_auc_2": 0.09520319274800783,
"avg_TS_f1_3": 0.9133878573500998,
"std_TS_f1_3": 0.009907498180458479,
"avg_TS_ap_3": 0.9317831820207679,
"std_TS_ap_3": 0.020806142337648558,
"avg_TS_auc_3": 0.6311557666666666,
"std_TS_auc_3": 0.07905859516285343,
"avg_TS_f1_4": 0.9168666666666667,
"std_TS_f1_4": 0.0040839341961543246,
"avg_TS_ap_4": 0.9479806528782394,
"std_TS_ap_4": 0.022038092056962718,
"avg_TS_auc_4": 0.7051896666666668,
"std_TS_auc_4": 0.07546137139548725,
"avg_TS_f1_5": 0.9122102388404294,
"std_TS_f1_5": 0.006498554116105028,
"avg_TS_ap_5": 0.932286900017349,
"std_TS_ap_5": 0.015665157907140986,
"avg_TS_auc_5": 0.6332491222222223,
"std_TS_auc_5": 0.06599506078523909,
"avg_TS_f1_6": 0.9113555555555555,
"std_TS_f1_6": 0.007119578292408082,
"avg_TS_ap_6": 0.9384301976929535,
"std_TS_ap_6": 0.005923036977763783,
"avg_TS_auc_6": 0.6486515777777778,
"std_TS_auc_6": 0.01542030583044459,
"avg_TS_f1_7": 0.9382312350686149,
"std_TS_f1_7": 0.013695457638236243,
"avg_TS_ap_7": 0.9694719552458826,
"std_TS_ap_7": 0.016556299737272257,
"avg_TS_auc_7": 0.8136263555555555,
"std_TS_auc_7": 0.0797133346279229,
"avg_TS_f1_8": 0.9016645591421746,
"std_TS_f1_8": 0.0052843883953232204,
"avg_TS_ap_8": 0.890312570450644,
"std_TS_ap_8": 0.01751032549817201,
"avg_TS_auc_8": 0.47725725555555554,
"std_TS_auc_8": 0.04063696370636402,
"avg_TS_f1_9": 0.9342534461791088,
"std_TS_f1_9": 0.005950664032517181,
"avg_TS_ap_9": 0.9677292351727751,
"std_TS_ap_9": 0.011439418316719135,
"avg_TS_auc_9": 0.7994884333333333,
"std_TS_auc_9": 0.04374904020413716,
"avg_TS_f1_all": 0.925677717527517,
"std_TS_f1_all": 0.0052043469563360055,
"avg_TS_ap_all": 0.9478742099671271,
"std_TS_ap_all": 0.00734912124324817,
"avg_TS_auc_all": 0.7134946022222223,
"std_TS_auc_all": 0.030077455671681342
}