{
"avg_TS_f1_0": 0.9386548869998951,
"std_TS_f1_0": 0.0019274257904632881,
"avg_TS_ap_0": 0.9666146502830439,
"std_TS_ap_0": 0.0006359904570932185,
"avg_TS_auc_0": 0.8027417888888888,
"std_TS_auc_0": 0.003875708112823028,
"avg_TS_f1_1": 0.9707542677925136,
"std_TS_f1_1": 0.0013572717972542506,
"avg_TS_ap_1": 0.9834842235368401,
"std_TS_ap_1": 0.0008992482152501352,
"avg_TS_auc_1": 0.9120903555555555,
"std_TS_auc_1": 0.005328770196829422,
"avg_TS_f1_2": 0.948309938141275,
"std_TS_f1_2": 0.001204760914026079,
"avg_TS_ap_2": 0.9814984177139621,
"std_TS_ap_2": 0.0007582708984069087,
"avg_TS_auc_2": 0.8790475444444444,
"std_TS_auc_2": 0.003194798163295692,
"avg_TS_f1_3": 0.9177537418745485,
"std_TS_f1_3": 0.0012564721037849863,
"avg_TS_ap_3": 0.9500315841904087,
"std_TS_ap_3": 0.003591765109730398,
"avg_TS_auc_3": 0.7042965444444445,
"std_TS_auc_3": 0.018202173193289834,
"avg_TS_f1_4": 0.9348548462568909,
"std_TS_f1_4": 0.00152027250631279,
"avg_TS_ap_4": 0.9772911652356671,
"std_TS_ap_4": 0.001012408082173984,
"avg_TS_auc_4": 0.848192988888889,
"std_TS_auc_4": 0.005134712755186136,
"avg_TS_f1_5": 0.9187194399688872,
"std_TS_f1_5": 0.0033725757085392547,
"avg_TS_ap_5": 0.9579203611189371,
"std_TS_ap_5": 0.003479577361934142,
"avg_TS_auc_5": 0.7280903222222221,
"std_TS_auc_5": 0.020047741236346454,
"avg_TS_f1_6": 0.9213093258267435,
"std_TS_f1_6": 0.0020280339736875154,
"avg_TS_ap_6": 0.957644704498539,
"std_TS_ap_6": 0.002487311931893931,
"avg_TS_auc_6": 0.7380422222222222,
"std_TS_auc_6": 0.012886129288243776,
"avg_TS_f1_7": 0.9587199992088667,
"std_TS_f1_7": 0.0036203928320187096,
"avg_TS_ap_7": 0.989201815181883,
"std_TS_ap_7": 0.0014977576374059815,
"avg_TS_auc_7": 0.9235420666666666,
"std_TS_auc_7": 0.009844360877335328,
"avg_TS_f1_8": 0.9156407194402314,
"std_TS_f1_8": 0.0031430644944790637,
"avg_TS_ap_8": 0.9352918628899243,
"std_TS_ap_8": 0.004495293517497959,
"avg_TS_auc_8": 0.6529917111111111,
"std_TS_auc_8": 0.020823166990821904,
"avg_TS_f1_9": 0.9660444444444444,
"std_TS_f1_9": 0.0019046402077525291,
"avg_TS_ap_9": 0.9879864488387298,
"std_TS_ap_9": 0.0015731811046298069,
"avg_TS_auc_9": 0.922457488888889,
"std_TS_auc_9": 0.008741095232207367,
"avg_TS_f1_all": 0.9390761609954297,
"std_TS_f1_all": 0.0010609528855302268,
"avg_TS_ap_all": 0.9686965233487935,
"std_TS_ap_all": 0.0013888205650714716,
"avg_TS_auc_all": 0.8111493033333333,
"std_TS_auc_all": 0.007216517709918168
}