{
"avg_TS_f1_0": 0.9631333333333334,
"std_TS_f1_0": 0.0019160143817599793,
"avg_TS_ap_0": 0.9558950938543896,
"std_TS_ap_0": 0.005941202664646699,
"avg_TS_auc_0": 0.8252988444444445,
"std_TS_auc_0": 0.016228615215312395,
"avg_TS_f1_1": 0.9701555555555557,
"std_TS_f1_1": 0.001678623774935208,
"avg_TS_ap_1": 0.9579879274703764,
"std_TS_ap_1": 0.010467426177641126,
"avg_TS_auc_1": 0.8438269,
"std_TS_auc_1": 0.020170499024516574,
"avg_TS_f1_2": 0.9550222222222222,
"std_TS_f1_2": 0.002460954346650166,
"avg_TS_ap_2": 0.9582780976024978,
"std_TS_ap_2": 0.003183393614839843,
"avg_TS_auc_2": 0.8273366,
"std_TS_auc_2": 0.008659769125839262,
"avg_TS_f1_3": 0.9304071768500067,
"std_TS_f1_3": 0.002666503816193204,
"avg_TS_ap_3": 0.9442533284011742,
"std_TS_ap_3": 0.009988209152425011,
"avg_TS_auc_3": 0.7038375777777778,
"std_TS_auc_3": 0.025720319875528495,
"avg_TS_f1_4": 0.9417660437925564,
"std_TS_f1_4": 0.002565248226905215,
"avg_TS_ap_4": 0.956134564484444,
"std_TS_ap_4": 0.0062083741905826295,
"avg_TS_auc_4": 0.7980510333333333,
"std_TS_auc_4": 0.016409665139435228,
"avg_TS_f1_5": 0.9598993240365207,
"std_TS_f1_5": 0.010756169963040468,
"avg_TS_ap_5": 0.9666078513986955,
"std_TS_ap_5": 0.010410744715381805,
"avg_TS_auc_5": 0.8414272333333331,
"std_TS_auc_5": 0.042690342410189916,
"avg_TS_f1_6": 0.9271761492922446,
"std_TS_f1_6": 0.0009419095550757683,
"avg_TS_ap_6": 0.9352017973164173,
"std_TS_ap_6": 0.01079037060012103,
"avg_TS_auc_6": 0.7101204222222222,
"std_TS_auc_6": 0.02484327109621434,
"avg_TS_f1_7": 0.9583217055268504,
"std_TS_f1_7": 0.003510555034946036,
"avg_TS_ap_7": 0.9646117523645327,
"std_TS_ap_7": 0.022730261045343775,
"avg_TS_auc_7": 0.8464627777777778,
"std_TS_auc_7": 0.05666202597713335,
"avg_TS_f1_8": 0.9724444444444444,
"std_TS_f1_8": 0.0024655653196942666,
"avg_TS_ap_8": 0.9539707490912693,
"std_TS_ap_8": 0.00788730079867098,
"avg_TS_auc_8": 0.8388140888888888,
"std_TS_auc_8": 0.02549914535163296,
"avg_TS_f1_9": 0.9710444444444445,
"std_TS_f1_9": 0.003504212632366861,
"avg_TS_ap_9": 0.963315087738392,
"std_TS_ap_9": 0.011469715740663286,
"avg_TS_auc_9": 0.8658573,
"std_TS_auc_9": 0.03476648313840628,
"avg_TS_f1_all": 0.9549370399498178,
"std_TS_f1_all": 0.0010453080502422563,
"avg_TS_ap_all": 0.9556256249722189,
"std_TS_ap_all": 0.0017543517336056766,
"avg_TS_auc_all": 0.8101032777777778,
"std_TS_auc_all": 0.005119889544293492
}