{
"avg_TS_f1_0": 0.9595777777777779,
"std_TS_f1_0": 0.0018357223491611773,
"avg_TS_ap_0": 0.9738845048086517,
"std_TS_ap_0": 0.00240664477872536,
"avg_TS_auc_0": 0.8814763222222222,
"std_TS_auc_0": 0.009733481909850298,
"avg_TS_f1_1": 0.9887333333333335,
"std_TS_f1_1": 0.0003189488909868165,
"avg_TS_ap_1": 0.981012477349514,
"std_TS_ap_1": 0.002841849088220492,
"avg_TS_auc_1": 0.9398078111111111,
"std_TS_auc_1": 0.005225206115799841,
"avg_TS_f1_2": 0.9549439326876185,
"std_TS_f1_2": 0.0008698161396454827,
"avg_TS_ap_2": 0.9841565355666756,
"std_TS_ap_2": 0.00033189899454325007,
"avg_TS_auc_2": 0.9112606333333334,
"std_TS_auc_2": 0.0011504408825305007,
"avg_TS_f1_3": 0.9302770141551073,
"std_TS_f1_3": 0.0016370572893515606,
"avg_TS_ap_3": 0.9473075896916209,
"std_TS_ap_3": 0.011822148128200935,
"avg_TS_auc_3": 0.7125350777777778,
"std_TS_auc_3": 0.03216282838263935,
"avg_TS_f1_4": 0.9417085207719966,
"std_TS_f1_4": 0.0003572232920236026,
"avg_TS_ap_4": 0.9756039386184753,
"std_TS_ap_4": 0.002319408129248541,
"avg_TS_auc_4": 0.8696645666666667,
"std_TS_auc_4": 0.004751090410437179,
"avg_TS_f1_5": 0.9646551215808286,
"std_TS_f1_5": 0.0035957810783312956,
"avg_TS_ap_5": 0.9887003643135482,
"std_TS_ap_5": 0.00404699396190946,
"avg_TS_auc_5": 0.9428311444444445,
"std_TS_auc_5": 0.013545735418678454,
"avg_TS_f1_6": 0.9259436203245859,
"std_TS_f1_6": 0.000461011424427677,
"avg_TS_ap_6": 0.957922182539118,
"std_TS_ap_6": 0.00043142453446060665,
"avg_TS_auc_6": 0.7630692888888888,
"std_TS_auc_6": 0.002181889236135864,
"avg_TS_f1_7": 0.9723555555555556,
"std_TS_f1_7": 0.004537579710553835,
"avg_TS_ap_7": 0.9920802174104333,
"std_TS_ap_7": 0.0035568352533119274,
"avg_TS_auc_7": 0.9582671444444444,
"std_TS_auc_7": 0.016322203773856885,
"avg_TS_f1_8": 0.9874888888888889,
"std_TS_f1_8": 0.0007717224601860086,
"avg_TS_ap_8": 0.9919274777690685,
"std_TS_ap_8": 0.0016441598384247368,
"avg_TS_auc_8": 0.9697647555555555,
"std_TS_auc_8": 0.0034259720879852885,
"avg_TS_f1_9": 0.9810444444444444,
"std_TS_f1_9": 0.0013870654697179918,
"avg_TS_ap_9": 0.9904085580662698,
"std_TS_ap_9": 0.0024425554309745407,
"avg_TS_auc_9": 0.9671056333333334,
"std_TS_auc_9": 0.005805511409784353,
"avg_TS_f1_all": 0.9606728209520137,
"std_TS_f1_all": 0.0005519316965477531,
"avg_TS_ap_all": 0.9783003846133376,
"std_TS_ap_all": 0.0014505627939619427,
"avg_TS_auc_all": 0.8915782377777779,
"std_TS_auc_all": 0.004334635812717574
}