{
"avg_TS_f1_0": 0.9399201758122364,
"std_TS_f1_0": 0.0029717564848284078,
"avg_TS_ap_0": 0.9687964678297332,
"std_TS_ap_0": 0.0039003432711903242,
"avg_TS_auc_0": 0.8136056333333332,
"std_TS_auc_0": 0.014012298882053522,
"avg_TS_f1_1": 0.9735657301948872,
"std_TS_f1_1": 0.00300744090790953,
"avg_TS_ap_1": 0.9857111379808373,
"std_TS_ap_1": 0.0007565081738775505,
"avg_TS_auc_1": 0.9264432777777778,
"std_TS_auc_1": 0.0026910045159639247,
"avg_TS_f1_2": 0.949609422745708,
"std_TS_f1_2": 0.0026490729700786066,
"avg_TS_ap_2": 0.9854127862841707,
"std_TS_ap_2": 0.0017573249017548758,
"avg_TS_auc_2": 0.896429288888889,
"std_TS_auc_2": 0.005113638779616227,
"avg_TS_f1_3": 0.9165537159471823,
"std_TS_f1_3": 0.0023346922880741103,
"avg_TS_ap_3": 0.9503856645841833,
"std_TS_ap_3": 0.0056784397047064915,
"avg_TS_auc_3": 0.7028023777777779,
"std_TS_auc_3": 0.01748237296537556,
"avg_TS_f1_4": 0.9356992783549704,
"std_TS_f1_4": 0.001877204082221642,
"avg_TS_ap_4": 0.981483987167365,
"std_TS_ap_4": 0.0016863994698603935,
"avg_TS_auc_4": 0.8658505666666667,
"std_TS_auc_4": 0.006571919848346185,
"avg_TS_f1_5": 0.9321333333333334,
"std_TS_f1_5": 0.007135859711846996,
"avg_TS_ap_5": 0.9761409717502719,
"std_TS_ap_5": 0.005609024673097048,
"avg_TS_auc_5": 0.8295810777777778,
"std_TS_auc_5": 0.03521598497555152,
"avg_TS_f1_6": 0.921719660876074,
"std_TS_f1_6": 0.0017271741485284243,
"avg_TS_ap_6": 0.9617707324656013,
"std_TS_ap_6": 0.01042862695779191,
"avg_TS_auc_6": 0.7600893333333334,
"std_TS_auc_6": 0.03576871116126876,
"avg_TS_f1_7": 0.959832885777605,
"std_TS_f1_7": 0.001333370929573158,
"avg_TS_ap_7": 0.9908372572617031,
"std_TS_ap_7": 0.0006218337667963561,
"avg_TS_auc_7": 0.9316294777777777,
"std_TS_auc_7": 0.0033904258004192416,
"avg_TS_f1_8": 0.9218991400756831,
"std_TS_f1_8": 0.005226170110939822,
"avg_TS_ap_8": 0.9514472890289973,
"std_TS_ap_8": 0.007811142463973597,
"avg_TS_auc_8": 0.7169025222222223,
"std_TS_auc_8": 0.022982651972593023,
"avg_TS_f1_9": 0.9682329968948892,
"std_TS_f1_9": 0.0027472969604957886,
"avg_TS_ap_9": 0.990068272005824,
"std_TS_ap_9": 0.0022576057467203316,
"avg_TS_auc_9": 0.9329912777777777,
"std_TS_auc_9": 0.010564786483559952,
"avg_TS_f1_all": 0.941916634001257,
"std_TS_f1_all": 0.0017421848635738716,
"avg_TS_ap_all": 0.9742054566358688,
"std_TS_ap_all": 0.0022729860241168637,
"avg_TS_auc_all": 0.8376324833333332,
"std_TS_auc_all": 0.007571561679833249
}