{
"avg_TS_f1_0": 0.9219094344747548,
"std_TS_f1_0": 0.015030342579494852,
"avg_TS_ap_0": 0.9683790538133608,
"std_TS_ap_0": 0.008533893380733154,
"avg_TS_auc_0": 0.7654886222222222,
"std_TS_auc_0": 0.06613804875430195,
"avg_TS_f1_1": 0.9868666666666668,
"std_TS_f1_1": 0.0028165296920453406,
"avg_TS_ap_1": 0.9946924108691582,
"std_TS_ap_1": 0.0015698424501414524,
"avg_TS_auc_1": 0.9647431888888889,
"std_TS_auc_1": 0.010288937528958686,
"avg_TS_f1_2": 0.9496550240445456,
"std_TS_f1_2": 0.0019000450704611178,
"avg_TS_ap_2": 0.9865957998997767,
"std_TS_ap_2": 0.0015437818091781047,
"avg_TS_auc_2": 0.8973710333333333,
"std_TS_auc_2": 0.00948560322106128,
"avg_TS_f1_3": 0.9187742677062305,
"std_TS_f1_3": 0.005247911499805231,
"avg_TS_ap_3": 0.9701082278748206,
"std_TS_ap_3": 0.004233810325663328,
"avg_TS_auc_3": 0.7735580444444444,
"std_TS_auc_3": 0.030495184842864842,
"avg_TS_f1_4": 0.9286407105700789,
"std_TS_f1_4": 0.010053501106490071,
"avg_TS_ap_4": 0.9786107144954224,
"std_TS_ap_4": 0.005905602236629149,
"avg_TS_auc_4": 0.8349968333333333,
"std_TS_auc_4": 0.044763624756389675,
"avg_TS_f1_5": 0.9356638898900332,
"std_TS_f1_5": 0.0034922891694095224,
"avg_TS_ap_5": 0.9834448376401154,
"std_TS_ap_5": 0.004946462925127331,
"avg_TS_auc_5": 0.8697015555555556,
"std_TS_auc_5": 0.03396671714483943,
"avg_TS_f1_6": 0.9173518861235672,
"std_TS_f1_6": 0.007756424247823106,
"avg_TS_ap_6": 0.9654219946420014,
"std_TS_ap_6": 0.007801126947199811,
"avg_TS_auc_6": 0.7491267222222222,
"std_TS_auc_6": 0.04974083777286943,
"avg_TS_f1_7": 0.9600772351550393,
"std_TS_f1_7": 0.007652759871391348,
"avg_TS_ap_7": 0.9907361700117274,
"std_TS_ap_7": 0.003287280785063153,
"avg_TS_auc_7": 0.9312136222222221,
"std_TS_auc_7": 0.0234121399401209,
"avg_TS_f1_8": 0.9212750029322617,
"std_TS_f1_8": 0.009424557661945984,
"avg_TS_ap_8": 0.9646575434214452,
"std_TS_ap_8": 0.010559211834467092,
"avg_TS_auc_8": 0.7512244444444445,
"std_TS_auc_8": 0.06398533830059801,
"avg_TS_f1_9": 0.9619877104283571,
"std_TS_f1_9": 0.005340864505224729,
"avg_TS_ap_9": 0.9836814259926966,
"std_TS_ap_9": 0.005535113179644896,
"avg_TS_auc_9": 0.8966227333333332,
"std_TS_auc_9": 0.03147844821797294,
"avg_TS_f1_all": 0.9402201827991536,
"std_TS_f1_all": 0.002634850204948102,
"avg_TS_ap_all": 0.9786328178660526,
"std_TS_ap_all": 0.0019846140362236777,
"avg_TS_auc_all": 0.8434046800000001,
"std_TS_auc_all": 0.014494724269612883
}