{
"avg_TS_f1_0": 0.9461988974696125,
"std_TS_f1_0": 0.007924426592417974,
"avg_TS_ap_0": 0.9800936248266201,
"std_TS_ap_0": 0.0032496173358116166,
"avg_TS_auc_0": 0.8626525777777779,
"std_TS_auc_0": 0.02517267207404993,
"avg_TS_f1_1": 0.9862776006074412,
"std_TS_f1_1": 0.0025460300529956906,
"avg_TS_ap_1": 0.9911050703055981,
"std_TS_ap_1": 0.0008854146780844871,
"avg_TS_auc_1": 0.9608144,
"std_TS_auc_1": 0.0034982988037397258,
"avg_TS_f1_2": 0.9499544159860733,
"std_TS_f1_2": 0.0037770727363910725,
"avg_TS_ap_2": 0.9878537460925376,
"std_TS_ap_2": 0.000939970176347631,
"avg_TS_auc_2": 0.9087722888888887,
"std_TS_auc_2": 0.004611349407416832,
"avg_TS_f1_3": 0.9372666666666667,
"std_TS_f1_3": 0.010124557603503798,
"avg_TS_ap_3": 0.9734659271573936,
"std_TS_ap_3": 0.005656489618978253,
"avg_TS_auc_3": 0.8219876555555556,
"std_TS_auc_3": 0.039137840030491554,
"avg_TS_f1_4": 0.9347881079813076,
"std_TS_f1_4": 0.004679718740260202,
"avg_TS_ap_4": 0.983513955690705,
"std_TS_ap_4": 0.0021996929122129593,
"avg_TS_auc_4": 0.8784005555555556,
"std_TS_auc_4": 0.015768379600475474,
"avg_TS_f1_5": 0.9544328635541481,
"std_TS_f1_5": 0.006017453804214692,
"avg_TS_ap_5": 0.9899570469714579,
"std_TS_ap_5": 0.0021571088597181595,
"avg_TS_auc_5": 0.9228697444444445,
"std_TS_auc_5": 0.017322387666111744,
"avg_TS_f1_6": 0.9221213795828163,
"std_TS_f1_6": 0.004069399731088623,
"avg_TS_ap_6": 0.9682142390795849,
"std_TS_ap_6": 0.003786855928903818,
"avg_TS_auc_6": 0.7803732111111111,
"std_TS_auc_6": 0.021595060390620983,
"avg_TS_f1_7": 0.9722552796142996,
"std_TS_f1_7": 0.004650806236722099,
"avg_TS_ap_7": 0.996751682960635,
"std_TS_ap_7": 0.0007842531353544455,
"avg_TS_auc_7": 0.9737964777777778,
"std_TS_auc_7": 0.006982564033874687,
"avg_TS_f1_8": 0.9483215425548334,
"std_TS_f1_8": 0.008168053498559159,
"avg_TS_ap_8": 0.9768664884766878,
"std_TS_ap_8": 0.0029160063632971815,
"avg_TS_auc_8": 0.8561036666666666,
"std_TS_auc_8": 0.023523055784133502,
"avg_TS_f1_9": 0.9758108759128593,
"std_TS_f1_9": 0.005362242097005826,
"avg_TS_ap_9": 0.996705251000242,
"std_TS_ap_9": 0.0009800495655651097,
"avg_TS_auc_9": 0.9742002333333334,
"std_TS_auc_9": 0.007528088997863476,
"avg_TS_f1_all": 0.9527427629930058,
"std_TS_f1_all": 0.0016974099022516616,
"avg_TS_ap_all": 0.9844527032561461,
"std_TS_ap_all": 0.0011905975534082076,
"avg_TS_auc_all": 0.8939970811111111,
"std_TS_auc_all": 0.007940583796233656
}