{
"avg_TS_f1_0": 0.9378771820656702,
"std_TS_f1_0": 0.01116355332338291,
"avg_TS_ap_0": 0.9717220274932151,
"std_TS_ap_0": 0.005624599899369478,
"avg_TS_auc_0": 0.8184501333333334,
"std_TS_auc_0": 0.0389366081379674,
"avg_TS_f1_1": 0.9818331783864537,
"std_TS_f1_1": 0.00515212292827546,
"avg_TS_ap_1": 0.986952921103002,
"std_TS_ap_1": 0.0014876550694776771,
"avg_TS_auc_1": 0.9433775666666666,
"std_TS_auc_1": 0.007545966696156719,
"avg_TS_f1_2": 0.9453321110432062,
"std_TS_f1_2": 0.0014323128589984135,
"avg_TS_ap_2": 0.9830433108802709,
"std_TS_ap_2": 0.0029843637555450743,
"avg_TS_auc_2": 0.8845703,
"std_TS_auc_2": 0.015943102593501436,
"avg_TS_f1_3": 0.9295213400744485,
"std_TS_f1_3": 0.005423125745142556,
"avg_TS_ap_3": 0.9590892429219977,
"std_TS_ap_3": 0.002256577416138793,
"avg_TS_auc_3": 0.7574017222222222,
"std_TS_auc_3": 0.01616544847434002,
"avg_TS_f1_4": 0.9321658795859029,
"std_TS_f1_4": 0.0043534897623303545,
"avg_TS_ap_4": 0.9795005576808642,
"std_TS_ap_4": 0.004017249389291058,
"avg_TS_auc_4": 0.8569203222222223,
"std_TS_auc_4": 0.023152055830333165,
"avg_TS_f1_5": 0.9356771462612119,
"std_TS_f1_5": 0.006490899586988655,
"avg_TS_ap_5": 0.9765059409549988,
"std_TS_ap_5": 0.0059592729614506785,
"avg_TS_auc_5": 0.8373379,
"std_TS_auc_5": 0.03687228074936171,
"avg_TS_f1_6": 0.9192203628596651,
"std_TS_f1_6": 0.0036747833017645747,
"avg_TS_ap_6": 0.960619191632946,
"std_TS_ap_6": 0.0052982240490672,
"avg_TS_auc_6": 0.7481400888888888,
"std_TS_auc_6": 0.029264451412018964,
"avg_TS_f1_7": 0.9664881246489003,
"std_TS_f1_7": 0.004527478242542118,
"avg_TS_ap_7": 0.9950489979759813,
"std_TS_ap_7": 0.0011089046995815866,
"avg_TS_auc_7": 0.9621197888888888,
"std_TS_auc_7": 0.008404855577258223,
"avg_TS_f1_8": 0.9288872418838083,
"std_TS_f1_8": 0.008129009838818625,
"avg_TS_ap_8": 0.9494536590192562,
"std_TS_ap_8": 0.005731519311029445,
"avg_TS_auc_8": 0.7271532444444444,
"std_TS_auc_8": 0.0359991490470518,
"avg_TS_f1_9": 0.9759333333333332,
"std_TS_f1_9": 0.0035712155139271257,
"avg_TS_ap_9": 0.9941359982110564,
"std_TS_ap_9": 0.0022845839945550067,
"avg_TS_auc_9": 0.9599880333333332,
"std_TS_auc_9": 0.013008865652315738,
"avg_TS_f1_all": 0.9452935900142603,
"std_TS_f1_all": 0.001181778200888606,
"avg_TS_ap_all": 0.9756071847873589,
"std_TS_ap_all": 0.0013006250785004149,
"avg_TS_auc_all": 0.84954591,
"std_TS_auc_all": 0.007830296074069298
}