{
"avg_TS_f1_0": 0.9608089338296573,
"std_TS_f1_0": 0.000864718104709993,
"avg_TS_ap_0": 0.9909385423716894,
"std_TS_ap_0": 0.0002682447457444356,
"avg_TS_auc_0": 0.9294024666666665,
"std_TS_auc_0": 0.002186953584552562,
"avg_TS_f1_1": 0.9932444444444444,
"std_TS_f1_1": 0.00023726840560068423,
"avg_TS_ap_1": 0.998927987566009,
"std_TS_ap_1": 0.00012714120615029206,
"avg_TS_auc_1": 0.9923505111111112,
"std_TS_auc_1": 0.000629579017094351,
"avg_TS_f1_2": 0.9558424801377854,
"std_TS_f1_2": 0.0002497643052979181,
"avg_TS_ap_2": 0.9931388612582641,
"std_TS_ap_2": 0.0001302806401983755,
"avg_TS_auc_2": 0.9420627222222222,
"std_TS_auc_2": 0.0008932835910695556,
"avg_TS_f1_3": 0.9523883623164251,
"std_TS_f1_3": 0.0008619611090132104,
"avg_TS_ap_3": 0.9890020578483215,
"std_TS_ap_3": 0.0002853879375606737,
"avg_TS_auc_3": 0.9129345000000001,
"std_TS_auc_3": 0.002047353279387108,
"avg_TS_f1_4": 0.9447765258563747,
"std_TS_f1_4": 0.0010299639262342705,
"avg_TS_ap_4": 0.9910116540683154,
"std_TS_ap_4": 6.0508130083505644e-05,
"avg_TS_auc_4": 0.9230759333333334,
"std_TS_auc_4": 0.0005489420232941651,
"avg_TS_f1_5": 0.9667662894852184,
"std_TS_f1_5": 0.0011636654380940518,
"avg_TS_ap_5": 0.9964834864336278,
"std_TS_ap_5": 0.00023203832177377804,
"avg_TS_auc_5": 0.9688567555555554,
"std_TS_auc_5": 0.0019751088626349857,
"avg_TS_f1_6": 0.9286634948855182,
"std_TS_f1_6": 0.00033729994091511416,
"avg_TS_ap_6": 0.9812350750893835,
"std_TS_ap_6": 0.0002433033773768134,
"avg_TS_auc_6": 0.8480898444444446,
"std_TS_auc_6": 0.001901436284093973,
"avg_TS_f1_7": 0.9786217505910821,
"std_TS_f1_7": 0.0004434491595028287,
"avg_TS_ap_7": 0.998599199973512,
"std_TS_ap_7": 3.461347046006083e-05,
"avg_TS_auc_7": 0.9873221444444444,
"std_TS_auc_7": 0.000303718543765707,
"avg_TS_f1_8": 0.9859108222061721,
"std_TS_f1_8": 0.0013175497518852705,
"avg_TS_ap_8": 0.997343441372703,
"std_TS_ap_8": 0.0005452130310704086,
"avg_TS_auc_8": 0.9809577111111112,
"std_TS_auc_8": 0.0034601127601336158,
"avg_TS_f1_9": 0.981132920964745,
"std_TS_f1_9": 0.0002947972161847281,
"avg_TS_ap_9": 0.998726708057292,
"std_TS_ap_9": 4.202563432783819e-05,
"avg_TS_auc_9": 0.9886988444444444,
"std_TS_auc_9": 0.0003309147952697761,
"avg_TS_f1_all": 0.9648156024717423,
"std_TS_f1_all": 0.00035067207391174896,
"avg_TS_ap_all": 0.9935407014039118,
"std_TS_ap_all": 0.00013709782897198161,
"avg_TS_auc_all": 0.9473751433333334,
"std_TS_auc_all": 0.0009481520434502569
}