{
"avg_TS_f1_0": 0.9591333333333333,
"std_TS_f1_0": 0.0041842739093118425,
"avg_TS_ap_0": 0.9888439705058649,
"std_TS_ap_0": 0.001825905731879151,
"avg_TS_auc_0": 0.9151207222222222,
"std_TS_auc_0": 0.01382633786900566,
"avg_TS_f1_1": 0.9914000000000002,
"std_TS_f1_1": 0.0003413842554608072,
"avg_TS_ap_1": 0.9974527826037491,
"std_TS_ap_1": 0.0012790878527449128,
"avg_TS_auc_1": 0.9859524777777777,
"std_TS_auc_1": 0.004910185077425113,
"avg_TS_f1_2": 0.9518209233124668,
"std_TS_f1_2": 0.006542549143917992,
"avg_TS_ap_2": 0.9912549893852095,
"std_TS_ap_2": 0.0015711466032304864,
"avg_TS_auc_2": 0.9282185666666667,
"std_TS_auc_2": 0.013383996618469774,
"avg_TS_f1_3": 0.9193195634325365,
"std_TS_f1_3": 0.006113369435289359,
"avg_TS_ap_3": 0.9614735936624946,
"std_TS_ap_3": 0.005104269213171963,
"avg_TS_auc_3": 0.7390048333333334,
"std_TS_auc_3": 0.018289206767556115,
"avg_TS_f1_4": 0.9364992857627892,
"std_TS_f1_4": 0.0025436683900755333,
"avg_TS_ap_4": 0.9865405671160016,
"std_TS_ap_4": 0.0007227506936561425,
"avg_TS_auc_4": 0.8894527999999999,
"std_TS_auc_4": 0.006037433391253901,
"avg_TS_f1_5": 0.9569111111111113,
"std_TS_f1_5": 0.01416226947008176,
"avg_TS_ap_5": 0.9862645289240843,
"std_TS_ap_5": 0.016421763286880157,
"avg_TS_auc_5": 0.918257211111111,
"std_TS_auc_5": 0.06698982196974976,
"avg_TS_f1_6": 0.9240769178534609,
"std_TS_f1_6": 0.0010289906213558147,
"avg_TS_ap_6": 0.9740819223750264,
"std_TS_ap_6": 0.0031567480738613524,
"avg_TS_auc_6": 0.8060869888888889,
"std_TS_auc_6": 0.013471509812293343,
"avg_TS_f1_7": 0.9668765721552433,
"std_TS_f1_7": 0.0048675599595851505,
"avg_TS_ap_7": 0.9970968805283977,
"std_TS_ap_7": 0.0005998042119487288,
"avg_TS_auc_7": 0.9737099,
"std_TS_auc_7": 0.005444550350829362,
"avg_TS_f1_8": 0.961454437592212,
"std_TS_f1_8": 0.035318634486763326,
"avg_TS_ap_8": 0.955929096007265,
"std_TS_ap_8": 0.07889372644804395,
"avg_TS_auc_8": 0.8248774666666666,
"std_TS_auc_8": 0.28056460673701483,
"avg_TS_f1_9": 0.979599630843689,
"std_TS_f1_9": 0.004344332490278369,
"avg_TS_ap_9": 0.9984760840465017,
"std_TS_ap_9": 0.0004483249451473896,
"avg_TS_auc_9": 0.9863335777777777,
"std_TS_auc_9": 0.004117030308215548,
"avg_TS_f1_all": 0.9547091775396842,
"std_TS_f1_all": 0.004815800663292553,
"avg_TS_ap_all": 0.9837414415154596,
"std_TS_ap_all": 0.0076355160669868615,
"avg_TS_auc_all": 0.8967014544444446,
"std_TS_auc_all": 0.027860963361939793
}