{
"avg_TS_f1_0": 0.9483438907099776,
"std_TS_f1_0": 0.0009550168826050148,
"avg_TS_ap_0": 0.9763053509035314,
"std_TS_ap_0": 0.0008407497984862667,
"avg_TS_auc_0": 0.8697491444444445,
"std_TS_auc_0": 0.004112088851390289,
"avg_TS_f1_1": 0.9923333333333334,
"std_TS_f1_1": 0.000351364184463145,
"avg_TS_ap_1": 0.9992748972408021,
"std_TS_ap_1": 0.0002672549091938174,
"avg_TS_auc_1": 0.9948729444444446,
"std_TS_auc_1": 0.0013685379000782114,
"avg_TS_f1_2": 0.9525322962386801,
"std_TS_f1_2": 0.0011660221681312384,
"avg_TS_ap_2": 0.9896935447991471,
"std_TS_ap_2": 0.0006463753108728497,
"avg_TS_auc_2": 0.9268732333333334,
"std_TS_auc_2": 0.0026231250605356312,
"avg_TS_f1_3": 0.9197213240241741,
"std_TS_f1_3": 0.0012535436152126805,
"avg_TS_ap_3": 0.9444885083402094,
"std_TS_ap_3": 0.003709246527981471,
"avg_TS_auc_3": 0.7006913666666665,
"std_TS_auc_3": 0.005418429037239934,
"avg_TS_f1_4": 0.9394090893938551,
"std_TS_f1_4": 0.0005429937817745361,
"avg_TS_ap_4": 0.9876686452051157,
"std_TS_ap_4": 0.0006764952606506713,
"avg_TS_auc_4": 0.9055367444444447,
"std_TS_auc_4": 0.003047214444556055,
"avg_TS_f1_5": 0.9615431536319919,
"std_TS_f1_5": 0.0018922076484246338,
"avg_TS_ap_5": 0.9962698193874813,
"std_TS_ap_5": 0.00032926437592543624,
"avg_TS_auc_5": 0.9671881222222222,
"std_TS_auc_5": 0.0025841888206916434,
"avg_TS_f1_6": 0.9233983073133694,
"std_TS_f1_6": 0.0005308006916118214,
"avg_TS_ap_6": 0.9638222090591032,
"std_TS_ap_6": 0.0038693219440456817,
"avg_TS_auc_6": 0.7858421555555557,
"std_TS_auc_6": 0.012037270885498282,
"avg_TS_f1_7": 0.9795442388774684,
"std_TS_f1_7": 0.0016835254385195802,
"avg_TS_ap_7": 0.9987197464183153,
"std_TS_ap_7": 0.00016432072672299786,
"avg_TS_auc_7": 0.9882819222222222,
"std_TS_auc_7": 0.001490802979671548,
"avg_TS_f1_8": 0.9581323456241396,
"std_TS_f1_8": 0.015345467625916057,
"avg_TS_ap_8": 0.9898018968609807,
"std_TS_ap_8": 0.006747574684242514,
"avg_TS_auc_8": 0.9313661777777777,
"std_TS_auc_8": 0.04059916117144765,
"avg_TS_f1_9": 0.9773555555555555,
"std_TS_f1_9": 0.00036784323016102963,
"avg_TS_ap_9": 0.9982302762674863,
"std_TS_ap_9": 8.610184186124945e-05,
"avg_TS_auc_9": 0.9849806333333333,
"std_TS_auc_9": 0.0006505694330049984,
"avg_TS_f1_all": 0.9552313534702546,
"std_TS_f1_all": 0.0014738474778057857,
"avg_TS_ap_all": 0.9844274894482172,
"std_TS_ap_all": 0.001264248550495976,
"avg_TS_auc_all": 0.9055382444444444,
"std_TS_auc_all": 0.005323907429268482
}