{
"avg_TS_f1_0": 0.8930765943787001,
"std_TS_f1_0": 0.002023563380794522,
"avg_TS_ap_0": 0.7772673306772037,
"std_TS_ap_0": 0.00916437285450945,
"avg_TS_auc_0": 0.15673115555555556,
"std_TS_auc_0": 0.035020684590142175,
"avg_TS_f1_1": 0.9277090406257138,
"std_TS_f1_1": 0.0323461888968692,
"avg_TS_ap_1": 0.83655148106235,
"std_TS_ap_1": 0.08015376519748986,
"avg_TS_auc_1": 0.4228874,
"std_TS_auc_1": 0.2820143706012081,
"avg_TS_f1_2": 0.9265213153817189,
"std_TS_f1_2": 0.019540510348634323,
"avg_TS_ap_2": 0.8967123144855226,
"std_TS_ap_2": 0.07883350917715201,
"avg_TS_auc_2": 0.6040813999999999,
"std_TS_auc_2": 0.2685505422958623,
"avg_TS_f1_3": 0.9207538776845627,
"std_TS_f1_3": 0.010725856426930426,
"avg_TS_ap_3": 0.9253908283830666,
"std_TS_ap_3": 0.04295881726578338,
"avg_TS_auc_3": 0.6447656444444444,
"std_TS_auc_3": 0.12376248291849742,
"avg_TS_f1_4": 0.9139435734083993,
"std_TS_f1_4": 0.010621733147185692,
"avg_TS_ap_4": 0.878712536318934,
"std_TS_ap_4": 0.05485030687296975,
"avg_TS_auc_4": 0.5169539333333333,
"std_TS_auc_4": 0.19076802202258414,
"avg_TS_f1_5": 0.9508993870029816,
"std_TS_f1_5": 0.016417561575614883,
"avg_TS_ap_5": 0.9775284132664164,
"std_TS_ap_5": 0.033224199656541824,
"avg_TS_auc_5": 0.8953541777777778,
"std_TS_auc_5": 0.10462341202908011,
"avg_TS_f1_6": 0.9050202011222845,
"std_TS_f1_6": 0.005690016488729218,
"avg_TS_ap_6": 0.8601622840152503,
"std_TS_ap_6": 0.015597407582646411,
"avg_TS_auc_6": 0.4152724444444444,
"std_TS_auc_6": 0.059132562971943504,
"avg_TS_f1_7": 0.9542222222222222,
"std_TS_f1_7": 0.013545169062742337,
"avg_TS_ap_7": 0.9549022859210206,
"std_TS_ap_7": 0.051500955449692416,
"avg_TS_auc_7": 0.8438840777777779,
"std_TS_auc_7": 0.1568931979537397,
"avg_TS_f1_8": 0.9156987795618274,
"std_TS_f1_8": 0.036029824529036324,
"avg_TS_ap_8": 0.8453156514498794,
"std_TS_ap_8": 0.08361057225209054,
"avg_TS_auc_8": 0.41977305555555555,
"std_TS_auc_8": 0.31248827692539916,
"avg_TS_f1_9": 0.9703777777777777,
"std_TS_f1_9": 0.010734414484311079,
"avg_TS_ap_9": 0.979540308128073,
"std_TS_ap_9": 0.036629426872171814,
"avg_TS_auc_9": 0.9276432222222223,
"std_TS_auc_9": 0.10624887343032666,
"avg_TS_f1_all": 0.9278222769166187,
"std_TS_f1_all": 0.007827026339568374,
"avg_TS_ap_all": 0.8932083433707716,
"std_TS_ap_all": 0.021278199527402092,
"avg_TS_auc_all": 0.5847346511111111,
"std_TS_auc_all": 0.07718711950534113
}