{
"avg_TS_f1_0": 0.946088888888889,
"std_TS_f1_0": 0.00327157605391396,
"avg_TS_ap_0": 0.9790608401724524,
"std_TS_ap_0": 0.0020606166064544495,
"avg_TS_auc_0": 0.8597001777777779,
"std_TS_auc_0": 0.010031087227079842,
"avg_TS_f1_1": 0.9863555555555555,
"std_TS_f1_1": 0.0016381259994650687,
"avg_TS_ap_1": 0.9950399064039533,
"std_TS_ap_1": 0.0014789751859551926,
"avg_TS_auc_1": 0.9729270888888889,
"std_TS_auc_1": 0.004730966298681342,
"avg_TS_f1_2": 0.9361659487255466,
"std_TS_f1_2": 0.003670520916345175,
"avg_TS_ap_2": 0.9812206336982892,
"std_TS_ap_2": 0.003168143054982335,
"avg_TS_auc_2": 0.8555810555555554,
"std_TS_auc_2": 0.022445203827995117,
"avg_TS_f1_3": 0.9106,
"std_TS_f1_3": 0.004163687824068469,
"avg_TS_ap_3": 0.9486062787120684,
"std_TS_ap_3": 0.005962537407854919,
"avg_TS_auc_3": 0.674875,
"std_TS_auc_3": 0.02970102209898998,
"avg_TS_f1_4": 0.9290222222222223,
"std_TS_f1_4": 0.0023448393558916036,
"avg_TS_ap_4": 0.9805653877596466,
"std_TS_ap_4": 0.002297151535134317,
"avg_TS_auc_4": 0.8471220222222222,
"std_TS_auc_4": 0.015727130603765623,
"avg_TS_f1_5": 0.9493884425677969,
"std_TS_f1_5": 0.006979197386779551,
"avg_TS_ap_5": 0.9907622626629126,
"std_TS_ap_5": 0.002536101145882215,
"avg_TS_auc_5": 0.9244743,
"std_TS_auc_5": 0.017455583483448864,
"avg_TS_f1_6": 0.9244,
"std_TS_f1_6": 0.0023334391510397095,
"avg_TS_ap_6": 0.9733716864647791,
"std_TS_ap_6": 0.0035166933138487755,
"avg_TS_auc_6": 0.8015778777777778,
"std_TS_auc_6": 0.020241450350471868,
"avg_TS_f1_7": 0.9448888888888888,
"std_TS_f1_7": 0.005247927280435667,
"avg_TS_ap_7": 0.9898118519370549,
"std_TS_ap_7": 0.0019277847760289257,
"avg_TS_auc_7": 0.9143459999999999,
"std_TS_auc_7": 0.014488532546231505,
"avg_TS_f1_8": 0.9365111111111112,
"std_TS_f1_8": 0.004784026920936678,
"avg_TS_ap_8": 0.9690078169750469,
"std_TS_ap_8": 0.007134059906044091,
"avg_TS_auc_8": 0.8087605555555555,
"std_TS_auc_8": 0.01951696161693182,
"avg_TS_f1_9": 0.9388771746578513,
"std_TS_f1_9": 0.0108118427173271,
"avg_TS_ap_9": 0.978294850671017,
"std_TS_ap_9": 0.012140014126988653,
"avg_TS_auc_9": 0.8423538999999998,
"std_TS_auc_9": 0.07764756831611297,
"avg_TS_f1_all": 0.9402298232617861,
"std_TS_f1_all": 0.0014800485421240623,
"avg_TS_ap_all": 0.978574151545722,
"std_TS_ap_all": 0.0021992932540271367,
"avg_TS_auc_all": 0.8501717977777778,
"std_TS_auc_all": 0.011032477132420924
}