{
"avg_TS_f1_0": 0.9301983480563736,
"std_TS_f1_0": 0.006785183589837203,
"avg_TS_ap_0": 0.9696731755048493,
"std_TS_ap_0": 0.006950205922335654,
"avg_TS_auc_0": 0.8025007444444444,
"std_TS_auc_0": 0.036968774149367105,
"avg_TS_f1_1": 0.9593333333333334,
"std_TS_f1_1": 0.00849749418401727,
"avg_TS_ap_1": 0.9876248458574061,
"std_TS_ap_1": 0.0019408161588581464,
"avg_TS_auc_1": 0.9200581333333334,
"std_TS_auc_1": 0.018631844094618533,
"avg_TS_f1_2": 0.9236666666666666,
"std_TS_f1_2": 0.013169737100969102,
"avg_TS_ap_2": 0.9753452848888411,
"std_TS_ap_2": 0.009869453498295733,
"avg_TS_auc_2": 0.8117529555555556,
"std_TS_auc_2": 0.06800992914933837,
"avg_TS_f1_3": 0.9238325734145725,
"std_TS_f1_3": 0.009724883882935976,
"avg_TS_ap_3": 0.9670663209583577,
"std_TS_ap_3": 0.009420486308279751,
"avg_TS_auc_3": 0.775704288888889,
"std_TS_auc_3": 0.05094262362443881,
"avg_TS_f1_4": 0.928721521566013,
"std_TS_f1_4": 0.004468361874260577,
"avg_TS_ap_4": 0.9757781626780695,
"std_TS_ap_4": 0.001169656897349485,
"avg_TS_auc_4": 0.8276340444444445,
"std_TS_auc_4": 0.0037825639086096242,
"avg_TS_f1_5": 0.9245777777777778,
"std_TS_f1_5": 0.009954315398947765,
"avg_TS_ap_5": 0.9660909897633093,
"std_TS_ap_5": 0.01802562588968263,
"avg_TS_auc_5": 0.781359111111111,
"std_TS_auc_5": 0.09646931930928884,
"avg_TS_f1_6": 0.9085333333333334,
"std_TS_f1_6": 0.0024649643775754644,
"avg_TS_ap_6": 0.9596268950592794,
"std_TS_ap_6": 0.004038098611432207,
"avg_TS_auc_6": 0.7136283222222223,
"std_TS_auc_6": 0.025626002149446905,
"avg_TS_f1_7": 0.9287777777777777,
"std_TS_f1_7": 0.01917444286698465,
"avg_TS_ap_7": 0.9837487230059754,
"std_TS_ap_7": 0.009669323260396791,
"avg_TS_auc_7": 0.8660270444444444,
"std_TS_auc_7": 0.07306144566365669,
"avg_TS_f1_8": 0.9383777777777779,
"std_TS_f1_8": 0.01608228839437972,
"avg_TS_ap_8": 0.9724512248032969,
"std_TS_ap_8": 0.008664750372073891,
"avg_TS_auc_8": 0.8253614666666665,
"std_TS_auc_8": 0.06079902737694263,
"avg_TS_f1_9": 0.9364768993339136,
"std_TS_f1_9": 0.009701196799121943,
"avg_TS_ap_9": 0.9824216724178145,
"std_TS_ap_9": 0.009242419639682144,
"avg_TS_auc_9": 0.8685374222222222,
"std_TS_auc_9": 0.0599153008019211,
"avg_TS_f1_all": 0.9302496009037539,
"std_TS_f1_all": 0.004549048510249436,
"avg_TS_ap_all": 0.97398272949372,
"std_TS_ap_all": 0.0029303515491787067,
"avg_TS_auc_all": 0.8192563533333332,
"std_TS_auc_all": 0.02030782202364842
}