{
"avg_TS_f1_0": 0.9505322554956755,
"std_TS_f1_0": 0.0009906460780400622,
"avg_TS_ap_0": 0.9839848096294291,
"std_TS_ap_0": 0.0017039802913205505,
"avg_TS_auc_0": 0.8891709444444444,
"std_TS_auc_0": 0.004817821815604418,
"avg_TS_f1_1": 0.9918000000000001,
"std_TS_f1_1": 0.0006455928465037538,
"avg_TS_ap_1": 0.9994136472189297,
"std_TS_ap_1": 0.00018633311764498407,
"avg_TS_auc_1": 0.9953534777777779,
"std_TS_auc_1": 0.001311812461942871,
"avg_TS_f1_2": 0.9528878517942354,
"std_TS_f1_2": 0.0010305897756149472,
"avg_TS_ap_2": 0.99173058717033,
"std_TS_ap_2": 0.0008226337960901867,
"avg_TS_auc_2": 0.9327636888888888,
"std_TS_auc_2": 0.004060426949301883,
"avg_TS_f1_3": 0.9274840354411905,
"std_TS_f1_3": 0.0013720570870024119,
"avg_TS_ap_3": 0.9555528403355977,
"std_TS_ap_3": 0.006502170879944877,
"avg_TS_auc_3": 0.7532950777777778,
"std_TS_auc_3": 0.012793383909951583,
"avg_TS_f1_4": 0.9408195355773452,
"std_TS_f1_4": 0.0014711171841266873,
"avg_TS_ap_4": 0.9891252883143954,
"std_TS_ap_4": 0.00026831468443797414,
"avg_TS_auc_4": 0.9112043666666667,
"std_TS_auc_4": 0.0015608033079709007,
"avg_TS_f1_5": 0.9622213629152236,
"std_TS_f1_5": 0.00101728987869496,
"avg_TS_ap_5": 0.9965252956248761,
"std_TS_ap_5": 0.00013082685272490852,
"avg_TS_auc_5": 0.9683022444444445,
"std_TS_auc_5": 0.0012270880488999944,
"avg_TS_f1_6": 0.9252650147230401,
"std_TS_f1_6": 0.0011750397210247895,
"avg_TS_ap_6": 0.9774385981688802,
"std_TS_ap_6": 0.0030362493878551395,
"avg_TS_auc_6": 0.8281021333333332,
"std_TS_auc_6": 0.008498556400041832,
"avg_TS_f1_7": 0.9806222222222223,
"std_TS_f1_7": 0.001022222222222216,
"avg_TS_ap_7": 0.9988776903465342,
"std_TS_ap_7": 6.595369942609022e-05,
"avg_TS_auc_7": 0.9897378444444443,
"std_TS_auc_7": 0.0006134680059474153,
"avg_TS_f1_8": 0.9552995067627214,
"std_TS_f1_8": 0.010715130193216996,
"avg_TS_ap_8": 0.9900150425251294,
"std_TS_ap_8": 0.00427162155410304,
"avg_TS_auc_8": 0.9246221222222222,
"std_TS_auc_8": 0.02730676640440404,
"avg_TS_f1_9": 0.9781333333333334,
"std_TS_f1_9": 0.0007710822921287939,
"avg_TS_ap_9": 0.9982536288410475,
"std_TS_ap_9": 4.94333819220101e-05,
"avg_TS_auc_9": 0.9845000444444445,
"std_TS_auc_9": 0.00048679984149452554,
"avg_TS_f1_all": 0.9565065118264988,
"std_TS_f1_all": 0.0012009019792933234,
"avg_TS_ap_all": 0.9880917428175149,
"std_TS_ap_all": 0.0009923123820706206,
"avg_TS_auc_all": 0.9177051944444445,
"std_TS_auc_all": 0.002967393687510842
}