{
"avg_TS_f1_0": 0.938509881413165,
"std_TS_f1_0": 0.008553356578831812,
"avg_TS_ap_0": 0.9779378735742602,
"std_TS_ap_0": 0.004840453392658253,
"avg_TS_auc_0": 0.8369485777777778,
"std_TS_auc_0": 0.03344487572142751,
"avg_TS_f1_1": 0.9814997833212956,
"std_TS_f1_1": 0.0033665660365631684,
"avg_TS_ap_1": 0.9944442497396773,
"std_TS_ap_1": 0.0014400482169239996,
"avg_TS_auc_1": 0.9604891777777779,
"std_TS_auc_1": 0.010158858525505448,
"avg_TS_f1_2": 0.9389200498793142,
"std_TS_f1_2": 0.015785893040748233,
"avg_TS_ap_2": 0.9825340036242096,
"std_TS_ap_2": 0.007580563469557834,
"avg_TS_auc_2": 0.8636954333333332,
"std_TS_auc_2": 0.05908655628192661,
"avg_TS_f1_3": 0.917119452315252,
"std_TS_f1_3": 0.009917392529083498,
"avg_TS_ap_3": 0.9709125312644421,
"std_TS_ap_3": 0.005200860322668534,
"avg_TS_auc_3": 0.7732418222222222,
"std_TS_auc_3": 0.04069998050524901,
"avg_TS_f1_4": 0.9323866535795198,
"std_TS_f1_4": 0.001502735247291545,
"avg_TS_ap_4": 0.9803877235991999,
"std_TS_ap_4": 0.0011694714883854918,
"avg_TS_auc_4": 0.8477199333333333,
"std_TS_auc_4": 0.007096447469641601,
"avg_TS_f1_5": 0.9457425758221134,
"std_TS_f1_5": 0.005597936785815658,
"avg_TS_ap_5": 0.9902203781867277,
"std_TS_ap_5": 0.0029429643642387626,
"avg_TS_auc_5": 0.9162874444444444,
"std_TS_auc_5": 0.022754763566105996,
"avg_TS_f1_6": 0.9201759986665927,
"std_TS_f1_6": 0.004620157171598917,
"avg_TS_ap_6": 0.97320128254396,
"std_TS_ap_6": 0.003660390813240347,
"avg_TS_auc_6": 0.7934293222222222,
"std_TS_auc_6": 0.02150915955493732,
"avg_TS_f1_7": 0.9564655209240019,
"std_TS_f1_7": 0.015464022829067097,
"avg_TS_ap_7": 0.9937762343676468,
"std_TS_ap_7": 0.004186588252210696,
"avg_TS_auc_7": 0.9464126222222223,
"std_TS_auc_7": 0.034639923558732265,
"avg_TS_f1_8": 0.9199418560290387,
"std_TS_f1_8": 0.011265598665583618,
"avg_TS_ap_8": 0.964186659990322,
"std_TS_ap_8": 0.00897315042467197,
"avg_TS_auc_8": 0.7415556333333333,
"std_TS_auc_8": 0.0609789716511589,
"avg_TS_f1_9": 0.9663219487502392,
"std_TS_f1_9": 0.013257766579400022,
"avg_TS_ap_9": 0.9904726839670761,
"std_TS_ap_9": 0.008188748567379504,
"avg_TS_auc_9": 0.9305327444444444,
"std_TS_auc_9": 0.05653156567948195,
"avg_TS_f1_all": 0.9417083720700532,
"std_TS_f1_all": 0.0030334040338085367,
"avg_TS_ap_all": 0.9818073620857521,
"std_TS_ap_all": 0.0019112858708537283,
"avg_TS_auc_all": 0.861031271111111,
"std_TS_auc_all": 0.01309674742953394
}