{
"avg_TS_f1_0": 0.9532645405615746,
"std_TS_f1_0": 0.002251925361065898,
"avg_TS_ap_0": 0.9667883665880492,
"std_TS_ap_0": 0.0015394202529776936,
"avg_TS_auc_0": 0.8563361666666666,
"std_TS_auc_0": 0.008272913755663193,
"avg_TS_f1_1": 0.9864444444444445,
"std_TS_f1_1": 0.0007200822998230951,
"avg_TS_ap_1": 0.974459689997835,
"std_TS_ap_1": 0.0010812902009000565,
"avg_TS_auc_1": 0.9235496222222223,
"std_TS_auc_1": 0.005627944501468101,
"avg_TS_f1_2": 0.9494210925298319,
"std_TS_f1_2": 0.0031319729887725844,
"avg_TS_ap_2": 0.9655465330048516,
"std_TS_ap_2": 0.003200379345001462,
"avg_TS_auc_2": 0.8686908888888889,
"std_TS_auc_2": 0.011224601165341564,
"avg_TS_f1_3": 0.9404653604212581,
"std_TS_f1_3": 0.0029642457931019508,
"avg_TS_ap_3": 0.9477536198092892,
"std_TS_ap_3": 0.00182512249799853,
"avg_TS_auc_3": 0.7909425555555556,
"std_TS_auc_3": 0.02430796941925943,
"avg_TS_f1_4": 0.9412876270903938,
"std_TS_f1_4": 0.0027060637805955585,
"avg_TS_ap_4": 0.9666233114984125,
"std_TS_ap_4": 0.0038310232067129022,
"avg_TS_auc_4": 0.8535690555555556,
"std_TS_auc_4": 0.012619334130121732,
"avg_TS_f1_5": 0.9509099653684464,
"std_TS_f1_5": 0.008231535804130349,
"avg_TS_ap_5": 0.9733350665233553,
"std_TS_ap_5": 0.005696765258062144,
"avg_TS_auc_5": 0.8839643666666668,
"std_TS_auc_5": 0.02067995590303219,
"avg_TS_f1_6": 0.9256513817714046,
"std_TS_f1_6": 0.00181524852404816,
"avg_TS_ap_6": 0.9561724018548972,
"std_TS_ap_6": 0.0025657752725884095,
"avg_TS_auc_6": 0.7755285222222221,
"std_TS_auc_6": 0.01465015409650552,
"avg_TS_f1_7": 0.966465980208777,
"std_TS_f1_7": 0.002662892883207082,
"avg_TS_ap_7": 0.9796450157553229,
"std_TS_ap_7": 0.004519249812623209,
"avg_TS_auc_7": 0.9163290888888888,
"std_TS_auc_7": 0.01391095988645171,
"avg_TS_f1_8": 0.975577176509806,
"std_TS_f1_8": 0.004553714261614162,
"avg_TS_ap_8": 0.9693028271584438,
"std_TS_ap_8": 0.0023319507023337083,
"avg_TS_auc_8": 0.902468088888889,
"std_TS_auc_8": 0.011007311324784982,
"avg_TS_f1_9": 0.9662222222222223,
"std_TS_f1_9": 0.0023253832818285244,
"avg_TS_ap_9": 0.9887956883043294,
"std_TS_ap_9": 0.0014048508642746798,
"avg_TS_auc_9": 0.9339161222222223,
"std_TS_auc_9": 0.008034226458758679,
"avg_TS_f1_all": 0.9555709791128159,
"std_TS_f1_all": 0.0012760898858928946,
"avg_TS_ap_all": 0.9688422520494788,
"std_TS_ap_all": 0.0011432066054873208,
"avg_TS_auc_all": 0.8705294477777779,
"std_TS_auc_all": 0.006537290831099446
}