{
"avg_TS_f1_0": 0.9410182861278221,
"std_TS_f1_0": 0.0007166687407419558,
"avg_TS_ap_0": 0.9740192211290338,
"std_TS_ap_0": 0.0017739449169884912,
"avg_TS_auc_0": 0.8517525444444445,
"std_TS_auc_0": 0.003499678362893353,
"avg_TS_f1_1": 0.9773100888320956,
"std_TS_f1_1": 0.0011134376272414846,
"avg_TS_ap_1": 0.9857294017375583,
"std_TS_ap_1": 0.001794159213648541,
"avg_TS_auc_1": 0.9361661111111111,
"std_TS_auc_1": 0.0033737380561633455,
"avg_TS_f1_2": 0.9495194349686024,
"std_TS_f1_2": 0.0007159716591831251,
"avg_TS_ap_2": 0.986807606037518,
"std_TS_ap_2": 0.003941529131535034,
"avg_TS_auc_2": 0.9092084222222223,
"std_TS_auc_2": 0.012281419014033833,
"avg_TS_f1_3": 0.9147924052252489,
"std_TS_f1_3": 0.0010735399764765948,
"avg_TS_ap_3": 0.9421288800484369,
"std_TS_ap_3": 0.0041064470362366995,
"avg_TS_auc_3": 0.6887260555555555,
"std_TS_auc_3": 0.005493844024603046,
"avg_TS_f1_4": 0.9358846144981904,
"std_TS_f1_4": 0.001514623412548828,
"avg_TS_ap_4": 0.9863876018735344,
"std_TS_ap_4": 0.0011374423718603442,
"avg_TS_auc_4": 0.8932625,
"std_TS_auc_4": 0.004232317272786933,
"avg_TS_f1_5": 0.9368964336712718,
"std_TS_f1_5": 0.0018478839196943034,
"avg_TS_ap_5": 0.9897769240159947,
"std_TS_ap_5": 0.0005612830156220789,
"avg_TS_auc_5": 0.9093417222222222,
"std_TS_auc_5": 0.004874215901741549,
"avg_TS_f1_6": 0.9220579803200607,
"std_TS_f1_6": 0.0012363062835404465,
"avg_TS_ap_6": 0.9705507236606479,
"std_TS_ap_6": 0.0015312632069097057,
"avg_TS_auc_6": 0.8121685444444445,
"std_TS_auc_6": 0.007445386838062561,
"avg_TS_f1_7": 0.9674867356442942,
"std_TS_f1_7": 0.0010679266824049007,
"avg_TS_ap_7": 0.9969475565205317,
"std_TS_ap_7": 0.00015268451846961413,
"avg_TS_auc_7": 0.9725821222222223,
"std_TS_auc_7": 0.001438705995412089,
"avg_TS_f1_8": 0.9133174065225846,
"std_TS_f1_8": 0.0009548330933470222,
"avg_TS_ap_8": 0.9307546674588055,
"std_TS_ap_8": 0.0033741459927343403,
"avg_TS_auc_8": 0.6684719444444445,
"std_TS_auc_8": 0.0053211481962003445,
"avg_TS_f1_9": 0.9745658363736258,
"std_TS_f1_9": 0.0017429819320832483,
"avg_TS_ap_9": 0.997255282649083,
"std_TS_ap_9": 0.00045763822837333984,
"avg_TS_auc_9": 0.9771901777777776,
"std_TS_auc_9": 0.0023476051475681894,
"avg_TS_f1_all": 0.9432849222183796,
"std_TS_f1_all": 0.0004956118916898931,
"avg_TS_ap_all": 0.9760357865131143,
"std_TS_ap_all": 0.0004984673750378216,
"avg_TS_auc_all": 0.8618870144444444,
"std_TS_auc_all": 0.0017799121775796305
}