{
"avg_TS_f1_0": 0.9594444444444445,
"std_TS_f1_0": 0.0005962847939999362,
"avg_TS_ap_0": 0.9710741253017595,
"std_TS_ap_0": 0.001388387844288513,
"avg_TS_auc_0": 0.8746818000000001,
"std_TS_auc_0": 0.004740080856814151,
"avg_TS_f1_1": 0.9872444444444444,
"std_TS_f1_1": 0.0008356264745317097,
"avg_TS_ap_1": 0.968579694333366,
"std_TS_ap_1": 0.0035117109516822477,
"avg_TS_auc_1": 0.9136132444444446,
"std_TS_auc_1": 0.0064167907901992085,
"avg_TS_f1_2": 0.9549429215203313,
"std_TS_f1_2": 0.001045018036651023,
"avg_TS_ap_2": 0.9797962528948678,
"std_TS_ap_2": 0.002019998931605142,
"avg_TS_auc_2": 0.9019416222222223,
"std_TS_auc_2": 0.006584988452458521,
"avg_TS_f1_3": 0.9293627731550149,
"std_TS_f1_3": 0.001218787615551504,
"avg_TS_ap_3": 0.9499458738923343,
"std_TS_ap_3": 0.0020130178191287854,
"avg_TS_auc_3": 0.7194385555555556,
"std_TS_auc_3": 0.006607000809934022,
"avg_TS_f1_4": 0.9424326981128581,
"std_TS_f1_4": 0.00024340608878945267,
"avg_TS_ap_4": 0.9747759240990923,
"std_TS_ap_4": 0.0014068151684069208,
"avg_TS_auc_4": 0.8679482555555555,
"std_TS_auc_4": 0.003867281337574361,
"avg_TS_f1_5": 0.9673547184720139,
"std_TS_f1_5": 0.004724751270454978,
"avg_TS_ap_5": 0.9814204897053663,
"std_TS_ap_5": 0.0040367634846703825,
"avg_TS_auc_5": 0.9273285777777778,
"std_TS_auc_5": 0.012924392637285342,
"avg_TS_f1_6": 0.9258531004808909,
"std_TS_f1_6": 0.0008481279086723926,
"avg_TS_ap_6": 0.9569525618998063,
"std_TS_ap_6": 0.002881754407595509,
"avg_TS_auc_6": 0.7636925888888889,
"std_TS_auc_6": 0.0031071450898506013,
"avg_TS_f1_7": 0.9710222222222222,
"std_TS_f1_7": 0.004594897868261377,
"avg_TS_ap_7": 0.9848925383991183,
"std_TS_ap_7": 0.00318372741735403,
"avg_TS_auc_7": 0.9298256111111112,
"std_TS_auc_7": 0.017356684409510895,
"avg_TS_f1_8": 0.9877555555555555,
"std_TS_f1_8": 0.00032508308529617484,
"avg_TS_ap_8": 0.9855491733583716,
"std_TS_ap_8": 0.0008260119061490911,
"avg_TS_auc_8": 0.9531072666666667,
"std_TS_auc_8": 0.0018020500984390136,
"avg_TS_f1_9": 0.9811219166496905,
"std_TS_f1_9": 0.0043553101602721465,
"avg_TS_ap_9": 0.9823684607373819,
"std_TS_ap_9": 0.002856999183847387,
"avg_TS_auc_9": 0.9418423555555556,
"std_TS_auc_9": 0.01260467099950173,
"avg_TS_f1_all": 0.9606534795057466,
"std_TS_f1_all": 0.0011271037418988628,
"avg_TS_ap_all": 0.9735355094621465,
"std_TS_ap_all": 0.0011326799280938313,
"avg_TS_auc_all": 0.8793419877777777,
"std_TS_auc_all": 0.0033553275789487895
}