{
"avg_TS_f1_0": 0.9636888888888888,
"std_TS_f1_0": 0.0011830072581516457,
"avg_TS_ap_0": 0.9787880760839125,
"std_TS_ap_0": 0.00165769128757638,
"avg_TS_auc_0": 0.8891950999999999,
"std_TS_auc_0": 0.003637064828901141,
"avg_TS_f1_1": 0.9795555555555555,
"std_TS_f1_1": 0.0003784308081316931,
"avg_TS_ap_1": 0.9561600535295632,
"std_TS_ap_1": 0.0037726358139285104,
"avg_TS_auc_1": 0.8813208333333333,
"std_TS_auc_1": 0.007293021929671301,
"avg_TS_f1_2": 0.9539661376249299,
"std_TS_f1_2": 0.001220682432846849,
"avg_TS_ap_2": 0.9795547646021513,
"std_TS_ap_2": 0.0012686346554023492,
"avg_TS_auc_2": 0.8874360888888889,
"std_TS_auc_2": 0.004871861516180351,
"avg_TS_f1_3": 0.9372964768861557,
"std_TS_f1_3": 0.0016272188014567139,
"avg_TS_ap_3": 0.9415103846085732,
"std_TS_ap_3": 0.008004538246788487,
"avg_TS_auc_3": 0.7043584333333334,
"std_TS_auc_3": 0.014318561396003102,
"avg_TS_f1_4": 0.9436654098067176,
"std_TS_f1_4": 0.0007075080890447051,
"avg_TS_ap_4": 0.9697141448862118,
"std_TS_ap_4": 0.0023315242746194615,
"avg_TS_auc_4": 0.8399739555555555,
"std_TS_auc_4": 0.00699038217533806,
"avg_TS_f1_5": 0.9599555555555556,
"std_TS_f1_5": 0.010003851110299347,
"avg_TS_ap_5": 0.980110362051047,
"std_TS_ap_5": 0.008795637003217746,
"avg_TS_auc_5": 0.8955134444444444,
"std_TS_auc_5": 0.04044664190733574,
"avg_TS_f1_6": 0.9268856515826911,
"std_TS_f1_6": 0.0005300564815192453,
"avg_TS_ap_6": 0.9572019957702252,
"std_TS_ap_6": 0.002307366194278043,
"avg_TS_auc_6": 0.7518692111111112,
"std_TS_auc_6": 0.00639000847025073,
"avg_TS_f1_7": 0.9648222222222224,
"std_TS_f1_7": 0.00664388700746037,
"avg_TS_ap_7": 0.9835138559879919,
"std_TS_ap_7": 0.006552345385956778,
"avg_TS_auc_7": 0.9140340222222221,
"std_TS_auc_7": 0.03296431777863168,
"avg_TS_f1_8": 0.9783777777777777,
"std_TS_f1_8": 0.0011146609959097247,
"avg_TS_ap_8": 0.9883302803352342,
"std_TS_ap_8": 0.0009347960607219928,
"avg_TS_auc_8": 0.9407243444444445,
"std_TS_auc_8": 0.004011132328414182,
"avg_TS_f1_9": 0.9741777777777777,
"std_TS_f1_9": 0.008634012557293754,
"avg_TS_ap_9": 0.979748255032513,
"std_TS_ap_9": 0.010883877485532606,
"avg_TS_auc_9": 0.9171244111111111,
"std_TS_auc_9": 0.03166104055324653,
"avg_TS_f1_all": 0.9582391453678273,
"std_TS_f1_all": 0.0019149082540255206,
"avg_TS_ap_all": 0.9714632172887423,
"std_TS_ap_all": 0.0012656259304062608,
"avg_TS_auc_all": 0.8621549844444445,
"std_TS_auc_all": 0.0069415782640117815
}