{
"avg_TS_f1_0": 0.9529777777777777,
"std_TS_f1_0": 0.007028126912715415,
"avg_TS_ap_0": 0.9810166443710955,
"std_TS_ap_0": 0.003547865938374859,
"avg_TS_auc_0": 0.8780386777777778,
"std_TS_auc_0": 0.022991827128201164,
"avg_TS_f1_1": 0.9869333333333333,
"std_TS_f1_1": 0.003712242009990826,
"avg_TS_ap_1": 0.9903425577606113,
"std_TS_ap_1": 0.0020295303026721364,
"avg_TS_auc_1": 0.9598538111111111,
"std_TS_auc_1": 0.008046397048982634,
"avg_TS_f1_2": 0.951632868492694,
"std_TS_f1_2": 0.006258888082801961,
"avg_TS_ap_2": 0.9881127463326143,
"std_TS_ap_2": 0.002570205745385017,
"avg_TS_auc_2": 0.9113534888888889,
"std_TS_auc_2": 0.0165549669776583,
"avg_TS_f1_3": 0.9335333333333333,
"std_TS_f1_3": 0.00372870082958439,
"avg_TS_ap_3": 0.9658402228208786,
"std_TS_ap_3": 0.004750206541442544,
"avg_TS_auc_3": 0.7865975333333333,
"std_TS_auc_3": 0.02419167544582328,
"avg_TS_f1_4": 0.934186728892346,
"std_TS_f1_4": 0.0033505503677395895,
"avg_TS_ap_4": 0.982305839899403,
"std_TS_ap_4": 0.001737185242732355,
"avg_TS_auc_4": 0.8690952,
"std_TS_auc_4": 0.010114903377824024,
"avg_TS_f1_5": 0.9545999999999999,
"std_TS_f1_5": 0.004147050119224251,
"avg_TS_ap_5": 0.989461888872299,
"std_TS_ap_5": 0.0026599661536754375,
"avg_TS_auc_5": 0.9210508222222222,
"std_TS_auc_5": 0.018224348317004518,
"avg_TS_f1_6": 0.9198972461433043,
"std_TS_f1_6": 0.004310382616119204,
"avg_TS_ap_6": 0.9676908988837478,
"std_TS_ap_6": 0.002052038567517793,
"avg_TS_auc_6": 0.7754646777777778,
"std_TS_auc_6": 0.010971250258069222,
"avg_TS_f1_7": 0.9719999999999999,
"std_TS_f1_7": 0.002410880685353894,
"avg_TS_ap_7": 0.9965563649927105,
"std_TS_ap_7": 0.00037376358545312087,
"avg_TS_auc_7": 0.9724581888888888,
"std_TS_auc_7": 0.002132464672858011,
"avg_TS_f1_8": 0.9473660190998265,
"std_TS_f1_8": 0.009827494984302451,
"avg_TS_ap_8": 0.9733263016113615,
"std_TS_ap_8": 0.00659860110200159,
"avg_TS_auc_8": 0.8394044777777777,
"std_TS_auc_8": 0.04098787259224093,
"avg_TS_f1_9": 0.9762997215894711,
"std_TS_f1_9": 0.001921358714415182,
"avg_TS_ap_9": 0.996111198290877,
"std_TS_ap_9": 0.0009210302564550887,
"avg_TS_auc_9": 0.9709435999999998,
"std_TS_auc_9": 0.006429848263708963,
"avg_TS_f1_all": 0.9529427028662086,
"std_TS_f1_all": 0.0018294914149573989,
"avg_TS_ap_all": 0.9830764663835596,
"std_TS_ap_all": 0.0012232741285230758,
"avg_TS_auc_all": 0.8884260477777778,
"std_TS_auc_all": 0.007453386053201337
}