{
"avg_TS_f1_0": 0.9626888888888889,
"std_TS_f1_0": 0.0005595412583117532,
"avg_TS_ap_0": 0.9885549293627254,
"std_TS_ap_0": 0.0005725153547012598,
"avg_TS_auc_0": 0.9167258222222223,
"std_TS_auc_0": 0.003277018887930256,
"avg_TS_f1_1": 0.9904,
"std_TS_f1_1": 0.00028631330503833504,
"avg_TS_ap_1": 0.995805025183305,
"std_TS_ap_1": 0.0004100237024921086,
"avg_TS_auc_1": 0.9785198333333331,
"std_TS_auc_1": 0.0018725813691133283,
"avg_TS_f1_2": 0.9554,
"std_TS_f1_2": 0.0010460979818613665,
"avg_TS_ap_2": 0.9906778525798516,
"std_TS_ap_2": 0.0005786661658402456,
"avg_TS_auc_2": 0.9292698222222222,
"std_TS_auc_2": 0.0032882701194201446,
"avg_TS_f1_3": 0.9436654184491731,
"std_TS_f1_3": 0.002178171421709701,
"avg_TS_ap_3": 0.965171668274263,
"std_TS_ap_3": 0.006158660276830868,
"avg_TS_auc_3": 0.8047188000000001,
"std_TS_auc_3": 0.023634493011995737,
"avg_TS_f1_4": 0.9438536955756801,
"std_TS_f1_4": 0.0005572867956819407,
"avg_TS_ap_4": 0.9880818852688869,
"std_TS_ap_4": 0.0001630794354762218,
"avg_TS_auc_4": 0.9069659222222223,
"std_TS_auc_4": 0.000840510384774372,
"avg_TS_f1_5": 0.9661883647856978,
"std_TS_f1_5": 0.006873543876020183,
"avg_TS_ap_5": 0.9963993784998847,
"std_TS_ap_5": 0.001302289545213384,
"avg_TS_auc_5": 0.9681685,
"std_TS_auc_5": 0.011630087348429467,
"avg_TS_f1_6": 0.9276515361964555,
"std_TS_f1_6": 0.0009676778068594391,
"avg_TS_ap_6": 0.9709186850085842,
"std_TS_ap_6": 0.0019672576770426095,
"avg_TS_auc_6": 0.7992496888888889,
"std_TS_auc_6": 0.007005192862635299,
"avg_TS_f1_7": 0.9770222222222223,
"std_TS_f1_7": 0.0014008815566644152,
"avg_TS_ap_7": 0.9983395755056165,
"std_TS_ap_7": 0.0001710804169726008,
"avg_TS_auc_7": 0.9851935222222222,
"std_TS_auc_7": 0.0015321180024985602,
"avg_TS_f1_8": 0.9780888888888889,
"std_TS_f1_8": 0.00704952498180806,
"avg_TS_ap_8": 0.9912482116799968,
"std_TS_ap_8": 0.0018814942004800788,
"avg_TS_auc_8": 0.9493566666666666,
"std_TS_auc_8": 0.012753899011094076,
"avg_TS_f1_9": 0.9812888888888889,
"std_TS_f1_9": 0.000519258730913238,
"avg_TS_ap_9": 0.9985329677807556,
"std_TS_ap_9": 4.3913199843532494e-05,
"avg_TS_auc_9": 0.9877196555555556,
"std_TS_auc_9": 0.00027291043029348917,
"avg_TS_f1_all": 0.9626247903895895,
"std_TS_f1_all": 0.0008523155148925758,
"avg_TS_ap_all": 0.9883730179143869,
"std_TS_ap_all": 0.0008899928333733889,
"avg_TS_auc_all": 0.9225888233333333,
"std_TS_auc_all": 0.0036214051776668056
}