{
"avg_TS_f1_0": 0.9524095177530374,
"std_TS_f1_0": 0.0005330673857280417,
"avg_TS_ap_0": 0.9836502237775541,
"std_TS_ap_0": 0.0005590706722849725,
"avg_TS_auc_0": 0.8855275222222222,
"std_TS_auc_0": 0.0026071337519852134,
"avg_TS_f1_1": 0.9874444444444445,
"std_TS_f1_1": 0.000612624388981786,
"avg_TS_ap_1": 0.994965258777919,
"std_TS_ap_1": 0.00021607223582446213,
"avg_TS_auc_1": 0.9730687666666666,
"std_TS_auc_1": 0.0011976723533278655,
"avg_TS_f1_2": 0.9535439400954374,
"std_TS_f1_2": 0.0007821538078256453,
"avg_TS_ap_2": 0.9896936009411815,
"std_TS_ap_2": 0.0004628871083114269,
"avg_TS_auc_2": 0.9199233444444446,
"std_TS_auc_2": 0.0025531242512790266,
"avg_TS_f1_3": 0.9372416393503343,
"std_TS_f1_3": 0.0014355955949937828,
"avg_TS_ap_3": 0.9758033951713267,
"std_TS_ap_3": 0.0009149030765688487,
"avg_TS_auc_3": 0.8289923111111112,
"std_TS_auc_3": 0.00646673174342974,
"avg_TS_f1_4": 0.9430876233864846,
"std_TS_f1_4": 0.0002995352022454775,
"avg_TS_ap_4": 0.9875979862863318,
"std_TS_ap_4": 0.00034586532134880016,
"avg_TS_auc_4": 0.9026514777777779,
"std_TS_auc_4": 0.0021976900360532615,
"avg_TS_f1_5": 0.9530317894203998,
"std_TS_f1_5": 0.0010067620199084052,
"avg_TS_ap_5": 0.99073520532766,
"std_TS_ap_5": 0.00047427168730965354,
"avg_TS_auc_5": 0.9241386666666667,
"std_TS_auc_5": 0.003910500971347979,
"avg_TS_f1_6": 0.9267848138811452,
"std_TS_f1_6": 0.0006424347610369626,
"avg_TS_ap_6": 0.9754390723724227,
"std_TS_ap_6": 0.0005500516643938174,
"avg_TS_auc_6": 0.818903911111111,
"std_TS_auc_6": 0.0018612484594758886,
"avg_TS_f1_7": 0.9744222222222222,
"std_TS_f1_7": 0.0006020540970730814,
"avg_TS_ap_7": 0.9976134546013322,
"std_TS_ap_7": 8.229043364190038e-05,
"avg_TS_auc_7": 0.9795945555555555,
"std_TS_auc_7": 0.0005872341605009664,
"avg_TS_f1_8": 0.9446617204337399,
"std_TS_f1_8": 0.002356815005588955,
"avg_TS_ap_8": 0.9733046463835139,
"std_TS_ap_8": 0.001206458842353534,
"avg_TS_auc_8": 0.8384312666666667,
"std_TS_auc_8": 0.0046672346547731915,
"avg_TS_f1_9": 0.9789442117154656,
"std_TS_f1_9": 0.0008314484492688653,
"avg_TS_ap_9": 0.9975726875780275,
"std_TS_ap_9": 0.00015632461764474332,
"avg_TS_auc_9": 0.9804802666666665,
"std_TS_auc_9": 0.0012808441754282756,
"avg_TS_f1_all": 0.9551571922702712,
"std_TS_f1_all": 0.0002474696577810059,
"avg_TS_ap_all": 0.9866375531217269,
"std_TS_ap_all": 0.0002546214487852265,
"avg_TS_auc_all": 0.9051712088888889,
"std_TS_auc_all": 0.0010747204715335688
}