{
"avg_TS_f1_0": 0.9381160306785826,
"std_TS_f1_0": 0.0002954761980466488,
"avg_TS_ap_0": 0.9662293288816945,
"std_TS_ap_0": 0.0004905710628942621,
"avg_TS_auc_0": 0.8006049000000001,
"std_TS_auc_0": 0.002829443324693788,
"avg_TS_f1_1": 0.9728991042712248,
"std_TS_f1_1": 0.0005806280996867325,
"avg_TS_ap_1": 0.9872166609811794,
"std_TS_ap_1": 0.00029210522668178074,
"avg_TS_auc_1": 0.9305069777777778,
"std_TS_auc_1": 0.0017938378247437,
"avg_TS_f1_2": 0.945776564130106,
"std_TS_f1_2": 0.0012251420513500614,
"avg_TS_ap_2": 0.9802709622047875,
"std_TS_ap_2": 0.0006890544178909025,
"avg_TS_auc_2": 0.8694589888888888,
"std_TS_auc_2": 0.0032877510395443034,
"avg_TS_f1_3": 0.918651036168676,
"std_TS_f1_3": 0.0005735202133702738,
"avg_TS_ap_3": 0.9553156811867517,
"std_TS_ap_3": 0.0022571642911886403,
"avg_TS_auc_3": 0.7209261333333333,
"std_TS_auc_3": 0.009391114337276595,
"avg_TS_f1_4": 0.9351852730955381,
"std_TS_f1_4": 0.0007480133258439128,
"avg_TS_ap_4": 0.9774471898069363,
"std_TS_ap_4": 0.0005357125396980523,
"avg_TS_auc_4": 0.8496013111111111,
"std_TS_auc_4": 0.0024488924764543576,
"avg_TS_f1_5": 0.918315917354646,
"std_TS_f1_5": 0.002052880717727157,
"avg_TS_ap_5": 0.9630965654647605,
"std_TS_ap_5": 0.0018085293195213043,
"avg_TS_auc_5": 0.7485454555555556,
"std_TS_auc_5": 0.011411870142525949,
"avg_TS_f1_6": 0.9221401188954943,
"std_TS_f1_6": 0.0008177507413955259,
"avg_TS_ap_6": 0.9586705823255057,
"std_TS_ap_6": 0.0006208494576232053,
"avg_TS_auc_6": 0.7448844777777778,
"std_TS_auc_6": 0.003262646726391725,
"avg_TS_f1_7": 0.9597866548141564,
"std_TS_f1_7": 0.0004532713607282316,
"avg_TS_ap_7": 0.9910808598484346,
"std_TS_ap_7": 0.0002230791294635785,
"avg_TS_auc_7": 0.9345891666666667,
"std_TS_auc_7": 0.0019348166678710874,
"avg_TS_f1_8": 0.9154489506556713,
"std_TS_f1_8": 0.002103516981548812,
"avg_TS_ap_8": 0.9360110741650329,
"std_TS_ap_8": 0.0010215215634210755,
"avg_TS_auc_8": 0.6583321444444444,
"std_TS_auc_8": 0.0065977000000654725,
"avg_TS_f1_9": 0.9643654931446811,
"std_TS_f1_9": 0.0008475081764494938,
"avg_TS_ap_9": 0.9881187439373058,
"std_TS_ap_9": 0.0006033102317975174,
"avg_TS_auc_9": 0.9247726111111112,
"std_TS_auc_9": 0.002913984757240821,
"avg_TS_f1_all": 0.9390685143208776,
"std_TS_f1_all": 0.000366587704401093,
"avg_TS_ap_all": 0.9703457648802388,
"std_TS_ap_all": 0.0003561197573310736,
"avg_TS_auc_all": 0.8182222166666667,
"std_TS_auc_all": 0.001864449799439395
}