{
"avg_TS_f1_0": 0.9618329104703347,
"std_TS_f1_0": 0.0009634842019595328,
"avg_TS_ap_0": 0.9901365422471111,
"std_TS_ap_0": 0.0005714915733160151,
"avg_TS_auc_0": 0.9258078666666666,
"std_TS_auc_0": 0.0038600831748539593,
"avg_TS_f1_1": 0.9917777777777778,
"std_TS_f1_1": 0.00035136418446315905,
"avg_TS_ap_1": 0.9975219810530037,
"std_TS_ap_1": 0.00019391971378960254,
"avg_TS_auc_1": 0.9852082777777778,
"std_TS_auc_1": 0.0009065371360359996,
"avg_TS_f1_2": 0.9553661635522961,
"std_TS_f1_2": 0.0009901527949958374,
"avg_TS_ap_2": 0.9921711680176415,
"std_TS_ap_2": 0.0003750123467334919,
"avg_TS_auc_2": 0.9369951222222221,
"std_TS_auc_2": 0.0022186372692697123,
"avg_TS_f1_3": 0.947954387589434,
"std_TS_f1_3": 0.0008435439968950128,
"avg_TS_ap_3": 0.9834791946592585,
"std_TS_ap_3": 0.0016193006590029051,
"avg_TS_auc_3": 0.8798293222222224,
"std_TS_auc_3": 0.00922805808320003,
"avg_TS_f1_4": 0.9449203758233482,
"std_TS_f1_4": 0.0006320159405439614,
"avg_TS_ap_4": 0.9899342447707786,
"std_TS_ap_4": 0.00029323884019114563,
"avg_TS_auc_4": 0.9167615666666669,
"std_TS_auc_4": 0.001217749874680303,
"avg_TS_f1_5": 0.9684222222222221,
"std_TS_f1_5": 0.001814073922840768,
"avg_TS_ap_5": 0.9968863922457786,
"std_TS_ap_5": 0.00024832270714201,
"avg_TS_auc_5": 0.9723504111111112,
"std_TS_auc_5": 0.002264971588844225,
"avg_TS_f1_6": 0.9280174354490104,
"std_TS_f1_6": 0.0007305168654960233,
"avg_TS_ap_6": 0.9799061219583065,
"std_TS_ap_6": 0.0002158484395156987,
"avg_TS_auc_6": 0.8398763555555556,
"std_TS_auc_6": 0.0011936049761175104,
"avg_TS_f1_7": 0.9782775191214327,
"std_TS_f1_7": 0.0009471543023910947,
"avg_TS_ap_7": 0.998457111444449,
"std_TS_ap_7": 7.723017597960661e-05,
"avg_TS_auc_7": 0.986149288888889,
"std_TS_auc_7": 0.0006919367017721178,
"avg_TS_f1_8": 0.9845111111111111,
"std_TS_f1_8": 0.0008680899993166637,
"avg_TS_ap_8": 0.9953183661827538,
"std_TS_ap_8": 0.0002930746944485143,
"avg_TS_auc_8": 0.9701192222222221,
"std_TS_auc_8": 0.001476661187599612,
"avg_TS_f1_9": 0.9819886907297318,
"std_TS_f1_9": 0.0005883048019396254,
"avg_TS_ap_9": 0.9987199990490128,
"std_TS_ap_9": 5.5385001513452055e-05,
"avg_TS_auc_9": 0.9889506333333333,
"std_TS_auc_9": 0.0005198468668157896,
"avg_TS_f1_all": 0.96430685938467,
"std_TS_f1_all": 0.00031751131938922354,
"avg_TS_ap_all": 0.9922531121628095,
"std_TS_ap_all": 0.00022089782185946363,
"avg_TS_auc_all": 0.9402048066666666,
"std_TS_auc_all": 0.0011659653668564787
}