{
"avg_TS_f1_0": 0.9193978060509534,
"std_TS_f1_0": 0.017264887805237317,
"avg_TS_ap_0": 0.8824434809096431,
"std_TS_ap_0": 0.07324409637294639,
"avg_TS_auc_0": 0.5524210666666667,
"std_TS_auc_0": 0.2371819173921914,
"avg_TS_f1_1": 0.9484222222222222,
"std_TS_f1_1": 0.025023781281605515,
"avg_TS_ap_1": 0.9031593757146247,
"std_TS_ap_1": 0.0699788894584877,
"avg_TS_auc_1": 0.6732302222222223,
"std_TS_auc_1": 0.22026907238400464,
"avg_TS_f1_2": 0.9357555555555557,
"std_TS_f1_2": 0.017414113759381816,
"avg_TS_ap_2": 0.919149634918689,
"std_TS_ap_2": 0.057672655901049454,
"avg_TS_auc_2": 0.6988656666666666,
"std_TS_auc_2": 0.17922645053581424,
"avg_TS_f1_3": 0.9263555555555556,
"std_TS_f1_3": 0.011358881878550551,
"avg_TS_ap_3": 0.9097605733193024,
"std_TS_ap_3": 0.02114397758530309,
"avg_TS_auc_3": 0.6482787777777779,
"std_TS_auc_3": 0.060948814105640715,
"avg_TS_f1_4": 0.926165796865258,
"std_TS_f1_4": 0.00628031070055694,
"avg_TS_ap_4": 0.9041497055378983,
"std_TS_ap_4": 0.05204539408815724,
"avg_TS_auc_4": 0.6209739666666667,
"std_TS_auc_4": 0.14976438970361758,
"avg_TS_f1_5": 0.9428548252680704,
"std_TS_f1_5": 0.014135925242892786,
"avg_TS_ap_5": 0.9645550539766313,
"std_TS_ap_5": 0.0410892913174632,
"avg_TS_auc_5": 0.8254475444444445,
"std_TS_auc_5": 0.1404462582024821,
"avg_TS_f1_6": 0.9138666666666667,
"std_TS_f1_6": 0.0057298869917539776,
"avg_TS_ap_6": 0.915689472568683,
"std_TS_ap_6": 0.04511354029859998,
"avg_TS_auc_6": 0.6122597222222221,
"std_TS_auc_6": 0.14018223338796193,
"avg_TS_f1_7": 0.9404992055114173,
"std_TS_f1_7": 0.015111006817580205,
"avg_TS_ap_7": 0.9260199032166607,
"std_TS_ap_7": 0.06093444314084143,
"avg_TS_auc_7": 0.7407944888888889,
"std_TS_auc_7": 0.18808943543067846,
"avg_TS_f1_8": 0.9320666666666666,
"std_TS_f1_8": 0.00929558503992987,
"avg_TS_ap_8": 0.9065812855717983,
"std_TS_ap_8": 0.06638623089410556,
"avg_TS_auc_8": 0.6394323888888889,
"std_TS_auc_8": 0.17511430899397057,
"avg_TS_f1_9": 0.9619333333333333,
"std_TS_f1_9": 0.012170922644758358,
"avg_TS_ap_9": 0.989877395217276,
"std_TS_ap_9": 0.01184416868364375,
"avg_TS_auc_9": 0.9377840222222222,
"std_TS_auc_9": 0.05378614880682455,
"avg_TS_f1_all": 0.9347317633695699,
"std_TS_f1_all": 0.003012118701218708,
"avg_TS_ap_all": 0.9221385880951207,
"std_TS_ap_all": 0.012553161019661765,
"avg_TS_auc_all": 0.6949487866666667,
"std_TS_auc_all": 0.0374250548129626
}