{
"avg_TS_f1_0": 0.9427189978950737,
"std_TS_f1_0": 0.0013748925503986266,
"avg_TS_ap_0": 0.9715358103557687,
"std_TS_ap_0": 0.0006365528385680204,
"avg_TS_auc_0": 0.8271113333333334,
"std_TS_auc_0": 0.003480830038480795,
"avg_TS_f1_1": 0.97854322274351,
"std_TS_f1_1": 0.0009043809222986417,
"avg_TS_ap_1": 0.9904927203076035,
"std_TS_ap_1": 0.00043229948384801,
"avg_TS_auc_1": 0.9490795888888888,
"std_TS_auc_1": 0.002087826414961816,
"avg_TS_f1_2": 0.9495322233951271,
"std_TS_f1_2": 0.0008401194007676493,
"avg_TS_ap_2": 0.9838412679490702,
"std_TS_ap_2": 0.0002443265271220481,
"avg_TS_auc_2": 0.8887546444444444,
"std_TS_auc_2": 0.0020302887967655735,
"avg_TS_f1_3": 0.92569751159015,
"std_TS_f1_3": 0.00047402757254406914,
"avg_TS_ap_3": 0.9623055776727171,
"std_TS_ap_3": 0.0006593747496178168,
"avg_TS_auc_3": 0.7591914,
"std_TS_auc_3": 0.003047840009369932,
"avg_TS_f1_4": 0.9388194961448475,
"std_TS_f1_4": 0.0008728753811584419,
"avg_TS_ap_4": 0.9807183586307527,
"std_TS_ap_4": 0.0006241838595033561,
"avg_TS_auc_4": 0.8678300555555556,
"std_TS_auc_4": 0.003018266290847904,
"avg_TS_f1_5": 0.9298072115117506,
"std_TS_f1_5": 0.0028636370763433405,
"avg_TS_ap_5": 0.9741623272497106,
"std_TS_ap_5": 0.001485685402441543,
"avg_TS_auc_5": 0.8149883666666667,
"std_TS_auc_5": 0.009859188798523886,
"avg_TS_f1_6": 0.9245727278339568,
"std_TS_f1_6": 0.0009482380375235119,
"avg_TS_ap_6": 0.9633109117741687,
"std_TS_ap_6": 0.0003948944236328915,
"avg_TS_auc_6": 0.7664077444444444,
"std_TS_auc_6": 0.001693114275200821,
"avg_TS_f1_7": 0.9668200060082853,
"std_TS_f1_7": 0.0007909089554351724,
"avg_TS_ap_7": 0.9940397928248009,
"std_TS_ap_7": 0.00026842720134678246,
"avg_TS_auc_7": 0.9549974222222222,
"std_TS_auc_7": 0.002479389301699618,
"avg_TS_f1_8": 0.9227726551785012,
"std_TS_f1_8": 0.00149775900530541,
"avg_TS_ap_8": 0.9483104627785452,
"std_TS_ap_8": 0.0009745802355796015,
"avg_TS_auc_8": 0.7121850444444444,
"std_TS_auc_8": 0.0054409376106705695,
"avg_TS_f1_9": 0.9713549184831256,
"std_TS_f1_9": 0.0006980116644577131,
"avg_TS_ap_9": 0.9922739796518953,
"std_TS_ap_9": 0.0004977493027176008,
"avg_TS_auc_9": 0.9486285111111112,
"std_TS_auc_9": 0.002823689979092031,
"avg_TS_f1_all": 0.9450638970784327,
"std_TS_f1_all": 0.00044588644708876737,
"avg_TS_ap_all": 0.9760991209195033,
"std_TS_ap_all": 0.0002783804222529606,
"avg_TS_auc_all": 0.8489174111111112,
"std_TS_auc_all": 0.0013837680761618835
}