{
"avg_TS_f1_0": 0.9418993141594287,
"std_TS_f1_0": 0.006394290087575667,
"avg_TS_ap_0": 0.975890193668857,
"std_TS_ap_0": 0.003086264871937912,
"avg_TS_auc_0": 0.8424015333333333,
"std_TS_auc_0": 0.019535036385295374,
"avg_TS_f1_1": 0.9846222222222222,
"std_TS_f1_1": 0.003106027592827774,
"avg_TS_ap_1": 0.9897335577075117,
"std_TS_ap_1": 0.001745121349480981,
"avg_TS_auc_1": 0.9546236,
"std_TS_auc_1": 0.003624779484208098,
"avg_TS_f1_2": 0.947143936391528,
"std_TS_f1_2": 0.0042866041376694005,
"avg_TS_ap_2": 0.9849075321833105,
"std_TS_ap_2": 0.002127556532608705,
"avg_TS_auc_2": 0.8943722999999999,
"std_TS_auc_2": 0.01184174354892549,
"avg_TS_f1_3": 0.9311319591829175,
"std_TS_f1_3": 0.007699364011255148,
"avg_TS_ap_3": 0.9634694365897388,
"std_TS_ap_3": 0.0031987609292367805,
"avg_TS_auc_3": 0.7724484222222222,
"std_TS_auc_3": 0.025458745582177138,
"avg_TS_f1_4": 0.9332104388515411,
"std_TS_f1_4": 0.0041881007929084595,
"avg_TS_ap_4": 0.9820223979488883,
"std_TS_ap_4": 0.0023151530262032834,
"avg_TS_auc_4": 0.8696101555555555,
"std_TS_auc_4": 0.015012380996183421,
"avg_TS_f1_5": 0.9450666666666667,
"std_TS_f1_5": 0.002992665932361343,
"avg_TS_ap_5": 0.9841537970597243,
"std_TS_ap_5": 0.002600592226169239,
"avg_TS_auc_5": 0.8852122444444444,
"std_TS_auc_5": 0.01649937812335757,
"avg_TS_f1_6": 0.9192991413103198,
"std_TS_f1_6": 0.0031495329486045417,
"avg_TS_ap_6": 0.9630530509701227,
"std_TS_ap_6": 0.006043819722814016,
"avg_TS_auc_6": 0.7559976333333334,
"std_TS_auc_6": 0.03245683407192305,
"avg_TS_f1_7": 0.9693555555555555,
"std_TS_f1_7": 0.003766912479688053,
"avg_TS_ap_7": 0.9959020435097108,
"std_TS_ap_7": 0.0008914039346537782,
"avg_TS_auc_7": 0.9678694666666665,
"std_TS_auc_7": 0.0070296986640191895,
"avg_TS_f1_8": 0.9339881598360403,
"std_TS_f1_8": 0.009826892384956789,
"avg_TS_ap_8": 0.9616665357475307,
"std_TS_ap_8": 0.007049236974082019,
"avg_TS_auc_8": 0.7778016777777778,
"std_TS_auc_8": 0.04440877100784992,
"avg_TS_f1_9": 0.9769664252952325,
"std_TS_f1_9": 0.0023552115880510183,
"avg_TS_ap_9": 0.995003879092471,
"std_TS_ap_9": 0.001961998305110933,
"avg_TS_auc_9": 0.9651227,
"std_TS_auc_9": 0.01103256644921278,
"avg_TS_f1_all": 0.9482683819471452,
"std_TS_f1_all": 0.001206156792516102,
"avg_TS_ap_all": 0.9795802424477866,
"std_TS_ap_all": 0.0007998641836531326,
"avg_TS_auc_all": 0.8685459733333332,
"std_TS_auc_all": 0.005653872463787137
}