{
"avg_TS_f1_0": 0.9590666666666667,
"std_TS_f1_0": 0.0023228335186912617,
"avg_TS_ap_0": 0.9840174680075225,
"std_TS_ap_0": 0.0028282518889301846,
"avg_TS_auc_0": 0.8973997333333333,
"std_TS_auc_0": 0.010765922013659474,
"avg_TS_f1_1": 0.9779777777777777,
"std_TS_f1_1": 0.002792759598110689,
"avg_TS_ap_1": 0.9946182933407494,
"std_TS_ap_1": 0.0017315486195396965,
"avg_TS_auc_1": 0.9665557555555555,
"std_TS_auc_1": 0.010320120634917966,
"avg_TS_f1_2": 0.9565333333333333,
"std_TS_f1_2": 0.001195464680561153,
"avg_TS_ap_2": 0.9866776691604974,
"std_TS_ap_2": 0.0011287409763366641,
"avg_TS_auc_2": 0.9038450777777779,
"std_TS_auc_2": 0.0023611408684661266,
"avg_TS_f1_3": 0.924287223364261,
"std_TS_f1_3": 0.003843125748633856,
"avg_TS_ap_3": 0.9346954229360595,
"std_TS_ap_3": 0.011814789326134605,
"avg_TS_auc_3": 0.6860994666666665,
"std_TS_auc_3": 0.02318180098752964,
"avg_TS_f1_4": 0.9389215067503752,
"std_TS_f1_4": 0.0024838837196556793,
"avg_TS_ap_4": 0.9780074361396534,
"std_TS_ap_4": 0.004488332781672766,
"avg_TS_auc_4": 0.8539487888888889,
"std_TS_auc_4": 0.020339988892934327,
"avg_TS_f1_5": 0.9489777777777778,
"std_TS_f1_5": 0.01328833146359694,
"avg_TS_ap_5": 0.9795445120434219,
"std_TS_ap_5": 0.008879270264636798,
"avg_TS_auc_5": 0.8626864333333334,
"std_TS_auc_5": 0.048905119645695126,
"avg_TS_f1_6": 0.9245435721737627,
"std_TS_f1_6": 0.0038275648230031794,
"avg_TS_ap_6": 0.9623012900118872,
"std_TS_ap_6": 0.0037460255159102317,
"avg_TS_auc_6": 0.7600259222222222,
"std_TS_auc_6": 0.02152294554912544,
"avg_TS_f1_7": 0.9597439437993469,
"std_TS_f1_7": 0.005873511771406614,
"avg_TS_ap_7": 0.9926711850423249,
"std_TS_ap_7": 0.002067643149843332,
"avg_TS_auc_7": 0.9388919888888889,
"std_TS_auc_7": 0.016092869228609773,
"avg_TS_f1_8": 0.9772222222222222,
"std_TS_f1_8": 0.0032302581787272636,
"avg_TS_ap_8": 0.9921401941592929,
"std_TS_ap_8": 0.004642401419771225,
"avg_TS_auc_8": 0.9522423555555555,
"std_TS_auc_8": 0.022842096408637273,
"avg_TS_f1_9": 0.9761333333333333,
"std_TS_f1_9": 0.0032152414804766626,
"avg_TS_ap_9": 0.9951645387075116,
"std_TS_ap_9": 0.002886932964552445,
"avg_TS_auc_9": 0.9639735111111112,
"std_TS_auc_9": 0.01894933113876757,
"avg_TS_f1_all": 0.9543407357198858,
"std_TS_f1_all": 0.0018289169129399104,
"avg_TS_ap_all": 0.9799838009548921,
"std_TS_ap_all": 0.0018484779120389236,
"avg_TS_auc_all": 0.8785669033333333,
"std_TS_auc_all": 0.004905293583680209
}