{
"avg_TS_f1_0": 0.9496105092258211,
"std_TS_f1_0": 0.005207032840506986,
"avg_TS_ap_0": 0.982778376605232,
"std_TS_ap_0": 0.0012484821228967494,
"avg_TS_auc_0": 0.8807434888888889,
"std_TS_auc_0": 0.009979490673400846,
"avg_TS_f1_1": 0.9831333333333333,
"std_TS_f1_1": 0.0025737516451406436,
"avg_TS_ap_1": 0.9918849399942387,
"std_TS_ap_1": 0.0008585003868375833,
"avg_TS_auc_1": 0.9584822111111111,
"std_TS_auc_1": 0.0036714231287903877,
"avg_TS_f1_2": 0.9502772721941343,
"std_TS_f1_2": 0.0024571745884474075,
"avg_TS_ap_2": 0.9893010565190306,
"std_TS_ap_2": 0.0010482750619715856,
"avg_TS_auc_2": 0.9186888444444443,
"std_TS_auc_2": 0.0041607442114466415,
"avg_TS_f1_3": 0.9318533153076405,
"std_TS_f1_3": 0.0018556671260528588,
"avg_TS_ap_3": 0.9668209676748095,
"std_TS_ap_3": 0.0032704870651374947,
"avg_TS_auc_3": 0.7910893000000001,
"std_TS_auc_3": 0.015556053776886417,
"avg_TS_f1_4": 0.9386652999240699,
"std_TS_f1_4": 0.001274329303189329,
"avg_TS_ap_4": 0.9840986177030595,
"std_TS_ap_4": 0.0011878106739954073,
"avg_TS_auc_4": 0.8849493888888891,
"std_TS_auc_4": 0.005665782035851492,
"avg_TS_f1_5": 0.9453660610774672,
"std_TS_f1_5": 0.003965198978546067,
"avg_TS_ap_5": 0.9851134962480177,
"std_TS_ap_5": 0.0014010995954567681,
"avg_TS_auc_5": 0.8901301222222221,
"std_TS_auc_5": 0.010079013053682168,
"avg_TS_f1_6": 0.9232974226963225,
"std_TS_f1_6": 0.002480406643435888,
"avg_TS_ap_6": 0.9703997404541903,
"std_TS_ap_6": 0.0031179366171430003,
"avg_TS_auc_6": 0.7952515777777778,
"std_TS_auc_6": 0.015362517115023273,
"avg_TS_f1_7": 0.9724882357661846,
"std_TS_f1_7": 0.0026008999671959386,
"avg_TS_ap_7": 0.9960995709939567,
"std_TS_ap_7": 0.0004931281704130289,
"avg_TS_auc_7": 0.9704563777777778,
"std_TS_auc_7": 0.0035319191473555836,
"avg_TS_f1_8": 0.9455321875906687,
"std_TS_f1_8": 0.01122422859716056,
"avg_TS_ap_8": 0.9739331188998402,
"std_TS_ap_8": 0.0059308566233441965,
"avg_TS_auc_8": 0.8439074333333332,
"std_TS_auc_8": 0.04187012639447584,
"avg_TS_f1_9": 0.9796552931953011,
"std_TS_f1_9": 0.003174704931070791,
"avg_TS_ap_9": 0.9972330844845185,
"std_TS_ap_9": 0.0005622045774519777,
"avg_TS_auc_9": 0.9791980888888888,
"std_TS_auc_9": 0.003723889625971708,
"avg_TS_f1_all": 0.9519878930310943,
"std_TS_f1_all": 0.0017638213985179513,
"avg_TS_ap_all": 0.9837662969576894,
"std_TS_ap_all": 0.0011555687088747049,
"avg_TS_auc_all": 0.8912896833333332,
"std_TS_auc_all": 0.006897241714545346
}