{
"avg_TS_f1_0": 0.9609546777290097,
"std_TS_f1_0": 0.0008210581475708387,
"avg_TS_ap_0": 0.9909273475334107,
"std_TS_ap_0": 0.0002203340234827769,
"avg_TS_auc_0": 0.9293410777777777,
"std_TS_auc_0": 0.0017247533957204689,
"avg_TS_f1_1": 0.9933333333333334,
"std_TS_f1_1": 9.938079899999625e-05,
"avg_TS_ap_1": 0.9989844877573051,
"std_TS_ap_1": 0.00011361741952230572,
"avg_TS_auc_1": 0.9926907444444444,
"std_TS_auc_1": 0.0005987252297513465,
"avg_TS_f1_2": 0.9560202702073237,
"std_TS_f1_2": 0.000497429614947657,
"avg_TS_ap_2": 0.9931557832915925,
"std_TS_ap_2": 0.00010909513326088015,
"avg_TS_auc_2": 0.9421267333333334,
"std_TS_auc_2": 0.0007169277572641549,
"avg_TS_f1_3": 0.9525100493237278,
"std_TS_f1_3": 0.0011821287899691432,
"avg_TS_ap_3": 0.9893531438601537,
"std_TS_ap_3": 0.0004504426832265796,
"avg_TS_auc_3": 0.9155642111111112,
"std_TS_auc_3": 0.003281574456955572,
"avg_TS_f1_4": 0.9451741157774809,
"std_TS_f1_4": 0.0005176470892374608,
"avg_TS_ap_4": 0.9910966702227876,
"std_TS_ap_4": 5.95361125987648e-05,
"avg_TS_auc_4": 0.9237939222222222,
"std_TS_auc_4": 0.0005640360931013015,
"avg_TS_f1_5": 0.9660092091110639,
"std_TS_f1_5": 0.000544522411905536,
"avg_TS_ap_5": 0.9964161891286574,
"std_TS_ap_5": 9.817859329813841e-05,
"avg_TS_auc_5": 0.968255011111111,
"std_TS_auc_5": 0.0008177708932379026,
"avg_TS_f1_6": 0.9289952773398055,
"std_TS_f1_6": 0.000799514825173081,
"avg_TS_ap_6": 0.9813764588461076,
"std_TS_ap_6": 0.0002464744189174208,
"avg_TS_auc_6": 0.8491560111111109,
"std_TS_auc_6": 0.0018959666902709938,
"avg_TS_f1_7": 0.9790104166280843,
"std_TS_f1_7": 0.00034645594593605736,
"avg_TS_ap_7": 0.99860031764619,
"std_TS_ap_7": 4.073539192761271e-05,
"avg_TS_auc_7": 0.9873346444444445,
"std_TS_auc_7": 0.00038207009343351676,
"avg_TS_f1_8": 0.9860885826990389,
"std_TS_f1_8": 0.0010764616403418712,
"avg_TS_ap_8": 0.9974486962564126,
"std_TS_ap_8": 0.00047769499866733695,
"avg_TS_auc_8": 0.9815454222222222,
"std_TS_auc_8": 0.0031747927646181185,
"avg_TS_f1_9": 0.9811329246686544,
"std_TS_f1_9": 0.0006048037093927779,
"avg_TS_ap_9": 0.9987115003024819,
"std_TS_ap_9": 3.9397471018497395e-05,
"avg_TS_auc_9": 0.9885756555555556,
"std_TS_auc_9": 0.0003198988852591848,
"avg_TS_f1_all": 0.9649228856817522,
"std_TS_f1_all": 0.00021805734269656824,
"avg_TS_ap_all": 0.99360705948451,
"std_TS_ap_all": 0.00011621019378184361,
"avg_TS_auc_all": 0.9478383433333333,
"std_TS_auc_all": 0.0008073024833800216
}