{
"avg_TS_f1_0": 0.9485333333333333,
"std_TS_f1_0": 0.008548308619072763,
"avg_TS_ap_0": 0.9810626073185583,
"std_TS_ap_0": 0.0033888913633912596,
"avg_TS_auc_0": 0.8720987222222222,
"std_TS_auc_0": 0.022489736360349455,
"avg_TS_f1_1": 0.9768774524510621,
"std_TS_f1_1": 0.003531453815430882,
"avg_TS_ap_1": 0.9887477833471205,
"std_TS_ap_1": 0.001053293516734612,
"avg_TS_auc_1": 0.9429451666666667,
"std_TS_auc_1": 0.0071879461500176985,
"avg_TS_f1_2": 0.9502655900636455,
"std_TS_f1_2": 0.0032051828367218862,
"avg_TS_ap_2": 0.9876803042411769,
"std_TS_ap_2": 0.0013440201678852168,
"avg_TS_auc_2": 0.9099857111111112,
"std_TS_auc_2": 0.006562406263495155,
"avg_TS_f1_3": 0.9249984258384725,
"std_TS_f1_3": 0.005760299977331883,
"avg_TS_ap_3": 0.9583616169320696,
"std_TS_ap_3": 0.001713457391373938,
"avg_TS_auc_3": 0.7439921111111111,
"std_TS_auc_3": 0.017034026688504737,
"avg_TS_f1_4": 0.9368847081777819,
"std_TS_f1_4": 0.0007897960859405492,
"avg_TS_ap_4": 0.9807000236216773,
"std_TS_ap_4": 0.0010785915621930198,
"avg_TS_auc_4": 0.8666688555555556,
"std_TS_auc_4": 0.00578405938676541,
"avg_TS_f1_5": 0.930376308560352,
"std_TS_f1_5": 0.003808952216196628,
"avg_TS_ap_5": 0.972612746587069,
"std_TS_ap_5": 0.0023873895385411654,
"avg_TS_auc_5": 0.8112764666666668,
"std_TS_auc_5": 0.01570413634383248,
"avg_TS_f1_6": 0.9227777777777778,
"std_TS_f1_6": 0.0036918328279635934,
"avg_TS_ap_6": 0.9675534940286766,
"std_TS_ap_6": 0.003944819075604103,
"avg_TS_auc_6": 0.7825727111111112,
"std_TS_auc_6": 0.015864166086895098,
"avg_TS_f1_7": 0.9674215135408758,
"std_TS_f1_7": 0.004416840458425877,
"avg_TS_ap_7": 0.9933918445537728,
"std_TS_ap_7": 0.0012204595556973474,
"avg_TS_auc_7": 0.9517593444444445,
"std_TS_auc_7": 0.00954997937283011,
"avg_TS_f1_8": 0.9399099468488992,
"std_TS_f1_8": 0.018139180444393856,
"avg_TS_ap_8": 0.9670894154524643,
"std_TS_ap_8": 0.012476289184244177,
"avg_TS_auc_8": 0.8057052,
"std_TS_auc_8": 0.08305725777206682,
"avg_TS_f1_9": 0.9803995814582291,
"std_TS_f1_9": 0.002722784611362092,
"avg_TS_ap_9": 0.9966506454257444,
"std_TS_ap_9": 0.0008274707860442611,
"avg_TS_auc_9": 0.9761161111111111,
"std_TS_auc_9": 0.0055557576684347005,
"avg_TS_f1_all": 0.947844463805043,
"std_TS_f1_all": 0.001646454153478705,
"avg_TS_ap_all": 0.9793850481508329,
"std_TS_ap_all": 0.0014818184317412322,
"avg_TS_auc_all": 0.8663120399999998,
"std_TS_auc_all": 0.008481357511602857
}