{
"avg_TS_f1_0": 0.968,
"std_TS_f1_0": 0.0003718489006818323,
"avg_TS_ap_0": 0.9722551443838215,
"std_TS_ap_0": 0.001316083863160315,
"avg_TS_auc_0": 0.8829900444444446,
"std_TS_auc_0": 0.003300385291649033,
"avg_TS_f1_1": 0.9810666666666666,
"std_TS_f1_1": 0.00042513614377131056,
"avg_TS_ap_1": 0.9444041113705557,
"std_TS_ap_1": 0.001955131790875587,
"avg_TS_auc_1": 0.8603949555555556,
"std_TS_auc_1": 0.003436418010798238,
"avg_TS_f1_2": 0.9556772944175911,
"std_TS_f1_2": 0.0008178237617018962,
"avg_TS_ap_2": 0.9692298987989594,
"std_TS_ap_2": 0.002018242467844009,
"avg_TS_auc_2": 0.8697033888888889,
"std_TS_auc_2": 0.007029744976320121,
"avg_TS_f1_3": 0.9273832260476548,
"std_TS_f1_3": 0.0016993270181919551,
"avg_TS_ap_3": 0.9386601203437432,
"std_TS_ap_3": 0.0015851651438086418,
"avg_TS_auc_3": 0.6975250888888889,
"std_TS_auc_3": 0.0064539609487430875,
"avg_TS_f1_4": 0.9419987233858672,
"std_TS_f1_4": 0.0012411971661049465,
"avg_TS_ap_4": 0.9644333193466939,
"std_TS_ap_4": 0.0030440032589712893,
"avg_TS_auc_4": 0.8304063888888888,
"std_TS_auc_4": 0.007535211941934751,
"avg_TS_f1_5": 0.9659333333333333,
"std_TS_f1_5": 0.012931462254879863,
"avg_TS_ap_5": 0.9649990953943937,
"std_TS_ap_5": 0.008114334706476739,
"avg_TS_auc_5": 0.873536611111111,
"std_TS_auc_5": 0.04008264728705264,
"avg_TS_f1_6": 0.9251727885192421,
"std_TS_f1_6": 0.000672688401467949,
"avg_TS_ap_6": 0.9456989095950128,
"std_TS_ap_6": 0.0029598920960931916,
"avg_TS_auc_6": 0.7392490888888889,
"std_TS_auc_6": 0.006143418952458955,
"avg_TS_f1_7": 0.9656666666666667,
"std_TS_f1_7": 0.005250749505582082,
"avg_TS_ap_7": 0.9723023683949406,
"std_TS_ap_7": 0.005863791127415174,
"avg_TS_auc_7": 0.8917936111111111,
"std_TS_auc_7": 0.02818920864853896,
"avg_TS_f1_8": 0.9831999999999999,
"std_TS_f1_8": 0.0011534168242098735,
"avg_TS_ap_8": 0.9761948170301125,
"std_TS_ap_8": 0.0012289933084882311,
"avg_TS_auc_8": 0.9217226333333333,
"std_TS_auc_8": 0.004043652115093656,
"avg_TS_f1_9": 0.981488888888889,
"std_TS_f1_9": 0.0006308919807367998,
"avg_TS_ap_9": 0.9662751538844638,
"std_TS_ap_9": 0.0035362087708668446,
"avg_TS_auc_9": 0.9068056666666667,
"std_TS_auc_9": 0.00663511510473535,
"avg_TS_f1_all": 0.9595587587925911,
"std_TS_f1_all": 0.0017437315292938254,
"avg_TS_ap_all": 0.9614452938542696,
"std_TS_ap_all": 0.0016380129991871144,
"avg_TS_auc_all": 0.847412747777778,
"std_TS_auc_all": 0.007092244447794156
}