{
"avg_TS_f1_0": 0.9375514046319362,
"std_TS_f1_0": 0.0005845811599442193,
"avg_TS_ap_0": 0.9659982578575923,
"std_TS_ap_0": 0.000709978949394132,
"avg_TS_auc_0": 0.7994668,
"std_TS_auc_0": 0.003206434533177904,
"avg_TS_f1_1": 0.9722432209196807,
"std_TS_f1_1": 0.0008700775661694632,
"avg_TS_ap_1": 0.9868215868627859,
"std_TS_ap_1": 0.00037197239806499675,
"avg_TS_auc_1": 0.9282906555555556,
"std_TS_auc_1": 0.002560573345180599,
"avg_TS_f1_2": 0.9459086763404476,
"std_TS_f1_2": 0.001035973358988486,
"avg_TS_ap_2": 0.979914102962104,
"std_TS_ap_2": 0.0007265660187830768,
"avg_TS_auc_2": 0.8675213777777777,
"std_TS_auc_2": 0.0034914960222421766,
"avg_TS_f1_3": 0.9185380899837439,
"std_TS_f1_3": 0.0005961426345528172,
"avg_TS_ap_3": 0.9553481666429576,
"std_TS_ap_3": 0.0016519333791451523,
"avg_TS_auc_3": 0.7205790888888889,
"std_TS_auc_3": 0.006644461569617484,
"avg_TS_f1_4": 0.9343393495561646,
"std_TS_f1_4": 0.0006046740868165733,
"avg_TS_ap_4": 0.9769838073934822,
"std_TS_ap_4": 0.0009497787358628843,
"avg_TS_auc_4": 0.8466459666666666,
"std_TS_auc_4": 0.0053132675738994965,
"avg_TS_f1_5": 0.9182492111756329,
"std_TS_f1_5": 0.0017137878956049978,
"avg_TS_ap_5": 0.9626184784878775,
"std_TS_ap_5": 0.001897080445976254,
"avg_TS_auc_5": 0.7465540222222222,
"std_TS_auc_5": 0.011104815243103148,
"avg_TS_f1_6": 0.9215588083354407,
"std_TS_f1_6": 0.0012148596688707053,
"avg_TS_ap_6": 0.9582484124202966,
"std_TS_ap_6": 0.000372748356855693,
"avg_TS_auc_6": 0.7431488666666667,
"std_TS_auc_6": 0.0026902467977565916,
"avg_TS_f1_7": 0.959098635109358,
"std_TS_f1_7": 0.000785319829501537,
"avg_TS_ap_7": 0.9903748138689172,
"std_TS_ap_7": 0.00038901873162663464,
"avg_TS_auc_7": 0.9299628444444444,
"std_TS_auc_7": 0.0028413187875255927,
"avg_TS_f1_8": 0.9146164995732837,
"std_TS_f1_8": 0.0016803118309068835,
"avg_TS_ap_8": 0.9337216357570854,
"std_TS_ap_8": 0.002007138361181158,
"avg_TS_auc_8": 0.6496765888888888,
"std_TS_auc_8": 0.009169290332718164,
"avg_TS_f1_9": 0.9635753516263834,
"std_TS_f1_9": 0.000663425091767136,
"avg_TS_ap_9": 0.9877108046341453,
"std_TS_ap_9": 0.0004298447322891728,
"avg_TS_auc_9": 0.9223044777777778,
"std_TS_auc_9": 0.002504919776838231,
"avg_TS_f1_all": 0.9385679247252072,
"std_TS_f1_all": 0.0004241544454026148,
"avg_TS_ap_all": 0.9697740066887244,
"std_TS_ap_all": 0.0005774916654298655,
"avg_TS_auc_all": 0.8154150688888888,
"std_TS_auc_all": 0.0028238364187413503
}