{
"avg_TS_f1_0": 0.9611093974356599,
"std_TS_f1_0": 0.0013449485322500464,
"avg_TS_ap_0": 0.9909740568225518,
"std_TS_ap_0": 0.00038392400485651705,
"avg_TS_auc_0": 0.9297189222222222,
"std_TS_auc_0": 0.002929615687010844,
"avg_TS_f1_1": 0.9932000000000001,
"std_TS_f1_1": 0.00017777777777776838,
"avg_TS_ap_1": 0.9988988519896266,
"std_TS_ap_1": 0.0001537716458839178,
"avg_TS_auc_1": 0.9921022666666666,
"std_TS_auc_1": 0.0008520062520781308,
"avg_TS_f1_2": 0.955942980782883,
"std_TS_f1_2": 0.00025495749614167125,
"avg_TS_ap_2": 0.9931668554422455,
"std_TS_ap_2": 8.164941159831781e-05,
"avg_TS_auc_2": 0.9422482111111112,
"std_TS_auc_2": 0.000476394844018483,
"avg_TS_f1_3": 0.9525534492657,
"std_TS_f1_3": 0.0006937583793612713,
"avg_TS_ap_3": 0.9889899276453713,
"std_TS_ap_3": 0.00043201698454345324,
"avg_TS_auc_3": 0.912963511111111,
"std_TS_auc_3": 0.003200904775717317,
"avg_TS_f1_4": 0.9450759573062701,
"std_TS_f1_4": 0.0011683716218157168,
"avg_TS_ap_4": 0.9909908842374667,
"std_TS_ap_4": 0.00010347681180261014,
"avg_TS_auc_4": 0.9229492111111111,
"std_TS_auc_4": 0.0008430287060706952,
"avg_TS_f1_5": 0.9660873974072588,
"std_TS_f1_5": 0.0007181658838057503,
"avg_TS_ap_5": 0.9965017638161917,
"std_TS_ap_5": 0.00016346591466232733,
"avg_TS_auc_5": 0.9689603888888888,
"std_TS_auc_5": 0.0013615366169366658,
"avg_TS_f1_6": 0.928730171429277,
"std_TS_f1_6": 0.0008901470372648086,
"avg_TS_ap_6": 0.9812478148348965,
"std_TS_ap_6": 0.0001427666908256296,
"avg_TS_auc_6": 0.8482483555555558,
"std_TS_auc_6": 0.0012240307778749121,
"avg_TS_f1_7": 0.9791328617021933,
"std_TS_f1_7": 0.000560952596472559,
"avg_TS_ap_7": 0.998622609115162,
"std_TS_ap_7": 4.972658956005042e-05,
"avg_TS_auc_7": 0.9875368444444443,
"std_TS_auc_7": 0.00046274266293347296,
"avg_TS_f1_8": 0.9857111111111111,
"std_TS_f1_8": 0.0009676240469812215,
"avg_TS_ap_8": 0.9973962205350653,
"std_TS_ap_8": 0.00038626533324831854,
"avg_TS_auc_8": 0.9811271222222222,
"std_TS_auc_8": 0.0025451958064334978,
"avg_TS_f1_9": 0.9808884641739356,
"std_TS_f1_9": 0.00044025977074769107,
"avg_TS_ap_9": 0.998686696678277,
"std_TS_ap_9": 5.1895695285665105e-05,
"avg_TS_auc_9": 0.9883780888888889,
"std_TS_auc_9": 0.0004058658472031403,
"avg_TS_f1_all": 0.9648431790614289,
"std_TS_f1_all": 0.00036260588770493766,
"avg_TS_ap_all": 0.9935475681116854,
"std_TS_ap_all": 0.00013524946339864876,
"avg_TS_auc_all": 0.9474232922222223,
"std_TS_auc_all": 0.0009801363011701387
}