{
"avg_TS_f1_0": 0.9412103055108,
"std_TS_f1_0": 0.010542582442836559,
"avg_TS_ap_0": 0.977252171843452,
"std_TS_ap_0": 0.006205159884610764,
"avg_TS_auc_0": 0.843494,
"std_TS_auc_0": 0.04083139997193217,
"avg_TS_f1_1": 0.9791777777777778,
"std_TS_f1_1": 0.009410159993916747,
"avg_TS_ap_1": 0.9890168603049405,
"std_TS_ap_1": 0.0020935242181249797,
"avg_TS_auc_1": 0.9497614333333335,
"std_TS_auc_1": 0.015099637811591186,
"avg_TS_f1_2": 0.9482105573766445,
"std_TS_f1_2": 0.0060023294616550526,
"avg_TS_ap_2": 0.987273605722001,
"std_TS_ap_2": 0.0027221618425911508,
"avg_TS_auc_2": 0.9027482666666666,
"std_TS_auc_2": 0.018658000418957776,
"avg_TS_f1_3": 0.9217536244767939,
"std_TS_f1_3": 0.00825284499461404,
"avg_TS_ap_3": 0.9587130325929643,
"std_TS_ap_3": 0.00920041220804921,
"avg_TS_auc_3": 0.7372256777777778,
"std_TS_auc_3": 0.046538020820142856,
"avg_TS_f1_4": 0.9291641696143614,
"std_TS_f1_4": 0.006433955079508924,
"avg_TS_ap_4": 0.9774735209223611,
"std_TS_ap_4": 0.007510743277856359,
"avg_TS_auc_4": 0.8360778444444443,
"std_TS_auc_4": 0.04222570509537675,
"avg_TS_f1_5": 0.9373854188653743,
"std_TS_f1_5": 0.003404635914884032,
"avg_TS_ap_5": 0.9775645004904241,
"std_TS_ap_5": 0.0049724042081994635,
"avg_TS_auc_5": 0.8436480777777777,
"std_TS_auc_5": 0.025693413853988854,
"avg_TS_f1_6": 0.9195555555555555,
"std_TS_f1_6": 0.008311229945674514,
"avg_TS_ap_6": 0.9629623682051299,
"std_TS_ap_6": 0.0037567087990094507,
"avg_TS_auc_6": 0.7498741333333334,
"std_TS_auc_6": 0.026760437399579076,
"avg_TS_f1_7": 0.9583333333333334,
"std_TS_f1_7": 0.0061250346433890405,
"avg_TS_ap_7": 0.9931209626264719,
"std_TS_ap_7": 0.0016518993887892999,
"avg_TS_auc_7": 0.9437484444444445,
"std_TS_auc_7": 0.013432050369577418,
"avg_TS_f1_8": 0.9309111111111111,
"std_TS_f1_8": 0.01153981834377852,
"avg_TS_ap_8": 0.9624001000462945,
"std_TS_ap_8": 0.0068045433823113845,
"avg_TS_auc_8": 0.770759811111111,
"std_TS_auc_8": 0.0442355349902494,
"avg_TS_f1_9": 0.955111111111111,
"std_TS_f1_9": 0.0097261262003018,
"avg_TS_ap_9": 0.9895782676138307,
"std_TS_ap_9": 0.004820269921640957,
"avg_TS_auc_9": 0.9201797888888888,
"std_TS_auc_9": 0.03321488651447761,
"avg_TS_f1_all": 0.9420812964732862,
"std_TS_f1_all": 0.0027397531369609996,
"avg_TS_ap_all": 0.9775355390367869,
"std_TS_ap_all": 0.0021298626420658043,
"avg_TS_auc_all": 0.8497517477777778,
"std_TS_auc_all": 0.012840962642361547
}