{
"avg_TS_f1_0": 0.938887544369749,
"std_TS_f1_0": 0.0020226331205915747,
"avg_TS_ap_0": 0.9668955046459212,
"std_TS_ap_0": 0.0010077418585216704,
"avg_TS_auc_0": 0.8051800888888889,
"std_TS_auc_0": 0.0051922077447785625,
"avg_TS_f1_1": 0.9710330104758906,
"std_TS_f1_1": 0.0020821542824204227,
"avg_TS_ap_1": 0.9833279277170313,
"std_TS_ap_1": 0.001222386950724226,
"avg_TS_auc_1": 0.9117185555555556,
"std_TS_auc_1": 0.006932377390651716,
"avg_TS_f1_2": 0.9484222222222222,
"std_TS_f1_2": 0.0008326663997864604,
"avg_TS_ap_2": 0.9811780998459968,
"std_TS_ap_2": 0.0010309889792142607,
"avg_TS_auc_2": 0.877748422222222,
"std_TS_auc_2": 0.004628779142375277,
"avg_TS_f1_3": 0.9171861609595595,
"std_TS_f1_3": 0.0016278262268096739,
"avg_TS_ap_3": 0.9494836967993907,
"std_TS_ap_3": 0.00338599142295453,
"avg_TS_auc_3": 0.7008071666666668,
"std_TS_auc_3": 0.016533254560930875,
"avg_TS_f1_4": 0.9355985838719436,
"std_TS_f1_4": 0.0017874233609336944,
"avg_TS_ap_4": 0.9781682115117022,
"std_TS_ap_4": 0.001071611145290779,
"avg_TS_auc_4": 0.8534658777777777,
"std_TS_auc_4": 0.005244364444116822,
"avg_TS_f1_5": 0.9192631145166388,
"std_TS_f1_5": 0.003493420801367386,
"avg_TS_ap_5": 0.9589110165448369,
"std_TS_ap_5": 0.0025489804767675856,
"avg_TS_auc_5": 0.7336449666666666,
"std_TS_auc_5": 0.01722827192990823,
"avg_TS_f1_6": 0.9208853873610152,
"std_TS_f1_6": 0.0020641647332604704,
"avg_TS_ap_6": 0.9573289925696893,
"std_TS_ap_6": 0.0025814473311205097,
"avg_TS_auc_6": 0.7369934666666668,
"std_TS_auc_6": 0.013583065231237399,
"avg_TS_f1_7": 0.9586754819712207,
"std_TS_f1_7": 0.00330046393079385,
"avg_TS_ap_7": 0.9892195084945967,
"std_TS_ap_7": 0.0016298038075269444,
"avg_TS_auc_7": 0.9234541999999999,
"std_TS_auc_7": 0.009822437518857124,
"avg_TS_f1_8": 0.9173638621898748,
"std_TS_f1_8": 0.003317323327405589,
"avg_TS_ap_8": 0.9363626866679386,
"std_TS_ap_8": 0.005047039373471597,
"avg_TS_auc_8": 0.6605702777777779,
"std_TS_auc_8": 0.020303621669787816,
"avg_TS_f1_9": 0.9658436876122748,
"std_TS_f1_9": 0.0011553895186117054,
"avg_TS_ap_9": 0.9882750284573113,
"std_TS_ap_9": 0.0011052660615727256,
"avg_TS_auc_9": 0.9235305555555555,
"std_TS_auc_9": 0.005296880674999701,
"avg_TS_f1_all": 0.9393159055550389,
"std_TS_f1_all": 0.0009388879958258044,
"avg_TS_ap_all": 0.9689150673254415,
"std_TS_ap_all": 0.001035988574031428,
"avg_TS_auc_all": 0.8127113577777777,
"std_TS_auc_all": 0.00509781959833985
}