{
"avg_TS_f1_0": 0.943064168997043,
"std_TS_f1_0": 0.00281966876475583,
"avg_TS_ap_0": 0.9727959423831581,
"std_TS_ap_0": 0.0011435064554242889,
"avg_TS_auc_0": 0.8325745666666668,
"std_TS_auc_0": 0.006383154934882589,
"avg_TS_f1_1": 0.9769663820829553,
"std_TS_f1_1": 0.0019515073895153233,
"avg_TS_ap_1": 0.9886332439363452,
"std_TS_ap_1": 0.0007159707912451559,
"avg_TS_auc_1": 0.9390327444444445,
"std_TS_auc_1": 0.003945692024392946,
"avg_TS_f1_2": 0.9509205881808249,
"std_TS_f1_2": 0.0011235556531655057,
"avg_TS_ap_2": 0.984914890746613,
"std_TS_ap_2": 0.0006713612061403628,
"avg_TS_auc_2": 0.8981109666666667,
"std_TS_auc_2": 0.002782914850464961,
"avg_TS_f1_3": 0.9246649986727657,
"std_TS_f1_3": 0.0027725036121100653,
"avg_TS_ap_3": 0.9577293461195427,
"std_TS_ap_3": 0.003422723852886646,
"avg_TS_auc_3": 0.7432776777777779,
"std_TS_auc_3": 0.0182912463568145,
"avg_TS_f1_4": 0.9370875048613811,
"std_TS_f1_4": 0.0007529235964342006,
"avg_TS_ap_4": 0.9810679779258893,
"std_TS_ap_4": 0.0012273756065397747,
"avg_TS_auc_4": 0.8689766000000001,
"std_TS_auc_4": 0.005713757831306356,
"avg_TS_f1_5": 0.9317540505336716,
"std_TS_f1_5": 0.004067233812194199,
"avg_TS_ap_5": 0.9733554806456877,
"std_TS_ap_5": 0.0022492713009719736,
"avg_TS_auc_5": 0.8167201666666667,
"std_TS_auc_5": 0.014827724553836456,
"avg_TS_f1_6": 0.9234427245958109,
"std_TS_f1_6": 0.0016380895158134164,
"avg_TS_ap_6": 0.9632274969361172,
"std_TS_ap_6": 0.0028064573106442964,
"avg_TS_auc_6": 0.7636695666666666,
"std_TS_auc_6": 0.013705708916693649,
"avg_TS_f1_7": 0.9685441339333668,
"std_TS_f1_7": 0.0024136019201321485,
"avg_TS_ap_7": 0.9939872857731039,
"std_TS_ap_7": 0.0007454868706890009,
"avg_TS_auc_7": 0.9558582333333334,
"std_TS_auc_7": 0.0050665256713325136,
"avg_TS_f1_8": 0.926142042459149,
"std_TS_f1_8": 0.0040846962388338,
"avg_TS_ap_8": 0.9499520964112698,
"std_TS_ap_8": 0.004113344279234054,
"avg_TS_auc_8": 0.7235761555555555,
"std_TS_auc_8": 0.021714381428592874,
"avg_TS_f1_9": 0.9724438147798334,
"std_TS_f1_9": 0.0008268659107859586,
"avg_TS_ap_9": 0.9926410047683353,
"std_TS_ap_9": 0.001096748944181196,
"avg_TS_auc_9": 0.9495906777777778,
"std_TS_auc_9": 0.006106422362228584,
"avg_TS_f1_all": 0.9455030409096802,
"std_TS_f1_all": 0.0008539373182475875,
"avg_TS_ap_all": 0.9758304765646063,
"std_TS_ap_all": 0.0011909141903023261,
"avg_TS_auc_all": 0.8491387355555556,
"std_TS_auc_all": 0.0060826071274452335
}