{
"avg_TS_f1_0": 0.9460642738751531,
"std_TS_f1_0": 0.0005784485768673676,
"avg_TS_ap_0": 0.9752392597859597,
"std_TS_ap_0": 0.0005557259487813284,
"avg_TS_auc_0": 0.8459001333333334,
"std_TS_auc_0": 0.002188262852268329,
"avg_TS_f1_1": 0.9829442561623795,
"std_TS_f1_1": 0.0006166078291117193,
"avg_TS_ap_1": 0.9923309826960581,
"std_TS_ap_1": 0.00020161742397842533,
"avg_TS_auc_1": 0.9597262111111112,
"std_TS_auc_1": 0.0008493045720171906,
"avg_TS_f1_2": 0.951563969542334,
"std_TS_f1_2": 0.0005576928493245058,
"avg_TS_ap_2": 0.9856777593531685,
"std_TS_ap_2": 0.00042136379230815925,
"avg_TS_auc_2": 0.8994874777777777,
"std_TS_auc_2": 0.0019868898574604307,
"avg_TS_f1_3": 0.9300723396487541,
"std_TS_f1_3": 0.0013969645818393069,
"avg_TS_ap_3": 0.9672736702441165,
"std_TS_ap_3": 0.0011230478890566942,
"avg_TS_auc_3": 0.786219411111111,
"std_TS_auc_3": 0.006090811444308811,
"avg_TS_f1_4": 0.9405071589678083,
"std_TS_f1_4": 0.0007707037021294942,
"avg_TS_ap_4": 0.9829078144808013,
"std_TS_ap_4": 0.00026324094937207583,
"avg_TS_auc_4": 0.8801683,
"std_TS_auc_4": 0.0007694452150818075,
"avg_TS_f1_5": 0.9373749677451215,
"std_TS_f1_5": 0.0012428273534092814,
"avg_TS_ap_5": 0.980186801501274,
"std_TS_ap_5": 0.0009528513436765656,
"avg_TS_auc_5": 0.8534833777777779,
"std_TS_auc_5": 0.006267476180417327,
"avg_TS_f1_6": 0.9255403077948776,
"std_TS_f1_6": 0.0007457286176148019,
"avg_TS_ap_6": 0.9665470619612024,
"std_TS_ap_6": 0.0007567162854764591,
"avg_TS_auc_6": 0.7812976,
"std_TS_auc_6": 0.0028780396464723125,
"avg_TS_f1_7": 0.9703878980931039,
"std_TS_f1_7": 0.0011607011454434902,
"avg_TS_ap_7": 0.9956236742058401,
"std_TS_ap_7": 8.778716976938593e-05,
"avg_TS_auc_7": 0.9659178444444445,
"std_TS_auc_7": 0.0009630697520987284,
"avg_TS_f1_8": 0.9291611766827732,
"std_TS_f1_8": 0.00209737455180768,
"avg_TS_ap_8": 0.9562943438529482,
"std_TS_ap_8": 0.0006736191432117712,
"avg_TS_auc_8": 0.7507834888888889,
"std_TS_auc_8": 0.004599584743924518,
"avg_TS_f1_9": 0.9749549974998611,
"std_TS_f1_9": 0.0006549541954402966,
"avg_TS_ap_9": 0.9944484542149494,
"std_TS_ap_9": 0.00024606449906582284,
"avg_TS_auc_9": 0.9616021333333334,
"std_TS_auc_9": 0.0013858501302293658,
"avg_TS_f1_all": 0.9488571346012167,
"std_TS_f1_all": 0.00023913600156564896,
"avg_TS_ap_all": 0.9796529822296318,
"std_TS_ap_all": 0.00017329313550742782,
"avg_TS_auc_all": 0.8684585977777779,
"std_TS_auc_all": 0.0009789061325356666
}