{
"avg_TS_f1_0": 0.9382197318896239,
"std_TS_f1_0": 0.008299043806663894,
"avg_TS_ap_0": 0.9794130831379363,
"std_TS_ap_0": 0.002692275294480936,
"avg_TS_auc_0": 0.8462740222222223,
"std_TS_auc_0": 0.02216445747363878,
"avg_TS_f1_1": 0.9836997067738332,
"std_TS_f1_1": 0.008063053427617078,
"avg_TS_ap_1": 0.9951779047815416,
"std_TS_ap_1": 0.0022304040850219813,
"avg_TS_auc_1": 0.9666970111111111,
"std_TS_auc_1": 0.016048685434469898,
"avg_TS_f1_2": 0.9404758597699873,
"std_TS_f1_2": 0.004406606970837564,
"avg_TS_ap_2": 0.9856306619821205,
"std_TS_ap_2": 0.0018667159516570482,
"avg_TS_auc_2": 0.8857983777777779,
"std_TS_auc_2": 0.014373330503220736,
"avg_TS_f1_3": 0.9159094110166615,
"std_TS_f1_3": 0.0067622542627791115,
"avg_TS_ap_3": 0.958585361377434,
"std_TS_ap_3": 0.009945463074230318,
"avg_TS_auc_3": 0.7252059111111111,
"std_TS_auc_3": 0.04426171801927739,
"avg_TS_f1_4": 0.9344429999197488,
"std_TS_f1_4": 0.004224594583097103,
"avg_TS_ap_4": 0.9845779842089473,
"std_TS_ap_4": 0.0018753633260023596,
"avg_TS_auc_4": 0.8752416888888888,
"std_TS_auc_4": 0.01362005214111415,
"avg_TS_f1_5": 0.940153933243205,
"std_TS_f1_5": 0.01595094518667823,
"avg_TS_ap_5": 0.9906593925579303,
"std_TS_ap_5": 0.004613540165844811,
"avg_TS_auc_5": 0.9179735777777778,
"std_TS_auc_5": 0.03899180081654079,
"avg_TS_f1_6": 0.9187503264937329,
"std_TS_f1_6": 0.004592082762661425,
"avg_TS_ap_6": 0.9742565561679015,
"std_TS_ap_6": 0.0020902187633141576,
"avg_TS_auc_6": 0.7996825444444443,
"std_TS_auc_6": 0.01292197502015392,
"avg_TS_f1_7": 0.9670328437999643,
"std_TS_f1_7": 0.007755395951389126,
"avg_TS_ap_7": 0.9957317543405317,
"std_TS_ap_7": 0.0015776442502608357,
"avg_TS_auc_7": 0.9637542888888888,
"std_TS_auc_7": 0.012105817214927534,
"avg_TS_f1_8": 0.9348428801600089,
"std_TS_f1_8": 0.02558044083286258,
"avg_TS_ap_8": 0.9769930339374543,
"std_TS_ap_8": 0.01300716568500199,
"avg_TS_auc_8": 0.8284010666666667,
"std_TS_auc_8": 0.095024880828852,
"avg_TS_f1_9": 0.9659328271042462,
"std_TS_f1_9": 0.012822489064851023,
"avg_TS_ap_9": 0.9908645345168379,
"std_TS_ap_9": 0.006607587414087337,
"avg_TS_auc_9": 0.9337114888888888,
"std_TS_auc_9": 0.041675435258058724,
"avg_TS_f1_all": 0.9439460520171012,
"std_TS_f1_all": 0.00380347040629371,
"avg_TS_ap_all": 0.9831890267008635,
"std_TS_ap_all": 0.0018958166957313094,
"avg_TS_auc_all": 0.8742739977777779,
"std_TS_auc_all": 0.014218499976511433
}