{
"avg_TS_f1_0": 0.9502992660086054,
"std_TS_f1_0": 0.008668593060941109,
"avg_TS_ap_0": 0.9846152135033686,
"std_TS_ap_0": 0.001931452245314896,
"avg_TS_auc_0": 0.8877861666666667,
"std_TS_auc_0": 0.017512798073528905,
"avg_TS_f1_1": 0.9881777777777778,
"std_TS_f1_1": 0.0020130438840254726,
"avg_TS_ap_1": 0.9941560368146248,
"std_TS_ap_1": 0.0010978853311688676,
"avg_TS_auc_1": 0.9701043888888888,
"std_TS_auc_1": 0.004313288251238438,
"avg_TS_f1_2": 0.9510444444444446,
"std_TS_f1_2": 0.003140024376723788,
"avg_TS_ap_2": 0.9894495132897324,
"std_TS_ap_2": 0.0012760899939036343,
"avg_TS_auc_2": 0.9179125555555556,
"std_TS_auc_2": 0.006145308748333625,
"avg_TS_f1_3": 0.9407541456006815,
"std_TS_f1_3": 0.004919691447771874,
"avg_TS_ap_3": 0.9799518321269245,
"std_TS_ap_3": 0.0035510415177252433,
"avg_TS_auc_3": 0.8522832000000001,
"std_TS_auc_3": 0.024027689871376805,
"avg_TS_f1_4": 0.9371764949904625,
"std_TS_f1_4": 0.004565410426138893,
"avg_TS_ap_4": 0.9875896803780073,
"std_TS_ap_4": 0.0016650750657444123,
"avg_TS_auc_4": 0.8968466777777777,
"std_TS_auc_4": 0.012906000472237063,
"avg_TS_f1_5": 0.9558772339204029,
"std_TS_f1_5": 0.010255179334145426,
"avg_TS_ap_5": 0.9924109292973334,
"std_TS_ap_5": 0.0023050517082054706,
"avg_TS_auc_5": 0.9385550555555555,
"std_TS_auc_5": 0.019160967036409467,
"avg_TS_f1_6": 0.9232102524214308,
"std_TS_f1_6": 0.0032281712269734936,
"avg_TS_ap_6": 0.9735476938184322,
"std_TS_ap_6": 0.0038071931983290484,
"avg_TS_auc_6": 0.8034794111111111,
"std_TS_auc_6": 0.019428275106416874,
"avg_TS_f1_7": 0.9720666666666666,
"std_TS_f1_7": 0.0032383504412350174,
"avg_TS_ap_7": 0.9972622021614368,
"std_TS_ap_7": 0.00042595739506323774,
"avg_TS_auc_7": 0.9767866111111111,
"std_TS_auc_7": 0.004156591048051385,
"avg_TS_f1_8": 0.9610329684982499,
"std_TS_f1_8": 0.0065357493104633915,
"avg_TS_ap_8": 0.9877208762930708,
"std_TS_ap_8": 0.0018252159719164642,
"avg_TS_auc_8": 0.9180464333333334,
"std_TS_auc_8": 0.01526364389435984,
"avg_TS_f1_9": 0.9765664401108702,
"std_TS_f1_9": 0.004553289787915244,
"avg_TS_ap_9": 0.9977806599996036,
"std_TS_ap_9": 0.0005273324147851472,
"avg_TS_auc_9": 0.9810746888888889,
"std_TS_auc_9": 0.004906562051471296,
"avg_TS_f1_all": 0.9556205690439592,
"std_TS_f1_all": 0.0018284588365601985,
"avg_TS_ap_all": 0.9884484637682535,
"std_TS_ap_all": 0.0008238190861736713,
"avg_TS_auc_all": 0.9142875188888888,
"std_TS_auc_all": 0.005729692839042321
}