{
"avg_TS_f1_0": 0.9610773561494156,
"std_TS_f1_0": 0.0009705113305772548,
"avg_TS_ap_0": 0.9901286583569988,
"std_TS_ap_0": 0.0005228093218713708,
"avg_TS_auc_0": 0.9260251777777777,
"std_TS_auc_0": 0.0033731757365835654,
"avg_TS_f1_1": 0.9916444444444444,
"std_TS_f1_1": 0.00042975732457364055,
"avg_TS_ap_1": 0.9974122654174493,
"std_TS_ap_1": 0.00022929558421780414,
"avg_TS_auc_1": 0.9843581777777779,
"std_TS_auc_1": 0.0009694006226325405,
"avg_TS_f1_2": 0.9537100629047293,
"std_TS_f1_2": 0.0015630596340107104,
"avg_TS_ap_2": 0.9923159089011874,
"std_TS_ap_2": 0.000326871365190384,
"avg_TS_auc_2": 0.9366540555555556,
"std_TS_auc_2": 0.002485523099922252,
"avg_TS_f1_3": 0.9471766036384736,
"std_TS_f1_3": 0.0013813022088986937,
"avg_TS_ap_3": 0.9852651567517526,
"std_TS_ap_3": 0.0009455164276412256,
"avg_TS_auc_3": 0.8882245555555557,
"std_TS_auc_3": 0.006495309855561403,
"avg_TS_f1_4": 0.9416431406683088,
"std_TS_f1_4": 0.0003282203576112639,
"avg_TS_ap_4": 0.9895781215903934,
"std_TS_ap_4": 0.00023356475157012142,
"avg_TS_auc_4": 0.9121671555555556,
"std_TS_auc_4": 0.0012556649959186016,
"avg_TS_f1_5": 0.9681218956608701,
"std_TS_f1_5": 0.0016067310768360177,
"avg_TS_ap_5": 0.9967997124664361,
"std_TS_ap_5": 0.0002844588567359609,
"avg_TS_auc_5": 0.9716469555555556,
"std_TS_auc_5": 0.0025379195872521484,
"avg_TS_f1_6": 0.9264547413127889,
"std_TS_f1_6": 0.0004869283862682897,
"avg_TS_ap_6": 0.9793645570593889,
"std_TS_ap_6": 0.0003476282455523321,
"avg_TS_auc_6": 0.8349741222222222,
"std_TS_auc_6": 0.002764374334453993,
"avg_TS_f1_7": 0.9754661197227007,
"std_TS_f1_7": 0.0018937405974142128,
"avg_TS_ap_7": 0.998130926122364,
"std_TS_ap_7": 0.00019158119897240398,
"avg_TS_auc_7": 0.9831415444444446,
"std_TS_auc_7": 0.0017804033865987873,
"avg_TS_f1_8": 0.9781550691087777,
"std_TS_f1_8": 0.0030911120624461342,
"avg_TS_ap_8": 0.9948848530786144,
"std_TS_ap_8": 0.0005035352739349504,
"avg_TS_auc_8": 0.963653788888889,
"std_TS_auc_8": 0.004394692968165629,
"avg_TS_f1_9": 0.9800666666666669,
"std_TS_f1_9": 0.000827311576399424,
"avg_TS_ap_9": 0.9985622155348597,
"std_TS_ap_9": 5.4732185705803935e-05,
"avg_TS_auc_9": 0.9873721666666666,
"std_TS_auc_9": 0.0006115590408896222,
"avg_TS_f1_all": 0.9623516100277175,
"std_TS_f1_all": 0.0004928993430181082,
"avg_TS_ap_all": 0.9922442375279446,
"std_TS_ap_all": 0.0001581026524373277,
"avg_TS_auc_all": 0.93882177,
"std_TS_auc_all": 0.0010052214633736066
}