{
"avg_TS_f1_0": 0.9606097857288368,
"std_TS_f1_0": 0.0006224275392060917,
"avg_TS_ap_0": 0.9907871186588159,
"std_TS_ap_0": 0.00046176960823582087,
"avg_TS_auc_0": 0.9284378666666667,
"std_TS_auc_0": 0.0031490083270690993,
"avg_TS_f1_1": 0.993344370983573,
"std_TS_f1_1": 0.00030710662543341634,
"avg_TS_ap_1": 0.9987528081404913,
"std_TS_ap_1": 0.00010507875862240792,
"avg_TS_auc_1": 0.9915204111111112,
"std_TS_auc_1": 0.0003990197983887019,
"avg_TS_f1_2": 0.9545641510403466,
"std_TS_f1_2": 0.0009472981018490613,
"avg_TS_ap_2": 0.9931531150976218,
"std_TS_ap_2": 0.0002972616337547254,
"avg_TS_auc_2": 0.9419135444444444,
"std_TS_auc_2": 0.002027394457650864,
"avg_TS_f1_3": 0.9502211147532889,
"std_TS_f1_3": 0.0008993149703446888,
"avg_TS_ap_3": 0.9883835616281029,
"std_TS_ap_3": 0.0007114375998675921,
"avg_TS_auc_3": 0.9082550111111111,
"std_TS_auc_3": 0.004783771459790506,
"avg_TS_f1_4": 0.9447413571674346,
"std_TS_f1_4": 0.0009976557484856154,
"avg_TS_ap_4": 0.9909085047335818,
"std_TS_ap_4": 0.0001270046065429903,
"avg_TS_auc_4": 0.9223662666666668,
"std_TS_auc_4": 0.001086019193837113,
"avg_TS_f1_5": 0.9662873727552765,
"std_TS_f1_5": 0.0012656279228691772,
"avg_TS_ap_5": 0.9963633798817728,
"std_TS_ap_5": 0.00019539481114596164,
"avg_TS_auc_5": 0.9677311555555554,
"std_TS_auc_5": 0.0017388810356229571,
"avg_TS_f1_6": 0.9284206270718744,
"std_TS_f1_6": 0.0008455567953671178,
"avg_TS_ap_6": 0.9811155835852036,
"std_TS_ap_6": 9.788248935584663e-05,
"avg_TS_auc_6": 0.8470996333333334,
"std_TS_auc_6": 0.0006548284174471153,
"avg_TS_f1_7": 0.9777437067491404,
"std_TS_f1_7": 0.001035481479294816,
"avg_TS_ap_7": 0.9984888021259792,
"std_TS_ap_7": 7.493330662155479e-05,
"avg_TS_auc_7": 0.986316011111111,
"std_TS_auc_7": 0.0006933946388494669,
"avg_TS_f1_8": 0.9845996518325093,
"std_TS_f1_8": 0.0007128100853413804,
"avg_TS_ap_8": 0.9969317335913953,
"std_TS_ap_8": 0.00029286768798659466,
"avg_TS_auc_8": 0.9782917111111111,
"std_TS_auc_8": 0.0015033901785261687,
"avg_TS_f1_9": 0.9803442141847387,
"std_TS_f1_9": 0.0005971103880355146,
"avg_TS_ap_9": 0.9986499125021142,
"std_TS_ap_9": 7.740851874077852e-05,
"avg_TS_auc_9": 0.988017411111111,
"std_TS_auc_9": 0.0006804499388340034,
"avg_TS_f1_all": 0.9640876352267019,
"std_TS_f1_all": 0.00026200120890126693,
"avg_TS_ap_all": 0.9933534519945079,
"std_TS_ap_all": 0.0001328180022414767,
"avg_TS_auc_all": 0.9459949022222223,
"std_TS_auc_all": 0.0007916847968106476
}