{
"avg_TS_f1_0": 0.9598995339247243,
"std_TS_f1_0": 0.0024933970423472794,
"avg_TS_ap_0": 0.9767909765528249,
"std_TS_ap_0": 0.00585058447939124,
"avg_TS_auc_0": 0.8771369111111111,
"std_TS_auc_0": 0.021221480500784744,
"avg_TS_f1_1": 0.9853333333333334,
"std_TS_f1_1": 0.0006085806194501621,
"avg_TS_ap_1": 0.9926638679693582,
"std_TS_ap_1": 0.0011201999836481982,
"avg_TS_auc_1": 0.9595154000000001,
"std_TS_auc_1": 0.0027705024363599796,
"avg_TS_f1_2": 0.9539883499700601,
"std_TS_f1_2": 0.0026149083173792826,
"avg_TS_ap_2": 0.9736355958648701,
"std_TS_ap_2": 0.0040102170363859315,
"avg_TS_auc_2": 0.8753959888888889,
"std_TS_auc_2": 0.011416618043443422,
"avg_TS_f1_3": 0.942598723385867,
"std_TS_f1_3": 0.0005572189999400083,
"avg_TS_ap_3": 0.912427329874364,
"std_TS_ap_3": 0.0007402701681563101,
"avg_TS_auc_3": 0.7175088,
"std_TS_auc_3": 0.0037390248184965363,
"avg_TS_f1_4": 0.9429869881660092,
"std_TS_f1_4": 0.0010264673116357748,
"avg_TS_ap_4": 0.9753447038167815,
"std_TS_ap_4": 0.0026684977732875518,
"avg_TS_auc_4": 0.8598799000000001,
"std_TS_auc_4": 0.012761600128945819,
"avg_TS_f1_5": 0.966632866023421,
"std_TS_f1_5": 0.004402044777661075,
"avg_TS_ap_5": 0.9959148597472073,
"std_TS_ap_5": 0.0019472300512965034,
"avg_TS_auc_5": 0.9651960444444445,
"std_TS_auc_5": 0.01451432037646327,
"avg_TS_f1_6": 0.9273539406510238,
"std_TS_f1_6": 0.0005907351385686083,
"avg_TS_ap_6": 0.9277256986036523,
"std_TS_ap_6": 0.010360501254440891,
"avg_TS_auc_6": 0.7174873555555557,
"std_TS_auc_6": 0.01697048461178305,
"avg_TS_f1_7": 0.9724775191214328,
"std_TS_f1_7": 0.0040812461325846405,
"avg_TS_ap_7": 0.994052499318206,
"std_TS_ap_7": 0.0072662035465222334,
"avg_TS_auc_7": 0.9637568,
"std_TS_auc_7": 0.032139233828891306,
"avg_TS_f1_8": 0.9712444444444444,
"std_TS_f1_8": 0.0023511489179905056,
"avg_TS_ap_8": 0.9792409203038999,
"std_TS_ap_8": 0.0028182746778166465,
"avg_TS_auc_8": 0.9109638777777777,
"std_TS_auc_8": 0.008826191018948246,
"avg_TS_f1_9": 0.9805555555555555,
"std_TS_f1_9": 0.0021453366019816905,
"avg_TS_ap_9": 0.9978485457206018,
"std_TS_ap_9": 0.0008617035174492596,
"avg_TS_auc_9": 0.9835781777777779,
"std_TS_auc_9": 0.004750718072351064,
"avg_TS_f1_all": 0.9603071254575871,
"std_TS_f1_all": 0.00042831275939561754,
"avg_TS_ap_all": 0.9725644997771766,
"std_TS_ap_all": 0.001372727939973346,
"avg_TS_auc_all": 0.8830419255555556,
"std_TS_auc_all": 0.003421127365754061
}