{
"avg_TS_f1_0": 0.9463987925255107,
"std_TS_f1_0": 0.0006448631314636857,
"avg_TS_ap_0": 0.983254344040237,
"std_TS_ap_0": 0.0004923806975695109,
"avg_TS_auc_0": 0.8773939555555555,
"std_TS_auc_0": 0.002690703960713207,
"avg_TS_f1_1": 0.9923111111111111,
"std_TS_f1_1": 0.00014740554623798925,
"avg_TS_ap_1": 0.9963086835659609,
"std_TS_ap_1": 0.0007659922948435274,
"avg_TS_auc_1": 0.9825987444444445,
"std_TS_auc_1": 0.001737129202143075,
"avg_TS_f1_2": 0.9532751991829388,
"std_TS_f1_2": 0.0012579846786952575,
"avg_TS_ap_2": 0.9911883204037034,
"std_TS_ap_2": 0.0005637101137867211,
"avg_TS_auc_2": 0.9302286555555555,
"std_TS_auc_2": 0.0028342472396227117,
"avg_TS_f1_3": 0.9214169872669089,
"std_TS_f1_3": 0.0013821050703748154,
"avg_TS_ap_3": 0.9686412463360293,
"std_TS_ap_3": 0.0006295866245715458,
"avg_TS_auc_3": 0.7666171333333334,
"std_TS_auc_3": 0.004327812404168957,
"avg_TS_f1_4": 0.9390861714539696,
"std_TS_f1_4": 0.0009153430475233128,
"avg_TS_ap_4": 0.9879446468754438,
"std_TS_ap_4": 0.0006316066749813441,
"avg_TS_auc_4": 0.9009061222222223,
"std_TS_auc_4": 0.004186236932474606,
"avg_TS_f1_5": 0.9464970275473392,
"std_TS_f1_5": 0.0022120442205385083,
"avg_TS_ap_5": 0.9924043572413683,
"std_TS_ap_5": 0.0005165269352709335,
"avg_TS_auc_5": 0.9323992666666667,
"std_TS_auc_5": 0.004653248397213815,
"avg_TS_f1_6": 0.9237726922155378,
"std_TS_f1_6": 0.0011114293438036354,
"avg_TS_ap_6": 0.9770260508653562,
"std_TS_ap_6": 0.00034263294668164914,
"avg_TS_auc_6": 0.8204200777777778,
"std_TS_auc_6": 0.0023016042227697927,
"avg_TS_f1_7": 0.9730990956287695,
"std_TS_f1_7": 0.0006719683381319545,
"avg_TS_ap_7": 0.9980040418763269,
"std_TS_ap_7": 6.577875512650582e-05,
"avg_TS_auc_7": 0.9818902444444445,
"std_TS_auc_7": 0.0006084511388723276,
"avg_TS_f1_8": 0.9287848842532302,
"std_TS_f1_8": 0.0022775414901027107,
"avg_TS_ap_8": 0.9647752919826378,
"std_TS_ap_8": 0.0053635080604133726,
"avg_TS_auc_8": 0.7840478888888888,
"std_TS_auc_8": 0.021839707753550496,
"avg_TS_f1_9": 0.980144217888648,
"std_TS_f1_9": 0.0004916536853392313,
"avg_TS_ap_9": 0.9985123985292195,
"std_TS_ap_9": 7.816253984472655e-05,
"avg_TS_auc_9": 0.9870231666666666,
"std_TS_auc_9": 0.0004076856344577262,
"avg_TS_f1_all": 0.9504786179073964,
"std_TS_f1_all": 0.0004499630109260941,
"avg_TS_ap_all": 0.9858059381716282,
"std_TS_ap_all": 0.0005818688088390926,
"avg_TS_auc_all": 0.8963525255555556,
"std_TS_auc_all": 0.0021185198421772846
}