{
"avg_TS_f1_0": 0.9548772771326803,
"std_TS_f1_0": 0.0007748729425285436,
"avg_TS_ap_0": 0.9861921935848221,
"std_TS_ap_0": 0.002492062516991411,
"avg_TS_auc_0": 0.901265288888889,
"std_TS_auc_0": 0.01240018129095873,
"avg_TS_f1_1": 0.9851777777777778,
"std_TS_f1_1": 0.004317406628984576,
"avg_TS_ap_1": 0.9929807090240441,
"std_TS_ap_1": 0.002128664964877708,
"avg_TS_auc_1": 0.9644715555555555,
"std_TS_auc_1": 0.008010355335131001,
"avg_TS_f1_2": 0.9528106154045595,
"std_TS_f1_2": 0.002519438190752862,
"avg_TS_ap_2": 0.99041006491719,
"std_TS_ap_2": 0.0007184504840699265,
"avg_TS_auc_2": 0.9242474444444444,
"std_TS_auc_2": 0.00410568212464647,
"avg_TS_f1_3": 0.9369659042786328,
"std_TS_f1_3": 0.009391912124793803,
"avg_TS_ap_3": 0.977955397080321,
"std_TS_ap_3": 0.004878151257170028,
"avg_TS_auc_3": 0.8387676000000001,
"std_TS_auc_3": 0.03678425034459818,
"avg_TS_f1_4": 0.9366104573710885,
"std_TS_f1_4": 0.004302049006977263,
"avg_TS_ap_4": 0.9876634517906222,
"std_TS_ap_4": 0.0016853291657030446,
"avg_TS_auc_4": 0.8972148888888889,
"std_TS_auc_4": 0.01230931596258166,
"avg_TS_f1_5": 0.955344069732269,
"std_TS_f1_5": 0.007834851196746182,
"avg_TS_ap_5": 0.9916792367189547,
"std_TS_ap_5": 0.0030861979699018808,
"avg_TS_auc_5": 0.9343951777777779,
"std_TS_auc_5": 0.021912476594746443,
"avg_TS_f1_6": 0.9247436129167669,
"std_TS_f1_6": 0.0018950987711086656,
"avg_TS_ap_6": 0.9746608141217932,
"std_TS_ap_6": 0.0034863412513910868,
"avg_TS_auc_6": 0.8099961444444445,
"std_TS_auc_6": 0.01730758983233781,
"avg_TS_f1_7": 0.969465995024415,
"std_TS_f1_7": 0.0058173167556864885,
"avg_TS_ap_7": 0.9968288205086988,
"std_TS_ap_7": 0.0008304513187112343,
"avg_TS_auc_7": 0.9724869444444444,
"std_TS_auc_7": 0.007293867274703301,
"avg_TS_f1_8": 0.9583883289812396,
"std_TS_f1_8": 0.010050241868135594,
"avg_TS_ap_8": 0.9864136167916044,
"std_TS_ap_8": 0.0022680984971508084,
"avg_TS_auc_8": 0.9109136666666666,
"std_TS_auc_8": 0.02034916740168935,
"avg_TS_f1_9": 0.9750552993684833,
"std_TS_f1_9": 0.006603704186887056,
"avg_TS_ap_9": 0.997568384510606,
"std_TS_ap_9": 0.0007424946885154818,
"avg_TS_auc_9": 0.9790648000000001,
"std_TS_auc_9": 0.006958629503708112,
"avg_TS_f1_all": 0.9549439337987915,
"std_TS_f1_all": 0.0018406498300326923,
"avg_TS_ap_all": 0.9882352689048657,
"std_TS_ap_all": 0.0011417706054688047,
"avg_TS_auc_all": 0.9132823511111111,
"std_TS_auc_all": 0.007722973614543186
}