{
"avg_TS_f1_0": 0.9376194504632973,
"std_TS_f1_0": 0.0009258988160477374,
"avg_TS_ap_0": 0.9783304668801079,
"std_TS_ap_0": 0.0003495982533385683,
"avg_TS_auc_0": 0.8364560444444444,
"std_TS_auc_0": 0.0026579131959648286,
"avg_TS_f1_1": 0.9720330351686204,
"std_TS_f1_1": 0.000875632298970524,
"avg_TS_ap_1": 0.9928195559213104,
"std_TS_ap_1": 0.0002623724680665362,
"avg_TS_auc_1": 0.9460978444444444,
"std_TS_auc_1": 0.001957421795861512,
"avg_TS_f1_2": 0.9452864393700885,
"std_TS_f1_2": 0.0011579309971879689,
"avg_TS_ap_2": 0.9859048240250644,
"std_TS_ap_2": 0.00022156156089155697,
"avg_TS_auc_2": 0.8885235333333334,
"std_TS_auc_2": 0.0018259521999612121,
"avg_TS_f1_3": 0.9168185169742511,
"std_TS_f1_3": 0.0005989215848521224,
"avg_TS_ap_3": 0.9698930138456932,
"std_TS_ap_3": 0.0007112292895189668,
"avg_TS_auc_3": 0.7659567888888889,
"std_TS_auc_3": 0.004843799315912993,
"avg_TS_f1_4": 0.9341304158873024,
"std_TS_f1_4": 0.001104768827489796,
"avg_TS_ap_4": 0.9838682137739804,
"std_TS_ap_4": 0.00025382857072305106,
"avg_TS_auc_4": 0.8690220111111111,
"std_TS_auc_4": 0.002168263248048925,
"avg_TS_f1_5": 0.9279848880493361,
"std_TS_f1_5": 0.0018253022233130022,
"avg_TS_ap_5": 0.9849941076943474,
"std_TS_ap_5": 0.00029697112594578547,
"avg_TS_auc_5": 0.8714555222222222,
"std_TS_auc_5": 0.0027761278892606584,
"avg_TS_f1_6": 0.9214169761539456,
"std_TS_f1_6": 0.001012644672661998,
"avg_TS_ap_6": 0.972333193968316,
"std_TS_ap_6": 0.0004632736142729145,
"avg_TS_auc_6": 0.7880910222222223,
"std_TS_auc_6": 0.003211703633645309,
"avg_TS_f1_7": 0.9656766561105247,
"std_TS_f1_7": 0.0021384978566045916,
"avg_TS_ap_7": 0.9959867738862858,
"std_TS_ap_7": 0.00028470100783564814,
"avg_TS_auc_7": 0.9651892555555556,
"std_TS_auc_7": 0.00288158891817226,
"avg_TS_f1_8": 0.9147415239118223,
"std_TS_f1_8": 0.003117811133528329,
"avg_TS_ap_8": 0.9588419619097539,
"std_TS_ap_8": 0.006694764233287098,
"avg_TS_auc_8": 0.721977011111111,
"std_TS_auc_8": 0.02767800329716318,
"avg_TS_f1_9": 0.9722546005642287,
"std_TS_f1_9": 0.0018935254961941822,
"avg_TS_ap_9": 0.9922966996556054,
"std_TS_ap_9": 0.002126469312794774,
"avg_TS_auc_9": 0.9484725999999999,
"std_TS_auc_9": 0.00867446223674936,
"avg_TS_f1_all": 0.9407962502653417,
"std_TS_f1_all": 0.00038506093509418053,
"avg_TS_ap_all": 0.9815268811560465,
"std_TS_ap_all": 0.0008705542941764558,
"avg_TS_auc_all": 0.8601241633333332,
"std_TS_auc_all": 0.0034973095140136325
}