{
"avg_TS_f1_0": 0.9534540511509899,
"std_TS_f1_0": 0.002907282653092847,
"avg_TS_ap_0": 0.9840484272128107,
"std_TS_ap_0": 0.000533660482053651,
"avg_TS_auc_0": 0.8905585,
"std_TS_auc_0": 0.004367282465626369,
"avg_TS_f1_1": 0.9879777777777778,
"std_TS_f1_1": 0.0014680128502145514,
"avg_TS_ap_1": 0.9949922090396122,
"std_TS_ap_1": 0.0003021427607786516,
"avg_TS_auc_1": 0.9728764,
"std_TS_auc_1": 0.0011195196707009332,
"avg_TS_f1_2": 0.9525428671963259,
"std_TS_f1_2": 0.00047796334494463945,
"avg_TS_ap_2": 0.989756166524041,
"std_TS_ap_2": 0.000499733248755253,
"avg_TS_auc_2": 0.923184411111111,
"std_TS_auc_2": 0.002429843371622423,
"avg_TS_f1_3": 0.9392875480736583,
"std_TS_f1_3": 0.0039224873035065095,
"avg_TS_ap_3": 0.9748058936026922,
"std_TS_ap_3": 0.00320805762741583,
"avg_TS_auc_3": 0.8317647666666668,
"std_TS_auc_3": 0.019528513601923037,
"avg_TS_f1_4": 0.9403097727651538,
"std_TS_f1_4": 0.0009160890489418025,
"avg_TS_ap_4": 0.9865937634771804,
"std_TS_ap_4": 0.0008349849572785042,
"avg_TS_auc_4": 0.8980412000000001,
"std_TS_auc_4": 0.00379319873526094,
"avg_TS_f1_5": 0.9545661487366581,
"std_TS_f1_5": 0.0009022530643270663,
"avg_TS_ap_5": 0.9910142064200063,
"std_TS_ap_5": 0.0006120923688903931,
"avg_TS_auc_5": 0.9294655777777777,
"std_TS_auc_5": 0.004149506317891603,
"avg_TS_f1_6": 0.9266206344796932,
"std_TS_f1_6": 0.0019007569526750213,
"avg_TS_ap_6": 0.9741108832933252,
"std_TS_ap_6": 0.0013290649892797944,
"avg_TS_auc_6": 0.8133020888888888,
"std_TS_auc_6": 0.007351069347976889,
"avg_TS_f1_7": 0.9741322036102108,
"std_TS_f1_7": 0.001093116768414035,
"avg_TS_ap_7": 0.9973219927665532,
"std_TS_ap_7": 0.00022759197943607575,
"avg_TS_auc_7": 0.9784737333333334,
"std_TS_auc_7": 0.0016989105145052423,
"avg_TS_f1_8": 0.9534095474439939,
"std_TS_f1_8": 0.002733760353789084,
"avg_TS_ap_8": 0.9798862705521303,
"std_TS_ap_8": 0.001373596439597681,
"avg_TS_auc_8": 0.879085722222222,
"std_TS_auc_8": 0.0062747680031876,
"avg_TS_f1_9": 0.9785442006037371,
"std_TS_f1_9": 0.0012903216722518053,
"avg_TS_ap_9": 0.9972330240743791,
"std_TS_ap_9": 0.0003532799830723617,
"avg_TS_auc_9": 0.9784630555555556,
"std_TS_auc_9": 0.0025735112287386844,
"avg_TS_f1_all": 0.9560844751838198,
"std_TS_f1_all": 0.0009695437374824231,
"avg_TS_ap_all": 0.986976283696273,
"std_TS_ap_all": 0.0006488992444679217,
"avg_TS_auc_all": 0.9095215455555554,
"std_TS_auc_all": 0.0034004859992584095
}