{
"avg_TS_f1_0": 0.9431308072670703,
"std_TS_f1_0": 0.0009451271331580338,
"avg_TS_ap_0": 0.9723019205268232,
"std_TS_ap_0": 0.0007512508387348956,
"avg_TS_auc_0": 0.8307599222222223,
"std_TS_auc_0": 0.00299708117979335,
"avg_TS_f1_1": 0.979310187603015,
"std_TS_f1_1": 0.000971072440563184,
"avg_TS_ap_1": 0.9905896208111334,
"std_TS_ap_1": 0.00025790049031568755,
"avg_TS_auc_1": 0.9501583,
"std_TS_auc_1": 0.0014273520124368573,
"avg_TS_f1_2": 0.9497861115129099,
"std_TS_f1_2": 0.0005121075149875658,
"avg_TS_ap_2": 0.9842135184962585,
"std_TS_ap_2": 0.00033969658260081536,
"avg_TS_auc_2": 0.8907304333333332,
"std_TS_auc_2": 0.0011938904267608465,
"avg_TS_f1_3": 0.9254394464518058,
"std_TS_f1_3": 0.0014437499012384268,
"avg_TS_ap_3": 0.9625464969813043,
"std_TS_ap_3": 0.0009651951101567103,
"avg_TS_auc_3": 0.7600674222222222,
"std_TS_auc_3": 0.004859799599409348,
"avg_TS_f1_4": 0.9387632756626314,
"std_TS_f1_4": 0.0008091779098440228,
"avg_TS_ap_4": 0.9810458380195287,
"std_TS_ap_4": 0.0002378698762124931,
"avg_TS_auc_4": 0.8695576555555556,
"std_TS_auc_4": 0.001384147893332701,
"avg_TS_f1_5": 0.9313969479785914,
"std_TS_f1_5": 0.001494405556913209,
"avg_TS_ap_5": 0.9753318942617348,
"std_TS_ap_5": 0.0008319100244998066,
"avg_TS_auc_5": 0.822927588888889,
"std_TS_auc_5": 0.005795657292861214,
"avg_TS_f1_6": 0.9243521614440751,
"std_TS_f1_6": 0.0013299476814515306,
"avg_TS_ap_6": 0.9638105057303207,
"std_TS_ap_6": 0.0007485252259074042,
"avg_TS_auc_6": 0.7684336111111112,
"std_TS_auc_6": 0.004304687436065753,
"avg_TS_f1_7": 0.9671096406590489,
"std_TS_f1_7": 0.0012011207762993056,
"avg_TS_ap_7": 0.9943057492358692,
"std_TS_ap_7": 0.0003424572456259327,
"avg_TS_auc_7": 0.9567564666666666,
"std_TS_auc_7": 0.002834694764982158,
"avg_TS_f1_8": 0.9245727378972253,
"std_TS_f1_8": 0.00262128689956786,
"avg_TS_ap_8": 0.9496983458984973,
"std_TS_ap_8": 0.0011918945745951746,
"avg_TS_auc_8": 0.7203719666666666,
"std_TS_auc_8": 0.008722570679847661,
"avg_TS_f1_9": 0.9720209826471841,
"std_TS_f1_9": 0.0003775028626798922,
"avg_TS_ap_9": 0.9925764200186233,
"std_TS_ap_9": 0.0003929240880897328,
"avg_TS_auc_9": 0.9505785666666668,
"std_TS_auc_9": 0.0019465264771946736,
"avg_TS_f1_all": 0.9455882299123559,
"std_TS_f1_all": 0.00031054057087616935,
"avg_TS_ap_all": 0.9766420309980093,
"std_TS_ap_all": 0.00013841601740283868,
"avg_TS_auc_all": 0.8520341933333334,
"std_TS_auc_all": 0.0012281510319335867
}