{
"avg_TS_f1_0": 0.936240216972951,
"std_TS_f1_0": 0.0014148518897524093,
"avg_TS_ap_0": 0.9744164528286976,
"std_TS_ap_0": 0.000604600741312181,
"avg_TS_auc_0": 0.8176679111111111,
"std_TS_auc_0": 0.003733669999138767,
"avg_TS_f1_1": 0.9684544968547636,
"std_TS_f1_1": 0.0008057004267613611,
"avg_TS_ap_1": 0.9868089168391702,
"std_TS_ap_1": 0.0014058394138534139,
"avg_TS_auc_1": 0.9181154222222222,
"std_TS_auc_1": 0.006469472733548151,
"avg_TS_f1_2": 0.9456512976419404,
"std_TS_f1_2": 0.0018095968873750566,
"avg_TS_ap_2": 0.9834512552631303,
"std_TS_ap_2": 0.000967250715761327,
"avg_TS_auc_2": 0.8774962777777778,
"std_TS_auc_2": 0.005643844917307472,
"avg_TS_f1_3": 0.9137174287460414,
"std_TS_f1_3": 0.0021000872768357996,
"avg_TS_ap_3": 0.9641440733006063,
"std_TS_ap_3": 0.0014157249859686693,
"avg_TS_auc_3": 0.7353535555555556,
"std_TS_auc_3": 0.008752048953259272,
"avg_TS_f1_4": 0.932805860650813,
"std_TS_f1_4": 0.0013651376982779294,
"avg_TS_ap_4": 0.9820003431027207,
"std_TS_ap_4": 0.0004982146475149162,
"avg_TS_auc_4": 0.8603522333333332,
"std_TS_auc_4": 0.003630059539422646,
"avg_TS_f1_5": 0.9223466481699141,
"std_TS_f1_5": 0.006216893646575955,
"avg_TS_ap_5": 0.9733972334760427,
"std_TS_ap_5": 0.00456654077714718,
"avg_TS_auc_5": 0.8023420777777778,
"std_TS_auc_5": 0.031247756630520707,
"avg_TS_f1_6": 0.9212614057820661,
"std_TS_f1_6": 0.0014973657193714832,
"avg_TS_ap_6": 0.9689684446647714,
"std_TS_ap_6": 0.0008911214287722997,
"avg_TS_auc_6": 0.773978,
"std_TS_auc_6": 0.006464212866636239,
"avg_TS_f1_7": 0.9576869516890796,
"std_TS_f1_7": 0.0018448488121944374,
"avg_TS_ap_7": 0.9899318013620269,
"std_TS_ap_7": 0.001186671606694928,
"avg_TS_auc_7": 0.9258006444444445,
"std_TS_auc_7": 0.006096740850509571,
"avg_TS_f1_8": 0.9112446940906421,
"std_TS_f1_8": 0.0015900461378801193,
"avg_TS_ap_8": 0.9336836431262017,
"std_TS_ap_8": 0.004075529344912601,
"avg_TS_auc_8": 0.6331953444444445,
"std_TS_auc_8": 0.01223254636071987,
"avg_TS_f1_9": 0.9624427986740004,
"std_TS_f1_9": 0.0014430252428878321,
"avg_TS_ap_9": 0.9848070636296798,
"std_TS_ap_9": 0.0006704576567485878,
"avg_TS_auc_9": 0.9052138555555554,
"std_TS_auc_9": 0.0032480145404634154,
"avg_TS_f1_all": 0.9371851799272211,
"std_TS_f1_all": 0.0009309786610556596,
"avg_TS_ap_all": 0.9741609227593049,
"std_TS_ap_all": 0.0007083453052801425,
"avg_TS_auc_all": 0.8249515322222223,
"std_TS_auc_all": 0.004235199717573328
}