{
"avg_TS_f1_0": 0.9344533437042797,
"std_TS_f1_0": 0.010421836210001693,
"avg_TS_ap_0": 0.9731736150053575,
"std_TS_ap_0": 0.008710152731814557,
"avg_TS_auc_0": 0.8290847888888889,
"std_TS_auc_0": 0.03811296911631243,
"avg_TS_f1_1": 0.9884222222222222,
"std_TS_f1_1": 0.003928622414291578,
"avg_TS_ap_1": 0.9976623920617109,
"std_TS_ap_1": 0.0016340126256846222,
"avg_TS_auc_1": 0.9838937333333334,
"std_TS_auc_1": 0.011245580578713865,
"avg_TS_f1_2": 0.943477073417659,
"std_TS_f1_2": 0.008229834082407175,
"avg_TS_ap_2": 0.9865406019937737,
"std_TS_ap_2": 0.003908893570820063,
"avg_TS_auc_2": 0.8969008333333333,
"std_TS_auc_2": 0.02537666705917264,
"avg_TS_f1_3": 0.9114969683500936,
"std_TS_f1_3": 0.005241501383941466,
"avg_TS_ap_3": 0.9521492215127465,
"std_TS_ap_3": 0.009212572505446453,
"avg_TS_auc_3": 0.6915748444444445,
"std_TS_auc_3": 0.03524802774434234,
"avg_TS_f1_4": 0.9366666666666668,
"std_TS_f1_4": 0.0045536581414436445,
"avg_TS_ap_4": 0.9847908371145284,
"std_TS_ap_4": 0.0026147863565251866,
"avg_TS_auc_4": 0.8823235222222223,
"std_TS_auc_4": 0.011441334186456296,
"avg_TS_f1_5": 0.953776478940188,
"std_TS_f1_5": 0.011672442407226933,
"avg_TS_ap_5": 0.9851264499946417,
"std_TS_ap_5": 0.01149967206482315,
"avg_TS_auc_5": 0.8971393555555556,
"std_TS_auc_5": 0.06672228368047496,
"avg_TS_f1_6": 0.9179314739707763,
"std_TS_f1_6": 0.006797292915980469,
"avg_TS_ap_6": 0.9681244012248904,
"std_TS_ap_6": 0.006916630360392286,
"avg_TS_auc_6": 0.7793621111111111,
"std_TS_auc_6": 0.02624860048661968,
"avg_TS_f1_7": 0.9720666666666666,
"std_TS_f1_7": 0.009064269835696703,
"avg_TS_ap_7": 0.9971616673637655,
"std_TS_ap_7": 0.0016364947993924145,
"avg_TS_auc_7": 0.9745920333333334,
"std_TS_auc_7": 0.014069927055037386,
"avg_TS_f1_8": 0.9715548616898471,
"std_TS_f1_8": 0.008991783602242506,
"avg_TS_ap_8": 0.9946244520120336,
"std_TS_ap_8": 0.0033696755499878607,
"avg_TS_auc_8": 0.9615208888888889,
"std_TS_auc_8": 0.02172898336807031,
"avg_TS_f1_9": 0.9754888888888888,
"std_TS_f1_9": 0.0038487451859239427,
"avg_TS_ap_9": 0.9977111096128496,
"std_TS_ap_9": 0.0009749360994852763,
"avg_TS_auc_9": 0.9795397777777778,
"std_TS_auc_9": 0.008566462494396455,
"avg_TS_f1_all": 0.9505334644517287,
"std_TS_f1_all": 0.0014260451980443838,
"avg_TS_ap_all": 0.9837064747896298,
"std_TS_ap_all": 0.0018041380985787073,
"avg_TS_auc_all": 0.8875931888888889,
"std_TS_auc_all": 0.00971689420288192
}