{
"avg_TS_f1_0": 0.9483637979887772,
"std_TS_f1_0": 0.002486049030666086,
"avg_TS_ap_0": 0.9784834146875134,
"std_TS_ap_0": 0.0010232736375309281,
"avg_TS_auc_0": 0.8615310222222223,
"std_TS_auc_0": 0.0060571027803810054,
"avg_TS_f1_1": 0.9829886709755481,
"std_TS_f1_1": 0.0017551750659569195,
"avg_TS_ap_1": 0.9920468601404746,
"std_TS_ap_1": 0.0005584677759064835,
"avg_TS_auc_1": 0.9584873222222221,
"std_TS_auc_1": 0.0012705950003107857,
"avg_TS_f1_2": 0.9521216857726664,
"std_TS_f1_2": 0.001001695200008539,
"avg_TS_ap_2": 0.9877654016979353,
"std_TS_ap_2": 0.0006305045485848692,
"avg_TS_auc_2": 0.9135297777777778,
"std_TS_auc_2": 0.0029644189560373803,
"avg_TS_f1_3": 0.9318310412306856,
"std_TS_f1_3": 0.003959761456131721,
"avg_TS_ap_3": 0.9670082522099687,
"std_TS_ap_3": 0.0034010668877061394,
"avg_TS_auc_3": 0.7901863111111112,
"std_TS_auc_3": 0.020519238795491914,
"avg_TS_f1_4": 0.9388993018130636,
"std_TS_f1_4": 0.0009015501658863151,
"avg_TS_ap_4": 0.9838345987705965,
"std_TS_ap_4": 0.0010341766550956896,
"avg_TS_auc_4": 0.8840920777777779,
"std_TS_auc_4": 0.004126469643714055,
"avg_TS_f1_5": 0.94343270798995,
"std_TS_f1_5": 0.0025117277036287443,
"avg_TS_ap_5": 0.9838463636920167,
"std_TS_ap_5": 0.0011944955269255987,
"avg_TS_auc_5": 0.8819752777777777,
"std_TS_auc_5": 0.0075429067943758536,
"avg_TS_f1_6": 0.9251078072238581,
"std_TS_f1_6": 0.0014770316723793026,
"avg_TS_ap_6": 0.968822811390934,
"std_TS_ap_6": 0.0018071040702267933,
"avg_TS_auc_6": 0.7897218888888888,
"std_TS_auc_6": 0.008549555322275089,
"avg_TS_f1_7": 0.9723549073713971,
"std_TS_f1_7": 0.0023836512905928762,
"avg_TS_ap_7": 0.9961606525287425,
"std_TS_ap_7": 0.0005395332216197005,
"avg_TS_auc_7": 0.9707428555555555,
"std_TS_auc_7": 0.003761634061559667,
"avg_TS_f1_8": 0.9387632646258126,
"std_TS_f1_8": 0.0035254836954022786,
"avg_TS_ap_8": 0.9655631692408237,
"std_TS_ap_8": 0.002891718204231488,
"avg_TS_auc_8": 0.8030344777777778,
"std_TS_auc_8": 0.016560141784693023,
"avg_TS_f1_9": 0.9758330586267137,
"std_TS_f1_9": 0.0007795594517671726,
"avg_TS_ap_9": 0.9953963614587924,
"std_TS_ap_9": 0.00045599469723469477,
"avg_TS_auc_9": 0.9664053444444445,
"std_TS_auc_9": 0.002800633539084807,
"avg_TS_f1_all": 0.9509696243618471,
"std_TS_f1_all": 0.0008295469994589696,
"avg_TS_ap_all": 0.9818927885817796,
"std_TS_ap_all": 0.0008293357903276065,
"avg_TS_auc_all": 0.8819706355555557,
"std_TS_auc_all": 0.004039097528671285
}