{
"avg_TS_f1_0": 0.9512878221629595,
"std_TS_f1_0": 0.0012737679250302424,
"avg_TS_ap_0": 0.9835637996777343,
"std_TS_ap_0": 0.0008775751683095373,
"avg_TS_auc_0": 0.8835469777777778,
"std_TS_auc_0": 0.004943545769591804,
"avg_TS_f1_1": 0.9865774950460212,
"std_TS_f1_1": 0.0008197419489356924,
"avg_TS_ap_1": 0.9942631460582352,
"std_TS_ap_1": 0.0006774843691556896,
"avg_TS_auc_1": 0.9698466333333334,
"std_TS_auc_1": 0.002762619446409303,
"avg_TS_f1_2": 0.9530550388601837,
"std_TS_f1_2": 0.0011075659244254954,
"avg_TS_ap_2": 0.9899850043982186,
"std_TS_ap_2": 0.0006595520551666297,
"avg_TS_auc_2": 0.9219719555555554,
"std_TS_auc_2": 0.0034119763280915463,
"avg_TS_f1_3": 0.9349096455975949,
"std_TS_f1_3": 0.001067295875464596,
"avg_TS_ap_3": 0.9766051231806632,
"std_TS_ap_3": 0.001635543355321508,
"avg_TS_auc_3": 0.8275469444444445,
"std_TS_auc_3": 0.00806515807105548,
"avg_TS_f1_4": 0.9427425511293837,
"std_TS_f1_4": 0.0006677765577754733,
"avg_TS_ap_4": 0.9881362819757985,
"std_TS_ap_4": 0.00011690469946963308,
"avg_TS_auc_4": 0.9039638999999999,
"std_TS_auc_4": 0.0006778281842822828,
"avg_TS_f1_5": 0.9525872894173133,
"std_TS_f1_5": 0.0016216734667764952,
"avg_TS_ap_5": 0.9917266019865283,
"std_TS_ap_5": 0.0008333260803176117,
"avg_TS_auc_5": 0.9300195444444445,
"std_TS_auc_5": 0.006212087520688301,
"avg_TS_f1_6": 0.9261658388428987,
"std_TS_f1_6": 0.0005150767292908655,
"avg_TS_ap_6": 0.9765073744002153,
"std_TS_ap_6": 0.0010623607463071084,
"avg_TS_auc_6": 0.8214618777777778,
"std_TS_auc_6": 0.005935969429224809,
"avg_TS_f1_7": 0.972643828360835,
"std_TS_f1_7": 0.0009276083778560426,
"avg_TS_ap_7": 0.9976311019297913,
"std_TS_ap_7": 4.500624213625778e-05,
"avg_TS_auc_7": 0.9791797888888889,
"std_TS_auc_7": 0.0003535049747323831,
"avg_TS_f1_8": 0.9390875579507505,
"std_TS_f1_8": 0.0013932921847426344,
"avg_TS_ap_8": 0.9706369344906939,
"std_TS_ap_8": 0.0016685642487552395,
"avg_TS_auc_8": 0.8200028000000001,
"std_TS_auc_8": 0.007105917576009251,
"avg_TS_f1_9": 0.9781106184911508,
"std_TS_f1_9": 0.0005296443621129023,
"avg_TS_ap_9": 0.9976300632875873,
"std_TS_ap_9": 0.00026137894580516063,
"avg_TS_auc_9": 0.9807560111111112,
"std_TS_auc_9": 0.001827508845260818,
"avg_TS_f1_all": 0.953716768585909,
"std_TS_f1_all": 0.00027087355129934177,
"avg_TS_ap_all": 0.9866685431385465,
"std_TS_ap_all": 0.0004054740147180143,
"avg_TS_auc_all": 0.9038296433333333,
"std_TS_auc_all": 0.0018139891699977732
}