{
"avg_TS_f1_0": 0.9546096252260929,
"std_TS_f1_0": 0.001885368684159498,
"avg_TS_ap_0": 0.9647017530649299,
"std_TS_ap_0": 0.0020951555943968755,
"avg_TS_auc_0": 0.8460685888888889,
"std_TS_auc_0": 0.006786875363668858,
"avg_TS_f1_1": 0.990311111111111,
"std_TS_f1_1": 0.00019116278371205368,
"avg_TS_ap_1": 0.9778473179078422,
"std_TS_ap_1": 0.0015829226426329185,
"avg_TS_auc_1": 0.9347793555555555,
"std_TS_auc_1": 0.002481070538703947,
"avg_TS_f1_2": 0.9543111111111111,
"std_TS_f1_2": 0.0006827685109216529,
"avg_TS_ap_2": 0.9789990443627994,
"std_TS_ap_2": 0.0009996145999934842,
"avg_TS_auc_2": 0.8995251333333332,
"std_TS_auc_2": 0.005915093013012829,
"avg_TS_f1_3": 0.9244188763573286,
"std_TS_f1_3": 0.001404631458213496,
"avg_TS_ap_3": 0.946566119899227,
"std_TS_ap_3": 0.004979117266368822,
"avg_TS_auc_3": 0.7112361666666667,
"std_TS_auc_3": 0.011346819022892335,
"avg_TS_f1_4": 0.9418196257104741,
"std_TS_f1_4": 0.0014498036246654766,
"avg_TS_ap_4": 0.976898461772741,
"std_TS_ap_4": 0.0013326457757719195,
"avg_TS_auc_4": 0.8716915444444444,
"std_TS_auc_4": 0.004413482247040144,
"avg_TS_f1_5": 0.9658222222222224,
"std_TS_f1_5": 0.00236497070166907,
"avg_TS_ap_5": 0.9761121987786361,
"std_TS_ap_5": 0.0017008521869727722,
"avg_TS_auc_5": 0.9231865222222224,
"std_TS_auc_5": 0.005903981058281168,
"avg_TS_f1_6": 0.92516253362895,
"std_TS_f1_6": 0.00111999701148396,
"avg_TS_ap_6": 0.9570530351474158,
"std_TS_ap_6": 0.0012834438860386305,
"avg_TS_auc_6": 0.7622316333333334,
"std_TS_auc_6": 0.004104303351151262,
"avg_TS_f1_7": 0.9733333333333333,
"std_TS_f1_7": 0.0023061913447323806,
"avg_TS_ap_7": 0.9804423877247939,
"std_TS_ap_7": 0.0018020397511954566,
"avg_TS_auc_7": 0.9286763888888888,
"std_TS_auc_7": 0.003428654576317569,
"avg_TS_f1_8": 0.9906222222222223,
"std_TS_f1_8": 0.0004745368112013851,
"avg_TS_ap_8": 0.9895102520706868,
"std_TS_ap_8": 0.0008820702481919832,
"avg_TS_auc_8": 0.9654835,
"std_TS_auc_8": 0.0028466071886405022,
"avg_TS_f1_9": 0.9834666666666667,
"std_TS_f1_9": 0.0008646700648152864,
"avg_TS_ap_9": 0.9779074367537698,
"std_TS_ap_9": 0.0019451475871980805,
"avg_TS_auc_9": 0.9440724666666668,
"std_TS_auc_9": 0.003750965466597254,
"avg_TS_f1_all": 0.9603877327589512,
"std_TS_f1_all": 0.0003212470694111308,
"avg_TS_ap_all": 0.9726038007482842,
"std_TS_ap_all": 0.0010152138816743473,
"avg_TS_auc_all": 0.87869513,
"std_TS_auc_all": 0.001929307457764969
}