{
"avg_TS_f1_0": 0.9435962106867721,
"std_TS_f1_0": 0.0007019858429154945,
"avg_TS_ap_0": 0.9770599284355335,
"std_TS_ap_0": 0.0038952629060872964,
"avg_TS_auc_0": 0.8520322777777778,
"std_TS_auc_0": 0.014035677180398002,
"avg_TS_f1_1": 0.9804326499620348,
"std_TS_f1_1": 0.0013353999216834046,
"avg_TS_ap_1": 0.9885866317668253,
"std_TS_ap_1": 0.0015730967064451996,
"avg_TS_auc_1": 0.9459342444444445,
"std_TS_auc_1": 0.005644959889588344,
"avg_TS_f1_2": 0.9503205795383695,
"std_TS_f1_2": 0.0009151339218805572,
"avg_TS_ap_2": 0.981860587047211,
"std_TS_ap_2": 0.004530581242471912,
"avg_TS_auc_2": 0.8971461111111111,
"std_TS_auc_2": 0.011736914730408875,
"avg_TS_f1_3": 0.9232170872724647,
"std_TS_f1_3": 0.002728610760278339,
"avg_TS_ap_3": 0.9698658147167493,
"std_TS_ap_3": 0.004547786073121254,
"avg_TS_auc_3": 0.7941324444444445,
"std_TS_auc_3": 0.02431715637673571,
"avg_TS_f1_4": 0.9376729397018458,
"std_TS_f1_4": 0.0008318511105931417,
"avg_TS_ap_4": 0.9879182922813688,
"std_TS_ap_4": 0.000168514821638628,
"avg_TS_auc_4": 0.8981109111111112,
"std_TS_auc_4": 0.0012356324664311628,
"avg_TS_f1_5": 0.9386625589532664,
"std_TS_f1_5": 0.002210617365414748,
"avg_TS_ap_5": 0.9891393006819378,
"std_TS_ap_5": 0.0005651215210956904,
"avg_TS_auc_5": 0.9055138111111111,
"std_TS_auc_5": 0.004898156205964025,
"avg_TS_f1_6": 0.9240769190880975,
"std_TS_f1_6": 0.0007564439805662897,
"avg_TS_ap_6": 0.9786232069586507,
"std_TS_ap_6": 0.0006772415773996708,
"avg_TS_auc_6": 0.8300358555555555,
"std_TS_auc_6": 0.002494445585894359,
"avg_TS_f1_7": 0.9704545622904976,
"std_TS_f1_7": 0.000579294946505948,
"avg_TS_ap_7": 0.9970956938589526,
"std_TS_ap_7": 9.770442978565753e-05,
"avg_TS_auc_7": 0.9742894666666668,
"std_TS_auc_7": 0.0008248301318573087,
"avg_TS_f1_8": 0.9209160988503264,
"std_TS_f1_8": 0.0019230629487895809,
"avg_TS_ap_8": 0.9497919235013985,
"std_TS_ap_8": 0.0015380956068053798,
"avg_TS_auc_8": 0.7305914555555556,
"std_TS_auc_8": 0.00328699001421976,
"avg_TS_f1_9": 0.9781767826345604,
"std_TS_f1_9": 0.0017085338293241269,
"avg_TS_ap_9": 0.9968200991534839,
"std_TS_ap_9": 0.000687156348150302,
"avg_TS_auc_9": 0.9757066333333333,
"std_TS_auc_9": 0.002954722491533714,
"avg_TS_f1_all": 0.9467526388978234,
"std_TS_f1_all": 0.00042116626742562147,
"avg_TS_ap_all": 0.9816761478402111,
"std_TS_ap_all": 0.001003790697743478,
"avg_TS_auc_all": 0.8803493211111111,
"std_TS_auc_all": 0.0037154028447973406
}