{
"avg_TS_f1_0": 0.9527079466185576,
"std_TS_f1_0": 0.0016460047470107173,
"avg_TS_ap_0": 0.9869705436260949,
"std_TS_ap_0": 0.0002727834138290271,
"avg_TS_auc_0": 0.8989299333333334,
"std_TS_auc_0": 0.0021011153182871095,
"avg_TS_f1_1": 0.9917999999999999,
"std_TS_f1_1": 0.0007710822921287733,
"avg_TS_ap_1": 0.9985332113280732,
"std_TS_ap_1": 0.000907979713212085,
"avg_TS_auc_1": 0.9893738222222221,
"std_TS_auc_1": 0.00617544310774841,
"avg_TS_f1_2": 0.9530327968837774,
"std_TS_f1_2": 0.0009805140697914311,
"avg_TS_ap_2": 0.9922164854744269,
"std_TS_ap_2": 0.0002927190469893527,
"avg_TS_auc_2": 0.9343120444444445,
"std_TS_auc_2": 0.0017838282419532748,
"avg_TS_f1_3": 0.9314977078973523,
"std_TS_f1_3": 0.0013824478335620032,
"avg_TS_ap_3": 0.9774501674509031,
"std_TS_ap_3": 0.002647274681315046,
"avg_TS_auc_3": 0.8271139666666667,
"std_TS_auc_3": 0.017570372964330564,
"avg_TS_f1_4": 0.9410196058087223,
"std_TS_f1_4": 0.0007520552797808513,
"avg_TS_ap_4": 0.9897523842624428,
"std_TS_ap_4": 0.00014989811070987874,
"avg_TS_auc_4": 0.9118709777777777,
"std_TS_auc_4": 0.0011834953945364021,
"avg_TS_f1_5": 0.9597884499756159,
"std_TS_f1_5": 0.0011221094531233358,
"avg_TS_ap_5": 0.995993253371668,
"std_TS_ap_5": 0.00012815090602624746,
"avg_TS_auc_5": 0.9636692666666666,
"std_TS_auc_5": 0.0011697368731239134,
"avg_TS_f1_6": 0.9262308757893958,
"std_TS_f1_6": 0.0008129224579416503,
"avg_TS_ap_6": 0.9799980456650463,
"std_TS_ap_6": 0.0004094268806625373,
"avg_TS_auc_6": 0.8381928777777778,
"std_TS_auc_6": 0.0025848509801113745,
"avg_TS_f1_7": 0.9792222222222222,
"std_TS_f1_7": 0.0007436978013636215,
"avg_TS_ap_7": 0.998713762332762,
"std_TS_ap_7": 7.20927348169256e-05,
"avg_TS_auc_7": 0.9882675222222221,
"std_TS_auc_7": 0.0006674098899735976,
"avg_TS_f1_8": 0.9513882610762325,
"std_TS_f1_8": 0.006584683379883953,
"avg_TS_ap_8": 0.9868904510338427,
"std_TS_ap_8": 0.00508836292473541,
"avg_TS_auc_8": 0.9044749333333334,
"std_TS_auc_8": 0.03147428739411206,
"avg_TS_f1_9": 0.9779437153915959,
"std_TS_f1_9": 0.0008598072560723863,
"avg_TS_ap_9": 0.9982634552981141,
"std_TS_ap_9": 7.682187827431047e-05,
"avg_TS_auc_9": 0.9845321888888888,
"std_TS_auc_9": 0.0006972503859739267,
"avg_TS_f1_all": 0.9564631581663472,
"std_TS_f1_all": 0.0008393271982928492,
"avg_TS_ap_all": 0.9904781759843374,
"std_TS_ap_all": 0.0007348498861045608,
"avg_TS_auc_all": 0.9240737533333332,
"std_TS_auc_all": 0.004751067512011053
}