{
"avg_TS_f1_0": 0.9092766017865189,
"std_TS_f1_0": 0.01147572815661092,
"avg_TS_ap_0": 0.9014109912632113,
"std_TS_ap_0": 0.046493889554624766,
"avg_TS_auc_0": 0.5512277555555556,
"std_TS_auc_0": 0.15640418466677455,
"avg_TS_f1_1": 0.9612327795988665,
"std_TS_f1_1": 0.01655989236057395,
"avg_TS_ap_1": 0.9735936412595858,
"std_TS_ap_1": 0.01157772337877152,
"avg_TS_auc_1": 0.864732888888889,
"std_TS_auc_1": 0.06668031810822125,
"avg_TS_f1_2": 0.9286666666666668,
"std_TS_f1_2": 0.018383298915383657,
"avg_TS_ap_2": 0.954157426069731,
"std_TS_ap_2": 0.019320264567801126,
"avg_TS_auc_2": 0.7358627333333334,
"std_TS_auc_2": 0.09337618576771944,
"avg_TS_f1_3": 0.9091333333333335,
"std_TS_f1_3": 0.007766467967574349,
"avg_TS_ap_3": 0.9068537985595228,
"std_TS_ap_3": 0.01598680873204883,
"avg_TS_auc_3": 0.5687878555555554,
"std_TS_auc_3": 0.06368620949210546,
"avg_TS_f1_4": 0.9144647579186497,
"std_TS_f1_4": 0.0047208613301123765,
"avg_TS_ap_4": 0.9201730533229368,
"std_TS_ap_4": 0.04568293248345372,
"avg_TS_auc_4": 0.6343955444444443,
"std_TS_auc_4": 0.12980084890709678,
"avg_TS_f1_5": 0.9187213092085361,
"std_TS_f1_5": 0.016090151785937527,
"avg_TS_ap_5": 0.8982156047071991,
"std_TS_ap_5": 0.047495465037747625,
"avg_TS_auc_5": 0.5970765555555555,
"std_TS_auc_5": 0.17188736451267245,
"avg_TS_f1_6": 0.9061434116710189,
"std_TS_f1_6": 0.00737965831808614,
"avg_TS_ap_6": 0.9062141117914683,
"std_TS_ap_6": 0.025819219388110718,
"avg_TS_auc_6": 0.5441047444444445,
"std_TS_auc_6": 0.0687827646480956,
"avg_TS_f1_7": 0.9359777777777776,
"std_TS_f1_7": 0.005885911196856773,
"avg_TS_ap_7": 0.9664819345634253,
"std_TS_ap_7": 0.017104390266530302,
"avg_TS_auc_7": 0.8100424666666667,
"std_TS_auc_7": 0.05740744488933231,
"avg_TS_f1_8": 0.8967854657372463,
"std_TS_f1_8": 0.008760682921472222,
"avg_TS_ap_8": 0.8753442108696063,
"std_TS_ap_8": 0.03385749881394369,
"avg_TS_auc_8": 0.39573821111111107,
"std_TS_auc_8": 0.0839658247377357,
"avg_TS_f1_9": 0.9206733707428191,
"std_TS_f1_9": 0.014934361431459816,
"avg_TS_ap_9": 0.919216778709061,
"std_TS_ap_9": 0.03187657706705822,
"avg_TS_auc_9": 0.6304647666666666,
"std_TS_auc_9": 0.13243730146164434,
"avg_TS_f1_all": 0.9201075474441434,
"std_TS_f1_all": 0.005957180356530537,
"avg_TS_ap_all": 0.9221661551115747,
"std_TS_ap_all": 0.010801047655371125,
"avg_TS_auc_all": 0.6332433522222223,
"std_TS_auc_all": 0.04235355229510403
}