{
"avg_TS_f1_0": 0.9400326919396758,
"std_TS_f1_0": 0.00867800321414036,
"avg_TS_ap_0": 0.9795805282474668,
"std_TS_ap_0": 0.004276249107278036,
"avg_TS_auc_0": 0.8541582666666667,
"std_TS_auc_0": 0.02997448346385948,
"avg_TS_f1_1": 0.9642,
"std_TS_f1_1": 0.00675986704522624,
"avg_TS_ap_1": 0.9888341738034564,
"std_TS_ap_1": 0.0023382159954284387,
"avg_TS_auc_1": 0.9287688777777777,
"std_TS_auc_1": 0.018250737424147727,
"avg_TS_f1_2": 0.9284547573630633,
"std_TS_f1_2": 0.0058439348762148475,
"avg_TS_ap_2": 0.9801139025190659,
"std_TS_ap_2": 0.0027050492807098887,
"avg_TS_auc_2": 0.8468541999999999,
"std_TS_auc_2": 0.019294206294387193,
"avg_TS_f1_3": 0.9237880808193047,
"std_TS_f1_3": 0.003999665866654625,
"avg_TS_ap_3": 0.9628761022216178,
"std_TS_ap_3": 0.010041981217913892,
"avg_TS_auc_3": 0.7586882666666666,
"std_TS_auc_3": 0.03910879764143251,
"avg_TS_f1_4": 0.9192222222222222,
"std_TS_f1_4": 0.006172419738813818,
"avg_TS_ap_4": 0.9754875535901514,
"std_TS_ap_4": 0.005037416278585292,
"avg_TS_auc_4": 0.814123711111111,
"std_TS_auc_4": 0.029991756060200422,
"avg_TS_f1_5": 0.944,
"std_TS_f1_5": 0.015887412518821614,
"avg_TS_ap_5": 0.983492211327027,
"std_TS_ap_5": 0.004351253358585309,
"avg_TS_auc_5": 0.8850949888888889,
"std_TS_auc_5": 0.030063743634919662,
"avg_TS_f1_6": 0.909,
"std_TS_f1_6": 0.0014159584286288008,
"avg_TS_ap_6": 0.9591938449686402,
"std_TS_ap_6": 0.0020614179445300673,
"avg_TS_auc_6": 0.7169412111111111,
"std_TS_auc_6": 0.0075047297764661725,
"avg_TS_f1_7": 0.9324666666666668,
"std_TS_f1_7": 0.008142375059215697,
"avg_TS_ap_7": 0.9830945171560567,
"std_TS_ap_7": 0.006056250818114032,
"avg_TS_auc_7": 0.8649571333333335,
"std_TS_auc_7": 0.03959034415023535,
"avg_TS_f1_8": 0.9358328660234211,
"std_TS_f1_8": 0.01753427900796029,
"avg_TS_ap_8": 0.9749289201961295,
"std_TS_ap_8": 0.007151308474812787,
"avg_TS_auc_8": 0.8301930000000001,
"std_TS_auc_8": 0.05745345210676162,
"avg_TS_f1_9": 0.9381999999999999,
"std_TS_f1_9": 0.013237694029168221,
"avg_TS_ap_9": 0.980803925395916,
"std_TS_ap_9": 0.007338275908473334,
"avg_TS_auc_9": 0.8548272666666668,
"std_TS_auc_9": 0.05266618240547876,
"avg_TS_f1_all": 0.9335197285034352,
"std_TS_f1_all": 0.002670000967442938,
"avg_TS_ap_all": 0.9768405679425527,
"std_TS_ap_all": 0.0010023867923268821,
"avg_TS_auc_all": 0.8354606922222223,
"std_TS_auc_all": 0.007226110143383949
}