{
"avg_TS_f1_0": 0.9238427677149312,
"std_TS_f1_0": 0.012648743533784944,
"avg_TS_ap_0": 0.9589745253548081,
"std_TS_ap_0": 0.016258638205374407,
"avg_TS_auc_0": 0.7366881111111111,
"std_TS_auc_0": 0.08513611421205686,
"avg_TS_f1_1": 0.9701333333333333,
"std_TS_f1_1": 0.020681046371311764,
"avg_TS_ap_1": 0.987301645714135,
"std_TS_ap_1": 0.007698046602569998,
"avg_TS_auc_1": 0.9307877777777778,
"std_TS_auc_1": 0.05308545295480942,
"avg_TS_f1_2": 0.9419762011469773,
"std_TS_f1_2": 0.011876108231651033,
"avg_TS_ap_2": 0.9846886629628544,
"std_TS_ap_2": 0.004486066956253229,
"avg_TS_auc_2": 0.881519811111111,
"std_TS_auc_2": 0.03413192840138155,
"avg_TS_f1_3": 0.9220103252649838,
"std_TS_f1_3": 0.008540473793508854,
"avg_TS_ap_3": 0.9563736201402943,
"std_TS_ap_3": 0.010033738764859208,
"avg_TS_auc_3": 0.727586011111111,
"std_TS_auc_3": 0.05060810280823257,
"avg_TS_f1_4": 0.9232426418751659,
"std_TS_f1_4": 0.0068626132397768365,
"avg_TS_ap_4": 0.9596917234429514,
"std_TS_ap_4": 0.01895084120810805,
"avg_TS_auc_4": 0.7614719000000001,
"std_TS_auc_4": 0.06534085311194512,
"avg_TS_f1_5": 0.9314444444444444,
"std_TS_f1_5": 0.008418967415644213,
"avg_TS_ap_5": 0.9652219725404428,
"std_TS_ap_5": 0.011433714517511288,
"avg_TS_auc_5": 0.7913442777777778,
"std_TS_auc_5": 0.048311245729867135,
"avg_TS_f1_6": 0.9135655832731449,
"std_TS_f1_6": 0.008784935680813325,
"avg_TS_ap_6": 0.9500197651358686,
"std_TS_ap_6": 0.009634166967863633,
"avg_TS_auc_6": 0.6970911000000001,
"std_TS_auc_6": 0.04350698164710155,
"avg_TS_f1_7": 0.9487437203301419,
"std_TS_f1_7": 0.008144370193597523,
"avg_TS_ap_7": 0.9930668332330128,
"std_TS_ap_7": 0.0022286466715693964,
"avg_TS_auc_7": 0.9386707777777777,
"std_TS_auc_7": 0.01885114569406889,
"avg_TS_f1_8": 0.9142103240303474,
"std_TS_f1_8": 0.008980866672579363,
"avg_TS_ap_8": 0.9381036887502716,
"std_TS_ap_8": 0.007109947985731774,
"avg_TS_auc_8": 0.6497459777777778,
"std_TS_auc_8": 0.04430330670508066,
"avg_TS_f1_9": 0.9359438746597032,
"std_TS_f1_9": 0.011051183195004742,
"avg_TS_ap_9": 0.9760056656153239,
"std_TS_ap_9": 0.010022064606459099,
"avg_TS_auc_9": 0.8345060444444444,
"std_TS_auc_9": 0.05629903111980604,
"avg_TS_f1_all": 0.9325113216073172,
"std_TS_f1_all": 0.0027467116013160323,
"avg_TS_ap_all": 0.9669448102889963,
"std_TS_ap_all": 0.005047277680361751,
"avg_TS_auc_all": 0.7949411788888889,
"std_TS_auc_all": 0.02057807602453245
}