{
"avg_TS_f1_0": 0.9416222222222222,
"std_TS_f1_0": 0.005033026726006059,
"avg_TS_ap_0": 0.9756617744068006,
"std_TS_ap_0": 0.008633503782793702,
"avg_TS_auc_0": 0.8509899000000001,
"std_TS_auc_0": 0.01870229291888968,
"avg_TS_f1_1": 0.9887555555555556,
"std_TS_f1_1": 0.0032978855927269404,
"avg_TS_ap_1": 0.9955886149609409,
"std_TS_ap_1": 0.0011795370293370402,
"avg_TS_auc_1": 0.9758284222222222,
"std_TS_auc_1": 0.006737118108153488,
"avg_TS_f1_2": 0.9423659104518152,
"std_TS_f1_2": 0.0070425838573726016,
"avg_TS_ap_2": 0.9712568479209093,
"std_TS_ap_2": 0.018507593344218195,
"avg_TS_auc_2": 0.8378506888888889,
"std_TS_auc_2": 0.059193591759525245,
"avg_TS_f1_3": 0.9216308152922075,
"std_TS_f1_3": 0.005152897996739781,
"avg_TS_ap_3": 0.8954644688028484,
"std_TS_ap_3": 0.013284235725965486,
"avg_TS_auc_3": 0.6073722444444445,
"std_TS_auc_3": 0.0470589216195066,
"avg_TS_f1_4": 0.9377973529393608,
"std_TS_f1_4": 0.005620134426006999,
"avg_TS_ap_4": 0.9794855018730898,
"std_TS_ap_4": 0.004042549346063431,
"avg_TS_auc_4": 0.8612346333333333,
"std_TS_auc_4": 0.023790719814604934,
"avg_TS_f1_5": 0.9517777777777777,
"std_TS_f1_5": 0.009535638157025893,
"avg_TS_ap_5": 0.9929747388792759,
"std_TS_ap_5": 0.00148380683104333,
"avg_TS_auc_5": 0.9397960666666668,
"std_TS_auc_5": 0.012705524490143219,
"avg_TS_f1_6": 0.9204871048391577,
"std_TS_f1_6": 0.0035073059779133463,
"avg_TS_ap_6": 0.9339830319895774,
"std_TS_ap_6": 0.026585669981857407,
"avg_TS_auc_6": 0.6928991444444444,
"std_TS_auc_6": 0.055981795178737095,
"avg_TS_f1_7": 0.9687111111111111,
"std_TS_f1_7": 0.006450801462312496,
"avg_TS_ap_7": 0.9946136549882084,
"std_TS_ap_7": 0.002182216810751941,
"avg_TS_auc_7": 0.9604741666666665,
"std_TS_auc_7": 0.011015079300275541,
"avg_TS_f1_8": 0.9725555555555555,
"std_TS_f1_8": 0.011816916102471028,
"avg_TS_ap_8": 0.9917025127923598,
"std_TS_ap_8": 0.005261043040876622,
"avg_TS_auc_8": 0.9485782,
"std_TS_auc_8": 0.029741899455012984,
"avg_TS_f1_9": 0.9761886425789086,
"std_TS_f1_9": 0.007135975975259478,
"avg_TS_ap_9": 0.9932635880181593,
"std_TS_ap_9": 0.004088709933432698,
"avg_TS_auc_9": 0.9563447777777778,
"std_TS_auc_9": 0.015904865285522474,
"avg_TS_f1_all": 0.9521892048323674,
"std_TS_f1_all": 0.0012567678454113763,
"avg_TS_ap_all": 0.972399473463217,
"std_TS_ap_all": 0.0053563936187070215,
"avg_TS_auc_all": 0.8631368244444445,
"std_TS_auc_all": 0.012430721758333447
}