{
"avg_TS_f1_0": 0.9496772154008557,
"std_TS_f1_0": 0.0008063514972823175,
"avg_TS_ap_0": 0.9856187214358121,
"std_TS_ap_0": 0.0009813118567474782,
"avg_TS_auc_0": 0.8895921222222223,
"std_TS_auc_0": 0.004969401449587329,
"avg_TS_f1_1": 0.9851111111111113,
"std_TS_f1_1": 0.0009938079899999576,
"avg_TS_ap_1": 0.9959424085365111,
"std_TS_ap_1": 0.000530407410264037,
"avg_TS_auc_1": 0.9718276888888889,
"std_TS_auc_1": 0.0028998365491613325,
"avg_TS_f1_2": 0.9531428807773272,
"std_TS_f1_2": 0.00057600194263346,
"avg_TS_ap_2": 0.9903428845113693,
"std_TS_ap_2": 0.0005512347922518506,
"avg_TS_auc_2": 0.9221641555555558,
"std_TS_auc_2": 0.003976017010266204,
"avg_TS_f1_3": 0.9316977054280793,
"std_TS_f1_3": 0.002420344286062073,
"avg_TS_ap_3": 0.9793423157293436,
"std_TS_ap_3": 0.0007769862122028389,
"avg_TS_auc_3": 0.8380279777777778,
"std_TS_auc_3": 0.0062011952995141405,
"avg_TS_f1_4": 0.9424222222222223,
"std_TS_f1_4": 0.0005896221849520399,
"avg_TS_ap_4": 0.9892353602103258,
"std_TS_ap_4": 0.0003008119292484988,
"avg_TS_auc_4": 0.9087983999999999,
"std_TS_auc_4": 0.0023800583589172536,
"avg_TS_f1_5": 0.9551990073522603,
"std_TS_f1_5": 0.0012873772591448353,
"avg_TS_ap_5": 0.9936616442390911,
"std_TS_ap_5": 0.00047112779634535533,
"avg_TS_auc_5": 0.9443742111111112,
"std_TS_auc_5": 0.003894706186861298,
"avg_TS_f1_6": 0.9264975609756098,
"std_TS_f1_6": 0.0009948732281435993,
"avg_TS_ap_6": 0.979626477133891,
"std_TS_ap_6": 0.001518083924359863,
"avg_TS_auc_6": 0.8363742111111112,
"std_TS_auc_6": 0.008739081026594448,
"avg_TS_f1_7": 0.9752547289664241,
"std_TS_f1_7": 0.0005026723586029757,
"avg_TS_ap_7": 0.9980883283913797,
"std_TS_ap_7": 0.0001298017454780265,
"avg_TS_auc_7": 0.9828964444444445,
"std_TS_auc_7": 0.0011430587619774741,
"avg_TS_f1_8": 0.9390313597669007,
"std_TS_f1_8": 0.003462252258333049,
"avg_TS_ap_8": 0.9733548948504869,
"std_TS_ap_8": 0.004767850730501325,
"avg_TS_auc_8": 0.8260097444444444,
"std_TS_auc_8": 0.019977258136444142,
"avg_TS_f1_9": 0.9785323604111034,
"std_TS_f1_9": 0.0010815016205923964,
"avg_TS_ap_9": 0.9979887823530038,
"std_TS_ap_9": 0.0001257531894692435,
"avg_TS_auc_9": 0.9830833666666667,
"std_TS_auc_9": 0.0008251258142748765,
"avg_TS_f1_all": 0.9536566152411894,
"std_TS_f1_all": 0.00013593897447129437,
"avg_TS_ap_all": 0.9883201817391214,
"std_TS_ap_all": 0.0004704670337126266,
"avg_TS_auc_all": 0.9103148322222223,
"std_TS_auc_all": 0.001990671578463231
}