{
"avg_TS_f1_0": 0.9639884845454377,
"std_TS_f1_0": 0.0013215441715741492,
"avg_TS_ap_0": 0.9772991510509321,
"std_TS_ap_0": 0.0017865545973190136,
"avg_TS_auc_0": 0.8915330222222222,
"std_TS_auc_0": 0.004941848403328604,
"avg_TS_f1_1": 0.9831999999999999,
"std_TS_f1_1": 0.0005506449641494933,
"avg_TS_ap_1": 0.9603429317647336,
"std_TS_ap_1": 0.0038559338366210634,
"avg_TS_auc_1": 0.8977754222222222,
"std_TS_auc_1": 0.007647547900769702,
"avg_TS_f1_2": 0.9540656406837418,
"std_TS_f1_2": 0.0008056979798211413,
"avg_TS_ap_2": 0.977728173487024,
"std_TS_ap_2": 0.001980830755660052,
"avg_TS_auc_2": 0.8916166000000001,
"std_TS_auc_2": 0.005560310954023361,
"avg_TS_f1_3": 0.9329970430456012,
"std_TS_f1_3": 0.0012180703242071387,
"avg_TS_ap_3": 0.9532020098248385,
"std_TS_ap_3": 0.0010220244862976036,
"avg_TS_auc_3": 0.7268213444444444,
"std_TS_auc_3": 0.004424563273475436,
"avg_TS_f1_4": 0.9431098332623418,
"std_TS_f1_4": 0.0006887701499224565,
"avg_TS_ap_4": 0.9725675137309511,
"std_TS_ap_4": 0.0022339054403565407,
"avg_TS_auc_4": 0.8564895111111109,
"std_TS_auc_4": 0.006824639732127462,
"avg_TS_f1_5": 0.9603999999999999,
"std_TS_f1_5": 0.008307545283775182,
"avg_TS_ap_5": 0.9759628459496721,
"std_TS_ap_5": 0.006481688933989388,
"avg_TS_auc_5": 0.9072442444444444,
"std_TS_auc_5": 0.01591491688972686,
"avg_TS_f1_6": 0.92618477930954,
"std_TS_f1_6": 0.0007631117615698716,
"avg_TS_ap_6": 0.9594943102850815,
"std_TS_ap_6": 0.001780600764689568,
"avg_TS_auc_6": 0.7637914333333333,
"std_TS_auc_6": 0.0035482082479561393,
"avg_TS_f1_7": 0.9682444444444445,
"std_TS_f1_7": 0.005216971355437644,
"avg_TS_ap_7": 0.9846913076403749,
"std_TS_ap_7": 0.004680159208946221,
"avg_TS_auc_7": 0.9256958333333334,
"std_TS_auc_7": 0.022306830321398283,
"avg_TS_f1_8": 0.9822,
"std_TS_f1_8": 0.002100440870829711,
"avg_TS_ap_8": 0.9866579567011854,
"std_TS_ap_8": 0.0012539876876813388,
"avg_TS_auc_8": 0.945186411111111,
"std_TS_auc_8": 0.004517024751228455,
"avg_TS_f1_9": 0.978288888888889,
"std_TS_f1_9": 0.005891445985704114,
"avg_TS_ap_9": 0.9796962323677147,
"std_TS_ap_9": 0.002637157576597381,
"avg_TS_auc_9": 0.9316615777777777,
"std_TS_auc_9": 0.006133939434484598,
"avg_TS_f1_all": 0.9592679114179996,
"std_TS_f1_all": 0.0018484007770653117,
"avg_TS_ap_all": 0.9727642432802508,
"std_TS_ap_all": 0.001315960842555953,
"avg_TS_auc_all": 0.8737815399999999,
"std_TS_auc_all": 0.0041137067028972595
}