{
"avg_TS_f1_0": 0.9501111111111111,
"std_TS_f1_0": 0.003113491153109936,
"avg_TS_ap_0": 0.9830605050874528,
"std_TS_ap_0": 0.0013521943960257744,
"avg_TS_auc_0": 0.8805926444444445,
"std_TS_auc_0": 0.0067786376139117865,
"avg_TS_f1_1": 0.9851774160292855,
"std_TS_f1_1": 0.0037236198401455235,
"avg_TS_ap_1": 0.9922945623094332,
"std_TS_ap_1": 0.0011660314978370523,
"avg_TS_auc_1": 0.9616839333333334,
"std_TS_auc_1": 0.006523116131946776,
"avg_TS_f1_2": 0.9493555555555556,
"std_TS_f1_2": 0.004632893664191316,
"avg_TS_ap_2": 0.9889294797715301,
"std_TS_ap_2": 0.0010707717497453104,
"avg_TS_auc_2": 0.9123750111111111,
"std_TS_auc_2": 0.008083777098044241,
"avg_TS_f1_3": 0.9345436573636807,
"std_TS_f1_3": 0.010044792217110084,
"avg_TS_ap_3": 0.9747400943724649,
"std_TS_ap_3": 0.0066614336701494884,
"avg_TS_auc_3": 0.8195593666666667,
"std_TS_auc_3": 0.04583479021076605,
"avg_TS_f1_4": 0.9369660079880981,
"std_TS_f1_4": 0.006127210511195328,
"avg_TS_ap_4": 0.9856244142620605,
"std_TS_ap_4": 0.003111471882430031,
"avg_TS_auc_4": 0.8871031111111112,
"std_TS_auc_4": 0.020839333439702717,
"avg_TS_f1_5": 0.9530096042372727,
"std_TS_f1_5": 0.007475830967236324,
"avg_TS_ap_5": 0.9894682222564933,
"std_TS_ap_5": 0.0028139621989201396,
"avg_TS_auc_5": 0.9197402222222223,
"std_TS_auc_5": 0.020275744453276335,
"avg_TS_f1_6": 0.9246222222222222,
"std_TS_f1_6": 0.006969634313874433,
"avg_TS_ap_6": 0.9731661255441258,
"std_TS_ap_6": 0.0013871349281721107,
"avg_TS_auc_6": 0.8038902555555556,
"std_TS_auc_6": 0.012991739351498862,
"avg_TS_f1_7": 0.9706888888888889,
"std_TS_f1_7": 0.005073484691371457,
"avg_TS_ap_7": 0.99665551928267,
"std_TS_ap_7": 0.0010561047354349686,
"avg_TS_auc_7": 0.9725123111111109,
"std_TS_auc_7": 0.008412098139474371,
"avg_TS_f1_8": 0.9539439265144359,
"std_TS_f1_8": 0.009792442727710217,
"avg_TS_ap_8": 0.9817179377137835,
"std_TS_ap_8": 0.00479182984378234,
"avg_TS_auc_8": 0.8834143555555556,
"std_TS_auc_8": 0.031827604871344305,
"avg_TS_f1_9": 0.9746551783741072,
"std_TS_f1_9": 0.006260956357436769,
"avg_TS_ap_9": 0.9970973065075167,
"std_TS_ap_9": 0.001106870234611041,
"avg_TS_auc_9": 0.9758042111111109,
"std_TS_auc_9": 0.009067784885114744,
"avg_TS_f1_all": 0.9533073568284658,
"std_TS_f1_all": 0.0013885441076552942,
"avg_TS_ap_all": 0.9862754167107532,
"std_TS_ap_all": 0.0008433475960514645,
"avg_TS_auc_all": 0.9016675422222222,
"std_TS_auc_all": 0.006203431151056402
}