{
"avg_TS_f1_0": 0.9468409059112265,
"std_TS_f1_0": 0.0006776674968862705,
"avg_TS_ap_0": 0.9834803180640715,
"std_TS_ap_0": 0.0007616756029913389,
"avg_TS_auc_0": 0.8748912666666667,
"std_TS_auc_0": 0.004343708817003476,
"avg_TS_f1_1": 0.9827329345457464,
"std_TS_f1_1": 0.0008504463896268147,
"avg_TS_ap_1": 0.9943870109801235,
"std_TS_ap_1": 0.0011905733071043616,
"avg_TS_auc_1": 0.9649947444444444,
"std_TS_auc_1": 0.004088412314708673,
"avg_TS_f1_2": 0.9520656061139199,
"std_TS_f1_2": 0.0009408693349964539,
"avg_TS_ap_2": 0.989633237902229,
"std_TS_ap_2": 0.0003184889212631374,
"avg_TS_auc_2": 0.9167384333333333,
"std_TS_auc_2": 0.0021742885907354973,
"avg_TS_f1_3": 0.928130151675093,
"std_TS_f1_3": 0.0009964147364781746,
"avg_TS_ap_3": 0.9765331020782464,
"std_TS_ap_3": 0.000635069810857313,
"avg_TS_auc_3": 0.8172502111111111,
"std_TS_auc_3": 0.003880533844113267,
"avg_TS_f1_4": 0.9414653443709835,
"std_TS_f1_4": 0.0009652437061339225,
"avg_TS_ap_4": 0.9875677926149532,
"std_TS_ap_4": 0.00028570049334383817,
"avg_TS_auc_4": 0.8982857444444445,
"std_TS_auc_4": 0.0022910434459240034,
"avg_TS_f1_5": 0.9442419368977288,
"std_TS_f1_5": 0.00222127014842951,
"avg_TS_ap_5": 0.9896260556688766,
"std_TS_ap_5": 0.0015170696317474423,
"avg_TS_auc_5": 0.9116887333333334,
"std_TS_auc_5": 0.011283592002746513,
"avg_TS_f1_6": 0.9249180595533669,
"std_TS_f1_6": 0.0009873577399169267,
"avg_TS_ap_6": 0.9774137106481959,
"std_TS_ap_6": 0.0009735578456585528,
"avg_TS_auc_6": 0.8227073777777777,
"std_TS_auc_6": 0.00490557186399704,
"avg_TS_f1_7": 0.9706545523758138,
"std_TS_f1_7": 0.0009671331679407551,
"avg_TS_ap_7": 0.996948072902222,
"std_TS_ap_7": 0.00010189833658016174,
"avg_TS_auc_7": 0.9736189222222222,
"std_TS_auc_7": 0.00086221597262915,
"avg_TS_f1_8": 0.9312398502760345,
"std_TS_f1_8": 0.0006543143923729159,
"avg_TS_ap_8": 0.9635974288679414,
"std_TS_ap_8": 0.003665006726364706,
"avg_TS_auc_8": 0.7771420777777778,
"std_TS_auc_8": 0.010762171625859006,
"avg_TS_f1_9": 0.9770661715774333,
"std_TS_f1_9": 0.0006711714696465107,
"avg_TS_ap_9": 0.9966960793973035,
"std_TS_ap_9": 0.00034559607737442836,
"avg_TS_auc_9": 0.9739337222222222,
"std_TS_auc_9": 0.002313591987354411,
"avg_TS_f1_all": 0.9499355513297347,
"std_TS_f1_all": 0.00048731645237088224,
"avg_TS_ap_all": 0.9855882809124162,
"std_TS_ap_all": 0.00035585064142118727,
"avg_TS_auc_all": 0.8931251233333335,
"std_TS_auc_all": 0.0011820867332992776
}