{
"avg_TS_f1_0": 0.9337066935001099,
"std_TS_f1_0": 0.0012844457168117542,
"avg_TS_ap_0": 0.9621332889855267,
"std_TS_ap_0": 0.000840258623089743,
"avg_TS_auc_0": 0.7755344333333334,
"std_TS_auc_0": 0.00469108745656967,
"avg_TS_f1_1": 0.9659425523640202,
"std_TS_f1_1": 0.000998820159086372,
"avg_TS_ap_1": 0.9834652520941919,
"std_TS_ap_1": 0.0008294958622378918,
"avg_TS_auc_1": 0.9075994111111111,
"std_TS_auc_1": 0.004244501824742994,
"avg_TS_f1_2": 0.9420510607196814,
"std_TS_f1_2": 0.0007697461494501397,
"avg_TS_ap_2": 0.9771492068898684,
"std_TS_ap_2": 0.00047826323773761224,
"avg_TS_auc_2": 0.8495478444444444,
"std_TS_auc_2": 0.002771743501618679,
"avg_TS_f1_3": 0.9143498662471531,
"std_TS_f1_3": 0.0009742822555580289,
"avg_TS_ap_3": 0.9509058652708127,
"std_TS_ap_3": 0.0010939024604714527,
"avg_TS_auc_3": 0.6913526222222222,
"std_TS_auc_3": 0.005214511345120913,
"avg_TS_f1_4": 0.9303627979332185,
"std_TS_f1_4": 0.0015861384192504928,
"avg_TS_ap_4": 0.9749524875433415,
"std_TS_ap_4": 0.0006724871646417248,
"avg_TS_auc_4": 0.8299781444444445,
"std_TS_auc_4": 0.0046188490764328275,
"avg_TS_f1_5": 0.9090586324430923,
"std_TS_f1_5": 0.003253581900566723,
"avg_TS_ap_5": 0.9513638136607279,
"std_TS_ap_5": 0.0037967001552501036,
"avg_TS_auc_5": 0.6797761444444445,
"std_TS_auc_5": 0.021931541402726507,
"avg_TS_f1_6": 0.9199399966664815,
"std_TS_f1_6": 0.0013315541689156618,
"avg_TS_ap_6": 0.955588099361622,
"std_TS_ap_6": 0.0006815721575733078,
"avg_TS_auc_6": 0.7264316111111111,
"std_TS_auc_6": 0.003925111426270864,
"avg_TS_f1_7": 0.9494527473748542,
"std_TS_f1_7": 0.001015006366724299,
"avg_TS_ap_7": 0.9860263880737332,
"std_TS_ap_7": 0.0009169789644881578,
"avg_TS_auc_7": 0.8983802000000001,
"std_TS_auc_7": 0.005711340913945569,
"avg_TS_f1_8": 0.9085575255841558,
"std_TS_f1_8": 0.0020711714630660665,
"avg_TS_ap_8": 0.9229027910961008,
"std_TS_ap_8": 0.0027429888587310477,
"avg_TS_auc_8": 0.6004510222222221,
"std_TS_auc_8": 0.01462025690379072,
"avg_TS_f1_9": 0.9544287963835039,
"std_TS_f1_9": 0.0010049446615009313,
"avg_TS_ap_9": 0.9832956426785332,
"std_TS_ap_9": 0.0004075880157565697,
"avg_TS_auc_9": 0.8926062111111112,
"std_TS_auc_9": 0.0024626973735277047,
"avg_TS_f1_all": 0.9327850669216271,
"std_TS_f1_all": 0.0009040651131061291,
"avg_TS_ap_all": 0.9647782835654457,
"std_TS_ap_all": 0.0008486428544966297,
"avg_TS_auc_all": 0.7851657644444444,
"std_TS_auc_all": 0.005089253824094132
}