{
"avg_TS_f1_0": 0.9603111111111111,
"std_TS_f1_0": 0.003572459815841543,
"avg_TS_ap_0": 0.9790095801580305,
"std_TS_ap_0": 0.0013731302509531248,
"avg_TS_auc_0": 0.8788414666666666,
"std_TS_auc_0": 0.007848840722892334,
"avg_TS_f1_1": 0.9785333333333334,
"std_TS_f1_1": 0.0006935327348589739,
"avg_TS_ap_1": 0.987016893159035,
"std_TS_ap_1": 0.0008794802564837394,
"avg_TS_auc_1": 0.9344702,
"std_TS_auc_1": 0.0027172514416294075,
"avg_TS_f1_2": 0.9524222222222221,
"std_TS_f1_2": 0.004230051221124085,
"avg_TS_ap_2": 0.9760455173530488,
"std_TS_ap_2": 0.0030394173557666366,
"avg_TS_auc_2": 0.860469488888889,
"std_TS_auc_2": 0.011937490265183833,
"avg_TS_f1_3": 0.9425320221493786,
"std_TS_f1_3": 0.003168101399694552,
"avg_TS_ap_3": 0.9122078385633561,
"std_TS_ap_3": 0.01207227064602401,
"avg_TS_auc_3": 0.6768544555555556,
"std_TS_auc_3": 0.01689188065330302,
"avg_TS_f1_4": 0.9417987221512305,
"std_TS_f1_4": 0.0016447472265267468,
"avg_TS_ap_4": 0.9667330881966265,
"std_TS_ap_4": 0.0021460869541993226,
"avg_TS_auc_4": 0.8205983222222223,
"std_TS_auc_4": 0.003026204128346301,
"avg_TS_f1_5": 0.9502993820644358,
"std_TS_f1_5": 0.009853840423736776,
"avg_TS_ap_5": 0.920365717540354,
"std_TS_ap_5": 0.04531305875171635,
"avg_TS_auc_5": 0.7420420333333333,
"std_TS_auc_5": 0.12247570220104981,
"avg_TS_f1_6": 0.9279198165330171,
"std_TS_f1_6": 0.00032764653242218356,
"avg_TS_ap_6": 0.9330736205563956,
"std_TS_ap_6": 0.009853186894300477,
"avg_TS_auc_6": 0.7191161333333334,
"std_TS_auc_6": 0.013322649819409674,
"avg_TS_f1_7": 0.9518666666666666,
"std_TS_f1_7": 0.002108653540315815,
"avg_TS_ap_7": 0.9443820507891324,
"std_TS_ap_7": 0.011924481094837056,
"avg_TS_auc_7": 0.7675450777777778,
"std_TS_auc_7": 0.03320752216513082,
"avg_TS_f1_8": 0.9632666666666665,
"std_TS_f1_8": 0.0060726466254045165,
"avg_TS_ap_8": 0.9595170393721328,
"std_TS_ap_8": 0.04109317353746737,
"avg_TS_auc_8": 0.8504374777777777,
"std_TS_auc_8": 0.10418201439573832,
"avg_TS_f1_9": 0.9638444444444444,
"std_TS_f1_9": 0.008385348774742412,
"avg_TS_ap_9": 0.9671173253104295,
"std_TS_ap_9": 0.024644157193051703,
"avg_TS_auc_9": 0.862355411111111,
"std_TS_auc_9": 0.08097661904733845,
"avg_TS_f1_all": 0.9532794387342507,
"std_TS_f1_all": 0.0015046428662804092,
"avg_TS_ap_all": 0.9545468670998541,
"std_TS_ap_all": 0.007426065572456926,
"avg_TS_auc_all": 0.8112730066666666,
"std_TS_auc_all": 0.019663250797367925
}