{
"avg_TS_f1_0": 0.9553660808316511,
"std_TS_f1_0": 0.0058781115105865055,
"avg_TS_ap_0": 0.9715870740436655,
"std_TS_ap_0": 0.004246990429614052,
"avg_TS_auc_0": 0.8512316666666665,
"std_TS_auc_0": 0.011463832323636085,
"avg_TS_f1_1": 0.9562666666666667,
"std_TS_f1_1": 0.004524064598768149,
"avg_TS_ap_1": 0.9654452186757778,
"std_TS_ap_1": 0.013065750735630155,
"avg_TS_auc_1": 0.8197956444444445,
"std_TS_auc_1": 0.05202892350681999,
"avg_TS_f1_2": 0.9523555555555555,
"std_TS_f1_2": 0.003002385882536478,
"avg_TS_ap_2": 0.9750060621899543,
"std_TS_ap_2": 0.009515085413136141,
"avg_TS_auc_2": 0.8505910111111111,
"std_TS_auc_2": 0.03830291838698131,
"avg_TS_f1_3": 0.928398356698829,
"std_TS_f1_3": 0.004311901751641962,
"avg_TS_ap_3": 0.8896858447315127,
"std_TS_ap_3": 0.010938303932945181,
"avg_TS_auc_3": 0.6023895444444445,
"std_TS_auc_3": 0.0366871242013756,
"avg_TS_f1_4": 0.9358222222222222,
"std_TS_f1_4": 0.0051340547833577475,
"avg_TS_ap_4": 0.9485612796742382,
"std_TS_ap_4": 0.019042475668387304,
"avg_TS_auc_4": 0.7522619333333334,
"std_TS_auc_4": 0.05184230952287837,
"avg_TS_f1_5": 0.9471333333333334,
"std_TS_f1_5": 0.012578523731315178,
"avg_TS_ap_5": 0.9265643297001043,
"std_TS_ap_5": 0.03531551185037734,
"avg_TS_auc_5": 0.7153390888888889,
"std_TS_auc_5": 0.10820476566218966,
"avg_TS_f1_6": 0.9264888888888889,
"std_TS_f1_6": 0.005756627956720753,
"avg_TS_ap_6": 0.9360164289084745,
"std_TS_ap_6": 0.0048304600297046935,
"avg_TS_auc_6": 0.7175312333333335,
"std_TS_auc_6": 0.019610350401217187,
"avg_TS_f1_7": 0.9524888888888888,
"std_TS_f1_7": 0.005375573469264173,
"avg_TS_ap_7": 0.9560526268118041,
"std_TS_ap_7": 0.013174035880973442,
"avg_TS_auc_7": 0.7879326777777778,
"std_TS_auc_7": 0.04889909620529117,
"avg_TS_f1_8": 0.9351319097974577,
"std_TS_f1_8": 0.0058616856389803905,
"avg_TS_ap_8": 0.8550290690265505,
"std_TS_ap_8": 0.0155126407206862,
"avg_TS_auc_8": 0.5410639777777778,
"std_TS_auc_8": 0.05113025623317252,
"avg_TS_f1_9": 0.9564222222222222,
"std_TS_f1_9": 0.009738405578423827,
"avg_TS_ap_9": 0.9531274811913912,
"std_TS_ap_9": 0.018026100385818967,
"avg_TS_auc_9": 0.7876981444444444,
"std_TS_auc_9": 0.05115288857733916,
"avg_TS_f1_all": 0.9445874125105715,
"std_TS_f1_all": 0.000488584434546689,
"avg_TS_ap_all": 0.9377075414953474,
"std_TS_ap_all": 0.00251124072910107,
"avg_TS_auc_all": 0.7425834922222222,
"std_TS_auc_all": 0.009550589447057957
}