{
"avg_TS_f1_0": 0.9394653517788025,
"std_TS_f1_0": 0.00203721273485624,
"avg_TS_ap_0": 0.965137968629176,
"std_TS_ap_0": 0.002121875863343423,
"avg_TS_auc_0": 0.8000444222222223,
"std_TS_auc_0": 0.011658970749768151,
"avg_TS_f1_1": 0.970020834490805,
"std_TS_f1_1": 0.0034887713456608505,
"avg_TS_ap_1": 0.9834015197904721,
"std_TS_ap_1": 0.0007839998769133557,
"avg_TS_auc_1": 0.9121185222222223,
"std_TS_auc_1": 0.007816929329283519,
"avg_TS_f1_2": 0.9491099653684463,
"std_TS_f1_2": 0.002466152544949158,
"avg_TS_ap_2": 0.9822163742613481,
"std_TS_ap_2": 0.0009039836180484488,
"avg_TS_auc_2": 0.882755011111111,
"std_TS_auc_2": 0.004450059368920134,
"avg_TS_f1_3": 0.9175740749985308,
"std_TS_f1_3": 0.002060270071554164,
"avg_TS_ap_3": 0.9507803630655779,
"std_TS_ap_3": 0.0009449093258516504,
"avg_TS_auc_3": 0.7057736777777778,
"std_TS_auc_3": 0.00898374349832535,
"avg_TS_f1_4": 0.9352207616472519,
"std_TS_f1_4": 0.001897783541426039,
"avg_TS_ap_4": 0.978265036794979,
"std_TS_ap_4": 0.0008809154508702627,
"avg_TS_auc_4": 0.8524872,
"std_TS_auc_4": 0.004798887328547997,
"avg_TS_f1_5": 0.9236324672358341,
"std_TS_f1_5": 0.0030839721411554896,
"avg_TS_ap_5": 0.9631491884637006,
"std_TS_ap_5": 0.0018814429983389747,
"avg_TS_auc_5": 0.7592254,
"std_TS_auc_5": 0.013278626925446157,
"avg_TS_f1_6": 0.9211880055064787,
"std_TS_f1_6": 0.00128936216557379,
"avg_TS_ap_6": 0.958803568259331,
"std_TS_ap_6": 0.0026596498950078136,
"avg_TS_auc_6": 0.7456205333333333,
"std_TS_auc_6": 0.011102692676214634,
"avg_TS_f1_7": 0.9559207301640213,
"std_TS_f1_7": 0.0013591293333089097,
"avg_TS_ap_7": 0.9873694566921166,
"std_TS_ap_7": 0.0006735784985099597,
"avg_TS_auc_7": 0.9106421777777778,
"std_TS_auc_7": 0.0035672217794735497,
"avg_TS_f1_8": 0.9201195473822619,
"std_TS_f1_8": 0.003256125430580366,
"avg_TS_ap_8": 0.9380020940615277,
"std_TS_ap_8": 0.003300470433173786,
"avg_TS_auc_8": 0.6709286777777778,
"std_TS_auc_8": 0.017287499391657055,
"avg_TS_f1_9": 0.9645424745819213,
"std_TS_f1_9": 0.0029378703918503035,
"avg_TS_ap_9": 0.9885135443225759,
"std_TS_ap_9": 0.0015637993121022787,
"avg_TS_auc_9": 0.923593,
"std_TS_auc_9": 0.009536643409748063,
"avg_TS_f1_all": 0.9396794213154355,
"std_TS_f1_all": 0.0006904270663245286,
"avg_TS_ap_all": 0.9695639114340805,
"std_TS_ap_all": 0.0006786305242863728,
"avg_TS_auc_all": 0.8163188622222222,
"std_TS_auc_all": 0.0039418327651111066
}