{
"avg_TS_f1_0": 0.9174,
"std_TS_f1_0": 0.015146461918282271,
"avg_TS_ap_0": 0.9393367413208834,
"std_TS_ap_0": 0.03916358576394824,
"avg_TS_auc_0": 0.6663723222222222,
"std_TS_auc_0": 0.1392233688739798,
"avg_TS_f1_1": 0.986144169737825,
"std_TS_f1_1": 0.005815521608595347,
"avg_TS_ap_1": 0.9951796349870328,
"std_TS_ap_1": 0.0015717013327212483,
"avg_TS_auc_1": 0.9764251333333333,
"std_TS_auc_1": 0.007755968037152626,
"avg_TS_f1_2": 0.9308990734053125,
"std_TS_f1_2": 0.018771525967674566,
"avg_TS_ap_2": 0.970741796200449,
"std_TS_ap_2": 0.01883820796088655,
"avg_TS_auc_2": 0.8012168,
"std_TS_auc_2": 0.10317149891223967,
"avg_TS_f1_3": 0.9141414535375422,
"std_TS_f1_3": 0.00663316835189092,
"avg_TS_ap_3": 0.9231443632999893,
"std_TS_ap_3": 0.019041555285435684,
"avg_TS_auc_3": 0.6174564555555555,
"std_TS_auc_3": 0.062094745542184526,
"avg_TS_f1_4": 0.9193555555555555,
"std_TS_f1_4": 0.005667930142368142,
"avg_TS_ap_4": 0.9344915504425739,
"std_TS_ap_4": 0.04357616463418691,
"avg_TS_auc_4": 0.6863575555555556,
"std_TS_auc_4": 0.12374001738812043,
"avg_TS_f1_5": 0.9392992820588798,
"std_TS_f1_5": 0.01266979252585064,
"avg_TS_ap_5": 0.9856725054786141,
"std_TS_ap_5": 0.004039108469570286,
"avg_TS_auc_5": 0.8887812111111112,
"std_TS_auc_5": 0.030782009388028782,
"avg_TS_f1_6": 0.9102422986462211,
"std_TS_f1_6": 0.0075971297950679735,
"avg_TS_ap_6": 0.9382495781852429,
"std_TS_ap_6": 0.020582227482818988,
"avg_TS_auc_6": 0.6500586555555556,
"std_TS_auc_6": 0.06725002779646401,
"avg_TS_f1_7": 0.946288888888889,
"std_TS_f1_7": 0.0063240087302084596,
"avg_TS_ap_7": 0.9928103248586548,
"std_TS_ap_7": 0.0012597267240307443,
"avg_TS_auc_7": 0.9356908111111111,
"std_TS_auc_7": 0.01129945167999942,
"avg_TS_f1_8": 0.9194444444444445,
"std_TS_f1_8": 0.01578653903852319,
"avg_TS_ap_8": 0.9315227178607364,
"std_TS_ap_8": 0.029453653149070516,
"avg_TS_auc_8": 0.6625248000000001,
"std_TS_auc_8": 0.10715853888044043,
"avg_TS_f1_9": 0.9405777777777777,
"std_TS_f1_9": 0.005977075547353051,
"avg_TS_ap_9": 0.9871771359140222,
"std_TS_ap_9": 0.007980617514444076,
"avg_TS_auc_9": 0.9072631000000001,
"std_TS_auc_9": 0.034502945877063276,
"avg_TS_f1_all": 0.9323792944052448,
"std_TS_f1_all": 0.005432372463601117,
"avg_TS_ap_all": 0.9598326348548198,
"std_TS_ap_all": 0.01252383698255447,
"avg_TS_auc_all": 0.7792146844444444,
"std_TS_auc_all": 0.04451996633350413
}