{
"avg_TS_f1_0": 0.9605760208900493,
"std_TS_f1_0": 0.0014359074938287153,
"avg_TS_ap_0": 0.9850468158894762,
"std_TS_ap_0": 0.004357690737870251,
"avg_TS_auc_0": 0.9059564222222223,
"std_TS_auc_0": 0.014761808114878566,
"avg_TS_f1_1": 0.9876444444444445,
"std_TS_f1_1": 0.0004838120234905827,
"avg_TS_ap_1": 0.9909017940312929,
"std_TS_ap_1": 0.0004264330330800008,
"avg_TS_auc_1": 0.9574358333333333,
"std_TS_auc_1": 0.0015410125118662653,
"avg_TS_f1_2": 0.9554096462149133,
"std_TS_f1_2": 0.0017325089217380771,
"avg_TS_ap_2": 0.9801618780803778,
"std_TS_ap_2": 0.004168937762789777,
"avg_TS_auc_2": 0.9012472444444445,
"std_TS_auc_2": 0.00906871132851852,
"avg_TS_f1_3": 0.9443765246217382,
"std_TS_f1_3": 0.0009956614369861913,
"avg_TS_ap_3": 0.9204301720408875,
"std_TS_ap_3": 0.0021467316783930807,
"avg_TS_auc_3": 0.7483452444444445,
"std_TS_auc_3": 0.0070586903721495085,
"avg_TS_f1_4": 0.9443543110419714,
"std_TS_f1_4": 0.0006548195800464516,
"avg_TS_ap_4": 0.978868574851456,
"std_TS_ap_4": 0.0029537523040543082,
"avg_TS_auc_4": 0.8807948555555555,
"std_TS_auc_4": 0.00837695801232442,
"avg_TS_f1_5": 0.9698444444444444,
"std_TS_f1_5": 0.0009258962958222263,
"avg_TS_ap_5": 0.9971687916916331,
"std_TS_ap_5": 0.00013029366820060717,
"avg_TS_auc_5": 0.9747879555555556,
"std_TS_auc_5": 0.0012230235450930045,
"avg_TS_f1_6": 0.9275094900333969,
"std_TS_f1_6": 0.0012225359838859318,
"avg_TS_ap_6": 0.94400645182704,
"std_TS_ap_6": 0.016306479554041915,
"avg_TS_auc_6": 0.7546227222222223,
"std_TS_auc_6": 0.03397521323573378,
"avg_TS_f1_7": 0.9768108425776741,
"std_TS_f1_7": 0.0010749823946886844,
"avg_TS_ap_7": 0.9981697948901586,
"std_TS_ap_7": 0.00015041840730092352,
"avg_TS_auc_7": 0.9837451666666667,
"std_TS_auc_7": 0.0013236185092482952,
"avg_TS_f1_8": 0.9737333333333333,
"std_TS_f1_8": 0.0018653434463496267,
"avg_TS_ap_8": 0.9753463928867665,
"std_TS_ap_8": 0.003214949522209223,
"avg_TS_auc_8": 0.9044678333333334,
"std_TS_auc_8": 0.00936784731975141,
"avg_TS_f1_9": 0.9813777777777778,
"std_TS_f1_9": 0.0009625070145647729,
"avg_TS_ap_9": 0.9985273403897953,
"std_TS_ap_9": 0.00010594359684325152,
"avg_TS_auc_9": 0.9876871666666667,
"std_TS_auc_9": 0.0010095926357316255,
"avg_TS_f1_all": 0.9621636835379741,
"std_TS_f1_all": 0.0005726396997563285,
"avg_TS_ap_all": 0.9768628006578884,
"std_TS_ap_all": 0.0020886924580834254,
"avg_TS_auc_all": 0.8999090444444444,
"std_TS_auc_all": 0.005621183777144548
}