{
"avg_TS_f1_0": 0.9609102369884747,
"std_TS_f1_0": 0.0008035317070174669,
"avg_TS_ap_0": 0.9906827518716212,
"std_TS_ap_0": 0.0005360223623089961,
"avg_TS_auc_0": 0.9278441333333334,
"std_TS_auc_0": 0.0035684117810326505,
"avg_TS_f1_1": 0.9934666666666667,
"std_TS_f1_1": 0.00045758356182164223,
"avg_TS_ap_1": 0.9988712425139117,
"std_TS_ap_1": 0.00012566167850459366,
"avg_TS_auc_1": 0.9923857222222223,
"std_TS_auc_1": 0.0004950345193101694,
"avg_TS_f1_2": 0.9545989703131657,
"std_TS_f1_2": 0.0009249364026937499,
"avg_TS_ap_2": 0.9931247120976142,
"std_TS_ap_2": 0.00019661718724167389,
"avg_TS_auc_2": 0.9415648555555556,
"std_TS_auc_2": 0.0014362710397088712,
"avg_TS_f1_3": 0.9506211283342901,
"std_TS_f1_3": 0.00044876497907435055,
"avg_TS_ap_3": 0.9884002933351022,
"std_TS_ap_3": 0.0008039909092885032,
"avg_TS_auc_3": 0.9085003333333332,
"std_TS_auc_3": 0.0052906427074623456,
"avg_TS_f1_4": 0.945588289472872,
"std_TS_f1_4": 0.0007771012975755058,
"avg_TS_ap_4": 0.9910158480989182,
"std_TS_ap_4": 0.00014018149748287756,
"avg_TS_auc_4": 0.9231417222222221,
"std_TS_auc_4": 0.0011066174877515773,
"avg_TS_f1_5": 0.966311111111111,
"std_TS_f1_5": 0.0017432763251071385,
"avg_TS_ap_5": 0.9963572602149636,
"std_TS_ap_5": 0.00023709730545510332,
"avg_TS_auc_5": 0.9676872555555557,
"std_TS_auc_5": 0.0021417823377323313,
"avg_TS_f1_6": 0.9282737830215433,
"std_TS_f1_6": 0.0006705562133568888,
"avg_TS_ap_6": 0.9812367459693572,
"std_TS_ap_6": 0.00011628350578098206,
"avg_TS_auc_6": 0.847846488888889,
"std_TS_auc_6": 0.0010391332008629585,
"avg_TS_f1_7": 0.9781886462828181,
"std_TS_f1_7": 0.0007111188580459097,
"avg_TS_ap_7": 0.9985390699762835,
"std_TS_ap_7": 7.270510317407779e-05,
"avg_TS_auc_7": 0.9867776222222222,
"std_TS_auc_7": 0.0006630430226437484,
"avg_TS_f1_8": 0.9846998265335728,
"std_TS_f1_8": 0.0008746692669993393,
"avg_TS_ap_8": 0.9969783085837332,
"std_TS_ap_8": 0.000240169865268178,
"avg_TS_auc_8": 0.9787103777777777,
"std_TS_auc_8": 0.0014084707469231414,
"avg_TS_f1_9": 0.9808444444444444,
"std_TS_f1_9": 0.000598764159346999,
"avg_TS_ap_9": 0.9986726902617447,
"std_TS_ap_9": 6.0787073634749854e-05,
"avg_TS_auc_9": 0.9882505777777777,
"std_TS_auc_9": 0.0005263002295315652,
"avg_TS_f1_all": 0.9643503103168959,
"std_TS_f1_all": 0.0002526205237454761,
"avg_TS_ap_all": 0.9933878922923249,
"std_TS_ap_all": 0.00010402939807997345,
"avg_TS_auc_all": 0.9462709088888888,
"std_TS_auc_all": 0.0005586357192501987
}