{
"avg_TS_f1_0": 0.9330770573673846,
"std_TS_f1_0": 0.0033564317863978457,
"avg_TS_ap_0": 0.9702856663034248,
"std_TS_ap_0": 0.004084077762186096,
"avg_TS_auc_0": 0.8121853222222223,
"std_TS_auc_0": 0.015674368789283667,
"avg_TS_f1_1": 0.9750666666666667,
"std_TS_f1_1": 0.009030428670628447,
"avg_TS_ap_1": 0.9899168445103197,
"std_TS_ap_1": 0.0013552538036423697,
"avg_TS_auc_1": 0.9410072333333332,
"std_TS_auc_1": 0.011196100820132334,
"avg_TS_f1_2": 0.9313881413164928,
"std_TS_f1_2": 0.010953345903734014,
"avg_TS_ap_2": 0.9763860151940061,
"std_TS_ap_2": 0.0025883291397899993,
"avg_TS_auc_2": 0.8262493555555555,
"std_TS_auc_2": 0.020710470514342084,
"avg_TS_f1_3": 0.9171880079757517,
"std_TS_f1_3": 0.004705730702167247,
"avg_TS_ap_3": 0.9617471474622772,
"std_TS_ap_3": 0.006524295699006238,
"avg_TS_auc_3": 0.7455198777777778,
"std_TS_auc_3": 0.03047567627553347,
"avg_TS_f1_4": 0.9317555555555556,
"std_TS_f1_4": 0.002701074317588417,
"avg_TS_ap_4": 0.9783918624763202,
"std_TS_ap_4": 0.0031312471300423217,
"avg_TS_auc_4": 0.8477124555555555,
"std_TS_auc_4": 0.017592850250634035,
"avg_TS_f1_5": 0.9148666666666667,
"std_TS_f1_5": 0.007329763440846189,
"avg_TS_ap_5": 0.9605740190573787,
"std_TS_ap_5": 0.012834423828145506,
"avg_TS_auc_5": 0.7360507000000001,
"std_TS_auc_5": 0.07223155806232219,
"avg_TS_f1_6": 0.9076666666666666,
"std_TS_f1_6": 0.002673140290434753,
"avg_TS_ap_6": 0.9453561625022757,
"std_TS_ap_6": 0.011808871911693901,
"avg_TS_auc_6": 0.6538081333333333,
"std_TS_auc_6": 0.04831487426374746,
"avg_TS_f1_7": 0.9437438191010612,
"std_TS_f1_7": 0.009298189375010207,
"avg_TS_ap_7": 0.9886344970619356,
"std_TS_ap_7": 0.003147897427757283,
"avg_TS_auc_7": 0.9085321555555556,
"std_TS_auc_7": 0.024088494390665724,
"avg_TS_f1_8": 0.9277777777777777,
"std_TS_f1_8": 0.008240819808193339,
"avg_TS_ap_8": 0.9586620634822065,
"std_TS_ap_8": 0.014945630783824626,
"avg_TS_auc_8": 0.7529299444444444,
"std_TS_auc_8": 0.06338330226789005,
"avg_TS_f1_9": 0.9594222222222223,
"std_TS_f1_9": 0.011937987919057196,
"avg_TS_ap_9": 0.9909599128274132,
"std_TS_ap_9": 0.004057446757855186,
"avg_TS_auc_9": 0.9306576666666666,
"std_TS_auc_9": 0.029657296500852973,
"avg_TS_f1_all": 0.9341952581316246,
"std_TS_f1_all": 0.003958977828796361,
"avg_TS_ap_all": 0.9720914190877558,
"std_TS_ap_all": 0.002955511940249333,
"avg_TS_auc_all": 0.8154652844444445,
"std_TS_auc_all": 0.016599508049855053
}