{
"avg_TS_f1_0": 0.9617547024217394,
"std_TS_f1_0": 0.00018856350286167745,
"avg_TS_ap_0": 0.9899295102926329,
"std_TS_ap_0": 0.0004736820498977674,
"avg_TS_auc_0": 0.9241913444444444,
"std_TS_auc_0": 0.0031203253190636602,
"avg_TS_f1_1": 0.9912444444444445,
"std_TS_f1_1": 0.0002154524381073748,
"avg_TS_ap_1": 0.9969550121497643,
"std_TS_ap_1": 0.0004976561792868707,
"avg_TS_auc_1": 0.9825868333333332,
"std_TS_auc_1": 0.002074192007493689,
"avg_TS_f1_2": 0.9552318622639528,
"std_TS_f1_2": 0.0009825074008035382,
"avg_TS_ap_2": 0.9919192342213604,
"std_TS_ap_2": 0.0004951587063216934,
"avg_TS_auc_2": 0.9356267333333333,
"std_TS_auc_2": 0.0031561974850587275,
"avg_TS_f1_3": 0.9484222222222222,
"std_TS_f1_3": 0.0008177053107988575,
"avg_TS_ap_3": 0.9839409815329946,
"std_TS_ap_3": 0.0015807243652511628,
"avg_TS_auc_3": 0.8831385333333334,
"std_TS_auc_3": 0.008881957152634469,
"avg_TS_f1_4": 0.9443987578866787,
"std_TS_f1_4": 0.0006876209728394004,
"avg_TS_ap_4": 0.9895784428798121,
"std_TS_ap_4": 0.0002764440345666342,
"avg_TS_auc_4": 0.9142359444444443,
"std_TS_auc_4": 0.0015040916806999174,
"avg_TS_f1_5": 0.9688666666666667,
"std_TS_f1_5": 0.0012300757780531694,
"avg_TS_ap_5": 0.9969415376308508,
"std_TS_ap_5": 0.000187012320016954,
"avg_TS_auc_5": 0.9728798555555555,
"std_TS_auc_5": 0.0017402239197482797,
"avg_TS_f1_6": 0.9273420202356922,
"std_TS_f1_6": 0.0008056274069644761,
"avg_TS_ap_6": 0.9783711226691203,
"std_TS_ap_6": 0.0008841845357318954,
"avg_TS_auc_6": 0.8306629444444443,
"std_TS_auc_6": 0.0045398033568117,
"avg_TS_f1_7": 0.9773106098486952,
"std_TS_f1_7": 0.0006763288811589376,
"avg_TS_ap_7": 0.9983615124286983,
"std_TS_ap_7": 7.760504882547666e-05,
"avg_TS_auc_7": 0.9853052111111111,
"std_TS_auc_7": 0.0007003263713581869,
"avg_TS_f1_8": 0.9823664882616935,
"std_TS_f1_8": 0.001535242008514239,
"avg_TS_ap_8": 0.9950307492179238,
"std_TS_ap_8": 0.0005394415687886276,
"avg_TS_auc_8": 0.9672483555555556,
"std_TS_auc_8": 0.0029958702712604055,
"avg_TS_f1_9": 0.9809886771487305,
"std_TS_f1_9": 0.0008228341495830165,
"avg_TS_ap_9": 0.9986454143790496,
"std_TS_ap_9": 0.00011533506422939991,
"avg_TS_auc_9": 0.988236088888889,
"std_TS_auc_9": 0.0010514270411983633,
"avg_TS_f1_all": 0.9637926451400517,
"std_TS_f1_all": 0.0002101247952610517,
"avg_TS_ap_all": 0.9919673517402208,
"std_TS_ap_all": 0.00023890753303869278,
"avg_TS_auc_all": 0.9384111844444444,
"std_TS_auc_all": 0.001321536322101879
}