{
"avg_TS_f1_0": 0.9470433110481448,
"std_TS_f1_0": 0.007528072929039258,
"avg_TS_ap_0": 0.9809295332225512,
"std_TS_ap_0": 0.0031826300015624677,
"avg_TS_auc_0": 0.8677851777777779,
"std_TS_auc_0": 0.02366503096586417,
"avg_TS_f1_1": 0.9866331425819954,
"std_TS_f1_1": 0.002247295873845324,
"avg_TS_ap_1": 0.9911223721750257,
"std_TS_ap_1": 0.0006709371321320256,
"avg_TS_auc_1": 0.9612254222222223,
"std_TS_auc_1": 0.0033376442793247017,
"avg_TS_f1_2": 0.9499661944182085,
"std_TS_f1_2": 0.003943401646569593,
"avg_TS_ap_2": 0.9875478351014084,
"std_TS_ap_2": 0.00141981501312041,
"avg_TS_auc_2": 0.9073778555555556,
"std_TS_auc_2": 0.008294130887025521,
"avg_TS_f1_3": 0.9387333333333334,
"std_TS_f1_3": 0.006261621294406708,
"avg_TS_ap_3": 0.9745273461809838,
"std_TS_ap_3": 0.004396958904175913,
"avg_TS_auc_3": 0.8276034555555556,
"std_TS_auc_3": 0.027887462720050788,
"avg_TS_f1_4": 0.9357438055200598,
"std_TS_f1_4": 0.005103933236891249,
"avg_TS_ap_4": 0.984555287261462,
"std_TS_ap_4": 0.002600479422598892,
"avg_TS_auc_4": 0.8827493000000001,
"std_TS_auc_4": 0.017881426393396824,
"avg_TS_f1_5": 0.9553111111111111,
"std_TS_f1_5": 0.007231412955524847,
"avg_TS_ap_5": 0.9906872967122304,
"std_TS_ap_5": 0.0022880898600277037,
"avg_TS_auc_5": 0.9281173888888888,
"std_TS_auc_5": 0.01867237170154054,
"avg_TS_f1_6": 0.9212991413103196,
"std_TS_f1_6": 0.0024669729459460437,
"avg_TS_ap_6": 0.9685046458821274,
"std_TS_ap_6": 0.003241050114486043,
"avg_TS_auc_6": 0.7810198333333334,
"std_TS_auc_6": 0.017473491076979566,
"avg_TS_f1_7": 0.9738330438110759,
"std_TS_f1_7": 0.0025366323932031983,
"avg_TS_ap_7": 0.99695230330617,
"std_TS_ap_7": 0.00022133319835078316,
"avg_TS_auc_7": 0.9757509333333333,
"std_TS_auc_7": 0.0025412888502189005,
"avg_TS_f1_8": 0.9478106030581946,
"std_TS_f1_8": 0.005607785425214164,
"avg_TS_ap_8": 0.9766366054953384,
"std_TS_ap_8": 0.0028093565199856355,
"avg_TS_auc_8": 0.8557995333333335,
"std_TS_auc_8": 0.018136623184125695,
"avg_TS_f1_9": 0.9772222222222222,
"std_TS_f1_9": 0.005132804205533816,
"avg_TS_ap_9": 0.9969781286169983,
"std_TS_ap_9": 0.0008503839743711263,
"avg_TS_auc_9": 0.9764895888888889,
"std_TS_auc_9": 0.00688175594387877,
"avg_TS_f1_all": 0.9533595908414665,
"std_TS_f1_all": 0.0014940612115045076,
"avg_TS_ap_all": 0.9848441353954295,
"std_TS_ap_all": 0.0009607632424248482,
"avg_TS_auc_all": 0.8963918488888888,
"std_TS_auc_all": 0.006810036229003409
}