{
"avg_TS_f1_0": 0.9593777777777778,
"std_TS_f1_0": 0.0013528205560199471,
"avg_TS_ap_0": 0.9476691423036234,
"std_TS_ap_0": 0.0030735906706247512,
"avg_TS_auc_0": 0.7920009555555555,
"std_TS_auc_0": 0.007542131350153142,
"avg_TS_f1_1": 0.9646222222222223,
"std_TS_f1_1": 0.0015533317437601,
"avg_TS_ap_1": 0.9576012182252732,
"std_TS_ap_1": 0.00776675943053939,
"avg_TS_auc_1": 0.8323112333333332,
"std_TS_auc_1": 0.01928572517735707,
"avg_TS_f1_2": 0.9558666666666668,
"std_TS_f1_2": 0.0014218749576041297,
"avg_TS_ap_2": 0.9397180875090599,
"std_TS_ap_2": 0.006636693702834341,
"avg_TS_auc_2": 0.7730376555555555,
"std_TS_auc_2": 0.019407686206707506,
"avg_TS_f1_3": 0.9349318801661821,
"std_TS_f1_3": 0.0010436255070853068,
"avg_TS_ap_3": 0.9458392320069633,
"std_TS_ap_3": 0.003298576741597057,
"avg_TS_auc_3": 0.7076925333333334,
"std_TS_auc_3": 0.006738082845318116,
"avg_TS_f1_4": 0.9424980819922094,
"std_TS_f1_4": 0.001183836210911782,
"avg_TS_ap_4": 0.9506376330517272,
"std_TS_ap_4": 0.005776765880455486,
"avg_TS_auc_4": 0.7767212222222223,
"std_TS_auc_4": 0.008499325249616305,
"avg_TS_f1_5": 0.9536104561364519,
"std_TS_f1_5": 0.01056463490073375,
"avg_TS_ap_5": 0.9605603380416122,
"std_TS_ap_5": 0.017584230410013002,
"avg_TS_auc_5": 0.8176014,
"std_TS_auc_5": 0.059033302314371705,
"avg_TS_f1_6": 0.9277777777777778,
"std_TS_f1_6": 0.0005211573066470298,
"avg_TS_ap_6": 0.9341849447964128,
"std_TS_ap_6": 0.0034906013960289534,
"avg_TS_auc_6": 0.7069918,
"std_TS_auc_6": 0.007757416829153518,
"avg_TS_f1_7": 0.9555555555555555,
"std_TS_f1_7": 0.0035044944687474735,
"avg_TS_ap_7": 0.9734102174841265,
"std_TS_ap_7": 0.006173596506167647,
"avg_TS_auc_7": 0.8512830000000001,
"std_TS_auc_7": 0.02400610255498064,
"avg_TS_f1_8": 0.9544222222222223,
"std_TS_f1_8": 0.014199356619053631,
"avg_TS_ap_8": 0.926609167821365,
"std_TS_ap_8": 0.06221081453266474,
"avg_TS_auc_8": 0.7351396,
"std_TS_auc_8": 0.162841396169441,
"avg_TS_f1_9": 0.9641555555555555,
"std_TS_f1_9": 0.005330832747121029,
"avg_TS_ap_9": 0.9691387302300413,
"std_TS_ap_9": 0.009112392355855571,
"avg_TS_auc_9": 0.8586523111111111,
"std_TS_auc_9": 0.037523879301720936,
"avg_TS_f1_all": 0.9512818196072622,
"std_TS_f1_all": 0.0008136312903389955,
"avg_TS_ap_all": 0.9505368711470205,
"std_TS_ap_all": 0.003909422537776374,
"avg_TS_auc_all": 0.7851431711111111,
"std_TS_auc_all": 0.011188591102160715
}