{
"avg_TS_f1_0": 0.9447777777777778,
"std_TS_f1_0": 0.01075610650563178,
"avg_TS_ap_0": 0.9801355228650739,
"std_TS_ap_0": 0.003465487335315763,
"avg_TS_auc_0": 0.8612483666666668,
"std_TS_auc_0": 0.028072659111858623,
"avg_TS_f1_1": 0.9872553882623109,
"std_TS_f1_1": 0.0014990640852170882,
"avg_TS_ap_1": 0.9911765131391773,
"std_TS_ap_1": 0.0008596572611591598,
"avg_TS_auc_1": 0.9620096888888888,
"std_TS_auc_1": 0.0024301895416095048,
"avg_TS_f1_2": 0.9487767209289405,
"std_TS_f1_2": 0.004376040804982527,
"avg_TS_ap_2": 0.9874136748178939,
"std_TS_ap_2": 0.001254179651139178,
"avg_TS_auc_2": 0.905640911111111,
"std_TS_auc_2": 0.00535819719112808,
"avg_TS_f1_3": 0.9376104981140928,
"std_TS_f1_3": 0.011464428568852757,
"avg_TS_ap_3": 0.973243601621167,
"std_TS_ap_3": 0.006075482591440151,
"avg_TS_auc_3": 0.8214924222222221,
"std_TS_auc_3": 0.0439261632366699,
"avg_TS_f1_4": 0.9356,
"std_TS_f1_4": 0.004887676617376554,
"avg_TS_ap_4": 0.9837314843879756,
"std_TS_ap_4": 0.0021301865952668727,
"avg_TS_auc_4": 0.8799448111111111,
"std_TS_auc_4": 0.01522050720195264,
"avg_TS_f1_5": 0.9547651041825997,
"std_TS_f1_5": 0.006093038681747852,
"avg_TS_ap_5": 0.9899870782797556,
"std_TS_ap_5": 0.0028431471008100225,
"avg_TS_auc_5": 0.9237182777777777,
"std_TS_auc_5": 0.021101698267593103,
"avg_TS_f1_6": 0.9218,
"std_TS_f1_6": 0.003872282001770345,
"avg_TS_ap_6": 0.9680342850030875,
"std_TS_ap_6": 0.0034424223789301465,
"avg_TS_auc_6": 0.7793767777777777,
"std_TS_auc_6": 0.019786564072217058,
"avg_TS_f1_7": 0.9710666666666666,
"std_TS_f1_7": 0.005334074022640875,
"avg_TS_ap_7": 0.9964345447563548,
"std_TS_ap_7": 0.0008744724230245514,
"avg_TS_auc_7": 0.9710389111111113,
"std_TS_auc_7": 0.007989360026255892,
"avg_TS_f1_8": 0.9476106623207462,
"std_TS_f1_8": 0.009496541031622441,
"avg_TS_ap_8": 0.9757246306866361,
"std_TS_ap_8": 0.003944062363738292,
"avg_TS_auc_8": 0.8499280666666668,
"std_TS_auc_8": 0.029513206239789393,
"avg_TS_f1_9": 0.9762222222222222,
"std_TS_f1_9": 0.005464588584245076,
"avg_TS_ap_9": 0.9966957226356955,
"std_TS_ap_9": 0.0008616619315642414,
"avg_TS_auc_9": 0.9742573111111111,
"std_TS_auc_9": 0.0068901684035396595,
"avg_TS_f1_all": 0.9525485040475357,
"std_TS_f1_all": 0.0017481247775604097,
"avg_TS_ap_all": 0.9842577058192818,
"std_TS_ap_all": 0.001122203126629126,
"avg_TS_auc_all": 0.8928655544444444,
"std_TS_auc_all": 0.007435188011713223
}