{
"avg_TS_f1_0": 0.9501532664766629,
"std_TS_f1_0": 0.0027473306469838156,
"avg_TS_ap_0": 0.9812706417775724,
"std_TS_ap_0": 0.0007385278128608919,
"avg_TS_auc_0": 0.8753254555555555,
"std_TS_auc_0": 0.005513284182726853,
"avg_TS_f1_1": 0.9859333333333333,
"std_TS_f1_1": 0.0016489427963634797,
"avg_TS_ap_1": 0.9936089943550794,
"std_TS_ap_1": 0.00040446513479819215,
"avg_TS_auc_1": 0.9664779888888887,
"std_TS_auc_1": 0.0016768080900521041,
"avg_TS_f1_2": 0.9523989357433438,
"std_TS_f1_2": 0.0008133913521798499,
"avg_TS_ap_2": 0.9887309889697231,
"std_TS_ap_2": 0.0005181521730860129,
"avg_TS_auc_2": 0.9182718111111111,
"std_TS_auc_2": 0.0024500920737549133,
"avg_TS_f1_3": 0.9353630707084462,
"std_TS_f1_3": 0.0030237609730860834,
"avg_TS_ap_3": 0.9706387107146071,
"std_TS_ap_3": 0.0022392812681839625,
"avg_TS_auc_3": 0.8102784444444444,
"std_TS_auc_3": 0.013902259601398988,
"avg_TS_f1_4": 0.9397632978847164,
"std_TS_f1_4": 0.001013308902472608,
"avg_TS_ap_4": 0.9851906978190363,
"std_TS_ap_4": 0.0012251580399688176,
"avg_TS_auc_4": 0.8909403000000001,
"std_TS_auc_4": 0.0053603928848315625,
"avg_TS_f1_5": 0.9494093610138835,
"std_TS_f1_5": 0.002557020289548883,
"avg_TS_ap_5": 0.9875850120535461,
"std_TS_ap_5": 0.001125988254255447,
"avg_TS_auc_5": 0.9064676444444444,
"std_TS_auc_5": 0.008230556442764448,
"avg_TS_f1_6": 0.925774447868218,
"std_TS_f1_6": 0.002090258160433089,
"avg_TS_ap_6": 0.971189540290259,
"std_TS_ap_6": 0.0018048457275474112,
"avg_TS_auc_6": 0.8003756666666668,
"std_TS_auc_6": 0.008643424122803807,
"avg_TS_f1_7": 0.9735219598619675,
"std_TS_f1_7": 0.001775130606217831,
"avg_TS_ap_7": 0.9968729488908619,
"std_TS_ap_7": 0.0003378203695770174,
"avg_TS_auc_7": 0.9755849333333334,
"std_TS_auc_7": 0.0027680463118315876,
"avg_TS_f1_8": 0.9444653863486243,
"std_TS_f1_8": 0.002518334088152424,
"avg_TS_ap_8": 0.9720735032446498,
"std_TS_ap_8": 0.002467621560438115,
"avg_TS_auc_8": 0.8367948000000001,
"std_TS_auc_8": 0.01249390492800889,
"avg_TS_f1_9": 0.9777555555555555,
"std_TS_f1_9": 0.0017713773674115142,
"avg_TS_ap_9": 0.9964987147232846,
"std_TS_ap_9": 0.0004033201476763109,
"avg_TS_auc_9": 0.973513988888889,
"std_TS_auc_9": 0.002896584277351913,
"avg_TS_f1_all": 0.9534538614794752,
"std_TS_f1_all": 0.0008587867227624726,
"avg_TS_ap_all": 0.984365975283862,
"std_TS_ap_all": 0.000826182869187724,
"avg_TS_auc_all": 0.8954031033333333,
"std_TS_auc_all": 0.0040415979281310955
}