{
"avg_TS_f1_0": 0.9333081418103475,
"std_TS_f1_0": 0.0006267625760502158,
"avg_TS_ap_0": 0.9590273099747308,
"std_TS_ap_0": 0.0015543364251029734,
"avg_TS_auc_0": 0.7682403888888889,
"std_TS_auc_0": 0.006895871947838609,
"avg_TS_f1_1": 0.964709550530585,
"std_TS_f1_1": 0.0008720687493074195,
"avg_TS_ap_1": 0.9821809800127903,
"std_TS_ap_1": 0.0003043823726520724,
"avg_TS_auc_1": 0.9021071111111112,
"std_TS_auc_1": 0.001928687792896814,
"avg_TS_f1_2": 0.942430147281974,
"std_TS_f1_2": 0.0013279346520475854,
"avg_TS_ap_2": 0.9758078368595436,
"std_TS_ap_2": 0.0008845615183487162,
"avg_TS_auc_2": 0.8460987777777778,
"std_TS_auc_2": 0.0048402919709659336,
"avg_TS_f1_3": 0.913761875659759,
"std_TS_f1_3": 0.0010648723640834417,
"avg_TS_ap_3": 0.9482429946595972,
"std_TS_ap_3": 0.001249035682426369,
"avg_TS_auc_3": 0.685374188888889,
"std_TS_auc_3": 0.006214022077110374,
"avg_TS_f1_4": 0.9302191343963553,
"std_TS_f1_4": 0.0008333351962522543,
"avg_TS_ap_4": 0.9730042753547762,
"std_TS_ap_4": 0.0010585540363786921,
"avg_TS_auc_4": 0.8256553222222222,
"std_TS_auc_4": 0.004252547687425398,
"avg_TS_f1_5": 0.9070928049298784,
"std_TS_f1_5": 0.0023357916620597857,
"avg_TS_ap_5": 0.9469508766661597,
"std_TS_ap_5": 0.0028846734091520234,
"avg_TS_auc_5": 0.6602186999999999,
"std_TS_auc_5": 0.015847678090885928,
"avg_TS_f1_6": 0.9194355172332459,
"std_TS_f1_6": 0.0008762691748182622,
"avg_TS_ap_6": 0.9519317965554315,
"std_TS_ap_6": 0.0005132884992065166,
"avg_TS_auc_6": 0.7164760444444445,
"std_TS_auc_6": 0.0034821609121029468,
"avg_TS_f1_7": 0.9462736163047321,
"std_TS_f1_7": 0.0010083965973791118,
"avg_TS_ap_7": 0.9841476594174964,
"std_TS_ap_7": 0.0005175415645561796,
"avg_TS_auc_7": 0.8872434111111112,
"std_TS_auc_7": 0.003713128036182708,
"avg_TS_f1_8": 0.9093817665402643,
"std_TS_f1_8": 0.0019750419278377726,
"avg_TS_ap_8": 0.9210017622562093,
"std_TS_ap_8": 0.0022999294050406616,
"avg_TS_auc_8": 0.5998728333333334,
"std_TS_auc_8": 0.011311355384450316,
"avg_TS_f1_9": 0.9527639868271077,
"std_TS_f1_9": 0.0018039374956611042,
"avg_TS_ap_9": 0.981593580870139,
"std_TS_ap_9": 0.0007631628487542144,
"avg_TS_auc_9": 0.8856983444444444,
"std_TS_auc_9": 0.00432096164271082,
"avg_TS_f1_all": 0.9319376541514248,
"std_TS_f1_all": 0.00040061087369814186,
"avg_TS_ap_all": 0.9623889072626876,
"std_TS_ap_all": 0.000585420741450434,
"avg_TS_auc_all": 0.7776985122222222,
"std_TS_auc_all": 0.0026590399724787076
}