{
"avg_TS_f1_0": 0.949653878301881,
"std_TS_f1_0": 0.0005658341067705825,
"avg_TS_ap_0": 0.9849024141812025,
"std_TS_ap_0": 0.00013786424271679514,
"avg_TS_auc_0": 0.8891765555555555,
"std_TS_auc_0": 0.00153846971948678,
"avg_TS_f1_1": 0.9925333333333333,
"std_TS_f1_1": 0.00025724082006200035,
"avg_TS_ap_1": 0.9965156320813746,
"std_TS_ap_1": 0.0003927998487578505,
"avg_TS_auc_1": 0.9828729555555554,
"std_TS_auc_1": 0.0012972480484700266,
"avg_TS_f1_2": 0.9543207141137471,
"std_TS_f1_2": 0.0010014570140774108,
"avg_TS_ap_2": 0.991360055268523,
"std_TS_ap_2": 0.0004786471622443986,
"avg_TS_auc_2": 0.9315129222222224,
"std_TS_auc_2": 0.0025955840582054155,
"avg_TS_f1_3": 0.9279047436494121,
"std_TS_f1_3": 0.0008620067555302446,
"avg_TS_ap_3": 0.9730135685015112,
"std_TS_ap_3": 0.0007581910002739981,
"avg_TS_auc_3": 0.7976614333333333,
"std_TS_auc_3": 0.005009169883102141,
"avg_TS_f1_4": 0.9410862429885253,
"std_TS_f1_4": 0.0009397393330604539,
"avg_TS_ap_4": 0.988652754217059,
"std_TS_ap_4": 0.0004370075651736254,
"avg_TS_auc_4": 0.9066017222222224,
"std_TS_auc_4": 0.003101839735852511,
"avg_TS_f1_5": 0.9556869751495052,
"std_TS_f1_5": 0.0022626655917542668,
"avg_TS_ap_5": 0.9944929708303505,
"std_TS_ap_5": 0.0006343904223303005,
"avg_TS_auc_5": 0.9509520777777777,
"std_TS_auc_5": 0.005605050900816241,
"avg_TS_f1_6": 0.925984776932052,
"std_TS_f1_6": 0.0009803542419073487,
"avg_TS_ap_6": 0.978115378981486,
"std_TS_ap_6": 0.00033836803813208107,
"avg_TS_auc_6": 0.8286388555555556,
"std_TS_auc_6": 0.002000971584869912,
"avg_TS_f1_7": 0.9749327592273644,
"std_TS_f1_7": 0.0009442208154999378,
"avg_TS_ap_7": 0.9981966548864811,
"std_TS_ap_7": 0.00012437743625619532,
"avg_TS_auc_7": 0.9836834222222223,
"std_TS_auc_7": 0.001127572315493211,
"avg_TS_f1_8": 0.9406980140872024,
"std_TS_f1_8": 0.0015160024453409198,
"avg_TS_ap_8": 0.977604474247524,
"std_TS_ap_8": 0.0036210686565180485,
"avg_TS_auc_8": 0.8540807666666668,
"std_TS_auc_8": 0.018297001582543652,
"avg_TS_f1_9": 0.9803442265311035,
"std_TS_f1_9": 0.00042800782284131575,
"avg_TS_ap_9": 0.9985096790103338,
"std_TS_ap_9": 8.912500602560962e-05,
"avg_TS_auc_9": 0.9871685222222222,
"std_TS_auc_9": 0.0005374325781429203,
"avg_TS_f1_all": 0.9543145664314127,
"std_TS_f1_all": 0.00042093469541044156,
"avg_TS_ap_all": 0.9881363582205844,
"std_TS_ap_all": 0.00043053770359389185,
"avg_TS_auc_all": 0.9112349233333333,
"std_TS_auc_all": 0.0022989559530506203
}