{
"avg_TS_f1_0": 0.9568879727886118,
"std_TS_f1_0": 0.0016741339215049736,
"avg_TS_ap_0": 0.9879274375043394,
"std_TS_ap_0": 0.0011877716235827564,
"avg_TS_auc_0": 0.9110940555555554,
"std_TS_auc_0": 0.0077890517866148505,
"avg_TS_f1_1": 0.9899111111111111,
"std_TS_f1_1": 0.0011426631228606478,
"avg_TS_ap_1": 0.9954483063123793,
"std_TS_ap_1": 0.0008370009055519095,
"avg_TS_auc_1": 0.9759030555555555,
"std_TS_auc_1": 0.0024771091135623448,
"avg_TS_f1_2": 0.952911111111111,
"std_TS_f1_2": 0.003132781669324313,
"avg_TS_ap_2": 0.9912176476165182,
"std_TS_ap_2": 0.0009557023139218248,
"avg_TS_auc_2": 0.9285134666666668,
"std_TS_auc_2": 0.007107483734264861,
"avg_TS_f1_3": 0.9418222222222223,
"std_TS_f1_3": 0.005453552472279129,
"avg_TS_ap_3": 0.9814032827762791,
"std_TS_ap_3": 0.003248262107678147,
"avg_TS_auc_3": 0.8622055222222222,
"std_TS_auc_3": 0.022141533967781395,
"avg_TS_f1_4": 0.9366222222222224,
"std_TS_f1_4": 0.0036835302444432993,
"avg_TS_ap_4": 0.9879042701070588,
"std_TS_ap_4": 0.001491742720623171,
"avg_TS_auc_4": 0.8991155666666668,
"std_TS_auc_4": 0.010557915541466546,
"avg_TS_f1_5": 0.9632222222222222,
"std_TS_f1_5": 0.00599382398189387,
"avg_TS_ap_5": 0.9956611800043914,
"std_TS_ap_5": 0.0011712262299834995,
"avg_TS_auc_5": 0.9625375333333333,
"std_TS_auc_5": 0.010003036322901386,
"avg_TS_f1_6": 0.9266547400781524,
"std_TS_f1_6": 0.0013754733726051116,
"avg_TS_ap_6": 0.9782826221750751,
"std_TS_ap_6": 0.0013075067293883955,
"avg_TS_auc_6": 0.8285056222222222,
"std_TS_auc_6": 0.009159840603322216,
"avg_TS_f1_7": 0.9709777777777777,
"std_TS_f1_7": 0.0009645570850760361,
"avg_TS_ap_7": 0.9974202822414341,
"std_TS_ap_7": 0.00012405656088680984,
"avg_TS_auc_7": 0.9770413777777778,
"std_TS_auc_7": 0.0009399452731639385,
"avg_TS_f1_8": 0.9733777777777778,
"std_TS_f1_8": 0.004771623943871586,
"avg_TS_ap_8": 0.9931507897018758,
"std_TS_ap_8": 0.0015940372300902133,
"avg_TS_auc_8": 0.9522048444444444,
"std_TS_auc_8": 0.012584745573015328,
"avg_TS_f1_9": 0.9769663907254106,
"std_TS_f1_9": 0.0024022635651205606,
"avg_TS_ap_9": 0.9979591000396045,
"std_TS_ap_9": 0.00023973124451231187,
"avg_TS_auc_9": 0.9826516111111111,
"std_TS_auc_9": 0.002007562395752527,
"avg_TS_f1_all": 0.9589353548036621,
"std_TS_f1_all": 0.0004927210541270785,
"avg_TS_ap_all": 0.9906374918478955,
"std_TS_ap_all": 0.0003029759088910308,
"avg_TS_auc_all": 0.9279772655555556,
"std_TS_auc_all": 0.001884831926889519
}