{
"avg_TS_f1_0": 0.9501660968819255,
"std_TS_f1_0": 0.0008471698331163226,
"avg_TS_ap_0": 0.9796356838548718,
"std_TS_ap_0": 0.001197718607424413,
"avg_TS_auc_0": 0.8695646222222223,
"std_TS_auc_0": 0.004361065006465444,
"avg_TS_f1_1": 0.9844553833237649,
"std_TS_f1_1": 0.0007539097233031511,
"avg_TS_ap_1": 0.9916067672640588,
"std_TS_ap_1": 0.0008721590654670594,
"avg_TS_auc_1": 0.9588224999999999,
"std_TS_auc_1": 0.0030317877981624426,
"avg_TS_f1_2": 0.9520994524387157,
"std_TS_f1_2": 0.0019719086223958576,
"avg_TS_ap_2": 0.988737644304684,
"std_TS_ap_2": 0.0009705019932317089,
"avg_TS_auc_2": 0.9160633222222222,
"std_TS_auc_2": 0.005111109745941839,
"avg_TS_f1_3": 0.9296103215610744,
"std_TS_f1_3": 0.0030345448809247877,
"avg_TS_ap_3": 0.9673413599018726,
"std_TS_ap_3": 0.0013867121909521376,
"avg_TS_auc_3": 0.7874199666666666,
"std_TS_auc_3": 0.011038951866934323,
"avg_TS_f1_4": 0.9388104474939964,
"std_TS_f1_4": 0.0011536440774870416,
"avg_TS_ap_4": 0.9849644043969186,
"std_TS_ap_4": 0.000825588954504678,
"avg_TS_auc_4": 0.8861250777777776,
"std_TS_auc_4": 0.004799799474283586,
"avg_TS_f1_5": 0.9521883944169739,
"std_TS_f1_5": 0.003762542554590649,
"avg_TS_ap_5": 0.988117394533664,
"std_TS_ap_5": 0.0018192855874068306,
"avg_TS_auc_5": 0.9094937111111111,
"std_TS_auc_5": 0.013832963027323843,
"avg_TS_f1_6": 0.9242188627763271,
"std_TS_f1_6": 0.0004429812399491779,
"avg_TS_ap_6": 0.9711106218391923,
"std_TS_ap_6": 0.0013821442361616702,
"avg_TS_auc_6": 0.7969166888888889,
"std_TS_auc_6": 0.0057218307561457465,
"avg_TS_f1_7": 0.9709771246550736,
"std_TS_f1_7": 0.0013245024563954477,
"avg_TS_ap_7": 0.9965570363167646,
"std_TS_ap_7": 0.00011917345467073188,
"avg_TS_auc_7": 0.9724446,
"std_TS_auc_7": 0.00130790178369881,
"avg_TS_f1_8": 0.9414104647789074,
"std_TS_f1_8": 0.0019197348268103647,
"avg_TS_ap_8": 0.9673815369272554,
"std_TS_ap_8": 0.002894650055926934,
"avg_TS_auc_8": 0.8128683777777777,
"std_TS_auc_8": 0.013826576815460354,
"avg_TS_f1_9": 0.9764661012031534,
"std_TS_f1_9": 0.00181772950273506,
"avg_TS_ap_9": 0.9962156800514353,
"std_TS_ap_9": 0.00019637434885943185,
"avg_TS_auc_9": 0.9713411000000001,
"std_TS_auc_9": 0.001297663631966507,
"avg_TS_f1_all": 0.9520402649529913,
"std_TS_f1_all": 0.0009315230287805976,
"avg_TS_ap_all": 0.9831668129390716,
"std_TS_ap_all": 0.0005651834087116785,
"avg_TS_auc_all": 0.8881059966666666,
"std_TS_auc_all": 0.003661848886810352
}