{
"avg_TS_f1_0": 0.9436106030581947,
"std_TS_f1_0": 0.006130798759904759,
"avg_TS_ap_0": 0.9758966102043429,
"std_TS_ap_0": 0.0024547116621941034,
"avg_TS_auc_0": 0.8460477777777777,
"std_TS_auc_0": 0.015934626249766656,
"avg_TS_f1_1": 0.9840666666666668,
"std_TS_f1_1": 0.003684870636119838,
"avg_TS_ap_1": 0.989604046860603,
"std_TS_ap_1": 0.0018421374143914476,
"avg_TS_auc_1": 0.9534224444444444,
"std_TS_auc_1": 0.005168289597555203,
"avg_TS_f1_2": 0.9478,
"std_TS_f1_2": 0.004409529523348705,
"avg_TS_ap_2": 0.9846366648140494,
"std_TS_ap_2": 0.002174220502869965,
"avg_TS_auc_2": 0.895058011111111,
"std_TS_auc_2": 0.013808435782064888,
"avg_TS_f1_3": 0.9309555555555555,
"std_TS_f1_3": 0.006065730493498081,
"avg_TS_ap_3": 0.9620681779996201,
"std_TS_ap_3": 0.004411289813142447,
"avg_TS_auc_3": 0.7722878111111111,
"std_TS_auc_3": 0.02207635699741433,
"avg_TS_f1_4": 0.9345318888086375,
"std_TS_f1_4": 0.003964469153469951,
"avg_TS_ap_4": 0.9818289978514081,
"std_TS_ap_4": 0.00215335867881301,
"avg_TS_auc_4": 0.8699032444444444,
"std_TS_auc_4": 0.013093527231752413,
"avg_TS_f1_5": 0.9439321024007506,
"std_TS_f1_5": 0.002267336880496225,
"avg_TS_ap_5": 0.983392112746858,
"std_TS_ap_5": 0.001977681612040828,
"avg_TS_auc_5": 0.880347211111111,
"std_TS_auc_5": 0.01218111385850358,
"avg_TS_f1_6": 0.919432477112926,
"std_TS_f1_6": 0.00379465709402677,
"avg_TS_ap_6": 0.9633063351868841,
"std_TS_ap_6": 0.005924075915218512,
"avg_TS_auc_6": 0.7561094555555555,
"std_TS_auc_6": 0.03260302264659399,
"avg_TS_f1_7": 0.9692997018352871,
"std_TS_f1_7": 0.0037760997227824196,
"avg_TS_ap_7": 0.9958793715039201,
"std_TS_ap_7": 0.0009665750889359285,
"avg_TS_auc_7": 0.9675130222222224,
"std_TS_auc_7": 0.007487919325433329,
"avg_TS_f1_8": 0.9347540776956744,
"std_TS_f1_8": 0.010937683791956341,
"avg_TS_ap_8": 0.9627353999075753,
"std_TS_ap_8": 0.008189030066049159,
"avg_TS_auc_8": 0.784108,
"std_TS_auc_8": 0.04961819941831879,
"avg_TS_f1_9": 0.9782666666666666,
"std_TS_f1_9": 0.002841143918465273,
"avg_TS_ap_9": 0.9953496017174865,
"std_TS_ap_9": 0.0018653835184249202,
"avg_TS_auc_9": 0.9678632,
"std_TS_auc_9": 0.010565691856402246,
"avg_TS_f1_all": 0.9486649739800358,
"std_TS_f1_all": 0.0014122680814807388,
"avg_TS_ap_all": 0.9794697318792748,
"std_TS_ap_all": 0.0008188052878998848,
"avg_TS_auc_all": 0.8692660177777778,
"std_TS_auc_all": 0.005376029113337209
}