{
"avg_TS_f1_0": 0.9629991764974598,
"std_TS_f1_0": 0.0006620973511020452,
"avg_TS_ap_0": 0.9892004476412655,
"std_TS_ap_0": 0.0007130173015893196,
"avg_TS_auc_0": 0.9196952555555555,
"std_TS_auc_0": 0.004440532408102431,
"avg_TS_f1_1": 0.9903221092529833,
"std_TS_f1_1": 0.00047204508179029094,
"avg_TS_ap_1": 0.9972840736719663,
"std_TS_ap_1": 0.00026370839387190507,
"avg_TS_auc_1": 0.9832841555555556,
"std_TS_auc_1": 0.0018736426423177114,
"avg_TS_f1_2": 0.9554879369841534,
"std_TS_f1_2": 0.0015834076402812954,
"avg_TS_ap_2": 0.9912570566672827,
"std_TS_ap_2": 0.00043731198864603674,
"avg_TS_auc_2": 0.9314324222222222,
"std_TS_auc_2": 0.003444690387742751,
"avg_TS_f1_3": 0.9445321024007505,
"std_TS_f1_3": 0.0013683069929469219,
"avg_TS_ap_3": 0.9648614639807704,
"std_TS_ap_3": 0.007703529995947251,
"avg_TS_auc_3": 0.8047463444444443,
"std_TS_auc_3": 0.023999921442345723,
"avg_TS_f1_4": 0.9442641801087716,
"std_TS_f1_4": 0.0008758097122291372,
"avg_TS_ap_4": 0.989082723358845,
"std_TS_ap_4": 0.0003319912867075065,
"avg_TS_auc_4": 0.9113200888888888,
"std_TS_auc_4": 0.0013663155075504274,
"avg_TS_f1_5": 0.9658444444444445,
"std_TS_f1_5": 0.008895719597676956,
"avg_TS_ap_5": 0.9960312894335045,
"std_TS_ap_5": 0.0020443481888759627,
"avg_TS_auc_5": 0.9651074555555557,
"std_TS_auc_5": 0.017683982281016624,
"avg_TS_f1_6": 0.9284976313498896,
"std_TS_f1_6": 0.0006239097946945483,
"avg_TS_ap_6": 0.9736344141347157,
"std_TS_ap_6": 0.0019330209503001408,
"avg_TS_auc_6": 0.8080119222222223,
"std_TS_auc_6": 0.008066597175366449,
"avg_TS_f1_7": 0.9771106123179683,
"std_TS_f1_7": 0.0013881230304802195,
"avg_TS_ap_7": 0.9983321863590477,
"std_TS_ap_7": 0.00015900196377087762,
"avg_TS_auc_7": 0.9850818555555556,
"std_TS_auc_7": 0.0013941974941135851,
"avg_TS_f1_8": 0.9828331376434495,
"std_TS_f1_8": 0.0005732095266742136,
"avg_TS_ap_8": 0.9939921017810175,
"std_TS_ap_8": 0.0003569081876825745,
"avg_TS_auc_8": 0.963129988888889,
"std_TS_auc_8": 0.002782128196494275,
"avg_TS_f1_9": 0.9807333333333332,
"std_TS_f1_9": 0.0009547800470640403,
"avg_TS_ap_9": 0.998599871654292,
"std_TS_ap_9": 2.0748347890949547e-05,
"avg_TS_auc_9": 0.9879894222222223,
"std_TS_auc_9": 0.00035581390891556506,
"avg_TS_f1_all": 0.9632624664333204,
"std_TS_f1_all": 0.000972257763230974,
"avg_TS_ap_all": 0.9892275628682705,
"std_TS_ap_all": 0.0011121737979206809,
"avg_TS_auc_all": 0.925979891111111,
"std_TS_auc_all": 0.00442587923291557
}