{
"avg_TS_f1_0": 0.9647876906290355,
"std_TS_f1_0": 0.0016843015279599876,
"avg_TS_ap_0": 0.9715979746075231,
"std_TS_ap_0": 0.002613514802544765,
"avg_TS_auc_0": 0.8779616000000001,
"std_TS_auc_0": 0.008167459833395143,
"avg_TS_f1_1": 0.9801777777777778,
"std_TS_f1_1": 0.0021252160384009175,
"avg_TS_ap_1": 0.9491957918560855,
"std_TS_ap_1": 0.008838478044755672,
"avg_TS_auc_1": 0.8645212555555556,
"std_TS_auc_1": 0.01942905777293255,
"avg_TS_f1_2": 0.9568106363933799,
"std_TS_f1_2": 0.0023489534952619647,
"avg_TS_ap_2": 0.9682271711709202,
"std_TS_ap_2": 0.009254309430308616,
"avg_TS_auc_2": 0.8661922777777777,
"std_TS_auc_2": 0.020732528753591998,
"avg_TS_f1_3": 0.9311406422980882,
"std_TS_f1_3": 0.0015380876062613877,
"avg_TS_ap_3": 0.9508388037468262,
"std_TS_ap_3": 0.005900473019182032,
"avg_TS_auc_3": 0.7250998222222222,
"std_TS_auc_3": 0.003786222755409458,
"avg_TS_f1_4": 0.943998748078597,
"std_TS_f1_4": 0.0015498777555497444,
"avg_TS_ap_4": 0.9653600796158788,
"std_TS_ap_4": 0.005255349233828487,
"avg_TS_auc_4": 0.8318619111111112,
"std_TS_auc_4": 0.010817551773899073,
"avg_TS_f1_5": 0.9627991579779124,
"std_TS_f1_5": 0.0029855469478638043,
"avg_TS_ap_5": 0.9673040954228511,
"std_TS_ap_5": 0.016085272808975565,
"avg_TS_auc_5": 0.8895361333333334,
"std_TS_auc_5": 0.03278670576045972,
"avg_TS_f1_6": 0.9264325252637493,
"std_TS_f1_6": 0.0013713545058830698,
"avg_TS_ap_6": 0.9506225962799144,
"std_TS_ap_6": 0.008405171582114542,
"avg_TS_auc_6": 0.7501196,
"std_TS_auc_6": 0.01671872708875875,
"avg_TS_f1_7": 0.9651547493379262,
"std_TS_f1_7": 0.0015804893883448498,
"avg_TS_ap_7": 0.9783583332188496,
"std_TS_ap_7": 0.007092166780019968,
"avg_TS_auc_7": 0.8907875333333333,
"std_TS_auc_7": 0.017676357206997804,
"avg_TS_f1_8": 0.9802222222222223,
"std_TS_f1_8": 0.001667407242871459,
"avg_TS_ap_8": 0.9692940747075134,
"std_TS_ap_8": 0.013047354672726306,
"avg_TS_auc_8": 0.9032494888888888,
"std_TS_auc_8": 0.023781433353691105,
"avg_TS_f1_9": 0.9776666666666667,
"std_TS_f1_9": 0.0034051522327782874,
"avg_TS_ap_9": 0.966242763715992,
"std_TS_ap_9": 0.010790547418381653,
"avg_TS_auc_9": 0.8916056777777778,
"std_TS_auc_9": 0.028774893976387578,
"avg_TS_f1_all": 0.9589190816645354,
"std_TS_f1_all": 0.0004409535253293663,
"avg_TS_ap_all": 0.9637041684342353,
"std_TS_ap_all": 0.0031052672397146454,
"avg_TS_auc_all": 0.84909353,
"std_TS_auc_all": 0.006900150347638856
}