{
"avg_TS_f1_0": 0.9368402280822098,
"std_TS_f1_0": 0.001256651214030518,
"avg_TS_ap_0": 0.9765329551918864,
"std_TS_ap_0": 0.000430890156745425,
"avg_TS_auc_0": 0.8262596555555556,
"std_TS_auc_0": 0.0028030244920377073,
"avg_TS_f1_1": 0.9720546413072331,
"std_TS_f1_1": 0.0015840147021536845,
"avg_TS_ap_1": 0.9879570578066323,
"std_TS_ap_1": 0.0040851054747809675,
"avg_TS_auc_1": 0.9320126,
"std_TS_auc_1": 0.007451347553941517,
"avg_TS_f1_2": 0.944640734291266,
"std_TS_f1_2": 0.0012936486966888061,
"avg_TS_ap_2": 0.9847151455406765,
"std_TS_ap_2": 0.00048468047933928867,
"avg_TS_auc_2": 0.8812775111111112,
"std_TS_auc_2": 0.003822623761111227,
"avg_TS_f1_3": 0.9157258214904594,
"std_TS_f1_3": 0.001158119815400815,
"avg_TS_ap_3": 0.967808998824004,
"std_TS_ap_3": 0.0005690901718463757,
"avg_TS_auc_3": 0.7549595555555556,
"std_TS_auc_3": 0.0034788738214301534,
"avg_TS_f1_4": 0.9321613865757788,
"std_TS_f1_4": 0.001015625310274305,
"avg_TS_ap_4": 0.982613428527263,
"std_TS_ap_4": 0.0003405062922303807,
"avg_TS_auc_4": 0.8613554888888888,
"std_TS_auc_4": 0.0026013112608456643,
"avg_TS_f1_5": 0.9277063909249913,
"std_TS_f1_5": 0.00351066843196061,
"avg_TS_ap_5": 0.980450100649,
"std_TS_ap_5": 0.0014967372522708096,
"avg_TS_auc_5": 0.8428073666666668,
"std_TS_auc_5": 0.012743485722517225,
"avg_TS_f1_6": 0.9208067114839713,
"std_TS_f1_6": 0.0013760609438669303,
"avg_TS_ap_6": 0.9712759294881256,
"std_TS_ap_6": 0.000487465607519499,
"avg_TS_auc_6": 0.783013988888889,
"std_TS_auc_6": 0.0037722993573196927,
"avg_TS_f1_7": 0.9600756547258008,
"std_TS_f1_7": 0.0028328170332795016,
"avg_TS_ap_7": 0.9906105983813823,
"std_TS_ap_7": 0.002371625884294363,
"avg_TS_auc_7": 0.9315844,
"std_TS_auc_7": 0.012722348438063911,
"avg_TS_f1_8": 0.9113940551116911,
"std_TS_f1_8": 0.00224446858814294,
"avg_TS_ap_8": 0.9362118706260336,
"std_TS_ap_8": 0.0047472722411976516,
"avg_TS_auc_8": 0.6439658777777778,
"std_TS_auc_8": 0.016113539631963637,
"avg_TS_f1_9": 0.9612756683111925,
"std_TS_f1_9": 0.0027924600722597378,
"avg_TS_ap_9": 0.9851470521881946,
"std_TS_ap_9": 0.0028120651490815135,
"avg_TS_auc_9": 0.9075873666666666,
"std_TS_auc_9": 0.011561808010903325,
"avg_TS_f1_all": 0.9382681292304593,
"std_TS_f1_all": 0.0006110490786199045,
"avg_TS_ap_all": 0.97633231372232,
"std_TS_ap_all": 0.0008874106600155985,
"avg_TS_auc_all": 0.8364823811111112,
"std_TS_auc_all": 0.003849401487696118
}