{
"avg_TS_f1_0": 0.9500994475001697,
"std_TS_f1_0": 0.00046113369299263443,
"avg_TS_ap_0": 0.9773352716681041,
"std_TS_ap_0": 0.0010308378105139315,
"avg_TS_auc_0": 0.8613650111111111,
"std_TS_auc_0": 0.004483691343877366,
"avg_TS_f1_1": 0.9839333333333334,
"std_TS_f1_1": 0.0007456871882471982,
"avg_TS_ap_1": 0.9917349783154634,
"std_TS_ap_1": 0.0004455621009074863,
"avg_TS_auc_1": 0.9585821000000001,
"std_TS_auc_1": 0.002014830263781954,
"avg_TS_f1_2": 0.9522105894771931,
"std_TS_f1_2": 0.002015889745175632,
"avg_TS_ap_2": 0.9879592955725837,
"std_TS_ap_2": 0.0009462353233049858,
"avg_TS_auc_2": 0.9134143888888889,
"std_TS_auc_2": 0.004757032178850317,
"avg_TS_f1_3": 0.9296532128328117,
"std_TS_f1_3": 0.0029850556411533183,
"avg_TS_ap_3": 0.9660375887196235,
"std_TS_ap_3": 0.001547329369740623,
"avg_TS_auc_3": 0.7845511111111112,
"std_TS_auc_3": 0.009992765146116075,
"avg_TS_f1_4": 0.9386534930952953,
"std_TS_f1_4": 0.0013274242016226257,
"avg_TS_ap_4": 0.9841321780315975,
"std_TS_ap_4": 0.0007806324196032834,
"avg_TS_auc_4": 0.8831904555555555,
"std_TS_auc_4": 0.005107916998489393,
"avg_TS_f1_5": 0.949643278882839,
"std_TS_f1_5": 0.0030212311818980093,
"avg_TS_ap_5": 0.9851852284453791,
"std_TS_ap_5": 0.0014699785582607504,
"avg_TS_auc_5": 0.8920736555555555,
"std_TS_auc_5": 0.011237831403504013,
"avg_TS_f1_6": 0.923964136279176,
"std_TS_f1_6": 0.0004609399752704822,
"avg_TS_ap_6": 0.9687631884197669,
"std_TS_ap_6": 0.0017282906349627204,
"avg_TS_auc_6": 0.7888860111111111,
"std_TS_auc_6": 0.006766728729454507,
"avg_TS_f1_7": 0.9711555555555555,
"std_TS_f1_7": 0.0013817148050408695,
"avg_TS_ap_7": 0.9961290881792697,
"std_TS_ap_7": 0.00010689316972252039,
"avg_TS_auc_7": 0.9699144777777777,
"std_TS_auc_7": 0.00129610010501594,
"avg_TS_f1_8": 0.9391542344945089,
"std_TS_f1_8": 0.0017654128117401654,
"avg_TS_ap_8": 0.9647564053220716,
"std_TS_ap_8": 0.002484147297357932,
"avg_TS_auc_8": 0.7999026666666668,
"std_TS_auc_8": 0.012298094591600407,
"avg_TS_f1_9": 0.976033094431172,
"std_TS_f1_9": 0.0017386831727390034,
"avg_TS_ap_9": 0.9957347090549504,
"std_TS_ap_9": 0.00021492819440474848,
"avg_TS_auc_9": 0.9682311777777777,
"std_TS_auc_9": 0.001532907877125459,
"avg_TS_f1_all": 0.9514500375882055,
"std_TS_f1_all": 0.0008595167485633533,
"avg_TS_ap_all": 0.9817767931728809,
"std_TS_ap_all": 0.0005553810987099455,
"avg_TS_auc_all": 0.8820111055555555,
"std_TS_auc_all": 0.00326529049866042
}