{
"avg_TS_f1_0": 0.9524317289232117,
"std_TS_f1_0": 0.0012555775646495887,
"avg_TS_ap_0": 0.9877225064372155,
"std_TS_ap_0": 0.0007226259143022576,
"avg_TS_auc_0": 0.9035354555555557,
"std_TS_auc_0": 0.004994640385898064,
"avg_TS_f1_1": 0.9887777777777778,
"std_TS_f1_1": 0.0019180751668479924,
"avg_TS_ap_1": 0.9966108350275329,
"std_TS_ap_1": 0.0018256977024411136,
"avg_TS_auc_1": 0.9773846777777779,
"std_TS_auc_1": 0.010326756757575096,
"avg_TS_f1_2": 0.9534434110537005,
"std_TS_f1_2": 0.002064165846328085,
"avg_TS_ap_2": 0.9922777239714247,
"std_TS_ap_2": 0.0009741264861212283,
"avg_TS_auc_2": 0.9348879555555556,
"std_TS_auc_2": 0.006271500401276395,
"avg_TS_f1_3": 0.9399293700806346,
"std_TS_f1_3": 0.003553775918603415,
"avg_TS_ap_3": 0.9831035488640898,
"std_TS_ap_3": 0.0018471545060127163,
"avg_TS_auc_3": 0.8672103222222223,
"std_TS_auc_3": 0.014054297262359447,
"avg_TS_f1_4": 0.9431216067559308,
"std_TS_f1_4": 0.0013319051251817972,
"avg_TS_ap_4": 0.9905192502004198,
"std_TS_ap_4": 0.00042855949906450767,
"avg_TS_auc_4": 0.9181610333333333,
"std_TS_auc_4": 0.0032456730363309063,
"avg_TS_f1_5": 0.9609652165319137,
"std_TS_f1_5": 0.003648458596589685,
"avg_TS_ap_5": 0.9960217173093302,
"std_TS_ap_5": 0.0006284240786574764,
"avg_TS_auc_5": 0.9641611666666667,
"std_TS_auc_5": 0.00561719557087713,
"avg_TS_f1_6": 0.9281745701921711,
"std_TS_f1_6": 0.0010739639337889633,
"avg_TS_ap_6": 0.980744002021256,
"std_TS_ap_6": 0.00033257704100880483,
"avg_TS_auc_6": 0.8435204666666667,
"std_TS_auc_6": 0.0029338363652434284,
"avg_TS_f1_7": 0.9767322764537638,
"std_TS_f1_7": 0.0021059556628851023,
"avg_TS_ap_7": 0.9984821688548513,
"std_TS_ap_7": 0.0002514875142604513,
"avg_TS_auc_7": 0.9861675777777779,
"std_TS_auc_7": 0.0022555541468523115,
"avg_TS_f1_8": 0.9495977838274966,
"std_TS_f1_8": 0.0035523418878969978,
"avg_TS_ap_8": 0.984841351492056,
"std_TS_ap_8": 0.0025566090621795224,
"avg_TS_auc_8": 0.8902086333333333,
"std_TS_auc_8": 0.016373469902110225,
"avg_TS_f1_9": 0.9780439654054854,
"std_TS_f1_9": 0.0007722940523381052,
"avg_TS_ap_9": 0.9982303691336739,
"std_TS_ap_9": 7.993126788192944e-05,
"avg_TS_auc_9": 0.9842805444444445,
"std_TS_auc_9": 0.0007204287384331941,
"avg_TS_f1_all": 0.9571217707002087,
"std_TS_f1_all": 0.00046337104160296485,
"avg_TS_ap_all": 0.9908553473311852,
"std_TS_ap_all": 0.00017002496926439003,
"avg_TS_auc_all": 0.9269517833333334,
"std_TS_auc_all": 0.0009641989600789351
}