{
"avg_TS_f1_0": 0.9503322456185839,
"std_TS_f1_0": 0.0010986725564733403,
"avg_TS_ap_0": 0.9823583713118991,
"std_TS_ap_0": 0.0015483096924113692,
"avg_TS_auc_0": 0.8805533222222222,
"std_TS_auc_0": 0.0038429694871942427,
"avg_TS_f1_1": 0.9867330481323036,
"std_TS_f1_1": 0.00043489730262797347,
"avg_TS_ap_1": 0.9945482657672056,
"std_TS_ap_1": 0.0011146112701555676,
"avg_TS_auc_1": 0.969715411111111,
"std_TS_auc_1": 0.0034920719597891295,
"avg_TS_f1_2": 0.9520983943552419,
"std_TS_f1_2": 0.0012920119305814875,
"avg_TS_ap_2": 0.9903201643787656,
"std_TS_ap_2": 0.0007869833030292397,
"avg_TS_auc_2": 0.9237872666666667,
"std_TS_auc_2": 0.0038334145489625085,
"avg_TS_f1_3": 0.9292770215629262,
"std_TS_f1_3": 0.004302559531753753,
"avg_TS_ap_3": 0.9701860466652794,
"std_TS_ap_3": 0.00623043418772219,
"avg_TS_auc_3": 0.7954741333333334,
"std_TS_auc_3": 0.03086819025334645,
"avg_TS_f1_4": 0.9384875048613812,
"std_TS_f1_4": 0.001378462375275155,
"avg_TS_ap_4": 0.986756368690546,
"std_TS_ap_4": 0.0011369316391355482,
"avg_TS_auc_4": 0.8932026666666666,
"std_TS_auc_4": 0.006417069623999702,
"avg_TS_f1_5": 0.9553217684933115,
"std_TS_f1_5": 0.005695522916124642,
"avg_TS_ap_5": 0.9939649124651175,
"std_TS_ap_5": 0.001285720181918613,
"avg_TS_auc_5": 0.9466441777777778,
"std_TS_auc_5": 0.01117616958634381,
"avg_TS_f1_6": 0.924420535708774,
"std_TS_f1_6": 0.0013587698249832509,
"avg_TS_ap_6": 0.9747931039699026,
"std_TS_ap_6": 0.0017897350396678926,
"avg_TS_auc_6": 0.8113165222222222,
"std_TS_auc_6": 0.009398636548779288,
"avg_TS_f1_7": 0.9718330092412542,
"std_TS_f1_7": 0.0010354967612564874,
"avg_TS_ap_7": 0.9978047082424139,
"std_TS_ap_7": 0.00010799819852770329,
"avg_TS_auc_7": 0.9801914111111112,
"std_TS_auc_7": 0.0009608867641820349,
"avg_TS_f1_8": 0.9466433505565124,
"std_TS_f1_8": 0.0037507665430809257,
"avg_TS_ap_8": 0.974218877415989,
"std_TS_ap_8": 0.00484572987308253,
"avg_TS_auc_8": 0.8477430666666667,
"std_TS_auc_8": 0.020804057802740174,
"avg_TS_f1_9": 0.9761777777777777,
"std_TS_f1_9": 0.0027294461971634106,
"avg_TS_ap_9": 0.9979011009946384,
"std_TS_ap_9": 0.00014737194649658834,
"avg_TS_auc_9": 0.9822584777777777,
"std_TS_auc_9": 0.0015543873989215023,
"avg_TS_f1_all": 0.9531324656308067,
"std_TS_f1_all": 0.0013969106268761303,
"avg_TS_ap_all": 0.9862851919901756,
"std_TS_ap_all": 0.0011036450829541484,
"avg_TS_auc_all": 0.9030886455555557,
"std_TS_auc_all": 0.006155191059624924
}