{
"avg_TS_f1_0": 0.9462093153323334,
"std_TS_f1_0": 0.0012735290852020002,
"avg_TS_ap_0": 0.9755933550297076,
"std_TS_ap_0": 0.0008786709895023948,
"avg_TS_auc_0": 0.8473494444444445,
"std_TS_auc_0": 0.004824445243103472,
"avg_TS_f1_1": 0.9835216610585338,
"std_TS_f1_1": 0.0008119103523702838,
"avg_TS_ap_1": 0.992354165805233,
"std_TS_ap_1": 0.0004274103632837375,
"avg_TS_auc_1": 0.9601746666666667,
"std_TS_auc_1": 0.0019957960245488514,
"avg_TS_f1_2": 0.9516422973523155,
"std_TS_f1_2": 0.0010957158239581718,
"avg_TS_ap_2": 0.9859090553459835,
"std_TS_ap_2": 0.0005213396773957224,
"avg_TS_auc_2": 0.9007829111111112,
"std_TS_auc_2": 0.002301991250372189,
"avg_TS_f1_3": 0.929696094227457,
"std_TS_f1_3": 0.0010456839029740193,
"avg_TS_ap_3": 0.9675973881708083,
"std_TS_ap_3": 0.001038826851033173,
"avg_TS_auc_3": 0.7870591444444444,
"std_TS_auc_3": 0.00533250686577902,
"avg_TS_f1_4": 0.9403529196066447,
"std_TS_f1_4": 0.0010281280003920723,
"avg_TS_ap_4": 0.9827755191396192,
"std_TS_ap_4": 0.0005820288644381953,
"avg_TS_auc_4": 0.8794237444444445,
"std_TS_auc_4": 0.0031368246291157455,
"avg_TS_f1_5": 0.9370624836419497,
"std_TS_f1_5": 0.001638788360800081,
"avg_TS_ap_5": 0.9798171616837441,
"std_TS_ap_5": 0.001307957901224384,
"avg_TS_auc_5": 0.8508663555555556,
"std_TS_auc_5": 0.008272191058190687,
"avg_TS_f1_6": 0.9258926132422086,
"std_TS_f1_6": 0.0012027627181083868,
"avg_TS_ap_6": 0.9670271762909806,
"std_TS_ap_6": 0.0008929542781767308,
"avg_TS_auc_6": 0.7833451555555556,
"std_TS_auc_6": 0.0043785158615535485,
"avg_TS_f1_7": 0.9699541986514983,
"std_TS_f1_7": 0.001043806159482071,
"avg_TS_ap_7": 0.995624816229227,
"std_TS_ap_7": 9.584445598792887e-05,
"avg_TS_auc_7": 0.9657901777777778,
"std_TS_auc_7": 0.0011406447475002628,
"avg_TS_f1_8": 0.9295642634467345,
"std_TS_f1_8": 0.002545893065881023,
"avg_TS_ap_8": 0.9563002426216908,
"std_TS_ap_8": 0.0010203452453460393,
"avg_TS_auc_8": 0.7520199222222222,
"std_TS_auc_8": 0.007391699456322112,
"avg_TS_f1_9": 0.9749994345364865,
"std_TS_f1_9": 0.0006716599734275745,
"avg_TS_ap_9": 0.9943992693422972,
"std_TS_ap_9": 0.0003861203723399916,
"avg_TS_auc_9": 0.9613352666666666,
"std_TS_auc_9": 0.0019480403357930414,
"avg_TS_f1_all": 0.9488895281096162,
"std_TS_f1_all": 0.0003682064936504629,
"avg_TS_ap_all": 0.9797398149659291,
"std_TS_ap_all": 0.0003451918977542679,
"avg_TS_auc_all": 0.8688146788888889,
"std_TS_auc_all": 0.001864887541875994
}