{
"avg_TS_f1_0": 0.9531872313893981,
"std_TS_f1_0": 0.003743708252218037,
"avg_TS_ap_0": 0.9842263423785582,
"std_TS_ap_0": 0.0006113389611875965,
"avg_TS_auc_0": 0.8908547777777777,
"std_TS_auc_0": 0.005048609832859365,
"avg_TS_f1_1": 0.9880554327092245,
"std_TS_f1_1": 0.0014340752387320527,
"avg_TS_ap_1": 0.9949641416413681,
"std_TS_ap_1": 0.0005459103146012341,
"avg_TS_auc_1": 0.9728274444444445,
"std_TS_auc_1": 0.002711566575356805,
"avg_TS_f1_2": 0.9527989998888765,
"std_TS_f1_2": 0.001343497758835189,
"avg_TS_ap_2": 0.9898866832592962,
"std_TS_ap_2": 0.00034393809118641444,
"avg_TS_auc_2": 0.9238705444444444,
"std_TS_auc_2": 0.0014568857235916085,
"avg_TS_f1_3": 0.9386861516997858,
"std_TS_f1_3": 0.0024653972778756095,
"avg_TS_ap_3": 0.9746419019089245,
"std_TS_ap_3": 0.0034374194465684633,
"avg_TS_auc_3": 0.8303689444444444,
"std_TS_auc_3": 0.018257175915543777,
"avg_TS_f1_4": 0.9398993240365205,
"std_TS_f1_4": 0.0015472813773075478,
"avg_TS_ap_4": 0.986669729371869,
"std_TS_ap_4": 0.0006515642745621148,
"avg_TS_auc_4": 0.8981798111111111,
"std_TS_auc_4": 0.0026419171619988875,
"avg_TS_f1_5": 0.9552985252267101,
"std_TS_f1_5": 0.002155066544796608,
"avg_TS_ap_5": 0.9911117529435396,
"std_TS_ap_5": 0.0005796796584137162,
"avg_TS_auc_5": 0.9306095777777779,
"std_TS_auc_5": 0.004261930931507281,
"avg_TS_f1_6": 0.9264633887067799,
"std_TS_f1_6": 0.001356694131710036,
"avg_TS_ap_6": 0.9742055987184994,
"std_TS_ap_6": 0.0013311304563565407,
"avg_TS_auc_6": 0.8137045222222221,
"std_TS_auc_6": 0.006325745632680996,
"avg_TS_f1_7": 0.9739994135476664,
"std_TS_f1_7": 0.0012704529156802081,
"avg_TS_ap_7": 0.9972965263256789,
"std_TS_ap_7": 0.0002785057303347456,
"avg_TS_auc_7": 0.9783560888888889,
"std_TS_auc_7": 0.0019548960865946323,
"avg_TS_f1_8": 0.954732306115772,
"std_TS_f1_8": 0.002326707928622836,
"avg_TS_ap_8": 0.9807430503743781,
"std_TS_ap_8": 0.0015910794115168284,
"avg_TS_auc_8": 0.8848163666666666,
"std_TS_auc_8": 0.008002615233846133,
"avg_TS_f1_9": 0.9790666666666666,
"std_TS_f1_9": 0.0016756793352452335,
"avg_TS_ap_9": 0.9973872272451881,
"std_TS_ap_9": 0.00029477913745807005,
"avg_TS_auc_9": 0.9796368,
"std_TS_auc_9": 0.0019548263298188712,
"avg_TS_f1_all": 0.9562187439987401,
"std_TS_f1_all": 0.0006976517348769654,
"avg_TS_ap_all": 0.9871132954167301,
"std_TS_ap_all": 0.0006239597542192464,
"avg_TS_auc_all": 0.9103224877777778,
"std_TS_auc_all": 0.0029281427557970004
}