{
"avg_TS_f1_0": 0.9366549684859036,
"std_TS_f1_0": 0.010951768812243658,
"avg_TS_ap_0": 0.966156046974587,
"std_TS_ap_0": 0.013686859277814233,
"avg_TS_auc_0": 0.7934223444444445,
"std_TS_auc_0": 0.07303895446207348,
"avg_TS_f1_1": 0.9769555555555556,
"std_TS_f1_1": 0.011297678118277123,
"avg_TS_ap_1": 0.9857653880505304,
"std_TS_ap_1": 0.0037564902848049447,
"avg_TS_auc_1": 0.9341379555555556,
"std_TS_auc_1": 0.02106589674698933,
"avg_TS_f1_2": 0.9459436511904983,
"std_TS_f1_2": 0.009671408582127554,
"avg_TS_ap_2": 0.9826191340183662,
"std_TS_ap_2": 0.006121910882003213,
"avg_TS_auc_2": 0.8761166444444444,
"std_TS_auc_2": 0.03899319906764688,
"avg_TS_f1_3": 0.9200990820477679,
"std_TS_f1_3": 0.007045568993341173,
"avg_TS_ap_3": 0.9477279252045167,
"std_TS_ap_3": 0.009894324846061732,
"avg_TS_auc_3": 0.6972859888888889,
"std_TS_auc_3": 0.04411362127503014,
"avg_TS_f1_4": 0.9233213598286325,
"std_TS_f1_4": 0.0024968390754814187,
"avg_TS_ap_4": 0.9721768247485262,
"std_TS_ap_4": 0.003557197995845064,
"avg_TS_auc_4": 0.8018904222222222,
"std_TS_auc_4": 0.018271544447535634,
"avg_TS_f1_5": 0.9305880622997573,
"std_TS_f1_5": 0.004613756647845353,
"avg_TS_ap_5": 0.9678428995939857,
"std_TS_ap_5": 0.004609627769804743,
"avg_TS_auc_5": 0.7913912,
"std_TS_auc_5": 0.026291127313047294,
"avg_TS_f1_6": 0.91546466285164,
"std_TS_f1_6": 0.008234854180289103,
"avg_TS_ap_6": 0.9547689524765921,
"std_TS_ap_6": 0.004031709539007096,
"avg_TS_auc_6": 0.7136194555555556,
"std_TS_auc_6": 0.025754476994035345,
"avg_TS_f1_7": 0.9561766875937552,
"std_TS_f1_7": 0.007576747667674322,
"avg_TS_ap_7": 0.9904383248794705,
"std_TS_ap_7": 0.00263625471041227,
"avg_TS_auc_7": 0.9271704222222222,
"std_TS_auc_7": 0.019784349036910984,
"avg_TS_f1_8": 0.9131518429042929,
"std_TS_f1_8": 0.005491465775960062,
"avg_TS_ap_8": 0.929577104789943,
"std_TS_ap_8": 0.005797078347628506,
"avg_TS_auc_8": 0.6210789666666667,
"std_TS_auc_8": 0.01861756153698587,
"avg_TS_f1_9": 0.9582444444444445,
"std_TS_f1_9": 0.0015466411236715824,
"avg_TS_ap_9": 0.9865155811913878,
"std_TS_ap_9": 0.0038278620740608963,
"avg_TS_auc_9": 0.9083586222222223,
"std_TS_auc_9": 0.01857798990344074,
"avg_TS_f1_all": 0.9376600317202248,
"std_TS_f1_all": 0.0032257011142871124,
"avg_TS_ap_all": 0.9683588181927906,
"std_TS_ap_all": 0.0021327173300472674,
"avg_TS_auc_all": 0.8064472022222222,
"std_TS_auc_all": 0.013259683520035074
}