{
"avg_TS_f1_0": 0.9429634979721095,
"std_TS_f1_0": 0.0007283057773508841,
"avg_TS_ap_0": 0.972004408923371,
"std_TS_ap_0": 0.0005533535699917277,
"avg_TS_auc_0": 0.8288255999999998,
"std_TS_auc_0": 0.002794250222187979,
"avg_TS_f1_1": 0.9785101752566501,
"std_TS_f1_1": 0.0008942530177057552,
"avg_TS_ap_1": 0.9906220469490574,
"std_TS_ap_1": 0.00042878008397764783,
"avg_TS_auc_1": 0.9497220444444444,
"std_TS_auc_1": 0.0020580770208985144,
"avg_TS_f1_2": 0.9494738224921818,
"std_TS_f1_2": 0.0010296995282148196,
"avg_TS_ap_2": 0.9842161697871743,
"std_TS_ap_2": 0.00030152346645937427,
"avg_TS_auc_2": 0.8905330333333333,
"std_TS_auc_2": 0.0018059566944481425,
"avg_TS_f1_3": 0.9250069706669473,
"std_TS_f1_3": 0.001544605210601283,
"avg_TS_ap_3": 0.9627826997958676,
"std_TS_ap_3": 0.0015089446032743507,
"avg_TS_auc_3": 0.7613497777777778,
"std_TS_auc_3": 0.006603875130707377,
"avg_TS_f1_4": 0.9387959045586041,
"std_TS_f1_4": 0.0010967066033051693,
"avg_TS_ap_4": 0.9807498876164832,
"std_TS_ap_4": 0.00027507085280864974,
"avg_TS_auc_4": 0.8680596777777779,
"std_TS_auc_4": 0.0017465964024600891,
"avg_TS_f1_5": 0.9302619934787775,
"std_TS_f1_5": 0.0019555352990099886,
"avg_TS_ap_5": 0.9741556898934206,
"std_TS_ap_5": 0.0014691226499953906,
"avg_TS_auc_5": 0.8153611222222222,
"std_TS_auc_5": 0.009397770587173098,
"avg_TS_f1_6": 0.9242137703784538,
"std_TS_f1_6": 0.0010153361146202195,
"avg_TS_ap_6": 0.9633577690155114,
"std_TS_ap_6": 0.00044267601726626717,
"avg_TS_auc_6": 0.7661587111111111,
"std_TS_auc_6": 0.002503742835125924,
"avg_TS_f1_7": 0.9672874246100094,
"std_TS_f1_7": 0.0007140392457371837,
"avg_TS_ap_7": 0.9943430029563863,
"std_TS_ap_7": 0.00018529553644392794,
"avg_TS_auc_7": 0.9567757888888888,
"std_TS_auc_7": 0.0009222146675728179,
"avg_TS_f1_8": 0.9239640534611212,
"std_TS_f1_8": 0.0018283126491735974,
"avg_TS_ap_8": 0.9490946830791508,
"std_TS_ap_8": 0.001029695259984331,
"avg_TS_auc_8": 0.7169751,
"std_TS_auc_8": 0.00596646477698998,
"avg_TS_f1_9": 0.9722876542523968,
"std_TS_f1_9": 0.0004668672200238298,
"avg_TS_ap_9": 0.9926102839319771,
"std_TS_ap_9": 0.00022219560643275122,
"avg_TS_auc_9": 0.9511578444444444,
"std_TS_auc_9": 0.0009928215226325846,
"avg_TS_f1_all": 0.9452765267127251,
"std_TS_f1_all": 0.00041595237955963175,
"avg_TS_ap_all": 0.97639366419484,
"std_TS_ap_all": 0.0003322248012848596,
"avg_TS_auc_all": 0.8504918699999999,
"std_TS_auc_all": 0.0017196254506507732
}