{
"avg_TS_f1_0": 0.9527333333333333,
"std_TS_f1_0": 0.002066308212641505,
"avg_TS_ap_0": 0.9833924504441057,
"std_TS_ap_0": 0.0020219393265164688,
"avg_TS_auc_0": 0.8879370888888889,
"std_TS_auc_0": 0.008892029573530604,
"avg_TS_f1_1": 0.9852444444444444,
"std_TS_f1_1": 0.002535087112244213,
"avg_TS_ap_1": 0.995971200223741,
"std_TS_ap_1": 0.0010663845083067152,
"avg_TS_auc_1": 0.9761871222222223,
"std_TS_auc_1": 0.005691271602730772,
"avg_TS_f1_2": 0.9414444444444445,
"std_TS_f1_2": 0.0026227871331236403,
"avg_TS_ap_2": 0.9826154839926987,
"std_TS_ap_2": 0.0011407817747886922,
"avg_TS_auc_2": 0.8728795666666667,
"std_TS_auc_2": 0.007431144969138061,
"avg_TS_f1_3": 0.9172444444444444,
"std_TS_f1_3": 0.0047777260979117294,
"avg_TS_ap_3": 0.972227914986634,
"std_TS_ap_3": 0.0030945219997865177,
"avg_TS_auc_3": 0.7904097999999999,
"std_TS_auc_3": 0.022023890574140805,
"avg_TS_f1_4": 0.9315111111111112,
"std_TS_f1_4": 0.003996665276619173,
"avg_TS_ap_4": 0.9823616123577281,
"std_TS_ap_4": 0.004435831659538604,
"avg_TS_auc_4": 0.8615224333333333,
"std_TS_auc_4": 0.027253935714092733,
"avg_TS_f1_5": 0.9412772104623096,
"std_TS_f1_5": 0.00626226746540211,
"avg_TS_ap_5": 0.9782509649516282,
"std_TS_ap_5": 0.007305977786418852,
"avg_TS_auc_5": 0.8527746333333333,
"std_TS_auc_5": 0.03925211467617199,
"avg_TS_f1_6": 0.9239333333333333,
"std_TS_f1_6": 0.001717879830230006,
"avg_TS_ap_6": 0.9745976745505842,
"std_TS_ap_6": 0.00086651269240185,
"avg_TS_auc_6": 0.8092225888888889,
"std_TS_auc_6": 0.00601596878630355,
"avg_TS_f1_7": 0.958911111111111,
"std_TS_f1_7": 0.0023720595832876328,
"avg_TS_ap_7": 0.9953866361884145,
"std_TS_ap_7": 0.0005848121708164935,
"avg_TS_auc_7": 0.9585030222222223,
"std_TS_auc_7": 0.004988974056387571,
"avg_TS_f1_8": 0.9649333333333333,
"std_TS_f1_8": 0.004345907681974736,
"avg_TS_ap_8": 0.9885685968002997,
"std_TS_ap_8": 0.003054759584870515,
"avg_TS_auc_8": 0.9256754777777779,
"std_TS_auc_8": 0.016844099704790873,
"avg_TS_f1_9": 0.9291777777777778,
"std_TS_f1_9": 0.007004971779359955,
"avg_TS_ap_9": 0.972040784382294,
"std_TS_ap_9": 0.010758152659548388,
"avg_TS_auc_9": 0.7965796222222222,
"std_TS_auc_9": 0.06727154666168171,
"avg_TS_f1_all": 0.9446410543795641,
"std_TS_f1_all": 0.0014247740381660417,
"avg_TS_ap_all": 0.9825413318878129,
"std_TS_ap_all": 0.00120055938837139,
"avg_TS_auc_all": 0.8731691355555554,
"std_TS_auc_all": 0.00815368694054425
}