{
"avg_TS_f1_0": 0.9357971381126113,
"std_TS_f1_0": 0.0010821616730983276,
"avg_TS_ap_0": 0.9648607080250933,
"std_TS_ap_0": 0.0009264699398133447,
"avg_TS_auc_0": 0.7877366333333333,
"std_TS_auc_0": 0.004330576707609964,
"avg_TS_f1_1": 0.9670659258847714,
"std_TS_f1_1": 0.0005257494814562964,
"avg_TS_ap_1": 0.984796782123847,
"std_TS_ap_1": 0.0004690341854963765,
"avg_TS_auc_1": 0.9141563111111111,
"std_TS_auc_1": 0.001651120326204255,
"avg_TS_f1_2": 0.9432079522221661,
"std_TS_f1_2": 0.0010817570913967474,
"avg_TS_ap_2": 0.9782984449672188,
"std_TS_ap_2": 0.0009031120445952524,
"avg_TS_auc_2": 0.8552154444444444,
"std_TS_auc_2": 0.004220257279911061,
"avg_TS_f1_3": 0.9132951830657259,
"std_TS_f1_3": 0.0007932248812745147,
"avg_TS_ap_3": 0.9522642240941481,
"std_TS_ap_3": 0.0014912143110768189,
"avg_TS_auc_3": 0.6964082999999999,
"std_TS_auc_3": 0.004062229192280699,
"avg_TS_f1_4": 0.9317169037713606,
"std_TS_f1_4": 0.0011182788534624954,
"avg_TS_ap_4": 0.9762929263670346,
"std_TS_ap_4": 0.0008008162640092764,
"avg_TS_auc_4": 0.8361591111111111,
"std_TS_auc_4": 0.005235181260436932,
"avg_TS_f1_5": 0.9101273267141602,
"std_TS_f1_5": 0.0026714012727609556,
"avg_TS_ap_5": 0.9542344609840729,
"std_TS_ap_5": 0.00257113980678776,
"avg_TS_auc_5": 0.6944955111111111,
"std_TS_auc_5": 0.014707007817195878,
"avg_TS_f1_6": 0.9200853343704279,
"std_TS_f1_6": 0.0012600685693800178,
"avg_TS_ap_6": 0.9576096691664577,
"std_TS_ap_6": 0.0015241120113214394,
"avg_TS_auc_6": 0.732873211111111,
"std_TS_auc_6": 0.006317848333467021,
"avg_TS_f1_7": 0.952286756671667,
"std_TS_f1_7": 0.0009158101628791808,
"avg_TS_ap_7": 0.9877245705694158,
"std_TS_ap_7": 0.0004990660148918694,
"avg_TS_auc_7": 0.9092523444444444,
"std_TS_auc_7": 0.0032348389681522835,
"avg_TS_f1_8": 0.9086504805822544,
"std_TS_f1_8": 0.0011581811630242448,
"avg_TS_ap_8": 0.925894553975574,
"std_TS_ap_8": 0.001353236188263489,
"avg_TS_auc_8": 0.6071285777777777,
"std_TS_auc_8": 0.00854089056192994,
"avg_TS_f1_9": 0.9581643424634703,
"std_TS_f1_9": 0.00030632921278049005,
"avg_TS_ap_9": 0.9862065767425348,
"std_TS_ap_9": 0.0005163961449673762,
"avg_TS_auc_9": 0.9074612222222221,
"std_TS_auc_9": 0.002367611030939673,
"avg_TS_f1_all": 0.9340397343858615,
"std_TS_f1_all": 0.0005465937994614232,
"avg_TS_ap_all": 0.9668182917015397,
"std_TS_ap_all": 0.0003260088578744391,
"avg_TS_auc_all": 0.7940886666666667,
"std_TS_auc_all": 0.0020113660028804005
}