{
"avg_TS_f1_0": 0.9611769135322333,
"std_TS_f1_0": 0.0002208206468370775,
"avg_TS_ap_0": 0.9904613151915067,
"std_TS_ap_0": 0.00047785860218080257,
"avg_TS_auc_0": 0.9271452333333334,
"std_TS_auc_0": 0.0033124045397658806,
"avg_TS_f1_1": 0.9922222222222222,
"std_TS_f1_1": 0.0003142696805273722,
"avg_TS_ap_1": 0.9974095142221128,
"std_TS_ap_1": 0.0003126269390003042,
"avg_TS_auc_1": 0.9850261999999999,
"std_TS_auc_1": 0.0012651757768862009,
"avg_TS_f1_2": 0.9545545678463618,
"std_TS_f1_2": 0.0009984027626806318,
"avg_TS_ap_2": 0.9924431452554654,
"std_TS_ap_2": 0.00044097148263570665,
"avg_TS_auc_2": 0.9382740111111112,
"std_TS_auc_2": 0.002536069261283036,
"avg_TS_f1_3": 0.9496433048749623,
"std_TS_f1_3": 0.0010899680248507365,
"avg_TS_ap_3": 0.9872967827917265,
"std_TS_ap_3": 0.0006733792073578201,
"avg_TS_auc_3": 0.9018966555555556,
"std_TS_auc_3": 0.004562184920072628,
"avg_TS_f1_4": 0.9447765344988301,
"std_TS_f1_4": 0.001124618187487942,
"avg_TS_ap_4": 0.9902364305264009,
"std_TS_ap_4": 0.0003038312070408777,
"avg_TS_auc_4": 0.9187738888888889,
"std_TS_auc_4": 0.001458112547096384,
"avg_TS_f1_5": 0.9672551833126531,
"std_TS_f1_5": 0.001272722402530977,
"avg_TS_ap_5": 0.9965750858869313,
"std_TS_ap_5": 0.00015312490633825345,
"avg_TS_auc_5": 0.9696254444444443,
"std_TS_auc_5": 0.0014015620575752235,
"avg_TS_f1_6": 0.9281865004845947,
"std_TS_f1_6": 0.0005858353426404176,
"avg_TS_ap_6": 0.980774432792541,
"std_TS_ap_6": 0.00014156336245030896,
"avg_TS_auc_6": 0.8450748555555556,
"std_TS_auc_6": 0.000590239175835841,
"avg_TS_f1_7": 0.9778330907272625,
"std_TS_f1_7": 0.0010060736439558848,
"avg_TS_ap_7": 0.9984297851043223,
"std_TS_ap_7": 7.974354022580255e-05,
"avg_TS_auc_7": 0.9858565777777777,
"std_TS_auc_7": 0.0007318063467447074,
"avg_TS_f1_8": 0.9834444444444443,
"std_TS_f1_8": 0.001139633902662925,
"avg_TS_ap_8": 0.9960803346096275,
"std_TS_ap_8": 0.0004253186196621179,
"avg_TS_auc_8": 0.9733778888888889,
"std_TS_auc_8": 0.0018746904386433229,
"avg_TS_f1_9": 0.9808222222222222,
"std_TS_f1_9": 0.0007717224601860125,
"avg_TS_ap_9": 0.9986650867539009,
"std_TS_ap_9": 9.798098187569717e-05,
"avg_TS_auc_9": 0.9883176999999999,
"std_TS_auc_9": 0.0008420517839857087,
"avg_TS_f1_all": 0.9639914984165788,
"std_TS_f1_all": 0.00027316298494517574,
"avg_TS_ap_all": 0.9928371913134534,
"std_TS_ap_all": 0.00018440158605609916,
"avg_TS_auc_all": 0.9433368455555555,
"std_TS_auc_all": 0.0010232444591724505
}