{
"avg_TS_f1_0": 0.9493100382119994,
"std_TS_f1_0": 0.002853747613967104,
"avg_TS_ap_0": 0.9813713620062968,
"std_TS_ap_0": 0.0003585909796680851,
"avg_TS_auc_0": 0.8747494111111112,
"std_TS_auc_0": 0.004777935221772872,
"avg_TS_f1_1": 0.9857665302393344,
"std_TS_f1_1": 0.001651025815994541,
"avg_TS_ap_1": 0.9936045011703492,
"std_TS_ap_1": 0.0005211771268385264,
"avg_TS_auc_1": 0.9665058666666667,
"std_TS_auc_1": 0.0015065904055593736,
"avg_TS_f1_2": 0.9521322616688582,
"std_TS_f1_2": 0.00047038160789310203,
"avg_TS_ap_2": 0.9887671640365733,
"std_TS_ap_2": 0.0004671201648427831,
"avg_TS_auc_2": 0.9180446111111111,
"std_TS_auc_2": 0.0021712538000421646,
"avg_TS_f1_3": 0.9348770462556562,
"std_TS_f1_3": 0.003158614410885199,
"avg_TS_ap_3": 0.9704441467887509,
"std_TS_ap_3": 0.002044054374234039,
"avg_TS_auc_3": 0.8086597555555557,
"std_TS_auc_3": 0.014287356442215383,
"avg_TS_f1_4": 0.9391541962207777,
"std_TS_f1_4": 0.0012987111061636687,
"avg_TS_ap_4": 0.9852606817356346,
"std_TS_ap_4": 0.0010801300126592154,
"avg_TS_auc_4": 0.8913336888888889,
"std_TS_auc_4": 0.005100873615638382,
"avg_TS_f1_5": 0.9495989419165263,
"std_TS_f1_5": 0.0028277176143471573,
"avg_TS_ap_5": 0.987788917398953,
"std_TS_ap_5": 0.0007212594980011608,
"avg_TS_auc_5": 0.9079551,
"std_TS_auc_5": 0.006305973117099442,
"avg_TS_f1_6": 0.9263197361876652,
"std_TS_f1_6": 0.0016910345497340414,
"avg_TS_ap_6": 0.9713500174810239,
"std_TS_ap_6": 0.0023619127960210215,
"avg_TS_auc_6": 0.8015179333333332,
"std_TS_auc_6": 0.011517542685094051,
"avg_TS_f1_7": 0.9735549925613152,
"std_TS_f1_7": 0.002431347748883768,
"avg_TS_ap_7": 0.9968515442343235,
"std_TS_ap_7": 0.0004013214955800159,
"avg_TS_auc_7": 0.9753777000000001,
"std_TS_auc_7": 0.003234746765252054,
"avg_TS_f1_8": 0.9449098937595298,
"std_TS_f1_8": 0.002619527162462155,
"avg_TS_ap_8": 0.9728099264110494,
"std_TS_ap_8": 0.0028008126541286963,
"avg_TS_auc_8": 0.8403261000000001,
"std_TS_auc_8": 0.014671456989906144,
"avg_TS_f1_9": 0.9779328752831947,
"std_TS_f1_9": 0.0012650751083083274,
"avg_TS_ap_9": 0.996524686146033,
"std_TS_ap_9": 0.00037303967693468027,
"avg_TS_auc_9": 0.9737606777777778,
"std_TS_auc_9": 0.0026793369599470516,
"avg_TS_f1_all": 0.9533556512304857,
"std_TS_f1_all": 0.0007056771705840416,
"avg_TS_ap_all": 0.9844772947408987,
"std_TS_ap_all": 0.0008260666889072027,
"avg_TS_auc_all": 0.8958230844444444,
"std_TS_auc_all": 0.00396977206312154
}