{
"avg_TS_f1_0": 0.9576647800891486,
"std_TS_f1_0": 0.0005723842116279494,
"avg_TS_ap_0": 0.9876648875987544,
"std_TS_ap_0": 0.0003192073144712425,
"avg_TS_auc_0": 0.9107244777777778,
"std_TS_auc_0": 0.002046035806560678,
"avg_TS_f1_1": 0.9920999129581272,
"std_TS_f1_1": 0.00011326045600721137,
"avg_TS_ap_1": 0.9963483175731289,
"std_TS_ap_1": 0.0005020942767636196,
"avg_TS_auc_1": 0.9813926111111112,
"std_TS_auc_1": 0.001320375625099915,
"avg_TS_f1_2": 0.9555758232940178,
"std_TS_f1_2": 0.0008911130653160059,
"avg_TS_ap_2": 0.991272626133657,
"std_TS_ap_2": 0.0005278012189758421,
"avg_TS_auc_2": 0.9327190555555556,
"std_TS_auc_2": 0.002269863073860186,
"avg_TS_f1_3": 0.9371201091418658,
"std_TS_f1_3": 0.002555894678633229,
"avg_TS_ap_3": 0.9756609545632144,
"std_TS_ap_3": 0.002956326124916937,
"avg_TS_auc_3": 0.8275541888888889,
"std_TS_auc_3": 0.018749924343834223,
"avg_TS_f1_4": 0.9436863812727516,
"std_TS_f1_4": 0.0005545075866084705,
"avg_TS_ap_4": 0.9890328018066137,
"std_TS_ap_4": 0.00024410654230892824,
"avg_TS_auc_4": 0.9117860555555556,
"std_TS_auc_4": 0.0012296537337552528,
"avg_TS_f1_5": 0.9652214493397782,
"std_TS_f1_5": 0.0012556575732661599,
"avg_TS_ap_5": 0.9963218505902038,
"std_TS_ap_5": 0.00024401489570289477,
"avg_TS_auc_5": 0.9673263777777776,
"std_TS_auc_5": 0.002187688572866742,
"avg_TS_f1_6": 0.9276396317433175,
"std_TS_f1_6": 0.0008988072078805062,
"avg_TS_ap_6": 0.9780313134219775,
"std_TS_ap_6": 0.0003365832444854365,
"avg_TS_auc_6": 0.8300577111111112,
"std_TS_auc_6": 0.0013988978895659505,
"avg_TS_f1_7": 0.9772108549240389,
"std_TS_f1_7": 0.0004668133175158791,
"avg_TS_ap_7": 0.9983755285058067,
"std_TS_ap_7": 9.679131166869664e-05,
"avg_TS_auc_7": 0.9854427444444444,
"std_TS_auc_7": 0.0008131560861813757,
"avg_TS_f1_8": 0.9634657283429326,
"std_TS_f1_8": 0.011438043271747477,
"avg_TS_ap_8": 0.9889129847553647,
"std_TS_ap_8": 0.0029359310314247054,
"avg_TS_auc_8": 0.9281521000000001,
"std_TS_auc_8": 0.021571588258358435,
"avg_TS_f1_9": 0.9813995728157737,
"std_TS_f1_9": 0.0008518903703748897,
"avg_TS_ap_9": 0.9985650042606788,
"std_TS_ap_9": 0.00011376389435662523,
"avg_TS_auc_9": 0.9879792000000001,
"std_TS_auc_9": 0.0007612262383325908,
"avg_TS_f1_all": 0.9601084243921754,
"std_TS_f1_all": 0.0009329910245812724,
"avg_TS_ap_all": 0.9900186269209401,
"std_TS_ap_all": 0.0003491403056135743,
"avg_TS_auc_all": 0.9263134522222222,
"std_TS_auc_all": 0.0019750926729612227
}