{
"avg_TS_f1_0": 0.9380076670926162,
"std_TS_f1_0": 0.0012405387621048584,
"avg_TS_ap_0": 0.9656292299791813,
"std_TS_ap_0": 0.0008819954021648093,
"avg_TS_auc_0": 0.7990024444444446,
"std_TS_auc_0": 0.004417201400473508,
"avg_TS_f1_1": 0.9724768598255459,
"std_TS_f1_1": 0.0002868062898100933,
"avg_TS_ap_1": 0.9871599304718052,
"std_TS_ap_1": 0.00033794740495900064,
"avg_TS_auc_1": 0.9299339777777778,
"std_TS_auc_1": 0.0019370442758663577,
"avg_TS_f1_2": 0.9462303461303406,
"std_TS_f1_2": 0.001518042678632183,
"avg_TS_ap_2": 0.9801578962170734,
"std_TS_ap_2": 0.0009359035977995014,
"avg_TS_auc_2": 0.8696082777777777,
"std_TS_auc_2": 0.003904353288634277,
"avg_TS_f1_3": 0.9184834502140268,
"std_TS_f1_3": 0.0008798353221458804,
"avg_TS_ap_3": 0.9554895606133433,
"std_TS_ap_3": 0.00137516208450612,
"avg_TS_auc_3": 0.7216423777777778,
"std_TS_auc_3": 0.006173015674112542,
"avg_TS_f1_4": 0.9340830573804366,
"std_TS_f1_4": 0.0012135481285441843,
"avg_TS_ap_4": 0.9768315404812423,
"std_TS_ap_4": 0.000674401735401979,
"avg_TS_auc_4": 0.8462527888888889,
"std_TS_auc_4": 0.004369022011564026,
"avg_TS_f1_5": 0.9179806774287131,
"std_TS_f1_5": 0.0016943011693677829,
"avg_TS_ap_5": 0.9623678741482637,
"std_TS_ap_5": 0.002048749257436157,
"avg_TS_auc_5": 0.7452794777777777,
"std_TS_auc_5": 0.012104937385297606,
"avg_TS_f1_6": 0.9221965553641868,
"std_TS_f1_6": 0.0010875289342934474,
"avg_TS_ap_6": 0.9584981305812516,
"std_TS_ap_6": 0.0005363668538917691,
"avg_TS_auc_6": 0.7442026888888889,
"std_TS_auc_6": 0.0024202788783297393,
"avg_TS_f1_7": 0.9587083392990909,
"std_TS_f1_7": 0.0011438742074517474,
"avg_TS_ap_7": 0.9904777608741042,
"std_TS_ap_7": 0.0004302618924622271,
"avg_TS_auc_7": 0.9305859444444445,
"std_TS_auc_7": 0.003668682890946123,
"avg_TS_f1_8": 0.9154934345086552,
"std_TS_f1_8": 0.003742360384154646,
"avg_TS_ap_8": 0.9338311233534522,
"std_TS_ap_8": 0.002949654492595457,
"avg_TS_auc_8": 0.6514957777777778,
"std_TS_auc_8": 0.018440580139738674,
"avg_TS_f1_9": 0.9640757819878882,
"std_TS_f1_9": 0.0005769544968385944,
"avg_TS_ap_9": 0.9879231729297222,
"std_TS_ap_9": 0.00036774960546880406,
"avg_TS_auc_9": 0.9240353666666665,
"std_TS_auc_9": 0.0019357242363672571,
"avg_TS_f1_all": 0.93877361692315,
"std_TS_f1_all": 0.0005315953861562008,
"avg_TS_ap_all": 0.9698366219649438,
"std_TS_ap_all": 0.0003711897402033647,
"avg_TS_auc_all": 0.8162039122222223,
"std_TS_auc_all": 0.0023387582364495143
}