{
"avg_TS_f1_0": 0.9452315017500972,
"std_TS_f1_0": 0.000897181061465656,
"avg_TS_ap_0": 0.9710875060599408,
"std_TS_ap_0": 0.0012606536127259401,
"avg_TS_auc_0": 0.8310114888888889,
"std_TS_auc_0": 0.00636207333327939,
"avg_TS_f1_1": 0.9791442018383737,
"std_TS_f1_1": 0.0013859900765303848,
"avg_TS_ap_1": 0.9886453981292526,
"std_TS_ap_1": 0.00062952443818369,
"avg_TS_auc_1": 0.9420825,
"std_TS_auc_1": 0.002679209899196108,
"avg_TS_f1_2": 0.9511111111111111,
"std_TS_f1_2": 0.0018947621108704093,
"avg_TS_ap_2": 0.9853225941304423,
"std_TS_ap_2": 0.0008412272246174837,
"avg_TS_auc_2": 0.8994930333333334,
"std_TS_auc_2": 0.004158299794951263,
"avg_TS_f1_3": 0.9240752288707398,
"std_TS_f1_3": 0.002702362650501745,
"avg_TS_ap_3": 0.9588696716921742,
"std_TS_ap_3": 0.0009079044236943036,
"avg_TS_auc_3": 0.7468782888888889,
"std_TS_auc_3": 0.007750725809453788,
"avg_TS_f1_4": 0.9371645596812904,
"std_TS_f1_4": 0.000997077477509542,
"avg_TS_ap_4": 0.981647583778533,
"std_TS_ap_4": 0.000980318677229089,
"avg_TS_auc_4": 0.8702329555555556,
"std_TS_auc_4": 0.006294305100683763,
"avg_TS_f1_5": 0.9373867991911675,
"std_TS_f1_5": 0.0029582536305758724,
"avg_TS_ap_5": 0.9758850215591235,
"std_TS_ap_5": 0.0014098598673007866,
"avg_TS_auc_5": 0.8338772000000001,
"std_TS_auc_5": 0.010954851371813299,
"avg_TS_f1_6": 0.9228991400756833,
"std_TS_f1_6": 0.0005384073913771175,
"avg_TS_ap_6": 0.963621363824316,
"std_TS_ap_6": 0.002143642662240422,
"avg_TS_auc_6": 0.7667417777777777,
"std_TS_auc_6": 0.009342101335973898,
"avg_TS_f1_7": 0.967988522819169,
"std_TS_f1_7": 0.0005847379191340706,
"avg_TS_ap_7": 0.9940358939780294,
"std_TS_ap_7": 0.00037106598516875095,
"avg_TS_auc_7": 0.9558473444444445,
"std_TS_auc_7": 0.0025140251468045243,
"avg_TS_f1_8": 0.9289095381842201,
"std_TS_f1_8": 0.002773342173191255,
"avg_TS_ap_8": 0.9508317879776943,
"std_TS_ap_8": 0.0031004475692053505,
"avg_TS_auc_8": 0.7318801444444445,
"std_TS_auc_8": 0.01553940895378072,
"avg_TS_f1_9": 0.9712222222222223,
"std_TS_f1_9": 0.0013571939097424383,
"avg_TS_ap_9": 0.992939281841128,
"std_TS_ap_9": 0.0006716674641226893,
"avg_TS_auc_9": 0.9502107888888889,
"std_TS_auc_9": 0.004156313300403597,
"avg_TS_f1_all": 0.9465132825744075,
"std_TS_f1_all": 0.0009591511333391162,
"avg_TS_ap_all": 0.9762886102970635,
"std_TS_ap_all": 0.0006551718117674969,
"avg_TS_auc_all": 0.8528255522222222,
"std_TS_auc_all": 0.004133509733231936
}