{
"avg_TS_f1_0": 0.9426980867181568,
"std_TS_f1_0": 0.0009557411790527459,
"avg_TS_ap_0": 0.9772512833067328,
"std_TS_ap_0": 0.0015507088279277281,
"avg_TS_auc_0": 0.8441736555555555,
"std_TS_auc_0": 0.007360342126072646,
"avg_TS_f1_1": 0.9775106209604237,
"std_TS_f1_1": 0.0009819712164195226,
"avg_TS_ap_1": 0.9904591882851378,
"std_TS_ap_1": 0.001243491647157181,
"avg_TS_auc_1": 0.9471681000000001,
"std_TS_auc_1": 0.0038261067527200487,
"avg_TS_f1_2": 0.9490433135174177,
"std_TS_f1_2": 0.0011500340384716884,
"avg_TS_ap_2": 0.9868772528538312,
"std_TS_ap_2": 0.0009277221892853432,
"avg_TS_auc_2": 0.9004276000000001,
"std_TS_auc_2": 0.004585423703163187,
"avg_TS_f1_3": 0.9215862893617546,
"std_TS_f1_3": 0.0007207817309212446,
"avg_TS_ap_3": 0.9664500692070555,
"std_TS_ap_3": 0.0034594227730944467,
"avg_TS_auc_3": 0.7621442444444446,
"std_TS_auc_3": 0.014125819849673617,
"avg_TS_f1_4": 0.9381201696390539,
"std_TS_f1_4": 0.001278756526465756,
"avg_TS_ap_4": 0.9839580447323615,
"std_TS_ap_4": 0.0007303459152107455,
"avg_TS_auc_4": 0.8768531222222222,
"std_TS_auc_4": 0.0030621736331816764,
"avg_TS_f1_5": 0.9299865115963233,
"std_TS_f1_5": 0.002322374753224051,
"avg_TS_ap_5": 0.9779209511077683,
"std_TS_ap_5": 0.0013745893368171775,
"avg_TS_auc_5": 0.8319977777777776,
"std_TS_auc_5": 0.009046440080816445,
"avg_TS_f1_6": 0.9233418733139496,
"std_TS_f1_6": 0.0007514508257094972,
"avg_TS_ap_6": 0.9706444255333002,
"std_TS_ap_6": 0.0020307673800704176,
"avg_TS_auc_6": 0.7889745888888889,
"std_TS_auc_6": 0.0107161254088072,
"avg_TS_f1_7": 0.9650658802032211,
"std_TS_f1_7": 0.0008819067179078877,
"avg_TS_ap_7": 0.9949514891608009,
"std_TS_ap_7": 0.0003644436630267349,
"avg_TS_auc_7": 0.9588186000000001,
"std_TS_auc_7": 0.002894273655741811,
"avg_TS_f1_8": 0.9218631577301508,
"std_TS_f1_8": 0.0013641958676020322,
"avg_TS_ap_8": 0.9494271144162607,
"std_TS_ap_8": 0.0013240815596300471,
"avg_TS_auc_8": 0.7102473222222223,
"std_TS_auc_8": 0.005808679894905689,
"avg_TS_f1_9": 0.9730660691026044,
"std_TS_f1_9": 0.00015459388983207019,
"avg_TS_ap_9": 0.9945405539490698,
"std_TS_ap_9": 0.00040054617209144336,
"avg_TS_auc_9": 0.9591072666666666,
"std_TS_auc_9": 0.002235519401463821,
"avg_TS_f1_all": 0.9442281972143057,
"std_TS_f1_all": 0.00045302509451222814,
"avg_TS_ap_all": 0.9792480372552319,
"std_TS_ap_all": 0.0008296630869387006,
"avg_TS_auc_all": 0.8579912277777776,
"std_TS_auc_all": 0.003406348997939724
}