{
"avg_TS_f1_0": 0.9570202763791341,
"std_TS_f1_0": 0.0016664287961449772,
"avg_TS_ap_0": 0.9879953616917826,
"std_TS_ap_0": 0.0006962979054798034,
"avg_TS_auc_0": 0.9113916666666666,
"std_TS_auc_0": 0.004969193415558964,
"avg_TS_f1_1": 0.9921665845633401,
"std_TS_f1_1": 0.0004893191382609928,
"avg_TS_ap_1": 0.9969551501191715,
"std_TS_ap_1": 0.0002507348521861814,
"avg_TS_auc_1": 0.9832988,
"std_TS_auc_1": 0.0011218524476600998,
"avg_TS_f1_2": 0.9538772734287708,
"std_TS_f1_2": 0.0009621232034833459,
"avg_TS_ap_2": 0.9920357679843228,
"std_TS_ap_2": 0.0003826582425691916,
"avg_TS_auc_2": 0.9356445222222224,
"std_TS_auc_2": 0.002112226916705309,
"avg_TS_f1_3": 0.9457648782957078,
"std_TS_f1_3": 0.0015915767037407,
"avg_TS_ap_3": 0.9834347009654076,
"std_TS_ap_3": 0.0007925869751651513,
"avg_TS_auc_3": 0.8767168111111111,
"std_TS_auc_3": 0.006254701536789842,
"avg_TS_f1_4": 0.9433765196831922,
"std_TS_f1_4": 0.0008530196106172141,
"avg_TS_ap_4": 0.9894373342264344,
"std_TS_ap_4": 0.0002477775636456262,
"avg_TS_auc_4": 0.9131304111111112,
"std_TS_auc_4": 0.0012999126944093153,
"avg_TS_f1_5": 0.9662444444444442,
"std_TS_f1_5": 0.00034712220781807747,
"avg_TS_ap_5": 0.9962827797363705,
"std_TS_ap_5": 0.00015180401948477194,
"avg_TS_auc_5": 0.9672689333333334,
"std_TS_auc_5": 0.0012014267086661423,
"avg_TS_f1_6": 0.9269539196622034,
"std_TS_f1_6": 0.0005476235001581983,
"avg_TS_ap_6": 0.9793307856306219,
"std_TS_ap_6": 0.0004278500854460765,
"avg_TS_auc_6": 0.8362884111111111,
"std_TS_auc_6": 0.0019752471620933794,
"avg_TS_f1_7": 0.9768444444444444,
"std_TS_f1_7": 0.0007969076034240434,
"avg_TS_ap_7": 0.9983355715296554,
"std_TS_ap_7": 8.203707799837774e-05,
"avg_TS_auc_7": 0.9849956111111112,
"std_TS_auc_7": 0.0007231647175035817,
"avg_TS_f1_8": 0.9654444444444445,
"std_TS_f1_8": 0.004637474834379795,
"avg_TS_ap_8": 0.9888548924691729,
"std_TS_ap_8": 0.0014966275336693404,
"avg_TS_auc_8": 0.9271881000000001,
"std_TS_auc_8": 0.010292578130603042,
"avg_TS_f1_9": 0.9803106629380643,
"std_TS_f1_9": 0.00045670739250037957,
"avg_TS_ap_9": 0.998574896991939,
"std_TS_ap_9": 8.693119164481425e-05,
"avg_TS_auc_9": 0.9876994,
"std_TS_auc_9": 0.0006510834611117456,
"avg_TS_f1_all": 0.9608003448283746,
"std_TS_f1_all": 0.0003855886700880143,
"avg_TS_ap_all": 0.9911237241344878,
"std_TS_ap_all": 0.0002144217226915659,
"avg_TS_auc_all": 0.9323622666666666,
"std_TS_auc_all": 0.000978881976448022
}