{
"avg_TS_f1_0": 0.9514550351562742,
"std_TS_f1_0": 0.00359508552253806,
"avg_TS_ap_0": 0.986261791542506,
"std_TS_ap_0": 0.001680310916688867,
"avg_TS_auc_0": 0.8952472666666667,
"std_TS_auc_0": 0.012426231431408112,
"avg_TS_f1_1": 0.9916444444444444,
"std_TS_f1_1": 0.0001295767087743321,
"avg_TS_ap_1": 0.9977550773199226,
"std_TS_ap_1": 0.00042263014709088804,
"avg_TS_auc_1": 0.9868039999999999,
"std_TS_auc_1": 0.00183624596479063,
"avg_TS_f1_2": 0.9527439116987981,
"std_TS_f1_2": 0.0011034152726155523,
"avg_TS_ap_2": 0.9921348232715385,
"std_TS_ap_2": 0.0001667742821202819,
"avg_TS_auc_2": 0.9351261666666666,
"std_TS_auc_2": 0.0011086722405819066,
"avg_TS_f1_3": 0.9237333333333334,
"std_TS_f1_3": 0.0022515838047093947,
"avg_TS_ap_3": 0.9624447743776686,
"std_TS_ap_3": 0.013943977462526493,
"avg_TS_auc_3": 0.7580447333333333,
"std_TS_auc_3": 0.038752628100498655,
"avg_TS_f1_4": 0.9407646770499596,
"std_TS_f1_4": 0.0006581547314451414,
"avg_TS_ap_4": 0.9888866253304261,
"std_TS_ap_4": 0.00019467265216568876,
"avg_TS_auc_4": 0.906764722222222,
"std_TS_auc_4": 0.001523898615434673,
"avg_TS_f1_5": 0.9582444444444445,
"std_TS_f1_5": 0.0031469365860377976,
"avg_TS_ap_5": 0.9953648804967765,
"std_TS_ap_5": 0.0007989722950420652,
"avg_TS_auc_5": 0.9580636888888889,
"std_TS_auc_5": 0.007071963996210872,
"avg_TS_f1_6": 0.9235299504293449,
"std_TS_f1_6": 0.0008327189418529444,
"avg_TS_ap_6": 0.9755738812987935,
"std_TS_ap_6": 0.0038572733303948174,
"avg_TS_auc_6": 0.8105033888888891,
"std_TS_auc_6": 0.020598532908923436,
"avg_TS_f1_7": 0.9743441586260964,
"std_TS_f1_7": 0.001458238042628146,
"avg_TS_ap_7": 0.9981241249362581,
"std_TS_ap_7": 0.0001583530607911676,
"avg_TS_auc_7": 0.9829670222222221,
"std_TS_auc_7": 0.0014530763162985435,
"avg_TS_f1_8": 0.9349411966059702,
"std_TS_f1_8": 0.035188832578593614,
"avg_TS_ap_8": 0.8967601786879775,
"std_TS_ap_8": 0.08123740479443343,
"avg_TS_auc_8": 0.6261027777777778,
"std_TS_auc_8": 0.2814650667562363,
"avg_TS_f1_9": 0.9808553364075783,
"std_TS_f1_9": 0.0007335061060031218,
"avg_TS_ap_9": 0.9987027032811749,
"std_TS_ap_9": 5.799713196151197e-05,
"avg_TS_auc_9": 0.9884157888888888,
"std_TS_auc_9": 0.0005473739647480326,
"avg_TS_f1_all": 0.9532256488196245,
"std_TS_f1_all": 0.003366570658651178,
"avg_TS_ap_all": 0.9792008860543044,
"std_TS_ap_all": 0.008146038016848434,
"avg_TS_auc_all": 0.8848039555555556,
"std_TS_auc_all": 0.025874196407988225
}