{
"avg_TS_f1_0": 0.9323659487255466,
"std_TS_f1_0": 0.008261773240318562,
"avg_TS_ap_0": 0.9712864039869473,
"std_TS_ap_0": 0.00752393429136488,
"avg_TS_auc_0": 0.8035591111111111,
"std_TS_auc_0": 0.048819449207636846,
"avg_TS_f1_1": 0.9755769752194687,
"std_TS_f1_1": 0.008822865868699617,
"avg_TS_ap_1": 0.9938215790977825,
"std_TS_ap_1": 0.0011999275993075631,
"avg_TS_auc_1": 0.9621197555555556,
"std_TS_auc_1": 0.01117240624819989,
"avg_TS_f1_2": 0.9402444444444443,
"std_TS_f1_2": 0.010430108364433574,
"avg_TS_ap_2": 0.9866181907859775,
"std_TS_ap_2": 0.003098665610269696,
"avg_TS_auc_2": 0.8916991,
"std_TS_auc_2": 0.024859942408021012,
"avg_TS_f1_3": 0.9356994203381669,
"std_TS_f1_3": 0.007689997291308978,
"avg_TS_ap_3": 0.9786040317871318,
"std_TS_ap_3": 0.003969806081601596,
"avg_TS_auc_3": 0.8411356333333334,
"std_TS_auc_3": 0.027318933738447387,
"avg_TS_f1_4": 0.9329882265064109,
"std_TS_f1_4": 0.004021310636480086,
"avg_TS_ap_4": 0.9771285826066901,
"std_TS_ap_4": 0.006655615236991519,
"avg_TS_auc_4": 0.8412712888888889,
"std_TS_auc_4": 0.0317702500013557,
"avg_TS_f1_5": 0.9517333333333333,
"std_TS_f1_5": 0.012124579666890126,
"avg_TS_ap_5": 0.9899535684307633,
"std_TS_ap_5": 0.0028822839756543935,
"avg_TS_auc_5": 0.9233590555555555,
"std_TS_auc_5": 0.01795863609008351,
"avg_TS_f1_6": 0.9180203369322987,
"std_TS_f1_6": 0.008934846722897544,
"avg_TS_ap_6": 0.9692530580404812,
"std_TS_ap_6": 0.0064432442160090725,
"avg_TS_auc_6": 0.7783412333333332,
"std_TS_auc_6": 0.03898614971200875,
"avg_TS_f1_7": 0.9531988727768825,
"std_TS_f1_7": 0.005805465700616588,
"avg_TS_ap_7": 0.9937502384705228,
"std_TS_ap_7": 0.001340403508418763,
"avg_TS_auc_7": 0.9449524222222223,
"std_TS_auc_7": 0.01127455706499599,
"avg_TS_f1_8": 0.9660328462692371,
"std_TS_f1_8": 0.008501807070158744,
"avg_TS_ap_8": 0.9871678122785903,
"std_TS_ap_8": 0.005967136766493602,
"avg_TS_auc_8": 0.9209575444444443,
"std_TS_auc_8": 0.030759608264041446,
"avg_TS_f1_9": 0.9563875400485212,
"std_TS_f1_9": 0.00922573001207,
"avg_TS_ap_9": 0.9914866665815308,
"std_TS_ap_9": 0.0010619738775321198,
"avg_TS_auc_9": 0.9328519111111111,
"std_TS_auc_9": 0.01170472017409335,
"avg_TS_f1_all": 0.9462247944594312,
"std_TS_f1_all": 0.0020057157420694644,
"avg_TS_ap_all": 0.9839070132066416,
"std_TS_ap_all": 0.0019271079202344617,
"avg_TS_auc_all": 0.8840247055555555,
"std_TS_auc_all": 0.009455604965036795
}