{
"avg_TS_f1_0": 0.9259333333333334,
"std_TS_f1_0": 0.010009032957321133,
"avg_TS_ap_0": 0.9722012998288949,
"std_TS_ap_0": 0.005310355257660905,
"avg_TS_auc_0": 0.7976862555555555,
"std_TS_auc_0": 0.036946868582467485,
"avg_TS_f1_1": 0.9568000000000001,
"std_TS_f1_1": 0.008555238089348086,
"avg_TS_ap_1": 0.9857223281513429,
"std_TS_ap_1": 0.005113819765111272,
"avg_TS_auc_1": 0.9092733222222222,
"std_TS_auc_1": 0.039502727184825684,
"avg_TS_f1_2": 0.9416,
"std_TS_f1_2": 0.010352932428860094,
"avg_TS_ap_2": 0.986248094009644,
"std_TS_ap_2": 0.002492059107177473,
"avg_TS_auc_2": 0.8942019999999999,
"std_TS_auc_2": 0.02285511355449563,
"avg_TS_f1_3": 0.9134,
"std_TS_f1_3": 0.005829935518352519,
"avg_TS_ap_3": 0.9462788984495454,
"std_TS_ap_3": 0.016758305474893685,
"avg_TS_auc_3": 0.6723619888888889,
"std_TS_auc_3": 0.07240966692470117,
"avg_TS_f1_4": 0.9196444444444444,
"std_TS_f1_4": 0.00497867055485967,
"avg_TS_ap_4": 0.9728130919875779,
"std_TS_ap_4": 0.007833433151518179,
"avg_TS_auc_4": 0.7969496777777778,
"std_TS_auc_4": 0.04388556187896642,
"avg_TS_f1_5": 0.9586666666666666,
"std_TS_f1_5": 0.007667149743234774,
"avg_TS_ap_5": 0.9866802516650642,
"std_TS_ap_5": 0.007301253646991976,
"avg_TS_auc_5": 0.9188079777777778,
"std_TS_auc_5": 0.02877262175815369,
"avg_TS_f1_6": 0.909,
"std_TS_f1_6": 0.0031964486466416584,
"avg_TS_ap_6": 0.955931112642347,
"std_TS_ap_6": 0.005333044831999449,
"avg_TS_auc_6": 0.7006964555555555,
"std_TS_auc_6": 0.025610874409135162,
"avg_TS_f1_7": 0.929511111111111,
"std_TS_f1_7": 0.009293725481922378,
"avg_TS_ap_7": 0.976447757953997,
"std_TS_ap_7": 0.0085565073986703,
"avg_TS_auc_7": 0.8219794222222223,
"std_TS_auc_7": 0.055214406195992445,
"avg_TS_f1_8": 0.9326666666666668,
"std_TS_f1_8": 0.017385675954505228,
"avg_TS_ap_8": 0.9708764331707649,
"std_TS_ap_8": 0.008955240437870321,
"avg_TS_auc_8": 0.8061897111111109,
"std_TS_auc_8": 0.06552524474170995,
"avg_TS_f1_9": 0.949111111111111,
"std_TS_f1_9": 0.012436902476496169,
"avg_TS_ap_9": 0.9847845685600296,
"std_TS_ap_9": 0.006520582875898859,
"avg_TS_auc_9": 0.8869914222222223,
"std_TS_auc_9": 0.04528988910398604,
"avg_TS_f1_all": 0.9336333333333332,
"std_TS_f1_all": 0.0033465146785613908,
"avg_TS_ap_all": 0.973798383641921,
"std_TS_ap_all": 0.002072748973692882,
"avg_TS_auc_all": 0.8205138233333333,
"std_TS_auc_all": 0.015790688823130686
}