{
"avg_TS_f1_0": 0.9579652412788364,
"std_TS_f1_0": 0.0014420406203609776,
"avg_TS_ap_0": 0.9875986721376053,
"std_TS_ap_0": 0.0004998208784220819,
"avg_TS_auc_0": 0.9103885222222221,
"std_TS_auc_0": 0.0028915520548532304,
"avg_TS_f1_1": 0.9912222222222221,
"std_TS_f1_1": 0.00021081851067788045,
"avg_TS_ap_1": 0.996353904489446,
"std_TS_ap_1": 0.00039879687509439466,
"avg_TS_auc_1": 0.9804258444444445,
"std_TS_auc_1": 0.0011355663346954883,
"avg_TS_f1_2": 0.9533777777777777,
"std_TS_f1_2": 0.001621765536935029,
"avg_TS_ap_2": 0.991457782690323,
"std_TS_ap_2": 0.0004751146304100061,
"avg_TS_auc_2": 0.9317859444444444,
"std_TS_auc_2": 0.0030359126300885347,
"avg_TS_f1_3": 0.942098121500577,
"std_TS_f1_3": 0.002295684300234897,
"avg_TS_ap_3": 0.9801464425529576,
"std_TS_ap_3": 0.0006324861717939236,
"avg_TS_auc_3": 0.8581840333333334,
"std_TS_auc_3": 0.0056345494554732095,
"avg_TS_f1_4": 0.940143770950238,
"std_TS_f1_4": 0.0008317954895809918,
"avg_TS_ap_4": 0.9885145127544291,
"std_TS_ap_4": 0.0004575220446357747,
"avg_TS_auc_4": 0.9056290666666665,
"std_TS_auc_4": 0.0025811149216502217,
"avg_TS_f1_5": 0.9641324987190647,
"std_TS_f1_5": 0.0030170964268744975,
"avg_TS_ap_5": 0.9957910984830436,
"std_TS_ap_5": 0.0007223734683617315,
"avg_TS_auc_5": 0.9634890333333335,
"std_TS_auc_5": 0.005867116637688943,
"avg_TS_f1_6": 0.9261864251717687,
"std_TS_f1_6": 0.000892389552697923,
"avg_TS_ap_6": 0.9780395947747772,
"std_TS_ap_6": 0.00041692883331511966,
"avg_TS_auc_6": 0.8279367222222224,
"std_TS_auc_6": 0.002500152251413303,
"avg_TS_f1_7": 0.974088888888889,
"std_TS_f1_7": 0.001960599555565595,
"avg_TS_ap_7": 0.9980088886990174,
"std_TS_ap_7": 0.00020950076219175778,
"avg_TS_auc_7": 0.982078188888889,
"std_TS_auc_7": 0.0019510526299765015,
"avg_TS_f1_8": 0.9682666666666666,
"std_TS_f1_8": 0.006258071331498513,
"avg_TS_ap_8": 0.9894545158608024,
"std_TS_ap_8": 0.0018461159445680283,
"avg_TS_auc_8": 0.9320915111111112,
"std_TS_auc_8": 0.0132841024979875,
"avg_TS_f1_9": 0.9796997845559321,
"std_TS_f1_9": 0.00137224793270746,
"avg_TS_ap_9": 0.9984631042525589,
"std_TS_ap_9": 9.310099401187764e-05,
"avg_TS_auc_9": 0.9867250111111112,
"std_TS_auc_9": 0.0008759691679562019,
"avg_TS_f1_all": 0.9597181397731973,
"std_TS_f1_all": 0.0011304512029067595,
"avg_TS_ap_all": 0.9903828516694959,
"std_TS_ap_all": 0.0004057654095385136,
"avg_TS_auc_all": 0.9278733877777776,
"std_TS_auc_all": 0.002670007176832727
}