{
"avg_TS_f1_0": 0.954654041273898,
"std_TS_f1_0": 0.001629109830720546,
"avg_TS_ap_0": 0.9857602903456018,
"std_TS_ap_0": 0.00026987474507117357,
"avg_TS_auc_0": 0.8989544888888888,
"std_TS_auc_0": 0.0021464368077419977,
"avg_TS_f1_1": 0.9919111111111111,
"std_TS_f1_1": 0.00036784323016104037,
"avg_TS_ap_1": 0.9961784642571218,
"std_TS_ap_1": 0.0007510509679340504,
"avg_TS_auc_1": 0.9805750666666666,
"std_TS_auc_1": 0.002236489266685608,
"avg_TS_f1_2": 0.9528222222222222,
"std_TS_f1_2": 0.0014850697285869708,
"avg_TS_ap_2": 0.9911696973988817,
"std_TS_ap_2": 0.0006834516662216181,
"avg_TS_auc_2": 0.9300238777777778,
"std_TS_auc_2": 0.00396348161131215,
"avg_TS_f1_3": 0.9362652134995153,
"std_TS_f1_3": 0.004987679146242463,
"avg_TS_ap_3": 0.975473620198869,
"std_TS_ap_3": 0.004382571864505951,
"avg_TS_auc_3": 0.8293930333333334,
"std_TS_auc_3": 0.025043803814901216,
"avg_TS_f1_4": 0.939766020334463,
"std_TS_f1_4": 0.0014741548879529437,
"avg_TS_ap_4": 0.9881308737188854,
"std_TS_ap_4": 0.0004539820662160665,
"avg_TS_auc_4": 0.9023835777777777,
"std_TS_auc_4": 0.0031332015146818943,
"avg_TS_f1_5": 0.9622436678580909,
"std_TS_f1_5": 0.004556651391753629,
"avg_TS_ap_5": 0.9957491706687401,
"std_TS_ap_5": 0.0007689488299569749,
"avg_TS_auc_5": 0.9621435555555555,
"std_TS_auc_5": 0.007072612956562376,
"avg_TS_f1_6": 0.9262650060805846,
"std_TS_f1_6": 0.0022333263464122044,
"avg_TS_ap_6": 0.9776798138950025,
"std_TS_ap_6": 0.000533059397234804,
"avg_TS_auc_6": 0.8271724888888888,
"std_TS_auc_6": 0.004343724744223625,
"avg_TS_f1_7": 0.9745777777777777,
"std_TS_f1_7": 0.0015482367509644043,
"avg_TS_ap_7": 0.9980877816553406,
"std_TS_ap_7": 0.0001707034788135436,
"avg_TS_auc_7": 0.9827031222222222,
"std_TS_auc_7": 0.0015568734791637634,
"avg_TS_f1_8": 0.9654428690095909,
"std_TS_f1_8": 0.004252013653437359,
"avg_TS_ap_8": 0.9878501827537665,
"std_TS_ap_8": 0.0022366502169102347,
"avg_TS_auc_8": 0.9233637,
"std_TS_auc_8": 0.014131140967520953,
"avg_TS_f1_9": 0.9786775561605274,
"std_TS_f1_9": 0.0010158652028709736,
"avg_TS_ap_9": 0.9983866392033198,
"std_TS_ap_9": 8.531170657878676e-05,
"avg_TS_auc_9": 0.9858504222222223,
"std_TS_auc_9": 0.0006964527711690608,
"avg_TS_f1_all": 0.9582625485327781,
"std_TS_f1_all": 0.0016080785802909774,
"avg_TS_ap_all": 0.9894466534095528,
"std_TS_ap_all": 0.0008748754068423587,
"avg_TS_auc_all": 0.9222563333333333,
"std_TS_auc_all": 0.00544839945818272
}