{
"avg_TS_f1_0": 0.9573555555555554,
"std_TS_f1_0": 0.006314553052030937,
"avg_TS_ap_0": 0.9854118702142495,
"std_TS_ap_0": 0.0018822771299334489,
"avg_TS_auc_0": 0.8984021888888888,
"std_TS_auc_0": 0.016086886788589293,
"avg_TS_f1_1": 0.986977777777778,
"std_TS_f1_1": 0.003160246903934434,
"avg_TS_ap_1": 0.9943071920390179,
"std_TS_ap_1": 0.002039613474341465,
"avg_TS_auc_1": 0.9694551666666665,
"std_TS_auc_1": 0.009626559289631511,
"avg_TS_f1_2": 0.9479988419109704,
"std_TS_f1_2": 0.003992774883834281,
"avg_TS_ap_2": 0.9864201367499581,
"std_TS_ap_2": 0.001619007373990473,
"avg_TS_auc_2": 0.8991318666666667,
"std_TS_auc_2": 0.011351798743071921,
"avg_TS_f1_3": 0.9355305775510079,
"std_TS_f1_3": 0.0026924655256786788,
"avg_TS_ap_3": 0.9344486221902238,
"std_TS_ap_3": 0.010533617372612606,
"avg_TS_auc_3": 0.7122084111111111,
"std_TS_auc_3": 0.03438114840208832,
"avg_TS_f1_4": 0.9365333333333334,
"std_TS_f1_4": 0.003842838457105275,
"avg_TS_ap_4": 0.98080035642791,
"std_TS_ap_4": 0.0015826444696493314,
"avg_TS_auc_4": 0.8585335333333333,
"std_TS_auc_4": 0.008065436086700014,
"avg_TS_f1_5": 0.948688888888889,
"std_TS_f1_5": 0.010494537085644863,
"avg_TS_ap_5": 0.9623214168307259,
"std_TS_ap_5": 0.018303681936681054,
"avg_TS_auc_5": 0.8233854,
"std_TS_auc_5": 0.05793360336123194,
"avg_TS_f1_6": 0.9264991820533239,
"std_TS_f1_6": 0.0018882840201729307,
"avg_TS_ap_6": 0.9677835087514328,
"std_TS_ap_6": 0.006904254484122259,
"avg_TS_auc_6": 0.7861858111111111,
"std_TS_auc_6": 0.025580341386022054,
"avg_TS_f1_7": 0.9550222222222222,
"std_TS_f1_7": 0.0028780995101148673,
"avg_TS_ap_7": 0.9930005336584138,
"std_TS_ap_7": 0.0016317998587164892,
"avg_TS_auc_7": 0.9427440777777777,
"std_TS_auc_7": 0.009178590986073501,
"avg_TS_f1_8": 0.9487555555555556,
"std_TS_f1_8": 0.01950668134983375,
"avg_TS_ap_8": 0.9391904465351846,
"std_TS_ap_8": 0.06324995420782269,
"avg_TS_auc_8": 0.7734814444444444,
"std_TS_auc_8": 0.19490155350576477,
"avg_TS_f1_9": 0.9576666666666667,
"std_TS_f1_9": 0.01067545933900575,
"avg_TS_ap_9": 0.9950490653214494,
"std_TS_ap_9": 0.0016132868075975626,
"avg_TS_auc_9": 0.9560830555555555,
"std_TS_auc_9": 0.014353372386582266,
"avg_TS_f1_all": 0.9501028601515301,
"std_TS_f1_all": 0.0031373976860745246,
"avg_TS_ap_all": 0.9738733148718566,
"std_TS_ap_all": 0.004538984242219808,
"avg_TS_auc_all": 0.8619610955555557,
"std_TS_auc_all": 0.014595146107764453
}