{
"avg_TS_f1_0": 0.9619102641504774,
"std_TS_f1_0": 0.00018133299347392474,
"avg_TS_ap_0": 0.9901508742698393,
"std_TS_ap_0": 0.0004912856895199939,
"avg_TS_auc_0": 0.925686111111111,
"std_TS_auc_0": 0.0033525747641750107,
"avg_TS_f1_1": 0.9916554623405004,
"std_TS_f1_1": 0.0003071307672526699,
"avg_TS_ap_1": 0.9970900391106167,
"std_TS_ap_1": 0.0004774227362250426,
"avg_TS_auc_1": 0.9832745888888889,
"std_TS_auc_1": 0.002017450361529288,
"avg_TS_f1_2": 0.954588379601336,
"std_TS_f1_2": 0.0009067301128791163,
"avg_TS_ap_2": 0.99212263184954,
"std_TS_ap_2": 0.00042137399999387347,
"avg_TS_auc_2": 0.9364925777777777,
"std_TS_auc_2": 0.002609214209226562,
"avg_TS_f1_3": 0.949598888827157,
"std_TS_f1_3": 0.000954970690345468,
"avg_TS_ap_3": 0.9863367311540012,
"std_TS_ap_3": 0.0009114335730364631,
"avg_TS_auc_3": 0.8969822888888889,
"std_TS_auc_3": 0.005384448398379779,
"avg_TS_f1_4": 0.9446876764758535,
"std_TS_f1_4": 0.000714162928229689,
"avg_TS_ap_4": 0.9897812490937614,
"std_TS_ap_4": 0.00025262546797779587,
"avg_TS_auc_4": 0.9154641111111109,
"std_TS_auc_4": 0.0011462855261266318,
"avg_TS_f1_5": 0.9689218894876875,
"std_TS_f1_5": 0.0011992741931057783,
"avg_TS_ap_5": 0.9969228377153136,
"std_TS_ap_5": 0.0001947543169713042,
"avg_TS_auc_5": 0.9727182333333333,
"std_TS_auc_5": 0.001817806399666023,
"avg_TS_f1_6": 0.927519790605651,
"std_TS_f1_6": 0.0010246922315887504,
"avg_TS_ap_6": 0.9795937233373919,
"std_TS_ap_6": 0.0003571423495950885,
"avg_TS_auc_6": 0.8374203,
"std_TS_auc_6": 0.001963579646751325,
"avg_TS_f1_7": 0.9773555555555558,
"std_TS_f1_7": 0.0006061414087549611,
"avg_TS_ap_7": 0.9983703233212544,
"std_TS_ap_7": 5.83969659528102e-05,
"avg_TS_auc_7": 0.9853622333333332,
"std_TS_auc_7": 0.0005547293983845614,
"avg_TS_f1_8": 0.9824222222222222,
"std_TS_f1_8": 0.0019160143817599905,
"avg_TS_ap_8": 0.9953872658015042,
"std_TS_ap_8": 0.0004328842401459967,
"avg_TS_auc_8": 0.9692160444444443,
"std_TS_auc_8": 0.0024810508104331328,
"avg_TS_f1_9": 0.9809777777777778,
"std_TS_f1_9": 0.0006182412330330451,
"avg_TS_ap_9": 0.9986491562729357,
"std_TS_ap_9": 9.952322723951239e-05,
"avg_TS_auc_9": 0.9882306666666667,
"std_TS_auc_9": 0.0009070235551680273,
"avg_TS_f1_all": 0.9639637907044218,
"std_TS_f1_all": 0.0002700188530996708,
"avg_TS_ap_all": 0.9924404831926159,
"std_TS_ap_all": 0.00017993508272061312,
"avg_TS_auc_all": 0.9410847155555556,
"std_TS_auc_all": 0.0009800319659147869
}