{
"avg_TS_f1_0": 0.9589884438024334,
"std_TS_f1_0": 0.001379618684130366,
"avg_TS_ap_0": 0.9883567485814803,
"std_TS_ap_0": 0.000817196727092091,
"avg_TS_auc_0": 0.9148241555555556,
"std_TS_auc_0": 0.005813950314523954,
"avg_TS_f1_1": 0.9918999080195814,
"std_TS_f1_1": 0.00022340385225038696,
"avg_TS_ap_1": 0.9964301555803242,
"std_TS_ap_1": 0.0003071796374325808,
"avg_TS_auc_1": 0.981686188888889,
"std_TS_auc_1": 0.0016183971836204803,
"avg_TS_f1_2": 0.9549545530307239,
"std_TS_f1_2": 0.0004760022216563217,
"avg_TS_ap_2": 0.9916338846611396,
"std_TS_ap_2": 0.0004775350351527249,
"avg_TS_auc_2": 0.9343387222222223,
"std_TS_auc_2": 0.0022780086248875217,
"avg_TS_f1_3": 0.9453752973217225,
"std_TS_f1_3": 0.0019982998045845403,
"avg_TS_ap_3": 0.9812059432254412,
"std_TS_ap_3": 0.0016656515897534342,
"avg_TS_auc_3": 0.8648226000000001,
"std_TS_auc_3": 0.011783189801650886,
"avg_TS_f1_4": 0.9444431900537683,
"std_TS_f1_4": 0.0008186176502807246,
"avg_TS_ap_4": 0.9892425793581889,
"std_TS_ap_4": 0.00023162173074435847,
"avg_TS_auc_4": 0.9136055888888889,
"std_TS_auc_4": 0.0008898888171640274,
"avg_TS_f1_5": 0.9671885438079894,
"std_TS_f1_5": 0.0014776603862076561,
"avg_TS_ap_5": 0.9965926473183588,
"std_TS_ap_5": 0.00028680482232519306,
"avg_TS_auc_5": 0.9698139777777779,
"std_TS_auc_5": 0.002579238508925826,
"avg_TS_f1_6": 0.927518195455303,
"std_TS_f1_6": 0.0008872699495606318,
"avg_TS_ap_6": 0.979231579609259,
"std_TS_ap_6": 0.00015924335918203033,
"avg_TS_auc_6": 0.8364452555555555,
"std_TS_auc_6": 0.0008679421757777382,
"avg_TS_f1_7": 0.9779219610966041,
"std_TS_f1_7": 0.0014350987639040055,
"avg_TS_ap_7": 0.9984099156403525,
"std_TS_ap_7": 0.00015892340875460546,
"avg_TS_auc_7": 0.9857817222222222,
"std_TS_auc_7": 0.0014033134497580103,
"avg_TS_f1_8": 0.9718888888888889,
"std_TS_f1_8": 0.009107587394483144,
"avg_TS_ap_8": 0.9907916635948565,
"std_TS_ap_8": 0.002222737241768573,
"avg_TS_auc_8": 0.9418784555555556,
"std_TS_auc_8": 0.016123350397099643,
"avg_TS_f1_9": 0.9813551407176941,
"std_TS_f1_9": 0.0006465679460261512,
"avg_TS_ap_9": 0.9986248620308806,
"std_TS_ap_9": 5.8884649143804865e-05,
"avg_TS_auc_9": 0.9883076000000001,
"std_TS_auc_9": 0.0004709795917048632,
"avg_TS_f1_all": 0.962153412219471,
"std_TS_f1_all": 0.0007421214190011515,
"avg_TS_ap_all": 0.9910519979600281,
"std_TS_ap_all": 0.00040570305794533705,
"avg_TS_auc_all": 0.9331504266666668,
"std_TS_auc_all": 0.002409061761820154
}