{
"avg_TS_f1_0": 0.9454197936922423,
"std_TS_f1_0": 0.0036789454895586994,
"avg_TS_ap_0": 0.9835146244280161,
"std_TS_ap_0": 0.0005851722437854907,
"avg_TS_auc_0": 0.8747882111111112,
"std_TS_auc_0": 0.006173729319693214,
"avg_TS_f1_1": 0.9829330209703008,
"std_TS_f1_1": 0.003477613844203351,
"avg_TS_ap_1": 0.9938315989524942,
"std_TS_ap_1": 0.0008636961633463915,
"avg_TS_auc_1": 0.9629390333333333,
"std_TS_auc_1": 0.0054511952918037294,
"avg_TS_f1_2": 0.9503216363872067,
"std_TS_f1_2": 0.0028865996165066614,
"avg_TS_ap_2": 0.9896612495111929,
"std_TS_ap_2": 0.0018053907825984073,
"avg_TS_auc_2": 0.917880888888889,
"std_TS_auc_2": 0.012375488776679816,
"avg_TS_f1_3": 0.9144425887857967,
"std_TS_f1_3": 0.006714759860717912,
"avg_TS_ap_3": 0.9375145027845099,
"std_TS_ap_3": 0.04257724233221477,
"avg_TS_auc_3": 0.6667787000000001,
"std_TS_auc_3": 0.11956489476929813,
"avg_TS_f1_4": 0.9355644954788209,
"std_TS_f1_4": 0.0031904383419348046,
"avg_TS_ap_4": 0.9860197797571756,
"std_TS_ap_4": 0.0007335686605634556,
"avg_TS_auc_4": 0.8857561444444444,
"std_TS_auc_4": 0.006213708987074402,
"avg_TS_f1_5": 0.9355439462686199,
"std_TS_f1_5": 0.016045097123958768,
"avg_TS_ap_5": 0.9742277219821442,
"std_TS_ap_5": 0.02389516464381245,
"avg_TS_auc_5": 0.8354913444444444,
"std_TS_auc_5": 0.12205051012960998,
"avg_TS_f1_6": 0.922064893728664,
"std_TS_f1_6": 0.002386390807647352,
"avg_TS_ap_6": 0.9713400371067366,
"std_TS_ap_6": 0.0064980046555079595,
"avg_TS_auc_6": 0.7906687888888889,
"std_TS_auc_6": 0.02945613779380546,
"avg_TS_f1_7": 0.9656988524053807,
"std_TS_f1_7": 0.0012770427744169758,
"avg_TS_ap_7": 0.9967679213098343,
"std_TS_ap_7": 0.00020330480018207828,
"avg_TS_auc_7": 0.9708871111111111,
"std_TS_auc_7": 0.0018099912195408314,
"avg_TS_f1_8": 0.9315638165083246,
"std_TS_f1_8": 0.027565510280656572,
"avg_TS_ap_8": 0.9368360500357087,
"std_TS_ap_8": 0.07316563608752422,
"avg_TS_auc_8": 0.7064434888888889,
"std_TS_auc_8": 0.24780188969987474,
"avg_TS_f1_9": 0.9746,
"std_TS_f1_9": 0.0042155502840709605,
"avg_TS_ap_9": 0.9972248865600749,
"std_TS_ap_9": 0.0006643353604003879,
"avg_TS_auc_9": 0.9770094333333332,
"std_TS_auc_9": 0.004589563108043667,
"avg_TS_f1_all": 0.9458153044225357,
"std_TS_f1_all": 0.003563727761993709,
"avg_TS_ap_all": 0.9766938372427887,
"std_TS_ap_all": 0.006944389218387428,
"avg_TS_auc_all": 0.8588643144444443,
"std_TS_auc_all": 0.02528622187401661
}