{
"avg_TS_f1_0": 0.9340859491368085,
"std_TS_f1_0": 0.0007146885684526531,
"avg_TS_ap_0": 0.9600972185228003,
"std_TS_ap_0": 0.000504696860741575,
"avg_TS_auc_0": 0.7728496222222223,
"std_TS_auc_0": 0.003557708959428797,
"avg_TS_f1_1": 0.9653540665421009,
"std_TS_f1_1": 0.0017553769238783164,
"avg_TS_ap_1": 0.9825981618686948,
"std_TS_ap_1": 0.0006807129935372127,
"avg_TS_auc_1": 0.9049480333333333,
"std_TS_auc_1": 0.004049533731367263,
"avg_TS_f1_2": 0.9425530233161101,
"std_TS_f1_2": 0.0015259862813869248,
"avg_TS_ap_2": 0.9767803397436483,
"std_TS_ap_2": 0.0005781185359456972,
"avg_TS_auc_2": 0.8508334999999999,
"std_TS_auc_2": 0.0038238851828157686,
"avg_TS_f1_3": 0.9140812596466645,
"std_TS_f1_3": 0.0010625995689452342,
"avg_TS_ap_3": 0.9489447600232561,
"std_TS_ap_3": 0.000754495129886725,
"avg_TS_auc_3": 0.6880882333333334,
"std_TS_auc_3": 0.00401807698683074,
"avg_TS_f1_4": 0.9305405916766201,
"std_TS_f1_4": 0.0008768572537714024,
"avg_TS_ap_4": 0.9733269332811234,
"std_TS_ap_4": 0.000588024429331053,
"avg_TS_auc_4": 0.8269614888888889,
"std_TS_auc_4": 0.003097339657843376,
"avg_TS_f1_5": 0.9069938205318552,
"std_TS_f1_5": 0.0016529625846501584,
"avg_TS_ap_5": 0.9472320674420773,
"std_TS_ap_5": 0.00266146990678383,
"avg_TS_auc_5": 0.661297011111111,
"std_TS_auc_5": 0.013731161002157106,
"avg_TS_f1_6": 0.91972798231972,
"std_TS_f1_6": 0.000713523866125266,
"avg_TS_ap_6": 0.9533679494039575,
"std_TS_ap_6": 0.0006397052339555475,
"avg_TS_auc_6": 0.7217155222222222,
"std_TS_auc_6": 0.0032220357974039665,
"avg_TS_f1_7": 0.9474865430795539,
"std_TS_f1_7": 0.0010384496060172534,
"avg_TS_ap_7": 0.9849843695826221,
"std_TS_ap_7": 0.0007073592802676955,
"avg_TS_auc_7": 0.8924393888888889,
"std_TS_auc_7": 0.0050025935294592755,
"avg_TS_f1_8": 0.9092263037097151,
"std_TS_f1_8": 0.0017775255897347522,
"avg_TS_ap_8": 0.9219100010756955,
"std_TS_ap_8": 0.0018338250236603893,
"avg_TS_auc_8": 0.6018383222222223,
"std_TS_auc_8": 0.008504160991661569,
"avg_TS_f1_9": 0.9546307806662723,
"std_TS_f1_9": 0.001631124100067441,
"avg_TS_ap_9": 0.9827507740945647,
"std_TS_ap_9": 0.000622555950418474,
"avg_TS_auc_9": 0.891398788888889,
"std_TS_auc_9": 0.0038668926203775772,
"avg_TS_f1_all": 0.932468032062542,
"std_TS_f1_all": 0.0005338484205151075,
"avg_TS_ap_all": 0.9631992575038438,
"std_TS_ap_all": 0.0006406590557676108,
"avg_TS_auc_all": 0.7812369911111111,
"std_TS_auc_all": 0.0030659311492587248
}