{
"avg_TS_f1_0": 0.9551999999999999,
"std_TS_f1_0": 0.002898616102322263,
"avg_TS_ap_0": 0.987418657133771,
"std_TS_ap_0": 0.0006286334733127818,
"avg_TS_auc_0": 0.9068984333333333,
"std_TS_auc_0": 0.004089578402672413,
"avg_TS_f1_1": 0.9900664394935521,
"std_TS_f1_1": 0.0005957764492195502,
"avg_TS_ap_1": 0.9959669022124311,
"std_TS_ap_1": 0.0004706247359032941,
"avg_TS_auc_1": 0.9774159777777778,
"std_TS_auc_1": 0.001545336556335112,
"avg_TS_f1_2": 0.9527100752510943,
"std_TS_f1_2": 0.001628588701207499,
"avg_TS_ap_2": 0.9912651840144717,
"std_TS_ap_2": 0.0009237464864328918,
"avg_TS_auc_2": 0.9284602555555554,
"std_TS_auc_2": 0.0059880751197899425,
"avg_TS_f1_3": 0.9414104549018155,
"std_TS_f1_3": 0.004324220830321955,
"avg_TS_ap_3": 0.9813022401051557,
"std_TS_ap_3": 0.0030156633720196464,
"avg_TS_auc_3": 0.860546188888889,
"std_TS_auc_3": 0.0208357519309752,
"avg_TS_f1_4": 0.9372888888888887,
"std_TS_f1_4": 0.0033485578248214245,
"avg_TS_ap_4": 0.9881400978442934,
"std_TS_ap_4": 0.001453707091027438,
"avg_TS_auc_4": 0.9005182999999999,
"std_TS_auc_4": 0.010557185228735333,
"avg_TS_f1_5": 0.9618222222222222,
"std_TS_f1_5": 0.003779476742148916,
"avg_TS_ap_5": 0.9956178437517378,
"std_TS_ap_5": 0.0005317916776428497,
"avg_TS_auc_5": 0.9617409222222222,
"std_TS_auc_5": 0.004901373281181678,
"avg_TS_f1_6": 0.9256547129161496,
"std_TS_f1_6": 0.00226852721755017,
"avg_TS_ap_6": 0.9776912605513524,
"std_TS_ap_6": 0.001184188229962407,
"avg_TS_auc_6": 0.8240082666666668,
"std_TS_auc_6": 0.00880396244525905,
"avg_TS_f1_7": 0.9729333333333334,
"std_TS_f1_7": 0.003256598240306189,
"avg_TS_ap_7": 0.9976484520228924,
"std_TS_ap_7": 0.000358336321988392,
"avg_TS_auc_7": 0.979093,
"std_TS_auc_7": 0.0033019502652706554,
"avg_TS_f1_8": 0.9720444444444445,
"std_TS_f1_8": 0.004917391660295195,
"avg_TS_ap_8": 0.9921897197605045,
"std_TS_ap_8": 0.0017692121689927664,
"avg_TS_auc_8": 0.9475318222222224,
"std_TS_auc_8": 0.012833059138696612,
"avg_TS_f1_9": 0.9764660678679681,
"std_TS_f1_9": 0.00461786340917594,
"avg_TS_ap_9": 0.9979545874514525,
"std_TS_ap_9": 0.0005649123846143118,
"avg_TS_auc_9": 0.9822830777777778,
"std_TS_auc_9": 0.00531293752494335,
"avg_TS_f1_all": 0.9585596639319469,
"std_TS_f1_all": 0.0006937571509498232,
"avg_TS_ap_all": 0.9905194944848063,
"std_TS_ap_all": 0.0005430571462994411,
"avg_TS_auc_all": 0.9268496244444444,
"std_TS_auc_all": 0.00357834111320821
}