{
"avg_TS_f1_0": 0.9511417300961164,
"std_TS_f1_0": 0.0015451296890510767,
"avg_TS_ap_0": 0.9802719722611295,
"std_TS_ap_0": 8.452500266369256e-05,
"avg_TS_auc_0": 0.8726798,
"std_TS_auc_0": 0.0019342621152186694,
"avg_TS_f1_1": 0.986988741349828,
"std_TS_f1_1": 0.00034509581314355375,
"avg_TS_ap_1": 0.9941640738287459,
"std_TS_ap_1": 0.00018178140117039017,
"avg_TS_auc_1": 0.9697241666666667,
"std_TS_auc_1": 0.0008235094488502863,
"avg_TS_f1_2": 0.9537111111111111,
"std_TS_f1_2": 0.0007555555555555571,
"avg_TS_ap_2": 0.9882120036225366,
"std_TS_ap_2": 0.00023608255613365845,
"avg_TS_auc_2": 0.9140954555555556,
"std_TS_auc_2": 0.0011556126547858177,
"avg_TS_f1_3": 0.9367971949058898,
"std_TS_f1_3": 0.0011776308451312057,
"avg_TS_ap_3": 0.972425732719598,
"std_TS_ap_3": 0.00091332974397519,
"avg_TS_auc_3": 0.8169552888888889,
"std_TS_auc_3": 0.005821322712045564,
"avg_TS_f1_4": 0.9426536634751314,
"std_TS_f1_4": 0.0012764071846195718,
"avg_TS_ap_4": 0.9853547446260921,
"std_TS_ap_4": 0.00031887470927376003,
"avg_TS_auc_4": 0.8944377777777778,
"std_TS_auc_4": 0.0010541837337221683,
"avg_TS_f1_5": 0.9469859584144176,
"std_TS_f1_5": 0.002159259503769713,
"avg_TS_ap_5": 0.9863139731234988,
"std_TS_ap_5": 0.0011193421707992662,
"avg_TS_auc_5": 0.8956582111111111,
"std_TS_auc_5": 0.007188194955379526,
"avg_TS_f1_6": 0.926996766487027,
"std_TS_f1_6": 0.0012366860495092934,
"avg_TS_ap_6": 0.9712172081101356,
"std_TS_ap_6": 0.0008858457439844224,
"avg_TS_auc_6": 0.8032044666666666,
"std_TS_auc_6": 0.003887254396131887,
"avg_TS_f1_7": 0.9737105283626869,
"std_TS_f1_7": 0.0010082419156667187,
"avg_TS_ap_7": 0.9969271541824531,
"std_TS_ap_7": 0.00013317231057612523,
"avg_TS_auc_7": 0.9755086666666667,
"std_TS_auc_7": 0.0014259066195422415,
"avg_TS_f1_8": 0.9399751331864117,
"std_TS_f1_8": 0.0029810235064415573,
"avg_TS_ap_8": 0.9670612337670728,
"std_TS_ap_8": 0.0008763656268141213,
"avg_TS_auc_8": 0.807672211111111,
"std_TS_auc_8": 0.008319800526039485,
"avg_TS_f1_9": 0.977766414183504,
"std_TS_f1_9": 0.0007702814726901809,
"avg_TS_ap_9": 0.9962334490127619,
"std_TS_ap_9": 0.0001555970639046114,
"avg_TS_auc_9": 0.9728011666666665,
"std_TS_auc_9": 0.0009392050697067917,
"avg_TS_f1_all": 0.9536727241572123,
"std_TS_f1_all": 0.0004202908555521422,
"avg_TS_ap_all": 0.9838181545254023,
"std_TS_ap_all": 0.00027948125052451974,
"avg_TS_auc_all": 0.8922737211111113,
"std_TS_auc_all": 0.0017999079999171102
}