{
"avg_TS_f1_0": 0.908511111111111,
"std_TS_f1_0": 0.02223717274861739,
"avg_TS_ap_0": 0.830364827405597,
"std_TS_ap_0": 0.07860332244192077,
"avg_TS_auc_0": 0.3628764555555555,
"std_TS_auc_0": 0.27254814868391625,
"avg_TS_f1_1": 0.9314203542172095,
"std_TS_f1_1": 0.030243663693545513,
"avg_TS_ap_1": 0.8457767503247391,
"std_TS_ap_1": 0.07491690406601412,
"avg_TS_auc_1": 0.46751351111111117,
"std_TS_auc_1": 0.2584319192003348,
"avg_TS_f1_2": 0.9338769104456421,
"std_TS_f1_2": 0.01738067501076587,
"avg_TS_ap_2": 0.9073331906726342,
"std_TS_ap_2": 0.0735702595713931,
"avg_TS_auc_2": 0.6565239111111111,
"std_TS_auc_2": 0.2375978719224013,
"avg_TS_f1_3": 0.921488888888889,
"std_TS_f1_3": 0.008054934841986104,
"avg_TS_ap_3": 0.9176051099417235,
"std_TS_ap_3": 0.04169499411440314,
"avg_TS_auc_3": 0.6376271,
"std_TS_auc_3": 0.11619161372471057,
"avg_TS_f1_4": 0.9165656980943385,
"std_TS_f1_4": 0.01259346592115902,
"avg_TS_ap_4": 0.8782744802596294,
"std_TS_ap_4": 0.05502122253785136,
"avg_TS_auc_4": 0.5205352555555556,
"std_TS_auc_4": 0.18967099577569232,
"avg_TS_f1_5": 0.9460000000000001,
"std_TS_f1_5": 0.012309386160744227,
"avg_TS_ap_5": 0.9918127066126514,
"std_TS_ap_5": 0.003039230948256005,
"avg_TS_auc_5": 0.9276431555555555,
"std_TS_auc_5": 0.026149081778520517,
"avg_TS_f1_6": 0.903387812903186,
"std_TS_f1_6": 0.0023196400066452056,
"avg_TS_ap_6": 0.8474576552344907,
"std_TS_ap_6": 0.010835252725421646,
"avg_TS_auc_6": 0.3917247111111111,
"std_TS_auc_6": 0.0234348834963639,
"avg_TS_f1_7": 0.9582769092110055,
"std_TS_f1_7": 0.019137361900914182,
"avg_TS_ap_7": 0.9722425128938206,
"std_TS_ap_7": 0.04978414645471845,
"avg_TS_auc_7": 0.8959403333333332,
"std_TS_auc_7": 0.15582017359253,
"avg_TS_f1_8": 0.9248323277219106,
"std_TS_f1_8": 0.030109737210644735,
"avg_TS_ap_8": 0.8764024530796073,
"std_TS_ap_8": 0.09171636931399585,
"avg_TS_auc_8": 0.5391964333333334,
"std_TS_auc_8": 0.31355670197956886,
"avg_TS_f1_9": 0.9649555555555557,
"std_TS_f1_9": 0.012479237077028842,
"avg_TS_ap_9": 0.9852585934426953,
"std_TS_ap_9": 0.02437780446177552,
"avg_TS_auc_9": 0.939128,
"std_TS_auc_9": 0.07542166482459518,
"avg_TS_f1_all": 0.9309315568148848,
"std_TS_f1_all": 0.006498651543557523,
"avg_TS_ap_all": 0.9052528279867589,
"std_TS_ap_all": 0.023772216501083594,
"avg_TS_auc_all": 0.6338708866666668,
"std_TS_auc_all": 0.07648569476495048
}