{
"avg_TS_f1_0": 0.9505437931736948,
"std_TS_f1_0": 0.008141500227421564,
"avg_TS_ap_0": 0.9850504032411642,
"std_TS_ap_0": 0.0032005225623119014,
"avg_TS_auc_0": 0.8884738666666667,
"std_TS_auc_0": 0.022997127660811387,
"avg_TS_f1_1": 0.9880332191294577,
"std_TS_f1_1": 0.002259489612545876,
"avg_TS_ap_1": 0.9962102472466696,
"std_TS_ap_1": 0.0006117237990576557,
"avg_TS_auc_1": 0.9774437333333333,
"std_TS_auc_1": 0.0032589458413404574,
"avg_TS_f1_2": 0.9462444444444443,
"std_TS_f1_2": 0.006006334105152335,
"avg_TS_ap_2": 0.9888794400977451,
"std_TS_ap_2": 0.0014805975597095287,
"avg_TS_auc_2": 0.9107252000000001,
"std_TS_auc_2": 0.013618460268091227,
"avg_TS_f1_3": 0.9403660610774672,
"std_TS_f1_3": 0.0034706112010994875,
"avg_TS_ap_3": 0.953473213027182,
"std_TS_ap_3": 0.016634238246224693,
"avg_TS_auc_3": 0.7746936333333333,
"std_TS_auc_3": 0.041480193890989434,
"avg_TS_f1_4": 0.9380103697118976,
"std_TS_f1_4": 0.002970656250004426,
"avg_TS_ap_4": 0.9852970130316183,
"std_TS_ap_4": 0.0007564871983636577,
"avg_TS_auc_4": 0.883948088888889,
"std_TS_auc_4": 0.006047784574740464,
"avg_TS_f1_5": 0.9527216746609379,
"std_TS_f1_5": 0.008439163192820011,
"avg_TS_ap_5": 0.9885972443493143,
"std_TS_ap_5": 0.003764135138771323,
"avg_TS_auc_5": 0.9138887222222223,
"std_TS_auc_5": 0.019333735567654775,
"avg_TS_f1_6": 0.9256649554604884,
"std_TS_f1_6": 0.002876991759438161,
"avg_TS_ap_6": 0.9746332808219625,
"std_TS_ap_6": 0.002759342755984167,
"avg_TS_auc_6": 0.811148,
"std_TS_auc_6": 0.012519299312177986,
"avg_TS_f1_7": 0.9638995882487299,
"std_TS_f1_7": 0.0031753366576200166,
"avg_TS_ap_7": 0.9956519733610258,
"std_TS_ap_7": 0.0014273453839457125,
"avg_TS_auc_7": 0.9622456333333332,
"std_TS_auc_7": 0.010944885678110763,
"avg_TS_f1_8": 0.9684552191171114,
"std_TS_f1_8": 0.00290289553084949,
"avg_TS_ap_8": 0.9906122383837186,
"std_TS_ap_8": 0.002280399855798759,
"avg_TS_auc_8": 0.9382253888888888,
"std_TS_auc_8": 0.011307201155856973,
"avg_TS_f1_9": 0.9683993320616577,
"std_TS_f1_9": 0.008965264717061707,
"avg_TS_ap_9": 0.996591621817806,
"std_TS_ap_9": 0.0008447799300448421,
"avg_TS_auc_9": 0.9704794666666666,
"std_TS_auc_9": 0.0076880411305761814,
"avg_TS_f1_all": 0.9542338657085889,
"std_TS_f1_all": 0.0021301074060489623,
"avg_TS_ap_all": 0.9854996675378207,
"std_TS_ap_all": 0.0016838788557145031,
"avg_TS_auc_all": 0.9031271733333334,
"std_TS_auc_all": 0.007855508225047917
}