{
"avg_TS_f1_0": 0.9565864646259437,
"std_TS_f1_0": 0.00053690123028164,
"avg_TS_ap_0": 0.9886935119641788,
"std_TS_ap_0": 0.0003874564471672562,
"avg_TS_auc_0": 0.9123153222222221,
"std_TS_auc_0": 0.002457882715863043,
"avg_TS_f1_1": 0.9903333333333333,
"std_TS_f1_1": 0.0007793634629666902,
"avg_TS_ap_1": 0.997979797927797,
"std_TS_ap_1": 0.00015688958293834967,
"avg_TS_auc_1": 0.9853586,
"std_TS_auc_1": 0.001161638254288825,
"avg_TS_f1_2": 0.9549429190510583,
"std_TS_f1_2": 0.0010545429320605064,
"avg_TS_ap_2": 0.9917714177680581,
"std_TS_ap_2": 0.0005469838633929622,
"avg_TS_auc_2": 0.9327699777777777,
"std_TS_auc_2": 0.00344701611033924,
"avg_TS_f1_3": 0.9440302225979555,
"std_TS_f1_3": 0.0011193176525921683,
"avg_TS_ap_3": 0.9833667977821975,
"std_TS_ap_3": 0.0010917162355215918,
"avg_TS_auc_3": 0.8718140555555554,
"std_TS_auc_3": 0.007518196004394507,
"avg_TS_f1_4": 0.9445203807618942,
"std_TS_f1_4": 0.0006264947827817266,
"avg_TS_ap_4": 0.9904271947988643,
"std_TS_ap_4": 9.75589040628014e-05,
"avg_TS_auc_4": 0.9183735333333333,
"std_TS_auc_4": 0.0010285172160463352,
"avg_TS_f1_5": 0.9621761159570592,
"std_TS_f1_5": 0.0009958281749020016,
"avg_TS_ap_5": 0.9958820728445353,
"std_TS_ap_5": 7.511240830361097e-05,
"avg_TS_auc_5": 0.963275,
"std_TS_auc_5": 0.0006965678363356057,
"avg_TS_f1_6": 0.9287968368613072,
"std_TS_f1_6": 0.0011714475259924613,
"avg_TS_ap_6": 0.9810124609517267,
"std_TS_ap_6": 0.0003130367230987757,
"avg_TS_auc_6": 0.8464023111111111,
"std_TS_auc_6": 0.0018058787524753922,
"avg_TS_f1_7": 0.9784656974770203,
"std_TS_f1_7": 0.0007682383197749117,
"avg_TS_ap_7": 0.99864096444698,
"std_TS_ap_7": 7.718229377080436e-05,
"avg_TS_auc_7": 0.9876383000000001,
"std_TS_auc_7": 0.0007152513816920767,
"avg_TS_f1_8": 0.9569430301683427,
"std_TS_f1_8": 0.0031828647057088847,
"avg_TS_ap_8": 0.9851700190035542,
"std_TS_ap_8": 0.0007634070672152713,
"avg_TS_auc_8": 0.9001870888888888,
"std_TS_auc_8": 0.006227107047199621,
"avg_TS_f1_9": 0.978822222222222,
"std_TS_f1_9": 0.00043090487621477247,
"avg_TS_ap_9": 0.9983662866768727,
"std_TS_ap_9": 7.909742718193003e-05,
"avg_TS_auc_9": 0.9853926666666666,
"std_TS_auc_9": 0.0006875660524947718,
"avg_TS_f1_all": 0.9595617223056137,
"std_TS_f1_all": 0.0002905261758372254,
"avg_TS_ap_all": 0.9911310524164764,
"std_TS_ap_all": 0.00019034184505782345,
"avg_TS_auc_all": 0.9303526855555557,
"std_TS_auc_all": 0.0010228956007129653
}