{
"avg_TS_f1_0": 0.933751153996338,
"std_TS_f1_0": 0.0012413438059090801,
"avg_TS_ap_0": 0.9635632926927791,
"std_TS_ap_0": 0.000736936095561034,
"avg_TS_auc_0": 0.7781834555555556,
"std_TS_auc_0": 0.0043196155063519375,
"avg_TS_f1_1": 0.9661977245207675,
"std_TS_f1_1": 0.0010417056309170631,
"avg_TS_ap_1": 0.983794583387545,
"std_TS_ap_1": 0.0008234768716911585,
"avg_TS_auc_1": 0.9091737999999999,
"std_TS_auc_1": 0.004112586219832405,
"avg_TS_f1_2": 0.9421412300683372,
"std_TS_f1_2": 0.0008356729008039983,
"avg_TS_ap_2": 0.9776613871643853,
"std_TS_ap_2": 0.0004819688232474956,
"avg_TS_auc_2": 0.8509259333333334,
"std_TS_auc_2": 0.002802155384126642,
"avg_TS_f1_3": 0.9144609613055202,
"std_TS_f1_3": 0.0009622913408898982,
"avg_TS_ap_3": 0.9521223705274,
"std_TS_ap_3": 0.000921378580401674,
"avg_TS_auc_3": 0.6939294444444444,
"std_TS_auc_3": 0.004623638735674027,
"avg_TS_f1_4": 0.9304739632858798,
"std_TS_f1_4": 0.0016871072300971334,
"avg_TS_ap_4": 0.975957914022939,
"std_TS_ap_4": 0.0007417073036412264,
"avg_TS_auc_4": 0.8321978888888889,
"std_TS_auc_4": 0.004670077948036899,
"avg_TS_f1_5": 0.9094041284077956,
"std_TS_f1_5": 0.0031729195290296427,
"avg_TS_ap_5": 0.9526956851244464,
"std_TS_ap_5": 0.003133519049147702,
"avg_TS_auc_5": 0.6849505111111112,
"std_TS_auc_5": 0.02010936157544783,
"avg_TS_f1_6": 0.9198288793821879,
"std_TS_f1_6": 0.0012843543109550672,
"avg_TS_ap_6": 0.957143005012964,
"std_TS_ap_6": 0.0006906567734984881,
"avg_TS_auc_6": 0.7295321888888889,
"std_TS_auc_6": 0.0033687621145891957,
"avg_TS_f1_7": 0.9499405447207833,
"std_TS_f1_7": 0.0009985275722365272,
"avg_TS_ap_7": 0.9865311475622349,
"std_TS_ap_7": 0.0008819041769007158,
"avg_TS_auc_7": 0.900990411111111,
"std_TS_auc_7": 0.005561651843685586,
"avg_TS_f1_8": 0.9088040134646833,
"std_TS_f1_8": 0.0018587737967265116,
"avg_TS_ap_8": 0.9240894085790741,
"std_TS_ap_8": 0.0023950162422694456,
"avg_TS_auc_8": 0.6033718222222222,
"std_TS_auc_8": 0.013925702845635417,
"avg_TS_f1_9": 0.9551641757875438,
"std_TS_f1_9": 0.001030459302794181,
"avg_TS_ap_9": 0.9841718727876438,
"std_TS_ap_9": 0.00046621335402404954,
"avg_TS_auc_9": 0.8960043888888889,
"std_TS_auc_9": 0.002444624602451952,
"avg_TS_f1_all": 0.9330166774939836,
"std_TS_f1_all": 0.0008333670847427159,
"avg_TS_ap_all": 0.9657730666861412,
"std_TS_ap_all": 0.0006995784054590024,
"avg_TS_auc_all": 0.7879259844444445,
"std_TS_auc_all": 0.0046397764924064
}