{
"avg_TS_f1_0": 0.9380847688313189,
"std_TS_f1_0": 0.0007608429029520422,
"avg_TS_ap_0": 0.9780006765542592,
"std_TS_ap_0": 0.00030435012063989553,
"avg_TS_auc_0": 0.8345126222222223,
"std_TS_auc_0": 0.002182213579525792,
"avg_TS_f1_1": 0.9720660394713286,
"std_TS_f1_1": 0.0019089783939837321,
"avg_TS_ap_1": 0.9929674390980676,
"std_TS_ap_1": 0.00040077388607486853,
"avg_TS_auc_1": 0.9471889666666667,
"std_TS_auc_1": 0.0032726055643405964,
"avg_TS_f1_2": 0.9451426091572989,
"std_TS_f1_2": 0.0008586923506216936,
"avg_TS_ap_2": 0.9856360042083926,
"std_TS_ap_2": 0.00036398623864158735,
"avg_TS_auc_2": 0.8865264222222222,
"std_TS_auc_2": 0.0027868754384404626,
"avg_TS_f1_3": 0.916560141814468,
"std_TS_f1_3": 0.0008463430205427936,
"avg_TS_ap_3": 0.9700597278450639,
"std_TS_ap_3": 0.0006248444874454031,
"avg_TS_auc_3": 0.7670044777777778,
"std_TS_auc_3": 0.0042669159401430845,
"avg_TS_f1_4": 0.933093328231276,
"std_TS_f1_4": 0.0017226831529062864,
"avg_TS_ap_4": 0.9838041458884936,
"std_TS_ap_4": 0.000523781912974649,
"avg_TS_auc_4": 0.8685881111111111,
"std_TS_auc_4": 0.004060011855027438,
"avg_TS_f1_5": 0.9317702953058893,
"std_TS_f1_5": 0.0029085664152963234,
"avg_TS_ap_5": 0.9846232670632222,
"std_TS_ap_5": 0.0009560215002886327,
"avg_TS_auc_5": 0.8714609555555555,
"std_TS_auc_5": 0.008233308606380633,
"avg_TS_f1_6": 0.9211947366462636,
"std_TS_f1_6": 0.001246716854186909,
"avg_TS_ap_6": 0.9721737208914634,
"std_TS_ap_6": 0.0007068333881446702,
"avg_TS_auc_6": 0.787134,
"std_TS_auc_6": 0.004957084270808931,
"avg_TS_f1_7": 0.9645318628412095,
"std_TS_f1_7": 0.0027259530856924177,
"avg_TS_ap_7": 0.9949757507840701,
"std_TS_ap_7": 0.0011097426022234898,
"avg_TS_auc_7": 0.9583093555555555,
"std_TS_auc_7": 0.007497460670828317,
"avg_TS_f1_8": 0.9137358230634129,
"std_TS_f1_8": 0.000673993558509508,
"avg_TS_ap_8": 0.9393896372468274,
"std_TS_ap_8": 0.005908411246859933,
"avg_TS_auc_8": 0.6737461666666668,
"std_TS_auc_8": 0.01671275480964047,
"avg_TS_f1_9": 0.9635102999549356,
"std_TS_f1_9": 0.0015608786619518643,
"avg_TS_ap_9": 0.9812917125285848,
"std_TS_ap_9": 0.002205502309452739,
"avg_TS_auc_9": 0.900656377777778,
"std_TS_auc_9": 0.00799816530106806,
"avg_TS_f1_all": 0.9399689905317402,
"std_TS_f1_all": 0.0002995152959506231,
"avg_TS_ap_all": 0.9782922082108445,
"std_TS_ap_all": 0.0006568260838435108,
"avg_TS_auc_all": 0.8495127455555556,
"std_TS_auc_all": 0.0023663803330163614
}