{
"avg_TS_f1_0": 0.9485977356766734,
"std_TS_f1_0": 0.0027151424730372077,
"avg_TS_ap_0": 0.9829198029160381,
"std_TS_ap_0": 0.0008074178211460287,
"avg_TS_auc_0": 0.8742431333333333,
"std_TS_auc_0": 0.005488801715299635,
"avg_TS_f1_1": 0.9860554067818583,
"std_TS_f1_1": 0.0027397094050158922,
"avg_TS_ap_1": 0.9956164378038033,
"std_TS_ap_1": 0.0012252265319398245,
"avg_TS_auc_1": 0.9694871222222222,
"std_TS_auc_1": 0.008410296085963897,
"avg_TS_f1_2": 0.9484421257971123,
"std_TS_f1_2": 0.00730406306348338,
"avg_TS_ap_2": 0.9877960566646135,
"std_TS_ap_2": 0.0012846450875429892,
"avg_TS_auc_2": 0.9032102222222222,
"std_TS_auc_2": 0.011855843681857506,
"avg_TS_f1_3": 0.9308517139841103,
"std_TS_f1_3": 0.0026364551498342347,
"avg_TS_ap_3": 0.9755531795957287,
"std_TS_ap_3": 0.0016341702050723177,
"avg_TS_auc_3": 0.8150767999999999,
"std_TS_auc_3": 0.011526334126075195,
"avg_TS_f1_4": 0.9382771141606632,
"std_TS_f1_4": 0.004131757660750067,
"avg_TS_ap_4": 0.9853139153705115,
"std_TS_ap_4": 0.0012405123018847343,
"avg_TS_auc_4": 0.8824502000000001,
"std_TS_auc_4": 0.010053497973809047,
"avg_TS_f1_5": 0.9484538634862432,
"std_TS_f1_5": 0.0037074623290656596,
"avg_TS_ap_5": 0.991802238520305,
"std_TS_ap_5": 0.0012736135266778353,
"avg_TS_auc_5": 0.9300695444444445,
"std_TS_auc_5": 0.009767887708743232,
"avg_TS_f1_6": 0.9252513990601571,
"std_TS_f1_6": 0.000995753230653982,
"avg_TS_ap_6": 0.9738095234350854,
"std_TS_ap_6": 0.0014185055288159975,
"avg_TS_auc_6": 0.8022514111111111,
"std_TS_auc_6": 0.009243474283868737,
"avg_TS_f1_7": 0.9713771913254441,
"std_TS_f1_7": 0.004095062230111765,
"avg_TS_ap_7": 0.9962961204250099,
"std_TS_ap_7": 0.0015582731054512322,
"avg_TS_auc_7": 0.9704441444444445,
"std_TS_auc_7": 0.011141689463208383,
"avg_TS_f1_8": 0.9335735602009374,
"std_TS_f1_8": 0.01123919291689381,
"avg_TS_ap_8": 0.9579664877117835,
"std_TS_ap_8": 0.01503762673920744,
"avg_TS_auc_8": 0.7652345666666667,
"std_TS_auc_8": 0.06474246607920135,
"avg_TS_f1_9": 0.9724222222222222,
"std_TS_f1_9": 0.00495331289562607,
"avg_TS_ap_9": 0.9923172884558463,
"std_TS_ap_9": 0.002049030385809508,
"avg_TS_auc_9": 0.9483570111111111,
"std_TS_auc_9": 0.012510356074385,
"avg_TS_f1_all": 0.9503302332695421,
"std_TS_f1_all": 0.001273466212609184,
"avg_TS_ap_all": 0.9839391050898726,
"std_TS_ap_all": 0.0012354690366094875,
"avg_TS_auc_all": 0.8860824155555557,
"std_TS_auc_all": 0.004760631246767241
}