{
"avg_TS_f1_0": 0.9368417578754376,
"std_TS_f1_0": 0.013418899651230805,
"avg_TS_ap_0": 0.971714428551644,
"std_TS_ap_0": 0.005930267527628959,
"avg_TS_auc_0": 0.8098446555555554,
"std_TS_auc_0": 0.0447842482142335,
"avg_TS_f1_1": 0.9543871066911125,
"std_TS_f1_1": 0.01635965028670271,
"avg_TS_ap_1": 0.9724673089947572,
"std_TS_ap_1": 0.010641252307250933,
"avg_TS_auc_1": 0.8521354777777777,
"std_TS_auc_1": 0.05879404639300196,
"avg_TS_f1_2": 0.925164370780398,
"std_TS_f1_2": 0.015092874578628955,
"avg_TS_ap_2": 0.9698821378562666,
"std_TS_ap_2": 0.01845871457328822,
"avg_TS_auc_2": 0.7881186333333333,
"std_TS_auc_2": 0.10980006863173664,
"avg_TS_f1_3": 0.9100626207628819,
"std_TS_f1_3": 0.004695036590365165,
"avg_TS_ap_3": 0.9482426528802511,
"std_TS_ap_3": 0.017159617672724496,
"avg_TS_auc_3": 0.6662304000000001,
"std_TS_auc_3": 0.08191270058985187,
"avg_TS_f1_4": 0.927395193383289,
"std_TS_f1_4": 0.004726120450684059,
"avg_TS_ap_4": 0.9736973514793814,
"std_TS_ap_4": 0.00444181045091873,
"avg_TS_auc_4": 0.8168421444444445,
"std_TS_auc_4": 0.027171773188152372,
"avg_TS_f1_5": 0.9253301392357084,
"std_TS_f1_5": 0.009094969964789366,
"avg_TS_ap_5": 0.9648871739915184,
"std_TS_ap_5": 0.008580074319937727,
"avg_TS_auc_5": 0.7735513999999999,
"std_TS_auc_5": 0.053802030389361516,
"avg_TS_f1_6": 0.9161195313319876,
"std_TS_f1_6": 0.007368807588987488,
"avg_TS_ap_6": 0.9615859511917126,
"std_TS_ap_6": 0.008392909020095934,
"avg_TS_auc_6": 0.7377604666666666,
"std_TS_auc_6": 0.05111346228007157,
"avg_TS_f1_7": 0.9613083738567021,
"std_TS_f1_7": 0.008382038712884314,
"avg_TS_ap_7": 0.9914928297238742,
"std_TS_ap_7": 0.0034131319681570075,
"avg_TS_auc_7": 0.9392591888888889,
"std_TS_auc_7": 0.025295670227287,
"avg_TS_f1_8": 0.9080381834747879,
"std_TS_f1_8": 0.008317353979049522,
"avg_TS_ap_8": 0.917745256821993,
"std_TS_ap_8": 0.007775765628045953,
"avg_TS_auc_8": 0.5732153,
"std_TS_auc_8": 0.0512199555420457,
"avg_TS_f1_9": 0.9517414446771371,
"std_TS_f1_9": 0.006300872262306752,
"avg_TS_ap_9": 0.9754781530822283,
"std_TS_ap_9": 0.003136330370118645,
"avg_TS_auc_9": 0.8549429555555556,
"std_TS_auc_9": 0.02169546145686748,
"avg_TS_f1_all": 0.9316388722069444,
"std_TS_f1_all": 0.0012620343317195559,
"avg_TS_ap_all": 0.9647193244573626,
"std_TS_ap_all": 0.0025510943008907015,
"avg_TS_auc_all": 0.7811900622222223,
"std_TS_auc_all": 0.012915353818447405
}