{
"avg_TS_f1_0": 0.9422327363865893,
"std_TS_f1_0": 0.004424467598506976,
"avg_TS_ap_0": 0.973831835915887,
"std_TS_ap_0": 0.003467644291048319,
"avg_TS_auc_0": 0.8352755444444444,
"std_TS_auc_0": 0.019275865181248783,
"avg_TS_f1_1": 0.9834997894944779,
"std_TS_f1_1": 0.002646878838738637,
"avg_TS_ap_1": 0.9908616956353328,
"std_TS_ap_1": 0.0023415230409222455,
"avg_TS_auc_1": 0.9557028555555556,
"std_TS_auc_1": 0.004957364728996275,
"avg_TS_f1_2": 0.9477321394398455,
"std_TS_f1_2": 0.0021557831281007124,
"avg_TS_ap_2": 0.9843808164642793,
"std_TS_ap_2": 0.0018067118015233183,
"avg_TS_auc_2": 0.8931865444444445,
"std_TS_auc_2": 0.009792334413064289,
"avg_TS_f1_3": 0.9262222222222223,
"std_TS_f1_3": 0.009859757340564407,
"avg_TS_ap_3": 0.9626653411393379,
"std_TS_ap_3": 0.007580180200232883,
"avg_TS_auc_3": 0.7664203444444444,
"std_TS_auc_3": 0.03830838698241315,
"avg_TS_f1_4": 0.9345111111111111,
"std_TS_f1_4": 0.005345633963257854,
"avg_TS_ap_4": 0.9818346647159849,
"std_TS_ap_4": 0.0016221835972018974,
"avg_TS_auc_4": 0.8674968,
"std_TS_auc_4": 0.012049863261946356,
"avg_TS_f1_5": 0.9451215758900184,
"std_TS_f1_5": 0.0043980698644617115,
"avg_TS_ap_5": 0.9832363442928983,
"std_TS_ap_5": 0.0010645999596390447,
"avg_TS_auc_5": 0.8801108222222223,
"std_TS_auc_5": 0.008516264704249142,
"avg_TS_f1_6": 0.9183964836585463,
"std_TS_f1_6": 0.007254238974785609,
"avg_TS_ap_6": 0.9643901396585418,
"std_TS_ap_6": 0.008838108550667698,
"avg_TS_auc_6": 0.7584249444444444,
"std_TS_auc_6": 0.04966841313781223,
"avg_TS_f1_7": 0.9717771740405331,
"std_TS_f1_7": 0.0026504163428650285,
"avg_TS_ap_7": 0.9956730396882547,
"std_TS_ap_7": 0.001235267528277483,
"avg_TS_auc_7": 0.9670630888888889,
"std_TS_auc_7": 0.008839301104334363,
"avg_TS_f1_8": 0.9352222222222222,
"std_TS_f1_8": 0.008064860526298135,
"avg_TS_ap_8": 0.9646069526152277,
"std_TS_ap_8": 0.007478341458892488,
"avg_TS_auc_8": 0.7924684,
"std_TS_auc_8": 0.04241078647289951,
"avg_TS_f1_9": 0.9779550542931397,
"std_TS_f1_9": 0.0015491251199301955,
"avg_TS_ap_9": 0.9956779446760698,
"std_TS_ap_9": 0.00104580126097632,
"avg_TS_auc_9": 0.9687620888888888,
"std_TS_auc_9": 0.006782615274816435,
"avg_TS_f1_all": 0.9482670508758705,
"std_TS_f1_all": 0.0014618264919930672,
"avg_TS_ap_all": 0.9797158774801815,
"std_TS_ap_all": 0.0013078073487777886,
"avg_TS_auc_all": 0.8684911433333333,
"std_TS_auc_all": 0.007357290377476684
}