{
"avg_TS_f1_0": 0.9537544308017111,
"std_TS_f1_0": 0.007445033354448954,
"avg_TS_ap_0": 0.9835254567132571,
"std_TS_ap_0": 0.0019856412556764776,
"avg_TS_auc_0": 0.8822497777777777,
"std_TS_auc_0": 0.015036930420234119,
"avg_TS_f1_1": 0.9898666666666667,
"std_TS_f1_1": 0.0015546028828793803,
"avg_TS_ap_1": 0.997856113472656,
"std_TS_ap_1": 0.00040479071269870976,
"avg_TS_auc_1": 0.9859238777777778,
"std_TS_auc_1": 0.0021992219382833953,
"avg_TS_f1_2": 0.9546772475014043,
"std_TS_f1_2": 0.005567372169265968,
"avg_TS_ap_2": 0.9900704117544359,
"std_TS_ap_2": 0.0012991830340844343,
"avg_TS_auc_2": 0.9238412777777777,
"std_TS_auc_2": 0.008349955843381374,
"avg_TS_f1_3": 0.9224751152841824,
"std_TS_f1_3": 0.005389416407884411,
"avg_TS_ap_3": 0.9357161404706504,
"std_TS_ap_3": 0.011177342330910282,
"avg_TS_auc_3": 0.7025881777777778,
"std_TS_auc_3": 0.02461758626187765,
"avg_TS_f1_4": 0.9373777777777776,
"std_TS_f1_4": 0.0035364765892999467,
"avg_TS_ap_4": 0.9810610103401751,
"std_TS_ap_4": 0.0024547152511004157,
"avg_TS_auc_4": 0.8606366222222223,
"std_TS_auc_4": 0.011425822817678698,
"avg_TS_f1_5": 0.9667219203535999,
"std_TS_f1_5": 0.005842480848411261,
"avg_TS_ap_5": 0.9953038702019052,
"std_TS_ap_5": 0.0016311837464320549,
"avg_TS_auc_5": 0.9598403111111112,
"std_TS_auc_5": 0.012785657798882447,
"avg_TS_f1_6": 0.925697528875061,
"std_TS_f1_6": 0.002671341092219187,
"avg_TS_ap_6": 0.9627809107228309,
"std_TS_ap_6": 0.0054824589631047305,
"avg_TS_auc_6": 0.7699310333333333,
"std_TS_auc_6": 0.018148636388921453,
"avg_TS_f1_7": 0.9719555555555557,
"std_TS_f1_7": 0.006639797706274415,
"avg_TS_ap_7": 0.9970495330540301,
"std_TS_ap_7": 0.001032036230145063,
"avg_TS_auc_7": 0.9736416444444446,
"std_TS_auc_7": 0.009390734744035721,
"avg_TS_f1_8": 0.9836444444444444,
"std_TS_f1_8": 0.003203701562833791,
"avg_TS_ap_8": 0.9970437084711874,
"std_TS_ap_8": 0.0004924303470470153,
"avg_TS_auc_8": 0.9791685999999998,
"std_TS_auc_8": 0.0030353918675160734,
"avg_TS_f1_9": 0.9785777777777778,
"std_TS_f1_9": 0.0024609543466501587,
"avg_TS_ap_9": 0.9982408835345586,
"std_TS_ap_9": 0.0002980247733199663,
"avg_TS_auc_9": 0.9843788888888889,
"std_TS_auc_9": 0.002738801081982187,
"avg_TS_f1_all": 0.9584748465038182,
"std_TS_f1_all": 0.0015937037928414374,
"avg_TS_ap_all": 0.9838648038735686,
"std_TS_ap_all": 0.001375052934443663,
"avg_TS_auc_all": 0.9022200211111111,
"std_TS_auc_all": 0.004157269515663964
}