{
"avg_TS_f1_0": 0.9500539153409757,
"std_TS_f1_0": 0.0010201909565682491,
"avg_TS_ap_0": 0.9811797658550627,
"std_TS_ap_0": 0.0016831008859314002,
"avg_TS_auc_0": 0.8750768555555555,
"std_TS_auc_0": 0.0048953431313423345,
"avg_TS_f1_1": 0.9852776129538059,
"std_TS_f1_1": 0.00042749594805067314,
"avg_TS_ap_1": 0.9925660547337778,
"std_TS_ap_1": 0.001155765025624152,
"avg_TS_auc_1": 0.9625740666666667,
"std_TS_auc_1": 0.0038070831611032186,
"avg_TS_f1_2": 0.9521439141680711,
"std_TS_f1_2": 0.001528125766982082,
"avg_TS_ap_2": 0.9897165518484619,
"std_TS_ap_2": 0.0008640075881097663,
"avg_TS_auc_2": 0.9203987888888889,
"std_TS_auc_2": 0.00451271258962317,
"avg_TS_f1_3": 0.9293658795859029,
"std_TS_f1_3": 0.0034214026834962865,
"avg_TS_ap_3": 0.9696062891354849,
"std_TS_ap_3": 0.0030067195318033125,
"avg_TS_auc_3": 0.7940005222222222,
"std_TS_auc_3": 0.017015776773140034,
"avg_TS_f1_4": 0.9387201758122365,
"std_TS_f1_4": 0.0008995334542813872,
"avg_TS_ap_4": 0.9860467168874155,
"std_TS_ap_4": 0.0010589194257831112,
"avg_TS_auc_4": 0.8904715555555555,
"std_TS_auc_4": 0.0054615980598998115,
"avg_TS_f1_5": 0.9539662104684827,
"std_TS_f1_5": 0.004257154021253113,
"avg_TS_ap_5": 0.991573106295079,
"std_TS_ap_5": 0.0018147125716791584,
"avg_TS_auc_5": 0.9306854444444443,
"std_TS_auc_5": 0.0139558203586431,
"avg_TS_f1_6": 0.924275259736652,
"std_TS_f1_6": 0.00106940963616432,
"avg_TS_ap_6": 0.97327719101818,
"std_TS_ap_6": 0.0008475419127745572,
"avg_TS_auc_6": 0.8050471111111112,
"std_TS_auc_6": 0.005245826055300453,
"avg_TS_f1_7": 0.971033019118346,
"std_TS_f1_7": 0.0010893704467831555,
"avg_TS_ap_7": 0.9971850283236352,
"std_TS_ap_7": 0.00015113126741389164,
"avg_TS_auc_7": 0.9762976,
"std_TS_auc_7": 0.0012871846498137213,
"avg_TS_f1_8": 0.9432432443777741,
"std_TS_f1_8": 0.0029062196901601654,
"avg_TS_ap_8": 0.9698456330058379,
"std_TS_ap_8": 0.004756638726639181,
"avg_TS_auc_8": 0.8253393666666666,
"std_TS_auc_8": 0.020797729389319317,
"avg_TS_f1_9": 0.9766666666666666,
"std_TS_f1_9": 0.002517101998158985,
"avg_TS_ap_9": 0.9969886312647642,
"std_TS_ap_9": 0.00011704164830433443,
"avg_TS_auc_9": 0.9764102333333333,
"std_TS_auc_9": 0.0008352413145793275,
"avg_TS_f1_all": 0.9524745898228915,
"std_TS_f1_all": 0.0010493880804848795,
"avg_TS_ap_all": 0.9847984968367699,
"std_TS_ap_all": 0.0007522877070203717,
"avg_TS_auc_all": 0.8956301544444443,
"std_TS_auc_all": 0.004292328020881481
}