{
"avg_TS_f1_0": 0.9517100073460872,
"std_TS_f1_0": 0.0029426347748407805,
"avg_TS_ap_0": 0.9858295125765594,
"std_TS_ap_0": 0.0010940255489977442,
"avg_TS_auc_0": 0.8930588222222221,
"std_TS_auc_0": 0.009554573985270055,
"avg_TS_f1_1": 0.9914666666666667,
"std_TS_f1_1": 0.0005769224438109854,
"avg_TS_ap_1": 0.9974361226775003,
"std_TS_ap_1": 0.0016756330786647981,
"avg_TS_auc_1": 0.9850029888888889,
"std_TS_auc_1": 0.0067520107942690396,
"avg_TS_f1_2": 0.9519661388595664,
"std_TS_f1_2": 0.002853446016567311,
"avg_TS_ap_2": 0.9912964460763295,
"std_TS_ap_2": 0.0012690872223171418,
"avg_TS_auc_2": 0.9286027888888888,
"std_TS_auc_2": 0.009016033365409227,
"avg_TS_f1_3": 0.9212203356976623,
"std_TS_f1_3": 0.005367910257465655,
"avg_TS_ap_3": 0.9616713125582393,
"std_TS_ap_3": 0.008165515348437454,
"avg_TS_auc_3": 0.7440579777777778,
"std_TS_auc_3": 0.03201087621695604,
"avg_TS_f1_4": 0.9371645424745818,
"std_TS_f1_4": 0.002056060783745983,
"avg_TS_ap_4": 0.9870615741086237,
"std_TS_ap_4": 0.0007314897609803082,
"avg_TS_auc_4": 0.8932504444444446,
"std_TS_auc_4": 0.004804337566264183,
"avg_TS_f1_5": 0.949821143149928,
"std_TS_f1_5": 0.007662754191838896,
"avg_TS_ap_5": 0.9883644786209402,
"std_TS_ap_5": 0.009493439815283668,
"avg_TS_auc_5": 0.9165817111111112,
"std_TS_auc_5": 0.04560541076227201,
"avg_TS_f1_6": 0.9243863424511238,
"std_TS_f1_6": 0.0027231058343503735,
"avg_TS_ap_6": 0.9753995387279885,
"std_TS_ap_6": 0.003693166391045523,
"avg_TS_auc_6": 0.8124332222222221,
"std_TS_auc_6": 0.01831434245507409,
"avg_TS_f1_7": 0.9696444444444445,
"std_TS_f1_7": 0.0017783332465549076,
"avg_TS_ap_7": 0.9975914174889526,
"std_TS_ap_7": 0.0001835952460615085,
"avg_TS_auc_7": 0.9781200555555556,
"std_TS_auc_7": 0.001704417520068386,
"avg_TS_f1_8": 0.9494444444444445,
"std_TS_f1_8": 0.026201309928614462,
"avg_TS_ap_8": 0.9524350393565865,
"std_TS_ap_8": 0.07454204613147389,
"avg_TS_auc_8": 0.7989773777777778,
"std_TS_auc_8": 0.2564381004115962,
"avg_TS_f1_9": 0.9767663857868648,
"std_TS_f1_9": 0.0016121952404200767,
"avg_TS_ap_9": 0.9982423144102697,
"std_TS_ap_9": 0.00018655780753623426,
"avg_TS_auc_9": 0.9841742111111114,
"std_TS_auc_9": 0.0016749911259760818,
"avg_TS_f1_all": 0.952359045132137,
"std_TS_f1_all": 0.0035270074596541676,
"avg_TS_ap_all": 0.9835327756601989,
"std_TS_ap_all": 0.007141471799177073,
"avg_TS_auc_all": 0.8934259600000001,
"std_TS_auc_all": 0.025465082335011904
}