{
"avg_TS_f1_0": 0.9467285970049376,
"std_TS_f1_0": 0.0007188379122572528,
"avg_TS_ap_0": 0.9805826299759529,
"std_TS_ap_0": 0.00029695078305277717,
"avg_TS_auc_0": 0.8635507888888888,
"std_TS_auc_0": 0.002321835101278855,
"avg_TS_f1_1": 0.9833774222024679,
"std_TS_f1_1": 0.0008484311853544089,
"avg_TS_ap_1": 0.9937499104045004,
"std_TS_ap_1": 0.0007006439345506227,
"avg_TS_auc_1": 0.9648354000000001,
"std_TS_auc_1": 0.0024323019116431186,
"avg_TS_f1_2": 0.9512200591390879,
"std_TS_f1_2": 0.0013004079998939124,
"avg_TS_ap_2": 0.9880352005715054,
"std_TS_ap_2": 0.00046435179883373495,
"avg_TS_auc_2": 0.9072496666666666,
"std_TS_auc_2": 0.0023338329467759186,
"avg_TS_f1_3": 0.9266617638330971,
"std_TS_f1_3": 0.0009722874307585144,
"avg_TS_ap_3": 0.9720830102582256,
"std_TS_ap_3": 0.0016382218473538857,
"avg_TS_auc_3": 0.7935134444444444,
"std_TS_auc_3": 0.006178792198688048,
"avg_TS_f1_4": 0.9396063840766493,
"std_TS_f1_4": 0.0009705884936205555,
"avg_TS_ap_4": 0.9866428478619648,
"std_TS_ap_4": 0.0005194271864268332,
"avg_TS_auc_4": 0.8927076555555555,
"std_TS_auc_4": 0.0034006613551404645,
"avg_TS_f1_5": 0.9423411880168844,
"std_TS_f1_5": 0.002936591658762652,
"avg_TS_ap_5": 0.9882435979841706,
"std_TS_ap_5": 0.0008180282786487881,
"avg_TS_auc_5": 0.9014924444444444,
"std_TS_auc_5": 0.006899129573922912,
"avg_TS_f1_6": 0.9252052567083744,
"std_TS_f1_6": 0.0012070220627244314,
"avg_TS_ap_6": 0.9729205745999293,
"std_TS_ap_6": 0.0008449125906605826,
"avg_TS_auc_6": 0.8023901777777777,
"std_TS_auc_6": 0.00459904489405471,
"avg_TS_f1_7": 0.9715543147458809,
"std_TS_f1_7": 0.001183719481130108,
"avg_TS_ap_7": 0.9972138702679952,
"std_TS_ap_7": 0.00014334816705151543,
"avg_TS_auc_7": 0.9756815222222223,
"std_TS_auc_7": 0.0011313831175891144,
"avg_TS_f1_8": 0.9299968825428573,
"std_TS_f1_8": 0.0013392727884924043,
"avg_TS_ap_8": 0.9611216381732257,
"std_TS_ap_8": 0.000536463650999077,
"avg_TS_auc_8": 0.7665658777777777,
"std_TS_auc_8": 0.00482642223334925,
"avg_TS_f1_9": 0.9772553092455754,
"std_TS_f1_9": 0.00044356809493637574,
"avg_TS_ap_9": 0.9970577665368723,
"std_TS_ap_9": 0.0001618232614623937,
"avg_TS_auc_9": 0.9764160333333335,
"std_TS_auc_9": 0.001219884484310543,
"avg_TS_f1_all": 0.9493947177515812,
"std_TS_f1_all": 0.0003614645390249801,
"avg_TS_ap_all": 0.983765104663434,
"std_TS_ap_all": 0.0003061590605269407,
"avg_TS_auc_all": 0.884440301111111,
"std_TS_auc_all": 0.0017592419273667116
}