{
"avg_TS_f1_0": 0.9559333333333333,
"std_TS_f1_0": 0.001074048530986185,
"avg_TS_ap_0": 0.9694038509491041,
"std_TS_ap_0": 0.010862184767779327,
"avg_TS_auc_0": 0.8564613555555555,
"std_TS_auc_0": 0.026615923254503685,
"avg_TS_f1_1": 0.9566888888888888,
"std_TS_f1_1": 0.0012927146286443637,
"avg_TS_ap_1": 0.9804334570400071,
"std_TS_ap_1": 0.006887059789584367,
"avg_TS_auc_1": 0.8942071333333332,
"std_TS_auc_1": 0.029200003886005164,
"avg_TS_f1_2": 0.952311111111111,
"std_TS_f1_2": 0.001075886083280888,
"avg_TS_ap_2": 0.964442768486322,
"std_TS_ap_2": 0.002990762190548599,
"avg_TS_auc_2": 0.8269881111111111,
"std_TS_auc_2": 0.008113893574345325,
"avg_TS_f1_3": 0.9390104413208142,
"std_TS_f1_3": 0.0008009484001070648,
"avg_TS_ap_3": 0.9272239225180565,
"std_TS_ap_3": 0.004605918127201408,
"avg_TS_auc_3": 0.6609670000000001,
"std_TS_auc_3": 0.007100987014945167,
"avg_TS_f1_4": 0.9404548795920762,
"std_TS_f1_4": 0.0030883718376579546,
"avg_TS_ap_4": 0.9617716347717412,
"std_TS_ap_4": 0.0058004656204980794,
"avg_TS_auc_4": 0.7886392333333333,
"std_TS_auc_4": 0.01736454137412871,
"avg_TS_f1_5": 0.9468431208405871,
"std_TS_f1_5": 0.006849360500115152,
"avg_TS_ap_5": 0.9050275828478478,
"std_TS_ap_5": 0.008618842296462776,
"avg_TS_auc_5": 0.6604298444444444,
"std_TS_auc_5": 0.014541926923720059,
"avg_TS_f1_6": 0.9267094641060305,
"std_TS_f1_6": 0.0013079131837530308,
"avg_TS_ap_6": 0.9531809141787608,
"std_TS_ap_6": 0.007593201189026294,
"avg_TS_auc_6": 0.7304692000000002,
"std_TS_auc_6": 0.020639506469258592,
"avg_TS_f1_7": 0.9510222222222223,
"std_TS_f1_7": 0.0014544949486180805,
"avg_TS_ap_7": 0.9139160411455872,
"std_TS_ap_7": 0.019920671719974525,
"avg_TS_auc_7": 0.6784934333333335,
"std_TS_auc_7": 0.036073825670326264,
"avg_TS_f1_8": 0.951387256082128,
"std_TS_f1_8": 0.0008505787167067912,
"avg_TS_ap_8": 0.8689928317194283,
"std_TS_ap_8": 0.0033170271089444144,
"avg_TS_auc_8": 0.6113520333333333,
"std_TS_auc_8": 0.010534472862095292,
"avg_TS_f1_9": 0.9530105907118296,
"std_TS_f1_9": 0.001293034395016274,
"avg_TS_ap_9": 0.9233575901171583,
"std_TS_ap_9": 0.026951444010289847,
"avg_TS_auc_9": 0.7150159333333334,
"std_TS_auc_9": 0.062338156480853356,
"avg_TS_f1_all": 0.9473371308209023,
"std_TS_f1_all": 0.0006658366977849961,
"avg_TS_ap_all": 0.9367750593774014,
"std_TS_ap_all": 0.0036923993685270854,
"avg_TS_auc_all": 0.7423023277777778,
"std_TS_auc_all": 0.007438689461570418
}