{
"avg_TS_f1_0": 0.9598995376286336,
"std_TS_f1_0": 0.0014746971138171556,
"avg_TS_ap_0": 0.9884908530686293,
"std_TS_ap_0": 0.0006055972227211061,
"avg_TS_auc_0": 0.9165682111111112,
"std_TS_auc_0": 0.0043654376491246575,
"avg_TS_f1_1": 0.9919333333333334,
"std_TS_f1_1": 0.00011331154474652144,
"avg_TS_ap_1": 0.9958808161271133,
"std_TS_ap_1": 0.0002518272287630756,
"avg_TS_auc_1": 0.9803625777777777,
"std_TS_auc_1": 0.000754993765488115,
"avg_TS_f1_2": 0.9553651659660105,
"std_TS_f1_2": 0.0007694453338868609,
"avg_TS_ap_2": 0.991157153527529,
"std_TS_ap_2": 0.0005822053579384294,
"avg_TS_auc_2": 0.9320742666666668,
"std_TS_auc_2": 0.002772322184214255,
"avg_TS_f1_3": 0.9331629213122172,
"std_TS_f1_3": 0.0012465502074927776,
"avg_TS_ap_3": 0.9684579173675976,
"std_TS_ap_3": 0.0031175039585210583,
"avg_TS_auc_3": 0.7933830000000001,
"std_TS_auc_3": 0.014142780626197273,
"avg_TS_f1_4": 0.9420536190282176,
"std_TS_f1_4": 0.0008414262555913482,
"avg_TS_ap_4": 0.9887836833617938,
"std_TS_ap_4": 0.00016783726300836625,
"avg_TS_auc_4": 0.9091458777777778,
"std_TS_auc_4": 0.0007327682236762764,
"avg_TS_f1_5": 0.9650106882481125,
"std_TS_f1_5": 0.002215127943447275,
"avg_TS_ap_5": 0.9965383404534046,
"std_TS_ap_5": 0.00030549120975803464,
"avg_TS_auc_5": 0.9690081222222222,
"std_TS_auc_5": 0.002796899178168506,
"avg_TS_f1_6": 0.9263967121630212,
"std_TS_f1_6": 0.0013242712815104089,
"avg_TS_ap_6": 0.9754586429382922,
"std_TS_ap_6": 0.00119805845774374,
"avg_TS_auc_6": 0.8160895111111109,
"std_TS_auc_6": 0.005134767447028275,
"avg_TS_f1_7": 0.9766330734423517,
"std_TS_f1_7": 0.0009923221144912111,
"avg_TS_ap_7": 0.9983401139818529,
"std_TS_ap_7": 9.446820878482525e-05,
"avg_TS_auc_7": 0.9850594666666665,
"std_TS_auc_7": 0.0008529986102777337,
"avg_TS_f1_8": 0.9716554055472217,
"std_TS_f1_8": 0.013932677313658697,
"avg_TS_ap_8": 0.9918019634607017,
"std_TS_ap_8": 0.0037513864003429513,
"avg_TS_auc_8": 0.9469584888888889,
"std_TS_auc_8": 0.02674664398122726,
"avg_TS_f1_9": 0.9810549277428994,
"std_TS_f1_9": 0.00024059849369961007,
"avg_TS_ap_9": 0.9985435004270705,
"std_TS_ap_9": 7.094763738190749e-05,
"avg_TS_auc_9": 0.9877734888888888,
"std_TS_auc_9": 0.00033107641205213013,
"avg_TS_f1_all": 0.9603165384412019,
"std_TS_f1_all": 0.001209963281206198,
"avg_TS_ap_all": 0.9893452984713985,
"std_TS_ap_all": 0.00048806428613081053,
"avg_TS_auc_all": 0.923642301111111,
"std_TS_auc_all": 0.002826698019802119
}