{
"avg_TS_f1_0": 0.9564995030588118,
"std_TS_f1_0": 0.0008727597378941779,
"avg_TS_ap_0": 0.9880919308018177,
"std_TS_ap_0": 0.00036135941058726043,
"avg_TS_auc_0": 0.9097163666666669,
"std_TS_auc_0": 0.002631020317174056,
"avg_TS_f1_1": 0.9925111111111111,
"std_TS_f1_1": 0.0002393406580948886,
"avg_TS_ap_1": 0.9989173177822341,
"std_TS_ap_1": 0.00025543632417295974,
"avg_TS_auc_1": 0.9921330555555556,
"std_TS_auc_1": 0.0017507993377276912,
"avg_TS_f1_2": 0.9544994944163564,
"std_TS_f1_2": 0.0012580608378937937,
"avg_TS_ap_2": 0.9919224241134412,
"std_TS_ap_2": 0.0003008198043411204,
"avg_TS_auc_2": 0.9347411222222222,
"std_TS_auc_2": 0.00201665292232846,
"avg_TS_f1_3": 0.9445987702337296,
"std_TS_f1_3": 0.0006027427897434505,
"avg_TS_ap_3": 0.9828442958370539,
"std_TS_ap_3": 0.00045582260421539163,
"avg_TS_auc_3": 0.8705361444444444,
"std_TS_auc_3": 0.003392020870138727,
"avg_TS_f1_4": 0.9442746793883534,
"std_TS_f1_4": 0.000662269620095623,
"avg_TS_ap_4": 0.9897374352403479,
"std_TS_ap_4": 0.0002161674468722366,
"avg_TS_auc_4": 0.9145467444444444,
"std_TS_auc_4": 0.0016308842517836724,
"avg_TS_f1_5": 0.9682996512151909,
"std_TS_f1_5": 0.0010654070146755138,
"avg_TS_ap_5": 0.9971541850805025,
"std_TS_ap_5": 0.00012503747344837723,
"avg_TS_auc_5": 0.9742955,
"std_TS_auc_5": 0.001128302927540437,
"avg_TS_f1_6": 0.9276412417973837,
"std_TS_f1_6": 0.0008592846692214807,
"avg_TS_ap_6": 0.9805519520615995,
"std_TS_ap_6": 0.00023637885306835755,
"avg_TS_auc_6": 0.8430334333333332,
"std_TS_auc_6": 0.0015804042752831384,
"avg_TS_f1_7": 0.9819777777777778,
"std_TS_f1_7": 0.0008703624901140419,
"avg_TS_ap_7": 0.9988311846831808,
"std_TS_ap_7": 7.416915174475467e-05,
"avg_TS_auc_7": 0.9894129222222222,
"std_TS_auc_7": 0.0006785345652922526,
"avg_TS_f1_8": 0.9646988351204696,
"std_TS_f1_8": 0.0008179867462812952,
"avg_TS_ap_8": 0.9916372742912707,
"std_TS_ap_8": 0.0015530123929773112,
"avg_TS_auc_8": 0.9393384333333333,
"std_TS_auc_8": 0.0075439891433061,
"avg_TS_f1_9": 0.9788,
"std_TS_f1_9": 0.0009568466729605046,
"avg_TS_ap_9": 0.9983138860233396,
"std_TS_ap_9": 0.00012496854383761075,
"avg_TS_auc_9": 0.9850274222222222,
"std_TS_auc_9": 0.0010851428111054028,
"avg_TS_f1_all": 0.9613801064119183,
"std_TS_f1_all": 0.00028085485205840656,
"avg_TS_ap_all": 0.9918001885914787,
"std_TS_ap_all": 0.00022696535232814187,
"avg_TS_auc_all": 0.9352781144444444,
"std_TS_auc_all": 0.0011820460243102998
}