{
"avg_TS_f1_0": 0.9466888888888889,
"std_TS_f1_0": 0.003722072965498386,
"avg_TS_ap_0": 0.9785073078514328,
"std_TS_ap_0": 0.001171728046079041,
"avg_TS_auc_0": 0.8593401888888887,
"std_TS_auc_0": 0.008734660821684843,
"avg_TS_f1_1": 0.983288490101302,
"std_TS_f1_1": 0.0019920809230292123,
"avg_TS_ap_1": 0.9919596765094478,
"std_TS_ap_1": 0.0006571018356781503,
"avg_TS_auc_1": 0.9586008222222222,
"std_TS_auc_1": 0.001868466370986201,
"avg_TS_f1_2": 0.9516433764838788,
"std_TS_f1_2": 0.000810489971337104,
"avg_TS_ap_2": 0.9875710529514399,
"std_TS_ap_2": 0.0004658668486745402,
"avg_TS_auc_2": 0.9121235111111112,
"std_TS_auc_2": 0.0027123162638801636,
"avg_TS_f1_3": 0.9330961915050405,
"std_TS_f1_3": 0.0020922695151374226,
"avg_TS_ap_3": 0.9671855382367414,
"std_TS_ap_3": 0.0026095458046411853,
"avg_TS_auc_3": 0.7931501666666667,
"std_TS_auc_3": 0.014566016454171996,
"avg_TS_f1_4": 0.9384770672444767,
"std_TS_f1_4": 0.0012513645729108872,
"avg_TS_ap_4": 0.9839029913838724,
"std_TS_ap_4": 0.0008585628259172727,
"avg_TS_auc_4": 0.8841324,
"std_TS_auc_4": 0.003407576774748068,
"avg_TS_f1_5": 0.9455765899914805,
"std_TS_f1_5": 0.0027495730572318325,
"avg_TS_ap_5": 0.9846884276484351,
"std_TS_ap_5": 0.001322128669491663,
"avg_TS_auc_5": 0.8881235111111112,
"std_TS_auc_5": 0.008381743534876498,
"avg_TS_f1_6": 0.9252752794908359,
"std_TS_f1_6": 0.0022217141698380764,
"avg_TS_ap_6": 0.9689362281793859,
"std_TS_ap_6": 0.0028459739870536917,
"avg_TS_auc_6": 0.7890813222222223,
"std_TS_auc_6": 0.01433537386536375,
"avg_TS_f1_7": 0.9720552894913915,
"std_TS_f1_7": 0.002433378014195779,
"avg_TS_ap_7": 0.9960845137158216,
"std_TS_ap_7": 0.0004779601391803233,
"avg_TS_auc_7": 0.9701274666666666,
"std_TS_auc_7": 0.0036161829774869984,
"avg_TS_f1_8": 0.9395646795192325,
"std_TS_f1_8": 0.0017494029316755366,
"avg_TS_ap_8": 0.9654794951837028,
"std_TS_ap_8": 0.002267345052781259,
"avg_TS_auc_8": 0.8044215444444445,
"std_TS_auc_8": 0.011851676130112924,
"avg_TS_f1_9": 0.9755663981332295,
"std_TS_f1_9": 0.0009789665924464694,
"avg_TS_ap_9": 0.9953263574117986,
"std_TS_ap_9": 0.0004519198242662932,
"avg_TS_auc_9": 0.9657011555555556,
"std_TS_auc_9": 0.00284928204589104,
"avg_TS_f1_all": 0.9511232250849757,
"std_TS_f1_all": 0.0012130038504760893,
"avg_TS_ap_all": 0.9819641589072079,
"std_TS_ap_all": 0.0009730000572222058,
"avg_TS_auc_all": 0.8824802088888889,
"std_TS_auc_all": 0.005187769674661837
}