{
"avg_TS_f1_0": 0.9390861887388805,
"std_TS_f1_0": 0.0008380979981717667,
"avg_TS_ap_0": 0.967145794244999,
"std_TS_ap_0": 0.0010820742064516105,
"avg_TS_auc_0": 0.8052299777777778,
"std_TS_auc_0": 0.004872134072254676,
"avg_TS_f1_1": 0.9731213301973565,
"std_TS_f1_1": 0.0008397961575469163,
"avg_TS_ap_1": 0.9875821728883392,
"std_TS_ap_1": 0.00046833300296364086,
"avg_TS_auc_1": 0.9312330555555557,
"std_TS_auc_1": 0.0027848223127482172,
"avg_TS_f1_2": 0.9466315424931014,
"std_TS_f1_2": 0.0009684413494252535,
"avg_TS_ap_2": 0.9810739376775613,
"std_TS_ap_2": 0.0002908522298183342,
"avg_TS_auc_2": 0.8721249222222223,
"std_TS_auc_2": 0.0016101673184278729,
"avg_TS_f1_3": 0.9191826037723411,
"std_TS_f1_3": 0.0006708902575357421,
"avg_TS_ap_3": 0.9552894166230544,
"std_TS_ap_3": 0.0004474229279117432,
"avg_TS_auc_3": 0.7211350777777777,
"std_TS_auc_3": 0.001584169030761778,
"avg_TS_f1_4": 0.9354623428876273,
"std_TS_f1_4": 0.0020227886720853624,
"avg_TS_ap_4": 0.9783851574335685,
"std_TS_ap_4": 0.0009723041733369002,
"avg_TS_auc_4": 0.8537265666666667,
"std_TS_auc_4": 0.005891047396696451,
"avg_TS_f1_5": 0.9202168896322556,
"std_TS_f1_5": 0.002058717801066673,
"avg_TS_ap_5": 0.9637474725534112,
"std_TS_ap_5": 0.0020758457079146277,
"avg_TS_auc_5": 0.7549801555555556,
"std_TS_auc_5": 0.012008578664643797,
"avg_TS_f1_6": 0.9219263436635454,
"std_TS_f1_6": 0.001498566268349042,
"avg_TS_ap_6": 0.9595206360035509,
"std_TS_ap_6": 0.0009859601636731815,
"avg_TS_auc_6": 0.7475002444444444,
"std_TS_auc_6": 0.005427847663328092,
"avg_TS_f1_7": 0.9605760245939589,
"std_TS_f1_7": 0.0005014622856063743,
"avg_TS_ap_7": 0.9914929446021936,
"std_TS_ap_7": 0.0006723632653548074,
"avg_TS_auc_7": 0.9365777888888889,
"std_TS_auc_7": 0.004395658519100718,
"avg_TS_f1_8": 0.9158045555999793,
"std_TS_f1_8": 0.0019064208146333619,
"avg_TS_ap_8": 0.9373274694016984,
"std_TS_ap_8": 0.0015760837714294774,
"avg_TS_auc_8": 0.6609602222222222,
"std_TS_auc_8": 0.008929656492916261,
"avg_TS_f1_9": 0.9661433412967387,
"std_TS_f1_9": 0.0010466013874868522,
"avg_TS_ap_9": 0.989200292347548,
"std_TS_ap_9": 0.0004281003935222347,
"avg_TS_auc_9": 0.9299812333333334,
"std_TS_auc_9": 0.001929088688256804,
"avg_TS_f1_all": 0.9398151162875786,
"std_TS_f1_all": 0.0005407113530024586,
"avg_TS_ap_all": 0.9710765293775925,
"std_TS_ap_all": 0.0002107846188611832,
"avg_TS_auc_all": 0.8213449244444446,
"std_TS_auc_all": 0.0016454095188653951
}