{
"avg_TS_f1_0": 0.9390325968726657,
"std_TS_f1_0": 0.00513616303259337,
"avg_TS_ap_0": 0.9762082022481952,
"std_TS_ap_0": 0.001640573912839069,
"avg_TS_auc_0": 0.8385329666666665,
"std_TS_auc_0": 0.013540169938281086,
"avg_TS_f1_1": 0.9829777777777778,
"std_TS_f1_1": 0.0030899278828133902,
"avg_TS_ap_1": 0.994650306262618,
"std_TS_ap_1": 0.0010107984167718916,
"avg_TS_auc_1": 0.9693110777777779,
"std_TS_auc_1": 0.004520318341597489,
"avg_TS_f1_2": 0.9393881882326796,
"std_TS_f1_2": 0.0044384370774327294,
"avg_TS_ap_2": 0.9819172989331497,
"std_TS_ap_2": 0.0022499405235932874,
"avg_TS_auc_2": 0.8663682333333333,
"std_TS_auc_2": 0.01520367785740848,
"avg_TS_f1_3": 0.9094888888888889,
"std_TS_f1_3": 0.004332250576978255,
"avg_TS_ap_3": 0.9488760330619421,
"std_TS_ap_3": 0.009218410216595346,
"avg_TS_auc_3": 0.6698462111111112,
"std_TS_auc_3": 0.041959232109089445,
"avg_TS_f1_4": 0.9340992339080566,
"std_TS_f1_4": 0.002148263802860309,
"avg_TS_ap_4": 0.9832143335004819,
"std_TS_ap_4": 0.00264907572805925,
"avg_TS_auc_4": 0.8689691777777778,
"std_TS_auc_4": 0.01553106805265015,
"avg_TS_f1_5": 0.9442222222222222,
"std_TS_f1_5": 0.006164414002968978,
"avg_TS_ap_5": 0.9892416182023066,
"std_TS_ap_5": 0.0025704803792872257,
"avg_TS_auc_5": 0.9119877222222221,
"std_TS_auc_5": 0.016487886056394337,
"avg_TS_f1_6": 0.9200991635337765,
"std_TS_f1_6": 0.004499950453481491,
"avg_TS_ap_6": 0.9712151845002067,
"std_TS_ap_6": 0.003414590234578089,
"avg_TS_auc_6": 0.7833104666666667,
"std_TS_auc_6": 0.022380326785326962,
"avg_TS_f1_7": 0.9617111111111111,
"std_TS_f1_7": 0.006077930121998862,
"avg_TS_ap_7": 0.9955477424490734,
"std_TS_ap_7": 0.0011112528788880386,
"avg_TS_auc_7": 0.9606648333333332,
"std_TS_auc_7": 0.00970763980031158,
"avg_TS_f1_8": 0.9365111111111112,
"std_TS_f1_8": 0.004784026920936678,
"avg_TS_ap_8": 0.9690078169750469,
"std_TS_ap_8": 0.007134059906044091,
"avg_TS_auc_8": 0.8087605555555555,
"std_TS_auc_8": 0.01951696161693182,
"avg_TS_f1_9": 0.9388771746578513,
"std_TS_f1_9": 0.0108118427173271,
"avg_TS_ap_9": 0.978294850671017,
"std_TS_ap_9": 0.012140014126988653,
"avg_TS_auc_9": 0.8423538999999998,
"std_TS_auc_9": 0.07764756831611297,
"avg_TS_f1_all": 0.9406407468316141,
"std_TS_f1_all": 0.0020438261712691416,
"avg_TS_ap_all": 0.9788173386804038,
"std_TS_ap_all": 0.0018683538436006341,
"avg_TS_auc_all": 0.8520105144444445,
"std_TS_auc_all": 0.010039395579989552
}