{
"avg_TS_f1_0": 0.9589546678519177,
"std_TS_f1_0": 0.002888045646219472,
"avg_TS_ap_0": 0.9683315461867534,
"std_TS_ap_0": 0.004327829696726275,
"avg_TS_auc_0": 0.8721203333333334,
"std_TS_auc_0": 0.016462900828570878,
"avg_TS_f1_1": 0.9898444444444443,
"std_TS_f1_1": 0.00031894889098683346,
"avg_TS_ap_1": 0.9774915572437642,
"std_TS_ap_1": 0.0017121606901211303,
"avg_TS_auc_1": 0.9360032333333332,
"std_TS_auc_1": 0.00398813554932033,
"avg_TS_f1_2": 0.954710090066732,
"std_TS_f1_2": 0.0006652732918832863,
"avg_TS_ap_2": 0.9810691353476677,
"std_TS_ap_2": 0.0024564558511264312,
"avg_TS_auc_2": 0.9047049000000001,
"std_TS_auc_2": 0.0056412431241419985,
"avg_TS_f1_3": 0.9219298714126094,
"std_TS_f1_3": 0.001246988506269575,
"avg_TS_ap_3": 0.9411026280132772,
"std_TS_ap_3": 0.0017038645942176012,
"avg_TS_auc_3": 0.7018673333333333,
"std_TS_auc_3": 0.00318347675244118,
"avg_TS_f1_4": 0.9405542394330549,
"std_TS_f1_4": 0.0004615242398229218,
"avg_TS_ap_4": 0.9743470216448944,
"std_TS_ap_4": 0.002566530290827499,
"avg_TS_auc_4": 0.8649259888888888,
"std_TS_auc_4": 0.005280075697105163,
"avg_TS_f1_5": 0.9739555555555555,
"std_TS_f1_5": 0.00584305010828262,
"avg_TS_ap_5": 0.9824600057413679,
"std_TS_ap_5": 0.0042088130192783554,
"avg_TS_auc_5": 0.9365626555555556,
"std_TS_auc_5": 0.012901412842403074,
"avg_TS_f1_6": 0.9237402077893216,
"std_TS_f1_6": 0.0010217957826610452,
"avg_TS_ap_6": 0.9476600550836825,
"std_TS_ap_6": 0.0017024576634187354,
"avg_TS_auc_6": 0.7449326333333334,
"std_TS_auc_6": 0.002575504320648492,
"avg_TS_f1_7": 0.975944096894272,
"std_TS_f1_7": 0.005083994095292149,
"avg_TS_ap_7": 0.9856286277196403,
"std_TS_ap_7": 0.003196423094377319,
"avg_TS_auc_7": 0.9400632555555555,
"std_TS_auc_7": 0.021215539372676295,
"avg_TS_f1_8": 0.9911111111111112,
"std_TS_f1_8": 0.001049397240277101,
"avg_TS_ap_8": 0.9916218907865048,
"std_TS_ap_8": 0.0026301186812621685,
"avg_TS_auc_8": 0.971972088888889,
"std_TS_auc_8": 0.006715859170888729,
"avg_TS_f1_9": 0.9870888888888889,
"std_TS_f1_9": 0.0006644407283433879,
"avg_TS_ap_9": 0.9819031011144899,
"std_TS_ap_9": 0.006497156790611611,
"avg_TS_auc_9": 0.9508398111111112,
"std_TS_auc_9": 0.010571712966750338,
"avg_TS_f1_all": 0.9617833173447907,
"std_TS_f1_all": 0.0011849488103666502,
"avg_TS_ap_all": 0.9731615568882042,
"std_TS_ap_all": 0.001032334145622437,
"avg_TS_auc_all": 0.8823992233333333,
"std_TS_auc_all": 0.0035259615814422956
}