{
"avg_TS_f1_0": 0.9626444444444445,
"std_TS_f1_0": 0.0006261779023825168,
"avg_TS_ap_0": 0.9898873537910788,
"std_TS_ap_0": 0.0006804419553328648,
"avg_TS_auc_0": 0.9240519111111112,
"std_TS_auc_0": 0.004637276367187838,
"avg_TS_f1_1": 0.9912222222222222,
"std_TS_f1_1": 0.00030631219449087885,
"avg_TS_ap_1": 0.9974855484804166,
"std_TS_ap_1": 0.00018722606724608107,
"avg_TS_auc_1": 0.9847963777777778,
"std_TS_auc_1": 0.0011611577733314246,
"avg_TS_f1_2": 0.9554202393960158,
"std_TS_f1_2": 0.0012667894096304259,
"avg_TS_ap_2": 0.9917280900083576,
"std_TS_ap_2": 0.00034062117740886005,
"avg_TS_auc_2": 0.9344204666666667,
"std_TS_auc_2": 0.0024319679524468446,
"avg_TS_f1_3": 0.9460993956454372,
"std_TS_f1_3": 0.0009918680668226135,
"avg_TS_ap_3": 0.9747832311022563,
"std_TS_ap_3": 0.004573300298065159,
"avg_TS_auc_3": 0.8397405222222222,
"std_TS_auc_3": 0.018862758228083004,
"avg_TS_f1_4": 0.9445425881001543,
"std_TS_f1_4": 0.0006527329213141708,
"avg_TS_ap_4": 0.9895350804363371,
"std_TS_ap_4": 0.0003174346371815129,
"avg_TS_auc_4": 0.914321688888889,
"std_TS_auc_4": 0.001308860015527611,
"avg_TS_f1_5": 0.9685993123074738,
"std_TS_f1_5": 0.001889845855793627,
"avg_TS_ap_5": 0.996936722173162,
"std_TS_ap_5": 0.0002765290894529608,
"avg_TS_auc_5": 0.9728073,
"std_TS_auc_5": 0.0025573207504131974,
"avg_TS_f1_6": 0.9277984023803791,
"std_TS_f1_6": 0.0007839569465737628,
"avg_TS_ap_6": 0.9772786571364213,
"std_TS_ap_6": 0.0012712492477695324,
"avg_TS_auc_6": 0.825306488888889,
"std_TS_auc_6": 0.006432268733387775,
"avg_TS_f1_7": 0.9775555555555556,
"std_TS_f1_7": 0.0008861067572167699,
"avg_TS_ap_7": 0.9983642313858734,
"std_TS_ap_7": 9.633600893415835e-05,
"avg_TS_auc_7": 0.9853478555555556,
"std_TS_auc_7": 0.0008524366430241602,
"avg_TS_f1_8": 0.9836776055459872,
"std_TS_f1_8": 0.00060672230449537,
"avg_TS_ap_8": 0.9946923327462341,
"std_TS_ap_8": 0.0002173535415262734,
"avg_TS_auc_8": 0.9668662555555555,
"std_TS_auc_8": 0.0014563929137631087,
"avg_TS_f1_9": 0.9813555555555556,
"std_TS_f1_9": 0.0007962876829852774,
"avg_TS_ap_9": 0.9986597205846716,
"std_TS_ap_9": 2.4529493028245673e-05,
"avg_TS_auc_9": 0.9884639777777778,
"std_TS_auc_9": 0.0002625220757324896,
"avg_TS_f1_all": 0.9638915321153225,
"std_TS_f1_all": 0.00038367007416858877,
"avg_TS_ap_all": 0.9909350967844809,
"std_TS_ap_all": 0.0006242971085456189,
"avg_TS_auc_all": 0.9336122844444444,
"std_TS_auc_all": 0.00268230652366695
}