{
"avg_TS_f1_0": 0.9489415892834854,
"std_TS_f1_0": 0.0006578803524092044,
"avg_TS_ap_0": 0.9852552435562169,
"std_TS_ap_0": 0.0007680756371343571,
"avg_TS_auc_0": 0.8902651666666668,
"std_TS_auc_0": 0.001632622576647088,
"avg_TS_f1_1": 0.986544310486385,
"std_TS_f1_1": 0.0014479002426512697,
"avg_TS_ap_1": 0.9909662487910709,
"std_TS_ap_1": 0.0006796449931549827,
"avg_TS_auc_1": 0.957683688888889,
"std_TS_auc_1": 0.0017429430568741957,
"avg_TS_f1_2": 0.95247619312184,
"std_TS_f1_2": 0.0009207571195948167,
"avg_TS_ap_2": 0.9895479230114257,
"std_TS_ap_2": 0.003354103756806307,
"avg_TS_auc_2": 0.9224139000000001,
"std_TS_auc_2": 0.010795112817610442,
"avg_TS_f1_3": 0.9334400218959947,
"std_TS_f1_3": 0.0034443555342772015,
"avg_TS_ap_3": 0.9764350602044949,
"std_TS_ap_3": 0.004544958930621947,
"avg_TS_auc_3": 0.8387656444444443,
"std_TS_auc_3": 0.020205691924557404,
"avg_TS_f1_4": 0.9401424671741022,
"std_TS_f1_4": 0.0008627273198683686,
"avg_TS_ap_4": 0.9890747905455397,
"std_TS_ap_4": 0.00018797946864850058,
"avg_TS_auc_4": 0.9081188222222222,
"std_TS_auc_4": 0.0011244350397059662,
"avg_TS_f1_5": 0.9492094239803446,
"std_TS_f1_5": 0.0011858408418834925,
"avg_TS_ap_5": 0.9925284507033444,
"std_TS_ap_5": 0.00029684958545031265,
"avg_TS_auc_5": 0.9341659999999999,
"std_TS_auc_5": 0.002627028749719301,
"avg_TS_f1_6": 0.9259641782568167,
"std_TS_f1_6": 0.001058253962353446,
"avg_TS_ap_6": 0.9790489677416406,
"std_TS_ap_6": 0.0011956831377955407,
"avg_TS_auc_6": 0.8374176555555556,
"std_TS_auc_6": 0.0023598128429136423,
"avg_TS_f1_7": 0.9740546956312388,
"std_TS_f1_7": 0.0016971259348636102,
"avg_TS_ap_7": 0.9978491070911943,
"std_TS_ap_7": 0.0001641385745455988,
"avg_TS_auc_7": 0.980745988888889,
"std_TS_auc_7": 0.0015260249190561753,
"avg_TS_f1_8": 0.9401842421873754,
"std_TS_f1_8": 0.004220719238826347,
"avg_TS_ap_8": 0.9726012673832477,
"std_TS_ap_8": 0.008180995514349981,
"avg_TS_auc_8": 0.827561,
"std_TS_auc_8": 0.03594217000892707,
"avg_TS_f1_9": 0.976821704909532,
"std_TS_f1_9": 0.00017738118169165432,
"avg_TS_ap_9": 0.9980218246160601,
"std_TS_ap_9": 7.875838435348415e-05,
"avg_TS_auc_9": 0.9824921999999999,
"std_TS_auc_9": 0.0006322632456910236,
"avg_TS_f1_all": 0.9527778826927115,
"std_TS_f1_all": 0.0005242304761267438,
"avg_TS_ap_all": 0.9871328883644235,
"std_TS_ap_all": 0.0009341545914938429,
"avg_TS_auc_all": 0.9079630066666665,
"std_TS_auc_all": 0.004216363850235573
}