{
"avg_TS_f1_0": 0.9465436882295929,
"std_TS_f1_0": 0.008999882567580641,
"avg_TS_ap_0": 0.9803397677668269,
"std_TS_ap_0": 0.0029457170730179203,
"avg_TS_auc_0": 0.8639884999999999,
"std_TS_auc_0": 0.023764746717811414,
"avg_TS_f1_1": 0.9863555555555555,
"std_TS_f1_1": 0.0025928677102704067,
"avg_TS_ap_1": 0.9914000606891407,
"std_TS_ap_1": 0.0011243134770090911,
"avg_TS_auc_1": 0.9612843111111111,
"std_TS_auc_1": 0.004632252259250651,
"avg_TS_f1_2": 0.9488876703026712,
"std_TS_f1_2": 0.004327687822094455,
"avg_TS_ap_2": 0.9873918686813514,
"std_TS_ap_2": 0.001106573629996574,
"avg_TS_auc_2": 0.9056345555555556,
"std_TS_auc_2": 0.003633642478693146,
"avg_TS_f1_3": 0.9370104573710885,
"std_TS_f1_3": 0.011789197839017258,
"avg_TS_ap_3": 0.9737651358262687,
"std_TS_ap_3": 0.007263060960264108,
"avg_TS_auc_3": 0.8224989999999999,
"std_TS_auc_3": 0.04927310200647752,
"avg_TS_f1_4": 0.9358430147353864,
"std_TS_f1_4": 0.004931749968462255,
"avg_TS_ap_4": 0.9841647393410848,
"std_TS_ap_4": 0.002286779209271786,
"avg_TS_auc_4": 0.8812065666666665,
"std_TS_auc_4": 0.016894325056664657,
"avg_TS_f1_5": 0.955376727102123,
"std_TS_f1_5": 0.008095559580497645,
"avg_TS_ap_5": 0.9900270254504114,
"std_TS_ap_5": 0.0029783609049853863,
"avg_TS_auc_5": 0.9243571222222222,
"std_TS_auc_5": 0.023084122186237375,
"avg_TS_f1_6": 0.9221333333333334,
"std_TS_f1_6": 0.0036375273110000853,
"avg_TS_ap_6": 0.9678459612886658,
"std_TS_ap_6": 0.0029407788407441807,
"avg_TS_auc_6": 0.7787122777777777,
"std_TS_auc_6": 0.016111026144910057,
"avg_TS_f1_7": 0.971899711712379,
"std_TS_f1_7": 0.002985023020136477,
"avg_TS_ap_7": 0.9965110264584608,
"std_TS_ap_7": 0.0006193065766459744,
"avg_TS_auc_7": 0.9718835666666668,
"std_TS_auc_7": 0.004587832355021008,
"avg_TS_f1_8": 0.9459649029884376,
"std_TS_f1_8": 0.011903999773253064,
"avg_TS_ap_8": 0.9754445845102806,
"std_TS_ap_8": 0.005295084014315389,
"avg_TS_auc_8": 0.8470608444444444,
"std_TS_auc_8": 0.038868177820654604,
"avg_TS_f1_9": 0.9779333333333333,
"std_TS_f1_9": 0.0034308693063902812,
"avg_TS_ap_9": 0.9969853361577353,
"std_TS_ap_9": 0.0006650496610479514,
"avg_TS_auc_9": 0.9765734777777777,
"std_TS_auc_9": 0.004924385009368554,
"avg_TS_f1_all": 0.9527948394663902,
"std_TS_f1_all": 0.0017694367119844689,
"avg_TS_ap_all": 0.9843875506170227,
"std_TS_ap_all": 0.0010695402463457501,
"avg_TS_auc_all": 0.8933200222222222,
"std_TS_auc_all": 0.007310653176415937
}