{
"avg_TS_f1_0": 0.9604444444444443,
"std_TS_f1_0": 0.0016525326615625005,
"avg_TS_ap_0": 0.9901633507914791,
"std_TS_ap_0": 0.0005027224674058146,
"avg_TS_auc_0": 0.923987322222222,
"std_TS_auc_0": 0.004355307696944244,
"avg_TS_f1_1": 0.9920332536992795,
"std_TS_f1_1": 0.0005157959387068386,
"avg_TS_ap_1": 0.9983520987537062,
"std_TS_ap_1": 0.00012253102195123867,
"avg_TS_auc_1": 0.9886923,
"std_TS_auc_1": 0.0006506113806582448,
"avg_TS_f1_2": 0.9525333333333332,
"std_TS_f1_2": 0.0007316478948068591,
"avg_TS_ap_2": 0.9922693165710632,
"std_TS_ap_2": 0.0001803488129620691,
"avg_TS_auc_2": 0.9356066222222224,
"std_TS_auc_2": 0.0014903067090077796,
"avg_TS_f1_3": 0.947499417868894,
"std_TS_f1_3": 0.0024874738820791957,
"avg_TS_ap_3": 0.9859090308579809,
"std_TS_ap_3": 0.001556326495604619,
"avg_TS_auc_3": 0.8912232222222223,
"std_TS_auc_3": 0.01125472298966415,
"avg_TS_f1_4": 0.9423542493101469,
"std_TS_f1_4": 0.0015733272340398916,
"avg_TS_ap_4": 0.9897901016451813,
"std_TS_ap_4": 0.00027914494854231137,
"avg_TS_auc_4": 0.9137101333333334,
"std_TS_auc_4": 0.001856084890100458,
"avg_TS_f1_5": 0.965842945595743,
"std_TS_f1_5": 0.0021532915000137764,
"avg_TS_ap_5": 0.9963731374599256,
"std_TS_ap_5": 0.00027503155277696826,
"avg_TS_auc_5": 0.9678018666666667,
"std_TS_auc_5": 0.0025842962039744296,
"avg_TS_f1_6": 0.9278308979213422,
"std_TS_f1_6": 0.0015442590574839521,
"avg_TS_ap_6": 0.9797275647902834,
"std_TS_ap_6": 0.0007792061966705245,
"avg_TS_auc_6": 0.8381706,
"std_TS_auc_6": 0.0054604738762839755,
"avg_TS_f1_7": 0.9771881265008548,
"std_TS_f1_7": 0.0005907716096093104,
"avg_TS_ap_7": 0.9983773215194323,
"std_TS_ap_7": 8.867400957163262e-05,
"avg_TS_auc_7": 0.9853742666666665,
"std_TS_auc_7": 0.0008041042131956493,
"avg_TS_f1_8": 0.9831111111111112,
"std_TS_f1_8": 0.0013203067357789116,
"avg_TS_ap_8": 0.9962221750898481,
"std_TS_ap_8": 0.0005446960774508369,
"avg_TS_auc_8": 0.9745612333333333,
"std_TS_auc_8": 0.0033629493836934018,
"avg_TS_f1_9": 0.9815333333333334,
"std_TS_f1_9": 0.0009516716935717158,
"avg_TS_ap_9": 0.9986844669183984,
"std_TS_ap_9": 0.0001239363386505203,
"avg_TS_auc_9": 0.9884231555555555,
"std_TS_auc_9": 0.0010520667938706803,
"avg_TS_f1_all": 0.9630371113118482,
"std_TS_f1_all": 0.000611695481665568,
"avg_TS_ap_all": 0.9925868564397298,
"std_TS_ap_all": 0.000335464207544726,
"avg_TS_auc_all": 0.9407550722222222,
"std_TS_auc_all": 0.002445364346917002
}