{
"avg_TS_f1_0": 0.9424993758912532,
"std_TS_f1_0": 0.0010474267039531655,
"avg_TS_ap_0": 0.9736771830264909,
"std_TS_ap_0": 0.0008542220372575321,
"avg_TS_auc_0": 0.8310598333333333,
"std_TS_auc_0": 0.004908637170624771,
"avg_TS_f1_1": 0.9770222222222221,
"std_TS_f1_1": 0.0009619938143072337,
"avg_TS_ap_1": 0.9893600172585527,
"std_TS_ap_1": 0.0007009959489709151,
"avg_TS_auc_1": 0.9429899888888889,
"std_TS_auc_1": 0.002047844571588105,
"avg_TS_f1_2": 0.9489754714113676,
"std_TS_f1_2": 0.0010691706947829908,
"avg_TS_ap_2": 0.9846016096208118,
"std_TS_ap_2": 0.0007413131849797724,
"avg_TS_auc_2": 0.8905229666666667,
"std_TS_auc_2": 0.0031604345988846135,
"avg_TS_f1_3": 0.9213058390177837,
"std_TS_f1_3": 0.0007352719492820989,
"avg_TS_ap_3": 0.9617583811253914,
"std_TS_ap_3": 0.0013029311025500154,
"avg_TS_auc_3": 0.744515911111111,
"std_TS_auc_3": 0.005698211977583978,
"avg_TS_f1_4": 0.937831235068615,
"std_TS_f1_4": 0.0013991414045829787,
"avg_TS_ap_4": 0.9819552561892377,
"std_TS_ap_4": 0.0004864432934301258,
"avg_TS_auc_4": 0.8683735555555556,
"std_TS_auc_4": 0.0027628316418996,
"avg_TS_f1_5": 0.9269316826243432,
"std_TS_f1_5": 0.0019234697344662106,
"avg_TS_ap_5": 0.9730179347676747,
"std_TS_ap_5": 0.0010554746864296137,
"avg_TS_auc_5": 0.8033716,
"std_TS_auc_5": 0.007298863161470934,
"avg_TS_f1_6": 0.9232974325734146,
"std_TS_f1_6": 0.0005327924857200457,
"avg_TS_ap_6": 0.96599566252677,
"std_TS_ap_6": 0.0020435204160657514,
"avg_TS_auc_6": 0.7707813222222223,
"std_TS_auc_6": 0.009085117158270754,
"avg_TS_f1_7": 0.9634658332870345,
"std_TS_f1_7": 0.0009282333656402621,
"avg_TS_ap_7": 0.9939092953096879,
"std_TS_ap_7": 0.0003152802129076761,
"avg_TS_auc_7": 0.9517258666666667,
"std_TS_auc_7": 0.0021746249183039407,
"avg_TS_f1_8": 0.9207623025531799,
"std_TS_f1_8": 0.0014926059880588551,
"avg_TS_ap_8": 0.9463678300539049,
"std_TS_ap_8": 0.0008895689013017368,
"avg_TS_auc_8": 0.6975307333333333,
"std_TS_auc_8": 0.00815068506076347,
"avg_TS_f1_9": 0.971566346278497,
"std_TS_f1_9": 0.000345353538868667,
"avg_TS_ap_9": 0.9933172687315682,
"std_TS_ap_9": 0.00034346584548350026,
"avg_TS_auc_9": 0.9516224777777778,
"std_TS_auc_9": 0.0018235295972643076,
"avg_TS_f1_all": 0.943365774092771,
"std_TS_f1_all": 0.00041426167264184524,
"avg_TS_ap_all": 0.9763960438610091,
"std_TS_ap_all": 0.0003470048061022493,
"avg_TS_auc_all": 0.8452494255555555,
"std_TS_auc_all": 0.0012744656727700294
}