{
"avg_TS_f1_0": 0.9502527918217678,
"std_TS_f1_0": 0.0007614574898166211,
"avg_TS_ap_0": 0.9853142607003285,
"std_TS_ap_0": 0.00013386620030937703,
"avg_TS_auc_0": 0.8916338333333332,
"std_TS_auc_0": 0.0011763947708104262,
"avg_TS_f1_1": 0.9922666666666669,
"std_TS_f1_1": 0.00028631330503833504,
"avg_TS_ap_1": 0.9967634472233813,
"std_TS_ap_1": 0.00024107862401384316,
"avg_TS_auc_1": 0.9829792444444445,
"std_TS_auc_1": 0.0006006847631589516,
"avg_TS_f1_2": 0.954142898062238,
"std_TS_f1_2": 0.0010470396136483323,
"avg_TS_ap_2": 0.9910415966259029,
"std_TS_ap_2": 0.0005227672857425627,
"avg_TS_auc_2": 0.9287057666666666,
"std_TS_auc_2": 0.0026861885564843707,
"avg_TS_f1_3": 0.9315732157114258,
"std_TS_f1_3": 0.0010433370145854417,
"avg_TS_ap_3": 0.9753868662416965,
"std_TS_ap_3": 0.0012388386890028807,
"avg_TS_auc_3": 0.8156549,
"std_TS_auc_3": 0.00666094611846443,
"avg_TS_f1_4": 0.9420091832262287,
"std_TS_f1_4": 0.00046736127427494484,
"avg_TS_ap_4": 0.988933845007596,
"std_TS_ap_4": 0.0003410500609343289,
"avg_TS_auc_4": 0.9088011,
"std_TS_auc_4": 0.002401738189594824,
"avg_TS_f1_5": 0.9555197312879461,
"std_TS_f1_5": 0.0012756634088289436,
"avg_TS_ap_5": 0.9942597235599043,
"std_TS_ap_5": 0.000348922041851308,
"avg_TS_auc_5": 0.9490929000000001,
"std_TS_auc_5": 0.003054199540604236,
"avg_TS_f1_6": 0.9266856109290023,
"std_TS_f1_6": 0.0013499095544011028,
"avg_TS_ap_6": 0.9786995171603315,
"std_TS_ap_6": 0.00020576538312790297,
"avg_TS_auc_6": 0.8328106555555556,
"std_TS_auc_6": 0.0017103049166453154,
"avg_TS_f1_7": 0.9754216592279817,
"std_TS_f1_7": 0.0007851263448097893,
"avg_TS_ap_7": 0.9982583565284961,
"std_TS_ap_7": 0.00011067967117919182,
"avg_TS_auc_7": 0.9842517111111112,
"std_TS_auc_7": 0.0010019711581319975,
"avg_TS_f1_8": 0.9410183108232959,
"std_TS_f1_8": 0.0031659032604647894,
"avg_TS_ap_8": 0.9753614133390129,
"std_TS_ap_8": 0.0014930580990461138,
"avg_TS_auc_8": 0.8419520222222223,
"std_TS_auc_8": 0.011061701609585533,
"avg_TS_f1_9": 0.9793437598385095,
"std_TS_f1_9": 0.0005107358562780483,
"avg_TS_ap_9": 0.9984675745153474,
"std_TS_ap_9": 4.3486586875385206e-05,
"avg_TS_auc_9": 0.9867251888888889,
"std_TS_auc_9": 0.0002987355029800552,
"avg_TS_f1_all": 0.9548233827595063,
"std_TS_f1_all": 0.00028874249903606544,
"avg_TS_ap_all": 0.9882486600901998,
"std_TS_ap_all": 0.0002199184631275811,
"avg_TS_auc_all": 0.9122607322222223,
"std_TS_auc_all": 0.0012400815067517056
}