{
"avg_TS_f1_0": 0.9390299461081172,
"std_TS_f1_0": 0.0011662551709230027,
"avg_TS_ap_0": 0.9799299701019957,
"std_TS_ap_0": 0.0021056229502126626,
"avg_TS_auc_0": 0.8498107111111111,
"std_TS_auc_0": 0.012052077856115761,
"avg_TS_f1_1": 0.9747105691056911,
"std_TS_f1_1": 0.0027363998518896613,
"avg_TS_ap_1": 0.9912815577785171,
"std_TS_ap_1": 0.0018550830761741035,
"avg_TS_auc_1": 0.9454711222222223,
"std_TS_auc_1": 0.00591471456105579,
"avg_TS_f1_2": 0.9471543690698866,
"std_TS_f1_2": 0.001112518724572647,
"avg_TS_ap_2": 0.9884447100644348,
"std_TS_ap_2": 0.0011144528570098187,
"avg_TS_auc_2": 0.9065017777777777,
"std_TS_auc_2": 0.00672394806266252,
"avg_TS_f1_3": 0.9163620201122284,
"std_TS_f1_3": 0.0012119427261012912,
"avg_TS_ap_3": 0.967474841286049,
"std_TS_ap_3": 0.0010584954285825258,
"avg_TS_auc_3": 0.7526792444444445,
"std_TS_auc_3": 0.006898880031632976,
"avg_TS_f1_4": 0.9353540999191313,
"std_TS_f1_4": 0.0010946675074440598,
"avg_TS_ap_4": 0.9866022734641151,
"std_TS_ap_4": 0.00015424127020083775,
"avg_TS_auc_4": 0.8879434555555555,
"std_TS_auc_4": 0.001229296643925123,
"avg_TS_f1_5": 0.9308755449376818,
"std_TS_f1_5": 0.00515655394718102,
"avg_TS_ap_5": 0.9853095846082093,
"std_TS_ap_5": 0.006203140583165673,
"avg_TS_auc_5": 0.8776677222222222,
"std_TS_auc_5": 0.040660006100529104,
"avg_TS_f1_6": 0.9215640733127148,
"std_TS_f1_6": 0.0015302846336877497,
"avg_TS_ap_6": 0.9749250607537402,
"std_TS_ap_6": 0.0032247437270864665,
"avg_TS_auc_6": 0.8035165555555555,
"std_TS_auc_6": 0.020335806059391497,
"avg_TS_f1_7": 0.9637769320517806,
"std_TS_f1_7": 0.0016045955132698117,
"avg_TS_ap_7": 0.9962455399538387,
"std_TS_ap_7": 0.0004543200827255992,
"avg_TS_auc_7": 0.9664085777777777,
"std_TS_auc_7": 0.0038520371664360546,
"avg_TS_f1_8": 0.9147073318888086,
"std_TS_f1_8": 0.002424491529826392,
"avg_TS_ap_8": 0.9517114375889866,
"std_TS_ap_8": 0.009491399841310401,
"avg_TS_auc_8": 0.7040778777777776,
"std_TS_auc_8": 0.022533701882461638,
"avg_TS_f1_9": 0.9712444444444444,
"std_TS_f1_9": 0.0011318072513996822,
"avg_TS_ap_9": 0.9953928912139645,
"std_TS_ap_9": 0.0012912273071644365,
"avg_TS_auc_9": 0.9638858555555556,
"std_TS_auc_9": 0.008328117404133823,
"avg_TS_f1_all": 0.9414779330950485,
"std_TS_f1_all": 0.0008849560723325177,
"avg_TS_ap_all": 0.9817317866813852,
"std_TS_ap_all": 0.0010691109436880323,
"avg_TS_auc_all": 0.8657962899999999,
"std_TS_auc_all": 0.004438494734351892
}