{
"avg_TS_f1_0": 0.9391973270119944,
"std_TS_f1_0": 0.0022692374014367414,
"avg_TS_ap_0": 0.9707481721873442,
"std_TS_ap_0": 0.0051865304922364755,
"avg_TS_auc_0": 0.8208297666666666,
"std_TS_auc_0": 0.020136027846041144,
"avg_TS_f1_1": 0.9755994394750326,
"std_TS_f1_1": 0.003302106656482744,
"avg_TS_ap_1": 0.9886100077073733,
"std_TS_ap_1": 0.0021969308739844284,
"avg_TS_auc_1": 0.9376291333333334,
"std_TS_auc_1": 0.005564397720961111,
"avg_TS_f1_2": 0.9492760610157355,
"std_TS_f1_2": 0.002643790320860509,
"avg_TS_ap_2": 0.9865408255027976,
"std_TS_ap_2": 0.0022594871430319024,
"avg_TS_auc_2": 0.9016346888888889,
"std_TS_auc_2": 0.007463364182739416,
"avg_TS_f1_3": 0.9148527337938528,
"std_TS_f1_3": 0.00400551236803956,
"avg_TS_ap_3": 0.9479811380134986,
"std_TS_ap_3": 0.009308282609101519,
"avg_TS_auc_3": 0.6876156333333332,
"std_TS_auc_3": 0.0360418055028043,
"avg_TS_f1_4": 0.9357097122679656,
"std_TS_f1_4": 0.002693125569015,
"avg_TS_ap_4": 0.9825170326798498,
"std_TS_ap_4": 0.0025914693859650025,
"avg_TS_auc_4": 0.8706345444444443,
"std_TS_auc_4": 0.010033465054407942,
"avg_TS_f1_5": 0.9305881709477687,
"std_TS_f1_5": 0.012579722020907277,
"avg_TS_ap_5": 0.9752595306680913,
"std_TS_ap_5": 0.011213955791377846,
"avg_TS_auc_5": 0.8265128444444445,
"std_TS_auc_5": 0.06859782354114434,
"avg_TS_f1_6": 0.9215316394120661,
"std_TS_f1_6": 0.0020185771148734117,
"avg_TS_ap_6": 0.9622665567817149,
"std_TS_ap_6": 0.014672573305559496,
"avg_TS_auc_6": 0.7639297333333334,
"std_TS_auc_6": 0.045653440852222796,
"avg_TS_f1_7": 0.9622880357550727,
"std_TS_f1_7": 0.0010877496350417046,
"avg_TS_ap_7": 0.9925798504195977,
"std_TS_ap_7": 0.0006713079406942287,
"avg_TS_auc_7": 0.9430533777777779,
"std_TS_auc_7": 0.004015153375666166,
"avg_TS_f1_8": 0.9180527029279404,
"std_TS_f1_8": 0.013200170885445325,
"avg_TS_ap_8": 0.9316711100633759,
"std_TS_ap_8": 0.049798670412479845,
"avg_TS_auc_8": 0.6585111333333333,
"std_TS_auc_8": 0.15460084853866762,
"avg_TS_f1_9": 0.9708108339352186,
"std_TS_f1_9": 0.0026638166222340523,
"avg_TS_ap_9": 0.9914987695163295,
"std_TS_ap_9": 0.002050123173132719,
"avg_TS_auc_9": 0.9424289333333332,
"std_TS_auc_9": 0.008674083579118396,
"avg_TS_f1_all": 0.9417906656542646,
"std_TS_f1_all": 0.002804119402150068,
"avg_TS_ap_all": 0.9729672993539973,
"std_TS_ap_all": 0.0051481232470989334,
"avg_TS_auc_all": 0.8352779788888889,
"std_TS_auc_all": 0.01577749475314602
}