{
"avg_TS_f1_0": 0.9616756337829415,
"std_TS_f1_0": 0.0006463338566950444,
"avg_TS_ap_0": 0.9910757421781561,
"std_TS_ap_0": 0.0002544812885806907,
"avg_TS_auc_0": 0.9305549000000001,
"std_TS_auc_0": 0.001589723962528429,
"avg_TS_f1_1": 0.993366596909705,
"std_TS_f1_1": 0.0005747354042373709,
"avg_TS_ap_1": 0.9989858785399847,
"std_TS_ap_1": 7.816808853524285e-05,
"avg_TS_auc_1": 0.992931188888889,
"std_TS_auc_1": 0.0003722643087317246,
"avg_TS_f1_2": 0.9552308510419243,
"std_TS_f1_2": 0.0007770643828048665,
"avg_TS_ap_2": 0.9931065411934437,
"std_TS_ap_2": 0.0001855301634059919,
"avg_TS_auc_2": 0.941662788888889,
"std_TS_auc_2": 0.0012802258627887609,
"avg_TS_f1_3": 0.9520190465603762,
"std_TS_f1_3": 0.0008634028057386383,
"avg_TS_ap_3": 0.989269609163222,
"std_TS_ap_3": 0.0006607537347106579,
"avg_TS_auc_3": 0.9149847888888889,
"std_TS_auc_3": 0.004455328062687725,
"avg_TS_f1_4": 0.9462081138978082,
"std_TS_f1_4": 0.0010371251429828773,
"avg_TS_ap_4": 0.9912097671952502,
"std_TS_ap_4": 0.00015479462124995695,
"avg_TS_auc_4": 0.924826622222222,
"std_TS_auc_4": 0.0013849947508034947,
"avg_TS_f1_5": 0.9662988931483849,
"std_TS_f1_5": 0.0007401366162318496,
"avg_TS_ap_5": 0.9964341369051779,
"std_TS_ap_5": 0.0001558154943157517,
"avg_TS_auc_5": 0.9684111111111111,
"std_TS_auc_5": 0.0014114620084276649,
"avg_TS_f1_6": 0.9289761912698854,
"std_TS_f1_6": 0.0010095962774718272,
"avg_TS_ap_6": 0.9816511241200404,
"std_TS_ap_6": 0.00011646115378767856,
"avg_TS_auc_6": 0.8510584666666666,
"std_TS_auc_6": 0.0012314312918984863,
"avg_TS_f1_7": 0.9784330857887167,
"std_TS_f1_7": 0.000372984906754884,
"avg_TS_ap_7": 0.9986014059218613,
"std_TS_ap_7": 3.754397674556504e-05,
"avg_TS_auc_7": 0.9873462555555556,
"std_TS_auc_7": 0.0003426460337497742,
"avg_TS_f1_8": 0.986288888888889,
"std_TS_f1_8": 0.0007118052168021026,
"avg_TS_ap_8": 0.9974863877960995,
"std_TS_ap_8": 0.0001927955535606049,
"avg_TS_auc_8": 0.982087811111111,
"std_TS_auc_8": 0.0010419805468433465,
"avg_TS_f1_9": 0.9806000000000001,
"std_TS_f1_9": 0.0002177324215807415,
"avg_TS_ap_9": 0.9986928641921249,
"std_TS_ap_9": 4.5282970354594085e-05,
"avg_TS_auc_9": 0.9883634000000001,
"std_TS_auc_9": 0.00037669913888222666,
"avg_TS_f1_all": 0.964909730128863,
"std_TS_f1_all": 0.00031954276721834286,
"avg_TS_ap_all": 0.9936513457205361,
"std_TS_ap_all": 8.085951285486737e-05,
"avg_TS_auc_all": 0.9482227333333333,
"std_TS_auc_all": 0.00042316179685904145
}