{
"avg_TS_f1_0": 0.9560763165854894,
"std_TS_f1_0": 0.0010461420885575323,
"avg_TS_ap_0": 0.9830938015828792,
"std_TS_ap_0": 0.0006232731859245148,
"avg_TS_auc_0": 0.8881471777777777,
"std_TS_auc_0": 0.003846477781388589,
"avg_TS_f1_1": 0.9909555555555556,
"std_TS_f1_1": 0.00029481109247602203,
"avg_TS_ap_1": 0.9907515675923291,
"std_TS_ap_1": 0.001803294637207673,
"avg_TS_auc_1": 0.9616098111111111,
"std_TS_auc_1": 0.005380537935220412,
"avg_TS_f1_2": 0.9547323098196813,
"std_TS_f1_2": 0.0009754450223746948,
"avg_TS_ap_2": 0.9850038015810032,
"std_TS_ap_2": 0.001583135634983731,
"avg_TS_auc_2": 0.9114439666666667,
"std_TS_auc_2": 0.0044464563985767355,
"avg_TS_f1_3": 0.9382416825626116,
"std_TS_f1_3": 0.0011040739872302092,
"avg_TS_ap_3": 0.9164448669011103,
"std_TS_ap_3": 0.002584936386662082,
"avg_TS_auc_3": 0.7234376222222221,
"std_TS_auc_3": 0.007411771339773401,
"avg_TS_f1_4": 0.942464108499855,
"std_TS_f1_4": 0.0006846964026770805,
"avg_TS_ap_4": 0.983002063812392,
"std_TS_ap_4": 0.0011409279931055955,
"avg_TS_auc_4": 0.887228,
"std_TS_auc_4": 0.004298701207959081,
"avg_TS_f1_5": 0.964432961090431,
"std_TS_f1_5": 0.003087440543679582,
"avg_TS_ap_5": 0.9875876489043292,
"std_TS_ap_5": 0.006515500136424985,
"avg_TS_auc_5": 0.9454403555555555,
"std_TS_auc_5": 0.01309252367671845,
"avg_TS_f1_6": 0.92655067115359,
"std_TS_f1_6": 0.0009581579224467941,
"avg_TS_ap_6": 0.9702087756078951,
"std_TS_ap_6": 0.0012449387098975866,
"avg_TS_auc_6": 0.7980069333333333,
"std_TS_auc_6": 0.004235410146507118,
"avg_TS_f1_7": 0.9739657734071645,
"std_TS_f1_7": 0.002016595279672159,
"avg_TS_ap_7": 0.9935053822812048,
"std_TS_ap_7": 0.0016256143340912727,
"avg_TS_auc_7": 0.9615667222222222,
"std_TS_auc_7": 0.006588122149317019,
"avg_TS_f1_8": 0.9856444444444445,
"std_TS_f1_8": 0.004129627968775653,
"avg_TS_ap_8": 0.9938853174002829,
"std_TS_ap_8": 0.0007435185985946225,
"avg_TS_auc_8": 0.9678480666666666,
"std_TS_auc_8": 0.006217968010889458,
"avg_TS_f1_9": 0.9775333333333333,
"std_TS_f1_9": 0.0011361620472145873,
"avg_TS_ap_9": 0.9930915474433417,
"std_TS_ap_9": 0.002427668960896115,
"avg_TS_auc_9": 0.9668574333333334,
"std_TS_auc_9": 0.007587420387232661,
"avg_TS_f1_all": 0.9610597156452156,
"std_TS_f1_all": 0.0007179046074693341,
"avg_TS_ap_all": 0.9796574773106765,
"std_TS_ap_all": 0.0011305161158754534,
"avg_TS_auc_all": 0.9011586088888887,
"std_TS_auc_all": 0.00305484026688066
}