{
"avg_TS_f1_0": 0.9375555555555556,
"std_TS_f1_0": 0.011619481299912304,
"avg_TS_ap_0": 0.9790090566432301,
"std_TS_ap_0": 0.006532481292845032,
"avg_TS_auc_0": 0.8473675111111112,
"std_TS_auc_0": 0.04608040620205269,
"avg_TS_f1_1": 0.9824444444444446,
"std_TS_f1_1": 0.0064317883387567795,
"avg_TS_ap_1": 0.992968819862711,
"std_TS_ap_1": 0.00044884247926854095,
"avg_TS_auc_1": 0.9653770555555555,
"std_TS_auc_1": 0.006580723674509307,
"avg_TS_f1_2": 0.9459766653702983,
"std_TS_f1_2": 0.009647471951489862,
"avg_TS_ap_2": 0.9881904541810893,
"std_TS_ap_2": 0.0031762204836143977,
"avg_TS_auc_2": 0.9055089777777777,
"std_TS_auc_2": 0.025097165418384876,
"avg_TS_f1_3": 0.9325215104542846,
"std_TS_f1_3": 0.01022002727642355,
"avg_TS_ap_3": 0.9763730545868888,
"std_TS_ap_3": 0.005050117336546632,
"avg_TS_auc_3": 0.8266057555555555,
"std_TS_auc_3": 0.037200354229240756,
"avg_TS_f1_4": 0.9327984048496522,
"std_TS_f1_4": 0.00497986982286123,
"avg_TS_ap_4": 0.9830672135246349,
"std_TS_ap_4": 0.002796845176362207,
"avg_TS_auc_4": 0.8666291888888888,
"std_TS_auc_4": 0.017494454264335157,
"avg_TS_f1_5": 0.9507872720758772,
"std_TS_f1_5": 0.00729631575301474,
"avg_TS_ap_5": 0.9873848638911324,
"std_TS_ap_5": 0.0040015035483503955,
"avg_TS_auc_5": 0.9074687555555556,
"std_TS_auc_5": 0.023596680886279062,
"avg_TS_f1_6": 0.9194547252625146,
"std_TS_f1_6": 0.00801576925058225,
"avg_TS_ap_6": 0.9707207824536288,
"std_TS_ap_6": 0.002460910135722732,
"avg_TS_auc_6": 0.7828446222222222,
"std_TS_auc_6": 0.022627513559343452,
"avg_TS_f1_7": 0.9589324135291466,
"std_TS_f1_7": 0.0036409821433258985,
"avg_TS_ap_7": 0.9948329289488053,
"std_TS_ap_7": 0.001532766642595502,
"avg_TS_auc_7": 0.9552734111111112,
"std_TS_auc_7": 0.011565958758655244,
"avg_TS_f1_8": 0.9493988456148799,
"std_TS_f1_8": 0.0072633437796663595,
"avg_TS_ap_8": 0.9824379144285915,
"std_TS_ap_8": 0.0037341457714254816,
"avg_TS_auc_8": 0.8795729111111111,
"std_TS_auc_8": 0.0238180435409122,
"avg_TS_f1_9": 0.9658222222222221,
"std_TS_f1_9": 0.0018427033281446855,
"avg_TS_ap_9": 0.995387077764434,
"std_TS_ap_9": 0.0007352620638036533,
"avg_TS_auc_9": 0.9611888000000001,
"std_TS_auc_9": 0.005579523430752929,
"avg_TS_f1_all": 0.9475692059378875,
"std_TS_f1_all": 0.003008095957953187,
"avg_TS_ap_all": 0.9850372166285147,
"std_TS_ap_all": 0.0013467243763924806,
"avg_TS_auc_all": 0.8897836988888889,
"std_TS_auc_all": 0.009408571880528245
}