{
"avg_TS_f1_0": 0.9478550067596349,
"std_TS_f1_0": 0.002985799963287759,
"avg_TS_ap_0": 0.9785117249018855,
"std_TS_ap_0": 0.0006836914546972037,
"avg_TS_auc_0": 0.8612117777777778,
"std_TS_auc_0": 0.005297741804151728,
"avg_TS_f1_1": 0.9831887067800062,
"std_TS_f1_1": 0.0017699395068739858,
"avg_TS_ap_1": 0.9920699472192706,
"std_TS_ap_1": 0.0006972001665948187,
"avg_TS_auc_1": 0.9584995444444445,
"std_TS_auc_1": 0.0014242715350072676,
"avg_TS_f1_2": 0.951788362316425,
"std_TS_f1_2": 0.0005039345242848719,
"avg_TS_ap_2": 0.9876833521389783,
"std_TS_ap_2": 0.0006608067311857834,
"avg_TS_auc_2": 0.9128859555555555,
"std_TS_auc_2": 0.003069447631853577,
"avg_TS_f1_3": 0.9326977190090808,
"std_TS_f1_3": 0.002639467243113447,
"avg_TS_ap_3": 0.9671807058656505,
"std_TS_ap_3": 0.00289180578970501,
"avg_TS_auc_3": 0.792732588888889,
"std_TS_auc_3": 0.016392444837790374,
"avg_TS_f1_4": 0.9388076966482964,
"std_TS_f1_4": 0.0011957592180450382,
"avg_TS_ap_4": 0.9836566973342322,
"std_TS_ap_4": 0.0009711428435458501,
"avg_TS_auc_4": 0.882675588888889,
"std_TS_auc_4": 0.004194961448578724,
"avg_TS_f1_5": 0.9445988172182405,
"std_TS_f1_5": 0.002053372501611351,
"avg_TS_ap_5": 0.984311678869884,
"std_TS_ap_5": 0.0013020546594632208,
"avg_TS_auc_5": 0.8852705333333335,
"std_TS_auc_5": 0.007690206109601232,
"avg_TS_f1_6": 0.9247094307708453,
"std_TS_f1_6": 0.0011854923895464893,
"avg_TS_ap_6": 0.9687578142350869,
"std_TS_ap_6": 0.0018714350999656819,
"avg_TS_auc_6": 0.7887416444444444,
"std_TS_auc_6": 0.008697563711781237,
"avg_TS_f1_7": 0.9725441870227358,
"std_TS_f1_7": 0.002784572057169283,
"avg_TS_ap_7": 0.9961385982305963,
"std_TS_ap_7": 0.0006933345458531176,
"avg_TS_auc_7": 0.9706111444444444,
"std_TS_auc_7": 0.004952677597865102,
"avg_TS_f1_8": 0.938819446684341,
"std_TS_f1_8": 0.0028900231690413935,
"avg_TS_ap_8": 0.9652391106527245,
"std_TS_ap_8": 0.0025624536585502978,
"avg_TS_auc_8": 0.8017871999999999,
"std_TS_auc_8": 0.013767812583130189,
"avg_TS_f1_9": 0.9760997104777426,
"std_TS_f1_9": 0.0011218433261960534,
"avg_TS_ap_9": 0.9952996166729999,
"std_TS_ap_9": 0.0005423678854328425,
"avg_TS_auc_9": 0.9659777555555555,
"std_TS_auc_9": 0.0037402203841121907,
"avg_TS_f1_all": 0.9511109083687348,
"std_TS_f1_all": 0.0011431296867776513,
"avg_TS_ap_all": 0.9818849246121311,
"std_TS_ap_all": 0.0008799841833209336,
"avg_TS_auc_all": 0.8820393733333333,
"std_TS_auc_all": 0.0044384849750028045
}