{
"avg_TS_f1_0": 0.92637578137057,
"std_TS_f1_0": 0.014390814188168335,
"avg_TS_ap_0": 0.9597467193764604,
"std_TS_ap_0": 0.019534061051934243,
"avg_TS_auc_0": 0.7479937333333333,
"std_TS_auc_0": 0.09715159427363572,
"avg_TS_f1_1": 0.9662769314344624,
"std_TS_f1_1": 0.022933941553281736,
"avg_TS_ap_1": 0.9856296576749548,
"std_TS_ap_1": 0.007682275755347832,
"avg_TS_auc_1": 0.918397888888889,
"std_TS_auc_1": 0.055981787889135874,
"avg_TS_f1_2": 0.9356549981171792,
"std_TS_f1_2": 0.01241025053030337,
"avg_TS_ap_2": 0.979493835401793,
"std_TS_ap_2": 0.007429432381646035,
"avg_TS_auc_2": 0.8459164666666666,
"std_TS_auc_2": 0.052852562636990785,
"avg_TS_f1_3": 0.9159537357013662,
"std_TS_f1_3": 0.008356103002889784,
"avg_TS_ap_3": 0.9401845434887554,
"std_TS_ap_3": 0.014145054120805618,
"avg_TS_auc_3": 0.6632479777777778,
"std_TS_auc_3": 0.057550589392650724,
"avg_TS_f1_4": 0.920230748621837,
"std_TS_f1_4": 0.005984980602426591,
"avg_TS_ap_4": 0.9598230884819667,
"std_TS_ap_4": 0.019335399974566337,
"avg_TS_auc_4": 0.7562156888888889,
"std_TS_auc_4": 0.0669956986408166,
"avg_TS_f1_5": 0.9223435079726651,
"std_TS_f1_5": 0.009636507826987028,
"avg_TS_ap_5": 0.9511742854566313,
"std_TS_ap_5": 0.02210799420721036,
"avg_TS_auc_5": 0.7255997444444444,
"std_TS_auc_5": 0.09104531085406367,
"avg_TS_f1_6": 0.9133213227895377,
"std_TS_f1_6": 0.006819728886606372,
"avg_TS_ap_6": 0.9461609065939858,
"std_TS_ap_6": 0.009761144962678355,
"avg_TS_auc_6": 0.6811530555555555,
"std_TS_auc_6": 0.036720719554463155,
"avg_TS_f1_7": 0.9434103857621722,
"std_TS_f1_7": 0.013312753178086693,
"avg_TS_ap_7": 0.98348587126515,
"std_TS_ap_7": 0.00971081262664486,
"avg_TS_auc_7": 0.8807680222222223,
"std_TS_auc_7": 0.061041298328855575,
"avg_TS_f1_8": 0.9107555555555555,
"std_TS_f1_8": 0.011763597333393517,
"avg_TS_ap_8": 0.9184091283536212,
"std_TS_ap_8": 0.02057011061726368,
"avg_TS_auc_8": 0.5836442111111111,
"std_TS_auc_8": 0.08400144814608118,
"avg_TS_f1_9": 0.9316994993549024,
"std_TS_f1_9": 0.013615566097247482,
"avg_TS_ap_9": 0.9696948449263207,
"std_TS_ap_9": 0.012748821625704674,
"avg_TS_auc_9": 0.8010431888888888,
"std_TS_auc_9": 0.061884385166576454,
"avg_TS_f1_all": 0.9286022466680247,
"std_TS_f1_all": 0.004571313346669429,
"avg_TS_ap_all": 0.959380288101964,
"std_TS_ap_all": 0.006475743220957758,
"avg_TS_auc_all": 0.7603979977777777,
"std_TS_auc_all": 0.028095070221304037
}