{
"avg_TS_f1_0": 0.9525968403871936,
"std_TS_f1_0": 0.0014003997192889653,
"avg_TS_ap_0": 0.9857450081767662,
"std_TS_ap_0": 0.0005897944250854752,
"avg_TS_auc_0": 0.8952286777777777,
"std_TS_auc_0": 0.0034864687369285255,
"avg_TS_f1_1": 0.9927555555555555,
"std_TS_f1_1": 0.00019116278371203817,
"avg_TS_ap_1": 0.9974958615362322,
"std_TS_ap_1": 0.0003757491247603402,
"avg_TS_auc_1": 0.9856815666666667,
"std_TS_auc_1": 0.0017164829734153766,
"avg_TS_f1_2": 0.9534762486804823,
"std_TS_f1_2": 0.00085850159434058,
"avg_TS_ap_2": 0.9917775695684672,
"std_TS_ap_2": 0.000575644257158682,
"avg_TS_auc_2": 0.9335417666666667,
"std_TS_auc_2": 0.002964182901880747,
"avg_TS_f1_3": 0.9353763295491724,
"std_TS_f1_3": 0.0016370312965111509,
"avg_TS_ap_3": 0.9765452392496681,
"std_TS_ap_3": 0.0024079111511626306,
"avg_TS_auc_3": 0.8277724,
"std_TS_auc_3": 0.012542270642644172,
"avg_TS_f1_4": 0.9426326919396757,
"std_TS_f1_4": 0.0005621506054923209,
"avg_TS_ap_4": 0.9892429274206723,
"std_TS_ap_4": 0.00014092207015462227,
"avg_TS_auc_4": 0.9106736333333334,
"std_TS_auc_4": 0.0010075494097494127,
"avg_TS_f1_5": 0.9600995524442716,
"std_TS_f1_5": 0.0016535314073023671,
"avg_TS_ap_5": 0.9954784696553951,
"std_TS_ap_5": 0.00033156345781743825,
"avg_TS_auc_5": 0.9594876333333332,
"std_TS_auc_5": 0.0029516064894633542,
"avg_TS_f1_6": 0.9261658487199906,
"std_TS_f1_6": 0.0007077243193449226,
"avg_TS_ap_6": 0.978372521599273,
"std_TS_ap_6": 0.0010237264680387733,
"avg_TS_auc_6": 0.8300662333333333,
"std_TS_auc_6": 0.006050831259126289,
"avg_TS_f1_7": 0.9759106098208443,
"std_TS_f1_7": 0.001079755121508374,
"avg_TS_ap_7": 0.9983157722986672,
"std_TS_ap_7": 8.859453816873539e-05,
"avg_TS_auc_7": 0.9847424,
"std_TS_auc_7": 0.0008038198353202738,
"avg_TS_f1_8": 0.9472876727719441,
"std_TS_f1_8": 0.005045709576293393,
"avg_TS_ap_8": 0.9845849613060477,
"std_TS_ap_8": 0.0018738030157699622,
"avg_TS_auc_8": 0.8914945888888889,
"std_TS_auc_8": 0.013886215563635543,
"avg_TS_f1_9": 0.9797328802217408,
"std_TS_f1_9": 0.00042381339072611204,
"avg_TS_ap_9": 0.9985751234647922,
"std_TS_ap_9": 6.119125390938218e-05,
"avg_TS_auc_9": 0.9874587333333332,
"std_TS_auc_9": 0.0004705831087302189,
"avg_TS_f1_all": 0.9566034230090871,
"std_TS_f1_all": 0.0006137731476399903,
"avg_TS_ap_all": 0.9896133454275982,
"std_TS_ap_all": 0.0004505146117793758,
"avg_TS_auc_all": 0.9206147633333334,
"std_TS_auc_all": 0.002455532261630501
}