{
"avg_TS_f1_0": 0.9555091085307208,
"std_TS_f1_0": 0.001548531438597722,
"avg_TS_ap_0": 0.9844924612920533,
"std_TS_ap_0": 0.00040406891663697183,
"avg_TS_auc_0": 0.895829322222222,
"std_TS_auc_0": 0.003455105798955396,
"avg_TS_f1_1": 0.9898666666666667,
"std_TS_f1_1": 0.0005506449641495193,
"avg_TS_ap_1": 0.9958529892757071,
"std_TS_ap_1": 0.0003058668437925052,
"avg_TS_auc_1": 0.9781027444444446,
"std_TS_auc_1": 0.0012342027284100257,
"avg_TS_f1_2": 0.9551651844855578,
"std_TS_f1_2": 0.0005623134944619948,
"avg_TS_ap_2": 0.9903581689879918,
"std_TS_ap_2": 0.00016983788689524206,
"avg_TS_auc_2": 0.9264243777777779,
"std_TS_auc_2": 0.0011045944188359364,
"avg_TS_f1_3": 0.944495712524119,
"std_TS_f1_3": 0.001180881530120086,
"avg_TS_ap_3": 0.9799288405602358,
"std_TS_ap_3": 0.0010757137265402007,
"avg_TS_auc_3": 0.8592426999999999,
"std_TS_auc_3": 0.006990485709877417,
"avg_TS_f1_4": 0.9438629070579211,
"std_TS_f1_4": 0.0007998728212025795,
"avg_TS_ap_4": 0.9876601157006103,
"std_TS_ap_4": 0.0002750710391454628,
"avg_TS_auc_4": 0.907363311111111,
"std_TS_auc_4": 0.0014736345261937153,
"avg_TS_f1_5": 0.9559419967775987,
"std_TS_f1_5": 0.001852695372024317,
"avg_TS_ap_5": 0.9905834098900932,
"std_TS_ap_5": 0.0005891187643344029,
"avg_TS_auc_5": 0.9260878222222221,
"std_TS_auc_5": 0.004386257081154157,
"avg_TS_f1_6": 0.928007079315233,
"std_TS_f1_6": 0.0011073476027647427,
"avg_TS_ap_6": 0.975142975896224,
"std_TS_ap_6": 0.0004939544790804255,
"avg_TS_auc_6": 0.8211467666666665,
"std_TS_auc_6": 0.0026221177875625245,
"avg_TS_f1_7": 0.9757994802180369,
"std_TS_f1_7": 0.001158936887444077,
"avg_TS_ap_7": 0.9977223600419652,
"std_TS_ap_7": 0.00011756198461908172,
"avg_TS_auc_7": 0.9813131666666667,
"std_TS_auc_7": 0.0010783864753062344,
"avg_TS_f1_8": 0.9546763202893989,
"std_TS_f1_8": 0.0021953073186314403,
"avg_TS_ap_8": 0.9785602755108753,
"std_TS_ap_8": 0.0004791710731987207,
"avg_TS_auc_8": 0.8734516888888889,
"std_TS_auc_8": 0.0032150487765054045,
"avg_TS_f1_9": 0.9792222222222222,
"std_TS_f1_9": 0.0004919098582484323,
"avg_TS_ap_9": 0.9973411064416361,
"std_TS_ap_9": 0.00016629034804092346,
"avg_TS_auc_9": 0.9800698333333333,
"std_TS_auc_9": 0.001224201479221587,
"avg_TS_f1_all": 0.9582546678087475,
"std_TS_f1_all": 0.000587579234782646,
"avg_TS_ap_all": 0.9877642703597391,
"std_TS_ap_all": 0.00021959110425340064,
"avg_TS_auc_all": 0.9149031733333333,
"std_TS_auc_all": 0.0013691634455065007
}