{
"avg_TS_f1_0": 0.9500644763623975,
"std_TS_f1_0": 0.0012378968170138423,
"avg_TS_ap_0": 0.9790907066480179,
"std_TS_ap_0": 0.0001691614655841844,
"avg_TS_auc_0": 0.8665703777777777,
"std_TS_auc_0": 0.0023099300973871,
"avg_TS_f1_1": 0.9861665154236963,
"std_TS_f1_1": 0.0006572911362797651,
"avg_TS_ap_1": 0.9939378315008917,
"std_TS_ap_1": 0.0003838500538181207,
"avg_TS_auc_1": 0.9684726888888889,
"std_TS_auc_1": 0.0017783594717090583,
"avg_TS_f1_2": 0.9538201750259507,
"std_TS_f1_2": 0.0006373598084329312,
"avg_TS_ap_2": 0.9877032263153964,
"std_TS_ap_2": 0.0002858006090731636,
"avg_TS_auc_2": 0.9111819888888888,
"std_TS_auc_2": 0.0019375842727670273,
"avg_TS_f1_3": 0.935251948485195,
"std_TS_f1_3": 0.0006021114520381015,
"avg_TS_ap_3": 0.9725174681111302,
"std_TS_ap_3": 0.000806283124809535,
"avg_TS_auc_3": 0.8152128777777777,
"std_TS_auc_3": 0.004036812281589309,
"avg_TS_f1_4": 0.9426863344259866,
"std_TS_f1_4": 0.0007254679067303304,
"avg_TS_ap_4": 0.9849386853323345,
"std_TS_ap_4": 0.0004591738655227106,
"avg_TS_auc_4": 0.8923169555555557,
"std_TS_auc_4": 0.0020157550009737195,
"avg_TS_f1_5": 0.9443740602176038,
"std_TS_f1_5": 0.002298607269055208,
"avg_TS_ap_5": 0.9846559060795576,
"std_TS_ap_5": 0.0016502544384507925,
"avg_TS_auc_5": 0.8839331555555555,
"std_TS_auc_5": 0.010806890381786524,
"avg_TS_f1_6": 0.9268292682926831,
"std_TS_f1_6": 0.0006740708211835471,
"avg_TS_ap_6": 0.970625081348547,
"std_TS_ap_6": 0.0005045148312202974,
"avg_TS_auc_6": 0.7996443,
"std_TS_auc_6": 0.001959564922925609,
"avg_TS_f1_7": 0.9734552610947521,
"std_TS_f1_7": 0.0006482446190407483,
"avg_TS_ap_7": 0.9968717445681005,
"std_TS_ap_7": 0.00018608477998700767,
"avg_TS_auc_7": 0.9748253,
"std_TS_auc_7": 0.0011375240323604446,
"avg_TS_f1_8": 0.9392639813322962,
"std_TS_f1_8": 0.002609952695126541,
"avg_TS_ap_8": 0.9659957423116824,
"std_TS_ap_8": 0.001627538042913881,
"avg_TS_auc_8": 0.8024482,
"std_TS_auc_8": 0.010828264780257143,
"avg_TS_f1_9": 0.9770878777216019,
"std_TS_f1_9": 0.00047835568550661173,
"avg_TS_ap_9": 0.9958606172523703,
"std_TS_ap_9": 0.00035841582996091174,
"avg_TS_auc_9": 0.9703057666666666,
"std_TS_auc_9": 0.0021764312805628125,
"avg_TS_f1_all": 0.9528999898382164,
"std_TS_f1_all": 0.0004587521596463578,
"avg_TS_ap_all": 0.9832197009468029,
"std_TS_ap_all": 0.00033274768963991304,
"avg_TS_auc_all": 0.888491161111111,
"std_TS_auc_all": 0.0019136100053383056
}