{
"avg_TS_f1_0": 0.9456408256583453,
"std_TS_f1_0": 0.0006751218132488106,
"avg_TS_ap_0": 0.978316010401846,
"std_TS_ap_0": 0.00045998870163075576,
"avg_TS_auc_0": 0.852321411111111,
"std_TS_auc_0": 0.0017890185686605467,
"avg_TS_f1_1": 0.9818997882598417,
"std_TS_f1_1": 0.0009126869292903905,
"avg_TS_ap_1": 0.992514803459831,
"std_TS_ap_1": 0.0004332792969241592,
"avg_TS_auc_1": 0.9583740888888889,
"std_TS_auc_1": 0.001446163834613188,
"avg_TS_f1_2": 0.9501744775353023,
"std_TS_f1_2": 0.0013792578993988215,
"avg_TS_ap_2": 0.9866119997273778,
"std_TS_ap_2": 0.0004006056578108998,
"avg_TS_auc_2": 0.8998724555555555,
"std_TS_auc_2": 0.002038942768407065,
"avg_TS_f1_3": 0.9263181410408844,
"std_TS_f1_3": 0.0007981345161523899,
"avg_TS_ap_3": 0.9692302152529608,
"std_TS_ap_3": 0.0006471666854109919,
"avg_TS_auc_3": 0.7818002,
"std_TS_auc_3": 0.002310266913818899,
"avg_TS_f1_4": 0.9392403787097827,
"std_TS_f1_4": 0.0012858517982792658,
"avg_TS_ap_4": 0.9847827471028173,
"std_TS_ap_4": 0.0003561672610908853,
"avg_TS_auc_4": 0.8829317333333332,
"std_TS_auc_4": 0.002810739369667244,
"avg_TS_f1_5": 0.939141122583071,
"std_TS_f1_5": 0.0030493050599464918,
"avg_TS_ap_5": 0.9844424616028595,
"std_TS_ap_5": 0.0008905787203863592,
"avg_TS_auc_5": 0.8761104777777777,
"std_TS_auc_5": 0.007056526294602763,
"avg_TS_f1_6": 0.924928315676512,
"std_TS_f1_6": 0.0010482712509648044,
"avg_TS_ap_6": 0.970567881134391,
"std_TS_ap_6": 0.0008645869102268671,
"avg_TS_auc_6": 0.7920095444444445,
"std_TS_auc_6": 0.004276972172685492,
"avg_TS_f1_7": 0.9702539029946109,
"std_TS_f1_7": 0.0011362251708352288,
"avg_TS_ap_7": 0.9963975161049102,
"std_TS_ap_7": 0.0002082125704981894,
"avg_TS_auc_7": 0.9698541444444444,
"std_TS_auc_7": 0.0014801316560561044,
"avg_TS_f1_8": 0.927518195455303,
"std_TS_f1_8": 0.0011340497425122572,
"avg_TS_ap_8": 0.9580562687897339,
"std_TS_ap_8": 0.00030326239409973266,
"avg_TS_auc_8": 0.7509416666666666,
"std_TS_auc_8": 0.003142925565044082,
"avg_TS_f1_9": 0.9758330660345328,
"std_TS_f1_9": 0.0005665055519429037,
"avg_TS_ap_9": 0.9956664308934849,
"std_TS_ap_9": 0.00025075805722429823,
"avg_TS_auc_9": 0.9671957666666667,
"std_TS_auc_9": 0.0017464520236366052,
"avg_TS_f1_all": 0.9480948213948187,
"std_TS_f1_all": 0.0003603589435879608,
"avg_TS_ap_all": 0.9816586334470212,
"std_TS_ap_all": 0.00016714857632791746,
"avg_TS_auc_all": 0.8731411488888888,
"std_TS_auc_all": 0.0012449589873773496
}