{
"avg_TS_f1_0": 0.9210769709428301,
"std_TS_f1_0": 0.013541310959598481,
"avg_TS_ap_0": 0.9440197260238223,
"std_TS_ap_0": 0.029007300948889644,
"avg_TS_auc_0": 0.6952555111111111,
"std_TS_auc_0": 0.10818427151855528,
"avg_TS_f1_1": 0.973488888888889,
"std_TS_f1_1": 0.014840817920290286,
"avg_TS_ap_1": 0.9867436625164014,
"std_TS_ap_1": 0.01119989506403684,
"avg_TS_auc_1": 0.9309992666666667,
"std_TS_auc_1": 0.06237583833591261,
"avg_TS_f1_2": 0.9351333333333333,
"std_TS_f1_2": 0.015529883578141097,
"avg_TS_ap_2": 0.9736249887063202,
"std_TS_ap_2": 0.016402418086663904,
"avg_TS_auc_2": 0.8227112222222221,
"std_TS_auc_2": 0.0874091674532786,
"avg_TS_f1_3": 0.921008567142619,
"std_TS_f1_3": 0.004002281051322032,
"avg_TS_ap_3": 0.9501438284450188,
"std_TS_ap_3": 0.008123989506244017,
"avg_TS_auc_3": 0.7076020555555557,
"std_TS_auc_3": 0.035938154534415186,
"avg_TS_f1_4": 0.9281436573636807,
"std_TS_f1_4": 0.004916876781627448,
"avg_TS_ap_4": 0.9353852098611511,
"std_TS_ap_4": 0.0389184275002332,
"avg_TS_auc_4": 0.7085120111111111,
"std_TS_auc_4": 0.1086101227100374,
"avg_TS_f1_5": 0.9388888888888889,
"std_TS_f1_5": 0.01246664686074877,
"avg_TS_ap_5": 0.9587930098915178,
"std_TS_ap_5": 0.01893420358592742,
"avg_TS_auc_5": 0.8065618111111112,
"std_TS_auc_5": 0.05429795385199235,
"avg_TS_f1_6": 0.9126324956324734,
"std_TS_f1_6": 0.006784272619121997,
"avg_TS_ap_6": 0.9461826411634112,
"std_TS_ap_6": 0.01705004007325511,
"avg_TS_auc_6": 0.6857876888888889,
"std_TS_auc_6": 0.06042411514516407,
"avg_TS_f1_7": 0.9418444444444445,
"std_TS_f1_7": 0.0059523208462573815,
"avg_TS_ap_7": 0.986488315363015,
"std_TS_ap_7": 0.006244140846748588,
"avg_TS_auc_7": 0.9031688444444445,
"std_TS_auc_7": 0.02679453444547745,
"avg_TS_f1_8": 0.9295214240297301,
"std_TS_f1_8": 0.007208650058976497,
"avg_TS_ap_8": 0.9445613975039837,
"std_TS_ap_8": 0.025093517139469754,
"avg_TS_auc_8": 0.7282450777777779,
"std_TS_auc_8": 0.07735090717827409,
"avg_TS_f1_9": 0.9390666666666668,
"std_TS_f1_9": 0.0033478203707140407,
"avg_TS_ap_9": 0.9713306511304738,
"std_TS_ap_9": 0.01136466435769967,
"avg_TS_auc_9": 0.8329074000000001,
"std_TS_auc_9": 0.04506593318885093,
"avg_TS_f1_all": 0.9340805337333556,
"std_TS_f1_all": 0.004341105014435588,
"avg_TS_ap_all": 0.9597273430605118,
"std_TS_ap_all": 0.010669377691571407,
"avg_TS_auc_all": 0.782175088888889,
"std_TS_auc_all": 0.03629200970998117
}