{
"avg_TS_f1_0": 0.9584666666666666,
"std_TS_f1_0": 0.0015029189705698118,
"avg_TS_ap_0": 0.9880196907339649,
"std_TS_ap_0": 0.0007306468600028508,
"avg_TS_auc_0": 0.9126496555555554,
"std_TS_auc_0": 0.005151595507782291,
"avg_TS_f1_1": 0.9917777777777778,
"std_TS_f1_1": 0.00024343224778008757,
"avg_TS_ap_1": 0.9965221213058472,
"std_TS_ap_1": 0.0005326580980771836,
"avg_TS_auc_1": 0.9818047555555556,
"std_TS_auc_1": 0.002282917526778866,
"avg_TS_f1_2": 0.9549333333333333,
"std_TS_f1_2": 0.0008623825738636472,
"avg_TS_ap_2": 0.991701485520648,
"std_TS_ap_2": 0.0004572276929137895,
"avg_TS_auc_2": 0.9345131444444444,
"std_TS_auc_2": 0.002745405759347172,
"avg_TS_f1_3": 0.9453098875863475,
"std_TS_f1_3": 0.0015813011172438201,
"avg_TS_ap_3": 0.9803249184855947,
"std_TS_ap_3": 0.002179180624070276,
"avg_TS_auc_3": 0.8619648555555555,
"std_TS_auc_3": 0.011554699167069681,
"avg_TS_f1_4": 0.943275890566615,
"std_TS_f1_4": 0.0004890054413081535,
"avg_TS_ap_4": 0.9891137307787135,
"std_TS_ap_4": 0.00037052336209556126,
"avg_TS_auc_4": 0.9115963777777779,
"std_TS_auc_4": 0.0017526970614977042,
"avg_TS_f1_5": 0.9676444444444444,
"std_TS_f1_5": 0.0009722063490767918,
"avg_TS_ap_5": 0.9966402865645587,
"std_TS_ap_5": 0.00016237367414993789,
"avg_TS_auc_5": 0.970338711111111,
"std_TS_auc_5": 0.0012991566920007645,
"avg_TS_f1_6": 0.9268189640165193,
"std_TS_f1_6": 0.0005056393767851104,
"avg_TS_ap_6": 0.9779303081860439,
"std_TS_ap_6": 0.0008940733549418456,
"avg_TS_auc_6": 0.828656311111111,
"std_TS_auc_6": 0.004592783626543582,
"avg_TS_f1_7": 0.9769333333333332,
"std_TS_f1_7": 0.000879393730551508,
"avg_TS_ap_7": 0.9983278651204893,
"std_TS_ap_7": 0.00010622431129553982,
"avg_TS_auc_7": 0.9849626,
"std_TS_auc_7": 0.0009481523445075286,
"avg_TS_f1_8": 0.9747441660339156,
"std_TS_f1_8": 0.004553320596225455,
"avg_TS_ap_8": 0.9921239536830766,
"std_TS_ap_8": 0.0018463873715522032,
"avg_TS_auc_8": 0.9501682666666665,
"std_TS_auc_8": 0.011507611083802249,
"avg_TS_f1_9": 0.9808,
"std_TS_f1_9": 0.00021545243810740686,
"avg_TS_ap_9": 0.9985757617631885,
"std_TS_ap_9": 9.55778655554053e-05,
"avg_TS_auc_9": 0.9878253333333333,
"std_TS_auc_9": 0.0006970614183755495,
"avg_TS_f1_all": 0.9620704463758953,
"std_TS_f1_all": 0.0004918192736962618,
"avg_TS_ap_all": 0.9909280122142125,
"std_TS_ap_all": 0.00046073721993140644,
"avg_TS_auc_all": 0.9324480011111111,
"std_TS_auc_all": 0.0024649268650142747
}