{
"avg_TS_f1_0": 0.9398299880119458,
"std_TS_f1_0": 0.0008994600514842738,
"avg_TS_ap_0": 0.9709134646524091,
"std_TS_ap_0": 0.0007811284499632222,
"avg_TS_auc_0": 0.8155211888888889,
"std_TS_auc_0": 0.003545992573540525,
"avg_TS_f1_1": 0.9746210727438183,
"std_TS_f1_1": 0.0007780296979899658,
"avg_TS_ap_1": 0.9886953149200124,
"std_TS_ap_1": 0.00032401088943319415,
"avg_TS_auc_1": 0.9368447222222223,
"std_TS_auc_1": 0.0022150018384742907,
"avg_TS_f1_2": 0.9471087615978664,
"std_TS_f1_2": 0.0010255921424208705,
"avg_TS_ap_2": 0.9823732345654044,
"std_TS_ap_2": 0.00032453667595358585,
"avg_TS_auc_2": 0.8771078222222222,
"std_TS_auc_2": 0.0018318682595227372,
"avg_TS_f1_3": 0.9197724304682111,
"std_TS_f1_3": 0.0005531836789939699,
"avg_TS_ap_3": 0.9589361436284122,
"std_TS_ap_3": 0.0007487625907402454,
"avg_TS_auc_3": 0.7318168444444444,
"std_TS_auc_3": 0.0010689819775819272,
"avg_TS_f1_4": 0.9360075559753319,
"std_TS_f1_4": 0.0018048949834321662,
"avg_TS_ap_4": 0.9803204707326489,
"std_TS_ap_4": 0.0008049303035322686,
"avg_TS_auc_4": 0.8592808777777776,
"std_TS_auc_4": 0.00549472577421541,
"avg_TS_f1_5": 0.92311626049817,
"std_TS_f1_5": 0.00201614577425451,
"avg_TS_ap_5": 0.9694031445033827,
"std_TS_ap_5": 0.0019077894733980133,
"avg_TS_auc_5": 0.7822883333333334,
"std_TS_auc_5": 0.011803571503501465,
"avg_TS_f1_6": 0.9223076589699319,
"std_TS_f1_6": 0.0015406639238995704,
"avg_TS_ap_6": 0.9630302767385626,
"std_TS_ap_6": 0.0007252786051221867,
"avg_TS_auc_6": 0.7570579333333334,
"std_TS_auc_6": 0.004252639245062059,
"avg_TS_f1_7": 0.961965395608398,
"std_TS_f1_7": 0.00047245350226166093,
"avg_TS_ap_7": 0.9927182796759848,
"std_TS_ap_7": 0.0005203886552452254,
"avg_TS_auc_7": 0.9436910444444445,
"std_TS_auc_7": 0.0035609524217372172,
"avg_TS_f1_8": 0.9170148189293152,
"std_TS_f1_8": 0.0019454573839636446,
"avg_TS_ap_8": 0.9416031576841661,
"std_TS_ap_8": 0.0018111172574485782,
"avg_TS_auc_8": 0.6744644555555555,
"std_TS_auc_8": 0.009119536171224477,
"avg_TS_f1_9": 0.9677655882116907,
"std_TS_f1_9": 0.0011263882223525581,
"avg_TS_ap_9": 0.9911544115410056,
"std_TS_ap_9": 0.00030415232502653154,
"avg_TS_auc_9": 0.9389846777777778,
"std_TS_auc_9": 0.0015386562541371065,
"avg_TS_f1_all": 0.9409509531014681,
"std_TS_f1_all": 0.0005070983166111455,
"avg_TS_ap_all": 0.9739147898641989,
"std_TS_ap_all": 0.0001282115839522648,
"avg_TS_auc_all": 0.8317057899999998,
"std_TS_auc_all": 0.0014042420192613555
}