{
"avg_TS_f1_0": 0.9578106598514733,
"std_TS_f1_0": 0.001366462152784482,
"avg_TS_ap_0": 0.9875378727120661,
"std_TS_ap_0": 0.0003977120353166692,
"avg_TS_auc_0": 0.9097414333333333,
"std_TS_auc_0": 0.0019959775059347168,
"avg_TS_f1_1": 0.9902222222222223,
"std_TS_f1_1": 0.0005621826951410769,
"avg_TS_ap_1": 0.9963526969646928,
"std_TS_ap_1": 0.0003362772391328136,
"avg_TS_auc_1": 0.9795452000000001,
"std_TS_auc_1": 0.0011658735693689717,
"avg_TS_f1_2": 0.9533216820687569,
"std_TS_f1_2": 0.0016495763414104997,
"avg_TS_ap_2": 0.9916319512081943,
"std_TS_ap_2": 0.0005350286538300898,
"avg_TS_auc_2": 0.9324445333333333,
"std_TS_auc_2": 0.0035151369656331527,
"avg_TS_f1_3": 0.9430993734219802,
"std_TS_f1_3": 0.0023364747280559322,
"avg_TS_ap_3": 0.9813366817358908,
"std_TS_ap_3": 0.0007350135589370362,
"avg_TS_auc_3": 0.8650673555555557,
"std_TS_auc_3": 0.004447198698334664,
"avg_TS_f1_4": 0.9407882376181395,
"std_TS_f1_4": 0.0006380606603472589,
"avg_TS_ap_4": 0.9887649818150539,
"std_TS_ap_4": 0.00037518122995420546,
"avg_TS_auc_4": 0.9072912111111112,
"std_TS_auc_4": 0.001843052352303972,
"avg_TS_f1_5": 0.9640098894383021,
"std_TS_f1_5": 0.002727833665431808,
"avg_TS_ap_5": 0.9956223329436696,
"std_TS_ap_5": 0.0005319361234934006,
"avg_TS_auc_5": 0.9622426444444445,
"std_TS_auc_5": 0.004539959929746496,
"avg_TS_f1_6": 0.9260222222222222,
"std_TS_f1_6": 0.0008502722875426268,
"avg_TS_ap_6": 0.9782092395282493,
"std_TS_ap_6": 0.0002920456394092378,
"avg_TS_auc_6": 0.8290831111111112,
"std_TS_auc_6": 0.0019578199494133864,
"avg_TS_f1_7": 0.9742774610935175,
"std_TS_f1_7": 0.0017204024091807615,
"avg_TS_ap_7": 0.9980200426624503,
"std_TS_ap_7": 0.00014932586529389595,
"avg_TS_auc_7": 0.9822217444444444,
"std_TS_auc_7": 0.0014001298363956862,
"avg_TS_f1_8": 0.9666214493397781,
"std_TS_f1_8": 0.005738549932009338,
"avg_TS_ap_8": 0.9882750136332756,
"std_TS_ap_8": 0.0013952846402535987,
"avg_TS_auc_8": 0.9250612555555555,
"std_TS_auc_8": 0.01083695900881634,
"avg_TS_f1_9": 0.9794553351729416,
"std_TS_f1_9": 0.0011590472229063634,
"avg_TS_ap_9": 0.9984359937770162,
"std_TS_ap_9": 0.000104078729125341,
"avg_TS_auc_9": 0.9865367222222222,
"std_TS_auc_9": 0.00099706343954086,
"avg_TS_f1_all": 0.9595628532449334,
"std_TS_f1_all": 0.0011487597502546237,
"avg_TS_ap_all": 0.9904186806980559,
"std_TS_ap_all": 0.000343800872785216,
"avg_TS_auc_all": 0.9279235211111112,
"std_TS_auc_all": 0.002332049480645225
}