{
"avg_TS_f1_0": 0.9561758183540998,
"std_TS_f1_0": 0.0007968244622700061,
"avg_TS_ap_0": 0.9880570593784312,
"std_TS_ap_0": 0.0004958793259940615,
"avg_TS_auc_0": 0.9091418444444445,
"std_TS_auc_0": 0.002868240605469519,
"avg_TS_f1_1": 0.9904776598699929,
"std_TS_f1_1": 0.000610411755764379,
"avg_TS_ap_1": 0.997607300324931,
"std_TS_ap_1": 0.00021337468537065555,
"avg_TS_auc_1": 0.9837560111111111,
"std_TS_auc_1": 0.0012344120994862075,
"avg_TS_f1_2": 0.954298462260249,
"std_TS_f1_2": 0.0010725013553430371,
"avg_TS_ap_2": 0.9919708375546265,
"std_TS_ap_2": 0.0002963525321340081,
"avg_TS_auc_2": 0.934245111111111,
"std_TS_auc_2": 0.001899762062099512,
"avg_TS_f1_3": 0.9446864257890871,
"std_TS_f1_3": 0.0007841592971328074,
"avg_TS_ap_3": 0.9834059980611654,
"std_TS_ap_3": 0.0006684463694753229,
"avg_TS_auc_3": 0.8733473333333335,
"std_TS_auc_3": 0.004205617784216,
"avg_TS_f1_4": 0.9443425758221136,
"std_TS_f1_4": 0.0007341868187767194,
"avg_TS_ap_4": 0.9901844087388362,
"std_TS_ap_4": 0.00023198218082361088,
"avg_TS_auc_4": 0.9170377777777778,
"std_TS_auc_4": 0.00198728610216341,
"avg_TS_f1_5": 0.9644551672623788,
"std_TS_f1_5": 0.0007218144725313376,
"avg_TS_ap_5": 0.9962977230737342,
"std_TS_ap_5": 0.00012649310224844583,
"avg_TS_auc_5": 0.9668379666666667,
"std_TS_auc_5": 0.0010905337019375962,
"avg_TS_f1_6": 0.9274976004839776,
"std_TS_f1_6": 0.0009473932902229551,
"avg_TS_ap_6": 0.980102515178508,
"std_TS_ap_6": 0.00046276619850805026,
"avg_TS_auc_6": 0.8411404444444445,
"std_TS_auc_6": 0.002129300747970765,
"avg_TS_f1_7": 0.9789999999999999,
"std_TS_f1_7": 0.000681320431855816,
"avg_TS_ap_7": 0.9986653576070772,
"std_TS_ap_7": 6.436955084622545e-05,
"avg_TS_auc_7": 0.9878709999999999,
"std_TS_auc_7": 0.0005868190174655525,
"avg_TS_f1_8": 0.958664800973073,
"std_TS_f1_8": 0.0011455903023466776,
"avg_TS_ap_8": 0.9852879041962763,
"std_TS_ap_8": 0.000833718789414507,
"avg_TS_auc_8": 0.9032314555555555,
"std_TS_auc_8": 0.0025956262058497255,
"avg_TS_f1_9": 0.9793333333333333,
"std_TS_f1_9": 0.00046613726585338465,
"avg_TS_ap_9": 0.998598063540834,
"std_TS_ap_9": 7.119798460290721e-05,
"avg_TS_auc_9": 0.9873788333333333,
"std_TS_auc_9": 0.000636846147864153,
"avg_TS_f1_all": 0.9598931844148304,
"std_TS_f1_all": 0.00023211944624596548,
"avg_TS_ap_all": 0.9910177167654419,
"std_TS_ap_all": 0.0002345856627746628,
"avg_TS_auc_all": 0.9303987777777778,
"std_TS_auc_all": 0.0010055443570217185
}