{
"avg_TS_f1_0": 0.9448209641276367,
"std_TS_f1_0": 0.004084951958973629,
"avg_TS_ap_0": 0.979125376967781,
"std_TS_ap_0": 0.002039371045780819,
"avg_TS_auc_0": 0.8587973888888889,
"std_TS_auc_0": 0.010564091691336425,
"avg_TS_f1_1": 0.9862663135606299,
"std_TS_f1_1": 0.0019247168501793919,
"avg_TS_ap_1": 0.9901898052239357,
"std_TS_ap_1": 0.0016134811926182377,
"avg_TS_auc_1": 0.9587373222222221,
"std_TS_auc_1": 0.003135279711742528,
"avg_TS_f1_2": 0.9483333333333333,
"std_TS_f1_2": 0.004135960933024647,
"avg_TS_ap_2": 0.9867903591670381,
"std_TS_ap_2": 0.0012591843504309217,
"avg_TS_auc_2": 0.902933788888889,
"std_TS_auc_2": 0.0048488025639530285,
"avg_TS_f1_3": 0.9374207060886098,
"std_TS_f1_3": 0.005052378894610144,
"avg_TS_ap_3": 0.9728735276374675,
"std_TS_ap_3": 0.003023998944976131,
"avg_TS_auc_3": 0.8210363555555557,
"std_TS_auc_3": 0.018100239663565755,
"avg_TS_f1_4": 0.9364888888888888,
"std_TS_f1_4": 0.004451993588672444,
"avg_TS_ap_4": 0.9838788395379829,
"std_TS_ap_4": 0.0023350815686631063,
"avg_TS_auc_4": 0.8802257555555556,
"std_TS_auc_4": 0.0162841773479506,
"avg_TS_f1_5": 0.9519777777777778,
"std_TS_f1_5": 0.0037260510986999737,
"avg_TS_ap_5": 0.9881646990371278,
"std_TS_ap_5": 0.0006748277203854405,
"avg_TS_auc_5": 0.9114389222222222,
"std_TS_auc_5": 0.00489359939654106,
"avg_TS_f1_6": 0.9225435585927613,
"std_TS_f1_6": 0.0026151636140577025,
"avg_TS_ap_6": 0.9676240417940363,
"std_TS_ap_6": 0.002673201971656472,
"avg_TS_auc_6": 0.7773552777777777,
"std_TS_auc_6": 0.015960199581389257,
"avg_TS_f1_7": 0.9722222222222221,
"std_TS_f1_7": 0.0022629599321068246,
"avg_TS_ap_7": 0.9958233216327248,
"std_TS_ap_7": 0.0010427835157073206,
"avg_TS_auc_7": 0.9683009555555555,
"std_TS_auc_7": 0.006691805412186434,
"avg_TS_f1_8": 0.9462104586057251,
"std_TS_f1_8": 0.005919794812355715,
"avg_TS_ap_8": 0.9746747430886549,
"std_TS_ap_8": 0.0037439835970073158,
"avg_TS_auc_8": 0.8446521777777777,
"std_TS_auc_8": 0.02193423050676615,
"avg_TS_f1_9": 0.977233114185356,
"std_TS_f1_9": 0.0026465256324442596,
"avg_TS_ap_9": 0.9962203637617485,
"std_TS_ap_9": 0.0009715433976795632,
"avg_TS_auc_9": 0.9719738,
"std_TS_auc_9": 0.006241435998071701,
"avg_TS_f1_all": 0.9523517337382941,
"std_TS_f1_all": 0.0012352710278433347,
"avg_TS_ap_all": 0.9835365077848497,
"std_TS_ap_all": 0.0007724972819960076,
"avg_TS_auc_all": 0.8895451744444445,
"std_TS_auc_all": 0.005395750949663741
}