{
"avg_TS_f1_0": 0.9388194912063016,
"std_TS_f1_0": 0.0011164691704081283,
"avg_TS_ap_0": 0.9669131868829798,
"std_TS_ap_0": 0.000434309887231641,
"avg_TS_auc_0": 0.8031442999999999,
"std_TS_auc_0": 0.0026401685268412647,
"avg_TS_f1_1": 0.9733429980366501,
"std_TS_f1_1": 0.0010423098875929993,
"avg_TS_ap_1": 0.9876870015904057,
"std_TS_ap_1": 0.00048392193724246534,
"avg_TS_auc_1": 0.9327986111111111,
"std_TS_auc_1": 0.0038559467773015806,
"avg_TS_f1_2": 0.9461180680252068,
"std_TS_f1_2": 0.001161305732479201,
"avg_TS_ap_2": 0.9808303786946947,
"std_TS_ap_2": 0.0008621292484099811,
"avg_TS_auc_2": 0.8722953666666667,
"std_TS_auc_2": 0.004600513220511221,
"avg_TS_f1_3": 0.9184270221923357,
"std_TS_f1_3": 0.0013690688897916498,
"avg_TS_ap_3": 0.9553703167099211,
"std_TS_ap_3": 0.002313112829218757,
"avg_TS_auc_3": 0.7212463,
"std_TS_auc_3": 0.010150724146739953,
"avg_TS_f1_4": 0.935385299183288,
"std_TS_f1_4": 0.0007337107181163203,
"avg_TS_ap_4": 0.9779376430058987,
"std_TS_ap_4": 0.0007109971271084585,
"avg_TS_auc_4": 0.8515649999999999,
"std_TS_auc_4": 0.0035324695581154257,
"avg_TS_f1_5": 0.9188954941941219,
"std_TS_f1_5": 0.0020688116669125623,
"avg_TS_ap_5": 0.9643020411110438,
"std_TS_ap_5": 0.0024766524439987564,
"avg_TS_auc_5": 0.7554476222222222,
"std_TS_auc_5": 0.01392442796189219,
"avg_TS_f1_6": 0.9217623163273023,
"std_TS_f1_6": 0.0006848686618745685,
"avg_TS_ap_6": 0.9587104965034458,
"std_TS_ap_6": 0.001021418108184186,
"avg_TS_auc_6": 0.7443743111111112,
"std_TS_auc_6": 0.004467130081211994,
"avg_TS_f1_7": 0.9598079879497174,
"std_TS_f1_7": 0.0006790077753179381,
"avg_TS_ap_7": 0.9911725396041089,
"std_TS_ap_7": 0.00026552229156154365,
"avg_TS_auc_7": 0.9348475555555555,
"std_TS_auc_7": 0.0023554826802145087,
"avg_TS_f1_8": 0.9161397730958878,
"std_TS_f1_8": 0.0026375300712793326,
"avg_TS_ap_8": 0.9377531232307115,
"std_TS_ap_8": 0.0019308272747841579,
"avg_TS_auc_8": 0.6654687777777778,
"std_TS_auc_8": 0.0116462933390631,
"avg_TS_f1_9": 0.9649417064660396,
"std_TS_f1_9": 0.0011341205276137788,
"avg_TS_ap_9": 0.9886845126456997,
"std_TS_ap_9": 0.0007412839814822967,
"avg_TS_auc_9": 0.9272318,
"std_TS_auc_9": 0.004184735780499547,
"avg_TS_f1_all": 0.939364015667685,
"std_TS_f1_all": 0.0005146271944538205,
"avg_TS_ap_all": 0.9709361239978911,
"std_TS_ap_all": 0.0005869141937985308,
"avg_TS_auc_all": 0.8208419644444446,
"std_TS_auc_all": 0.0032395384048714525
}