{
"avg_TS_f1_0": 0.9361215351470143,
"std_TS_f1_0": 0.007745179778291559,
"avg_TS_ap_0": 0.9816160099900332,
"std_TS_ap_0": 0.0027249592561037045,
"avg_TS_auc_0": 0.8545132222222221,
"std_TS_auc_0": 0.02146703820540566,
"avg_TS_f1_1": 0.9782776043113508,
"std_TS_f1_1": 0.005239249166339917,
"avg_TS_ap_1": 0.9904953702833602,
"std_TS_ap_1": 0.003049552175263245,
"avg_TS_auc_1": 0.9366680444444444,
"std_TS_auc_1": 0.0178184806882498,
"avg_TS_f1_2": 0.9492994437962603,
"std_TS_f1_2": 0.005953836850428399,
"avg_TS_ap_2": 0.9895573493840851,
"std_TS_ap_2": 0.0026276175131489153,
"avg_TS_auc_2": 0.9140528666666666,
"std_TS_auc_2": 0.020725940502795883,
"avg_TS_f1_3": 0.9216546598267804,
"std_TS_f1_3": 0.0030999186997724914,
"avg_TS_ap_3": 0.9715581322003637,
"std_TS_ap_3": 0.002623568886219192,
"avg_TS_auc_3": 0.7818401222222221,
"std_TS_auc_3": 0.016095135062289278,
"avg_TS_f1_4": 0.9331407300405579,
"std_TS_f1_4": 0.004968520868930816,
"avg_TS_ap_4": 0.9839929852470701,
"std_TS_ap_4": 0.0016465167478495154,
"avg_TS_auc_4": 0.8692813777777779,
"std_TS_auc_4": 0.013439816249175647,
"avg_TS_f1_5": 0.9358090523547604,
"std_TS_f1_5": 0.007102884348481014,
"avg_TS_ap_5": 0.9875565378682107,
"std_TS_ap_5": 0.0028861863019285956,
"avg_TS_auc_5": 0.893679811111111,
"std_TS_auc_5": 0.022333817649436247,
"avg_TS_f1_6": 0.9194650258347687,
"std_TS_f1_6": 0.005974734633681435,
"avg_TS_ap_6": 0.9773498119570447,
"std_TS_ap_6": 0.0020848547018621584,
"avg_TS_auc_6": 0.8148427777777778,
"std_TS_auc_6": 0.0176374606922767,
"avg_TS_f1_7": 0.9667653388151194,
"std_TS_f1_7": 0.012715878299739199,
"avg_TS_ap_7": 0.9954996812543971,
"std_TS_ap_7": 0.0031693974934862796,
"avg_TS_auc_7": 0.9622871777777776,
"std_TS_auc_7": 0.025451048573232434,
"avg_TS_f1_8": 0.9277315381718738,
"std_TS_f1_8": 0.010235003845804684,
"avg_TS_ap_8": 0.9736713716387768,
"std_TS_ap_8": 0.00574906903108357,
"avg_TS_auc_8": 0.8015119666666667,
"std_TS_auc_8": 0.04253085676452099,
"avg_TS_f1_9": 0.9694996080029137,
"std_TS_f1_9": 0.002981224074414094,
"avg_TS_ap_9": 0.9923862661366233,
"std_TS_ap_9": 0.0039008287342509893,
"avg_TS_auc_9": 0.945023511111111,
"std_TS_auc_9": 0.023398953586748594,
"avg_TS_f1_all": 0.94377645363014,
"std_TS_f1_all": 0.001044619570316018,
"avg_TS_ap_all": 0.9843683515959964,
"std_TS_ap_all": 0.00012621187452066304,
"avg_TS_auc_all": 0.8773700877777777,
"std_TS_auc_all": 0.0007750121871076708
}