{
"avg_TS_f1_0": 0.9521650510847245,
"std_TS_f1_0": 0.0006846249524737709,
"avg_TS_ap_0": 0.9812343991431506,
"std_TS_ap_0": 0.0006756129814523837,
"avg_TS_auc_0": 0.8779979444444443,
"std_TS_auc_0": 0.0032640283191021826,
"avg_TS_f1_1": 0.9872888888888889,
"std_TS_f1_1": 0.0001133115447464866,
"avg_TS_ap_1": 0.9943281581345375,
"std_TS_ap_1": 0.00022135108580094746,
"avg_TS_auc_1": 0.971380488888889,
"std_TS_auc_1": 0.0011281477123974337,
"avg_TS_f1_2": 0.9535873252217716,
"std_TS_f1_2": 0.0010552100766453285,
"avg_TS_ap_2": 0.9885258500017008,
"std_TS_ap_2": 0.0004922433837011662,
"avg_TS_auc_2": 0.9160644222222223,
"std_TS_auc_2": 0.00237029770011289,
"avg_TS_f1_3": 0.9375736057103611,
"std_TS_f1_3": 0.0006819087070964573,
"avg_TS_ap_3": 0.9730159626272054,
"std_TS_ap_3": 0.0014832338505915532,
"avg_TS_auc_3": 0.8205597555555555,
"std_TS_auc_3": 0.00812180898178127,
"avg_TS_f1_4": 0.9430758684124427,
"std_TS_f1_4": 0.0008430716492629899,
"avg_TS_ap_4": 0.986513640612182,
"std_TS_ap_4": 0.0004888447998207914,
"avg_TS_auc_4": 0.9003336333333334,
"std_TS_auc_4": 0.0026934630007748464,
"avg_TS_f1_5": 0.9513427807717714,
"std_TS_f1_5": 0.001640836388648873,
"avg_TS_ap_5": 0.9872139186172018,
"std_TS_ap_5": 0.0008631519462030162,
"avg_TS_auc_5": 0.9038152444444444,
"std_TS_auc_5": 0.006131712055402613,
"avg_TS_f1_6": 0.9266514842515843,
"std_TS_f1_6": 0.0011128202523923878,
"avg_TS_ap_6": 0.9728456131125693,
"std_TS_ap_6": 0.0010363128703195458,
"avg_TS_auc_6": 0.8108417222222224,
"std_TS_auc_6": 0.0036306724286212177,
"avg_TS_f1_7": 0.973188588254903,
"std_TS_f1_7": 0.0005088347179951496,
"avg_TS_ap_7": 0.9971739686559769,
"std_TS_ap_7": 7.49375329050961e-05,
"avg_TS_auc_7": 0.9769324888888888,
"std_TS_auc_7": 0.0008407019431903346,
"avg_TS_f1_8": 0.9425974788016266,
"std_TS_f1_8": 0.0011312943478021752,
"avg_TS_ap_8": 0.9695728674426108,
"std_TS_ap_8": 0.0010881987972031302,
"avg_TS_auc_8": 0.8200178444444445,
"std_TS_auc_8": 0.00697094388151705,
"avg_TS_f1_9": 0.9776553080109389,
"std_TS_f1_9": 0.00029475552481905774,
"avg_TS_ap_9": 0.9967335130628323,
"std_TS_ap_9": 0.00024197293534592947,
"avg_TS_auc_9": 0.9754490333333334,
"std_TS_auc_9": 0.0016199016825827579,
"avg_TS_f1_all": 0.9545126379409012,
"std_TS_f1_all": 0.00027216736938383393,
"avg_TS_ap_all": 0.9847157891409968,
"std_TS_ap_all": 0.00021855436905359935,
"avg_TS_auc_all": 0.8973392577777777,
"std_TS_auc_all": 0.0009512513988997538
}