{
"avg_TS_f1_0": 0.925,
"std_TS_f1_0": 0.00943803704219666,
"avg_TS_ap_0": 0.9636653393021988,
"std_TS_ap_0": 0.013762235845931578,
"avg_TS_auc_0": 0.7686832333333333,
"std_TS_auc_0": 0.06399438429947112,
"avg_TS_f1_1": 0.9584222222222223,
"std_TS_f1_1": 0.006733149979168394,
"avg_TS_ap_1": 0.9871078747926718,
"std_TS_ap_1": 0.0028168566076205177,
"avg_TS_auc_1": 0.9139477777777776,
"std_TS_auc_1": 0.02120034814328046,
"avg_TS_f1_2": 0.9406222222222222,
"std_TS_f1_2": 0.007292681939899956,
"avg_TS_ap_2": 0.9775832262341746,
"std_TS_ap_2": 0.005993215065032243,
"avg_TS_auc_2": 0.853758588888889,
"std_TS_auc_2": 0.033089645407712504,
"avg_TS_f1_3": 0.905,
"std_TS_f1_3": 0.011548074501463747,
"avg_TS_ap_3": 0.9491987500762409,
"std_TS_ap_3": 0.01175758851957265,
"avg_TS_auc_3": 0.6671152,
"std_TS_auc_3": 0.07278979689277949,
"avg_TS_f1_4": 0.9241555555555555,
"std_TS_f1_4": 0.0065867806257947905,
"avg_TS_ap_4": 0.9734410345236642,
"std_TS_ap_4": 0.014567889304600155,
"avg_TS_auc_4": 0.8148139999999999,
"std_TS_auc_4": 0.0661456309297994,
"avg_TS_f1_5": 0.9197333333333333,
"std_TS_f1_5": 0.012633015729419212,
"avg_TS_ap_5": 0.9682609886648883,
"std_TS_ap_5": 0.009349025837804094,
"avg_TS_auc_5": 0.7717803555555556,
"std_TS_auc_5": 0.06509215425734861,
"avg_TS_f1_6": 0.9099777777777778,
"std_TS_f1_6": 0.006659774214835869,
"avg_TS_ap_6": 0.9482371205566235,
"std_TS_ap_6": 0.02085583977093574,
"avg_TS_auc_6": 0.680156188888889,
"std_TS_auc_6": 0.0859605181789772,
"avg_TS_f1_7": 0.9253333333333333,
"std_TS_f1_7": 0.01215435704024399,
"avg_TS_ap_7": 0.9747023499540335,
"std_TS_ap_7": 0.009899477919126843,
"avg_TS_auc_7": 0.8127360333333332,
"std_TS_auc_7": 0.06267343999300101,
"avg_TS_f1_8": 0.9097879771098395,
"std_TS_f1_8": 0.01225865057467704,
"avg_TS_ap_8": 0.9374803946104213,
"std_TS_ap_8": 0.0280718836055601,
"avg_TS_auc_8": 0.6384668999999998,
"std_TS_auc_8": 0.11373820885727443,
"avg_TS_f1_9": 0.9475777777777777,
"std_TS_f1_9": 0.015448744405410532,
"avg_TS_ap_9": 0.9881693115929885,
"std_TS_ap_9": 0.00781602165976991,
"avg_TS_auc_9": 0.9071056555555556,
"std_TS_auc_9": 0.060282486687512536,
"avg_TS_f1_all": 0.9265610199332063,
"std_TS_f1_all": 0.0042597982910830045,
"avg_TS_ap_all": 0.9667846390307906,
"std_TS_ap_all": 0.006071616986202419,
"avg_TS_auc_all": 0.7828563933333332,
"std_TS_auc_all": 0.030887193049079494
}