{
"avg_TS_f1_0": 0.9425111111111111,
"std_TS_f1_0": 0.009215821071651274,
"avg_TS_ap_0": 0.9765120537604093,
"std_TS_ap_0": 0.007099026911957152,
"avg_TS_auc_0": 0.8507755555555555,
"std_TS_auc_0": 0.036635798191332565,
"avg_TS_f1_1": 0.9742666666666666,
"std_TS_f1_1": 0.009879421185624357,
"avg_TS_ap_1": 0.9912282310664227,
"std_TS_ap_1": 0.004357062503916523,
"avg_TS_auc_1": 0.9465413999999999,
"std_TS_auc_1": 0.03120392847273177,
"avg_TS_f1_2": 0.9437555555555555,
"std_TS_f1_2": 0.005976249288270645,
"avg_TS_ap_2": 0.9835486184552569,
"std_TS_ap_2": 0.001574962660031898,
"avg_TS_auc_2": 0.8807457777777777,
"std_TS_auc_2": 0.011283745757165302,
"avg_TS_f1_3": 0.9200444444444443,
"std_TS_f1_3": 0.00635011422080611,
"avg_TS_ap_3": 0.9702096964667992,
"std_TS_ap_3": 0.007403581187180744,
"avg_TS_auc_3": 0.7905801888888889,
"std_TS_auc_3": 0.03108067848598045,
"avg_TS_f1_4": 0.9225999999999999,
"std_TS_f1_4": 0.008265232850565914,
"avg_TS_ap_4": 0.9791813316567393,
"std_TS_ap_4": 0.0049077157937425205,
"avg_TS_auc_4": 0.8352092777777778,
"std_TS_auc_4": 0.033063435275426926,
"avg_TS_f1_5": 0.9412772104623096,
"std_TS_f1_5": 0.00626226746540211,
"avg_TS_ap_5": 0.9782509649516282,
"std_TS_ap_5": 0.007305977786418852,
"avg_TS_auc_5": 0.8527746333333333,
"std_TS_auc_5": 0.03925211467617199,
"avg_TS_f1_6": 0.9199111111111111,
"std_TS_f1_6": 0.00552676986902705,
"avg_TS_ap_6": 0.9664541503441992,
"std_TS_ap_6": 0.005650609773858515,
"avg_TS_auc_6": 0.7716843222222222,
"std_TS_auc_6": 0.028522772058899727,
"avg_TS_f1_7": 0.9351097962232469,
"std_TS_f1_7": 0.01808628668422281,
"avg_TS_ap_7": 0.985418767516364,
"std_TS_ap_7": 0.008389122712217877,
"avg_TS_auc_7": 0.8830212555555554,
"std_TS_auc_7": 0.058073493402146334,
"avg_TS_f1_8": 0.9649333333333333,
"std_TS_f1_8": 0.004345907681974736,
"avg_TS_ap_8": 0.9885685968002997,
"std_TS_ap_8": 0.003054759584870515,
"avg_TS_auc_8": 0.9256754777777779,
"std_TS_auc_8": 0.016844099704790873,
"avg_TS_f1_9": 0.9291777777777778,
"std_TS_f1_9": 0.007004971779359955,
"avg_TS_ap_9": 0.972040784382294,
"std_TS_ap_9": 0.010758152659548388,
"avg_TS_auc_9": 0.7965796222222222,
"std_TS_auc_9": 0.06727154666168171,
"avg_TS_f1_all": 0.9393587006685555,
"std_TS_f1_all": 0.0029686869152993106,
"avg_TS_ap_all": 0.9791413195400412,
"std_TS_ap_all": 0.000848107249589135,
"avg_TS_auc_all": 0.8533587511111111,
"std_TS_auc_all": 0.00567442322485034
}