{
"avg_TS_f1_0": 0.957921749973764,
"std_TS_f1_0": 0.0014478266984681667,
"avg_TS_ap_0": 0.9880644222755478,
"std_TS_ap_0": 0.0006669052311753262,
"avg_TS_auc_0": 0.9125342222222222,
"std_TS_auc_0": 0.004862046771539935,
"avg_TS_f1_1": 0.9921777777777778,
"std_TS_f1_1": 0.00025915341754864706,
"avg_TS_ap_1": 0.9966870332211031,
"std_TS_ap_1": 0.00037100344999525055,
"avg_TS_auc_1": 0.9825160000000001,
"std_TS_auc_1": 0.0016251210127780763,
"avg_TS_f1_2": 0.9542540128772586,
"std_TS_f1_2": 0.0007824862283219069,
"avg_TS_ap_2": 0.9919669202029727,
"std_TS_ap_2": 0.0004142978737971055,
"avg_TS_auc_2": 0.9356133555555555,
"std_TS_auc_2": 0.0023015663208206067,
"avg_TS_f1_3": 0.9458876727719442,
"std_TS_f1_3": 0.001728587831206777,
"avg_TS_ap_3": 0.9827752029668251,
"std_TS_ap_3": 0.0010896245889361988,
"avg_TS_auc_3": 0.8738116222222221,
"std_TS_auc_3": 0.007588417864624204,
"avg_TS_f1_4": 0.9433882586069597,
"std_TS_f1_4": 0.0006479928534265897,
"avg_TS_ap_4": 0.98933226556707,
"std_TS_ap_4": 0.00028596042596595064,
"avg_TS_auc_4": 0.9127290222222222,
"std_TS_auc_4": 0.0012176307456858461,
"avg_TS_f1_5": 0.9669103876141267,
"std_TS_f1_5": 0.0008359275534073396,
"avg_TS_ap_5": 0.9964801579764184,
"std_TS_ap_5": 0.0001456270311367482,
"avg_TS_auc_5": 0.9689533777777779,
"std_TS_auc_5": 0.0011889637211133207,
"avg_TS_f1_6": 0.9268205875635067,
"std_TS_f1_6": 0.0005883880858891558,
"avg_TS_ap_6": 0.9790563663220452,
"std_TS_ap_6": 0.0004197288660149185,
"avg_TS_auc_6": 0.8346882777777779,
"std_TS_auc_6": 0.002118525407266683,
"avg_TS_f1_7": 0.9771994925644018,
"std_TS_f1_7": 0.0007274467661805527,
"avg_TS_ap_7": 0.9983433069631369,
"std_TS_ap_7": 8.44795381785634e-05,
"avg_TS_auc_7": 0.9850815666666666,
"std_TS_auc_7": 0.0007502952097197536,
"avg_TS_f1_8": 0.970665827067205,
"std_TS_f1_8": 0.005805859960610664,
"avg_TS_ap_8": 0.9908996259146609,
"std_TS_ap_8": 0.001977723415812615,
"avg_TS_auc_8": 0.9414573444444445,
"std_TS_auc_8": 0.012909066918800676,
"avg_TS_f1_9": 0.9806444444444444,
"std_TS_f1_9": 0.0003541639433446792,
"avg_TS_ap_9": 0.9985804042348374,
"std_TS_ap_9": 9.466762829748982e-05,
"avg_TS_auc_9": 0.9878114,
"std_TS_auc_9": 0.0007145850685865506,
"avg_TS_f1_all": 0.9615870211261388,
"std_TS_f1_all": 0.0005778584259537197,
"avg_TS_ap_all": 0.9912185705644617,
"std_TS_ap_all": 0.0003240233912468871,
"avg_TS_auc_all": 0.9335196188888888,
"std_TS_auc_all": 0.00171385218125495
}