{
"avg_TS_f1_0": 0.9430993339136124,
"std_TS_f1_0": 0.002552579565647257,
"avg_TS_ap_0": 0.9726527217577907,
"std_TS_ap_0": 0.0008823319606615899,
"avg_TS_auc_0": 0.8319267444444444,
"std_TS_auc_0": 0.004748653796577832,
"avg_TS_f1_1": 0.976577256761178,
"std_TS_f1_1": 0.002020466637278085,
"avg_TS_ap_1": 0.9884470450720428,
"std_TS_ap_1": 0.000796683877599831,
"avg_TS_auc_1": 0.9380053,
"std_TS_auc_1": 0.004183713796126765,
"avg_TS_f1_2": 0.9509533677796915,
"std_TS_f1_2": 0.0009382797709295055,
"avg_TS_ap_2": 0.9847196775726174,
"std_TS_ap_2": 0.0007510502456213506,
"avg_TS_auc_2": 0.8967449000000002,
"std_TS_auc_2": 0.0035447571323934607,
"avg_TS_f1_3": 0.9239317184288016,
"std_TS_f1_3": 0.00332119401724232,
"avg_TS_ap_3": 0.9579405939089461,
"std_TS_ap_3": 0.0039841020781090745,
"avg_TS_auc_3": 0.7425034444444444,
"std_TS_auc_3": 0.021428858942044132,
"avg_TS_f1_4": 0.9378861418226938,
"std_TS_f1_4": 0.0012505549469825573,
"avg_TS_ap_4": 0.9809742393728547,
"std_TS_ap_4": 0.0010446109257641948,
"avg_TS_auc_4": 0.8684778333333334,
"std_TS_auc_4": 0.005491039146972084,
"avg_TS_f1_5": 0.9311214388453679,
"std_TS_f1_5": 0.003255472259589292,
"avg_TS_ap_5": 0.9725754841969281,
"std_TS_ap_5": 0.0024031090808271666,
"avg_TS_auc_5": 0.8122306888888888,
"std_TS_auc_5": 0.013214439044095767,
"avg_TS_f1_6": 0.9236444444444445,
"std_TS_f1_6": 0.001947965066738741,
"avg_TS_ap_6": 0.9632149931355901,
"std_TS_ap_6": 0.0023675794001817934,
"avg_TS_auc_6": 0.7642251111111111,
"std_TS_auc_6": 0.011544696937672946,
"avg_TS_f1_7": 0.9684100635220474,
"std_TS_f1_7": 0.0029504347678841825,
"avg_TS_ap_7": 0.9938385225791164,
"std_TS_ap_7": 0.001111719356238812,
"avg_TS_auc_7": 0.9550020666666666,
"std_TS_auc_7": 0.007518859393518786,
"avg_TS_f1_8": 0.9259658116808959,
"std_TS_f1_8": 0.003233626271826807,
"avg_TS_ap_8": 0.9501493235008762,
"std_TS_ap_8": 0.003689467250604082,
"avg_TS_auc_8": 0.7240375666666665,
"std_TS_auc_8": 0.018380576270281994,
"avg_TS_f1_9": 0.9731111111111111,
"std_TS_f1_9": 0.0008748897637790773,
"avg_TS_ap_9": 0.9927613228352596,
"std_TS_ap_9": 0.0009810380180153289,
"avg_TS_auc_9": 0.9506374444444443,
"std_TS_auc_9": 0.005284550209435868,
"avg_TS_f1_all": 0.9454700688309844,
"std_TS_f1_all": 0.0009143551959896964,
"avg_TS_ap_all": 0.9757273923932022,
"std_TS_ap_all": 0.0012827826238582573,
"avg_TS_auc_all": 0.8483791100000001,
"std_TS_auc_all": 0.006298096752931738
}