{
"avg_TS_f1_0": 0.9597768567389545,
"std_TS_f1_0": 0.0014885711469909012,
"avg_TS_ap_0": 0.9866052710637664,
"std_TS_ap_0": 0.0003660734129449762,
"avg_TS_auc_0": 0.9022727999999999,
"std_TS_auc_0": 0.0027921362808102793,
"avg_TS_f1_1": 0.9900222222222222,
"std_TS_f1_1": 0.0010827491302293417,
"avg_TS_ap_1": 0.9955467622982166,
"std_TS_ap_1": 0.0008923915881540597,
"avg_TS_auc_1": 0.9769959666666667,
"std_TS_auc_1": 0.0039732239822449725,
"avg_TS_f1_2": 0.9545555555555556,
"std_TS_f1_2": 0.002603890726121239,
"avg_TS_ap_2": 0.989697606311144,
"std_TS_ap_2": 0.0012923483031916942,
"avg_TS_auc_2": 0.9222617888888889,
"std_TS_auc_2": 0.008875726179325829,
"avg_TS_f1_3": 0.9434549474970831,
"std_TS_f1_3": 0.0019508169258509928,
"avg_TS_ap_3": 0.9577836981807156,
"std_TS_ap_3": 0.009384523900100505,
"avg_TS_auc_3": 0.7922723333333334,
"std_TS_auc_3": 0.025758372685496602,
"avg_TS_f1_4": 0.9423659944070966,
"std_TS_f1_4": 0.0021910940493209993,
"avg_TS_ap_4": 0.9873076261331548,
"std_TS_ap_4": 0.0007504684300715148,
"avg_TS_auc_4": 0.9001225111111111,
"std_TS_auc_4": 0.004385676968929932,
"avg_TS_f1_5": 0.9620222222222221,
"std_TS_f1_5": 0.009941656965007234,
"avg_TS_ap_5": 0.9925957297976368,
"std_TS_ap_5": 0.0069626329050227614,
"avg_TS_auc_5": 0.9439320555555556,
"std_TS_auc_5": 0.04459206760498613,
"avg_TS_f1_6": 0.9281539554666617,
"std_TS_f1_6": 0.0002977432260846248,
"avg_TS_ap_6": 0.9671661325727599,
"std_TS_ap_6": 0.006020781166399178,
"avg_TS_auc_6": 0.7895407777777776,
"std_TS_auc_6": 0.017680224413517666,
"avg_TS_f1_7": 0.9763777777777778,
"std_TS_f1_7": 0.0025729840484503825,
"avg_TS_ap_7": 0.9981670993916557,
"std_TS_ap_7": 0.000393858028466127,
"avg_TS_auc_7": 0.9836366555555556,
"std_TS_auc_7": 0.003499960677451028,
"avg_TS_f1_8": 0.9728880604478027,
"std_TS_f1_8": 0.008720716169096008,
"avg_TS_ap_8": 0.9871804486412439,
"std_TS_ap_8": 0.005680721526048918,
"avg_TS_auc_8": 0.9279942999999999,
"std_TS_auc_8": 0.03274047354142559,
"avg_TS_f1_9": 0.9805999999999999,
"std_TS_f1_9": 0.0011750492503468668,
"avg_TS_ap_9": 0.9984549833566977,
"std_TS_ap_9": 0.0002516146620137507,
"avg_TS_auc_9": 0.9871041999999999,
"std_TS_auc_9": 0.001818347177731782,
"avg_TS_f1_all": 0.9610217592335376,
"std_TS_f1_all": 0.001862303232193168,
"avg_TS_ap_all": 0.9860505357746993,
"std_TS_ap_all": 0.0012553418207570488,
"avg_TS_auc_all": 0.9126133388888888,
"std_TS_auc_all": 0.006757338287150267
}