{
"avg_TS_f1_0": 0.9313333333333332,
"std_TS_f1_0": 0.009381884303615128,
"avg_TS_ap_0": 0.9748251848661118,
"std_TS_ap_0": 0.004350574784339955,
"avg_TS_auc_0": 0.8184682888888888,
"std_TS_auc_0": 0.030930907200842992,
"avg_TS_f1_1": 0.9500436456346341,
"std_TS_f1_1": 0.01623112288606884,
"avg_TS_ap_1": 0.9869861057011103,
"std_TS_ap_1": 0.005086241179584309,
"avg_TS_auc_1": 0.9095013555555557,
"std_TS_auc_1": 0.03543788284796962,
"avg_TS_f1_2": 0.9358888888888888,
"std_TS_f1_2": 0.011918032814724058,
"avg_TS_ap_2": 0.9823306499640172,
"std_TS_ap_2": 0.007113894415542919,
"avg_TS_auc_2": 0.8637043111111111,
"std_TS_auc_2": 0.05182382558571889,
"avg_TS_f1_3": 0.9209316022767962,
"std_TS_f1_3": 0.004666019380105431,
"avg_TS_ap_3": 0.9565505939241981,
"std_TS_ap_3": 0.0076116309715291396,
"avg_TS_auc_3": 0.7313489222222221,
"std_TS_auc_3": 0.028955442521110517,
"avg_TS_f1_4": 0.9196444444444444,
"std_TS_f1_4": 0.00497867055485967,
"avg_TS_ap_4": 0.9728130919875779,
"std_TS_ap_4": 0.007833433151518179,
"avg_TS_auc_4": 0.7969496777777778,
"std_TS_auc_4": 0.04388556187896642,
"avg_TS_f1_5": 0.9316101943935156,
"std_TS_f1_5": 0.019186445797220293,
"avg_TS_ap_5": 0.975551776088724,
"std_TS_ap_5": 0.013215197437824112,
"avg_TS_auc_5": 0.8335914444444444,
"std_TS_auc_5": 0.07647789662966373,
"avg_TS_f1_6": 0.909,
"std_TS_f1_6": 0.0031964486466416584,
"avg_TS_ap_6": 0.955931112642347,
"std_TS_ap_6": 0.005333044831999449,
"avg_TS_auc_6": 0.7006964555555555,
"std_TS_auc_6": 0.025610874409135162,
"avg_TS_f1_7": 0.929511111111111,
"std_TS_f1_7": 0.009293725481922378,
"avg_TS_ap_7": 0.976447757953997,
"std_TS_ap_7": 0.0085565073986703,
"avg_TS_auc_7": 0.8219794222222223,
"std_TS_auc_7": 0.055214406195992445,
"avg_TS_f1_8": 0.9326666666666668,
"std_TS_f1_8": 0.017385675954505228,
"avg_TS_ap_8": 0.9708764331707649,
"std_TS_ap_8": 0.008955240437870321,
"avg_TS_auc_8": 0.8061897111111109,
"std_TS_auc_8": 0.06552524474170995,
"avg_TS_f1_9": 0.9506666666666668,
"std_TS_f1_9": 0.006779416923833531,
"avg_TS_ap_9": 0.9878609834001189,
"std_TS_ap_9": 0.0038708376442083445,
"avg_TS_auc_9": 0.9084140666666667,
"std_TS_auc_9": 0.02580569137678405,
"avg_TS_f1_all": 0.9311296553416059,
"std_TS_f1_all": 0.004503394793438207,
"avg_TS_ap_all": 0.9740173689698967,
"std_TS_ap_all": 0.0017022777595877502,
"avg_TS_auc_all": 0.8190843655555555,
"std_TS_auc_all": 0.013966126181732213
}