{
"avg_TS_f1_0": 0.9411084973856573,
"std_TS_f1_0": 0.0013679824238677608,
"avg_TS_ap_0": 0.9824866926729019,
"std_TS_ap_0": 0.0005843772946552215,
"avg_TS_auc_0": 0.8650466777777778,
"std_TS_auc_0": 0.004052318044962758,
"avg_TS_f1_1": 0.9875555555555555,
"std_TS_f1_1": 0.003120620387829677,
"avg_TS_ap_1": 0.9969003548317156,
"std_TS_ap_1": 0.0009701498471044232,
"avg_TS_auc_1": 0.9788221666666667,
"std_TS_auc_1": 0.007063193906214807,
"avg_TS_f1_2": 0.9502877900624108,
"std_TS_f1_2": 0.0010789456556419583,
"avg_TS_ap_2": 0.9918921619055217,
"std_TS_ap_2": 0.0002251336085972074,
"avg_TS_auc_2": 0.9318307888888888,
"std_TS_auc_2": 0.0018544520951842547,
"avg_TS_f1_3": 0.9175398533453389,
"std_TS_f1_3": 0.0021184535608891482,
"avg_TS_ap_3": 0.9661344652226624,
"std_TS_ap_3": 0.0036365235594275516,
"avg_TS_auc_3": 0.7476792,
"std_TS_auc_3": 0.022994610118127475,
"avg_TS_f1_4": 0.937665277700613,
"std_TS_f1_4": 0.0009345154398199176,
"avg_TS_ap_4": 0.9879794780522401,
"std_TS_ap_4": 0.0003584572324268394,
"avg_TS_auc_4": 0.8988882666666667,
"std_TS_auc_4": 0.002546842100172287,
"avg_TS_f1_5": 0.9425319036242754,
"std_TS_f1_5": 0.01124070589997922,
"avg_TS_ap_5": 0.9889803003550537,
"std_TS_ap_5": 0.008693572386911147,
"avg_TS_auc_5": 0.909711588888889,
"std_TS_auc_5": 0.06032060566223428,
"avg_TS_f1_6": 0.9215178262000728,
"std_TS_f1_6": 0.0013910360552210894,
"avg_TS_ap_6": 0.9743580502296199,
"std_TS_ap_6": 0.003812348945577576,
"avg_TS_auc_6": 0.8007025555555556,
"std_TS_auc_6": 0.02279487717169889,
"avg_TS_f1_7": 0.9687111111111111,
"std_TS_f1_7": 0.0015580931682629504,
"avg_TS_ap_7": 0.9975089971152666,
"std_TS_ap_7": 0.0001962312616602866,
"avg_TS_auc_7": 0.9772475444444444,
"std_TS_auc_7": 0.0018068248702087855,
"avg_TS_f1_8": 0.9261967010512929,
"std_TS_f1_8": 0.013447385752740007,
"avg_TS_ap_8": 0.9697095177419502,
"std_TS_ap_8": 0.020096624090143563,
"avg_TS_auc_8": 0.7974959,
"std_TS_auc_8": 0.09042676449060863,
"avg_TS_f1_9": 0.9760775067750677,
"std_TS_f1_9": 0.0009646883434575984,
"avg_TS_ap_9": 0.9981851012674781,
"std_TS_ap_9": 0.00011174274617965207,
"avg_TS_auc_9": 0.9836579444444444,
"std_TS_auc_9": 0.0010273139511955685,
"avg_TS_f1_all": 0.9469192022811397,
"std_TS_f1_all": 0.002057757935097569,
"avg_TS_ap_all": 0.9854135119394408,
"std_TS_ap_all": 0.0019947349608055082,
"avg_TS_auc_all": 0.8891082633333334,
"std_TS_auc_all": 0.00997820269628095
}