{
"avg_TS_f1_0": 0.9460852676304985,
"std_TS_f1_0": 0.0013034666901400602,
"avg_TS_ap_0": 0.9756406260726734,
"std_TS_ap_0": 0.0004217879856788978,
"avg_TS_auc_0": 0.8473056777777778,
"std_TS_auc_0": 0.002520632999667427,
"avg_TS_f1_1": 0.9836444444444445,
"std_TS_f1_1": 0.0005416025603090563,
"avg_TS_ap_1": 0.9922770425813958,
"std_TS_ap_1": 0.00020171299858592055,
"avg_TS_auc_1": 0.9599935777777778,
"std_TS_auc_1": 0.0008270055462814784,
"avg_TS_f1_2": 0.9518634379723293,
"std_TS_f1_2": 0.0005645402257451465,
"avg_TS_ap_2": 0.9859633328105006,
"std_TS_ap_2": 0.000214335375402901,
"avg_TS_auc_2": 0.9010081555555557,
"std_TS_auc_2": 0.000496521981660063,
"avg_TS_f1_3": 0.9303286946326732,
"std_TS_f1_3": 0.0006906471542344134,
"avg_TS_ap_3": 0.9675759104357995,
"std_TS_ap_3": 0.0009678992492356832,
"avg_TS_auc_3": 0.7874429222222222,
"std_TS_auc_3": 0.0035943312435549363,
"avg_TS_f1_4": 0.9411529393608287,
"std_TS_f1_4": 0.0006615650209405253,
"avg_TS_ap_4": 0.9831045143982708,
"std_TS_ap_4": 0.0004230458798026982,
"avg_TS_auc_4": 0.8814132666666665,
"std_TS_auc_4": 0.002149508726358525,
"avg_TS_f1_5": 0.9383646165527715,
"std_TS_f1_5": 0.0013600556305367495,
"avg_TS_ap_5": 0.9806528438005422,
"std_TS_ap_5": 0.0012462890534834827,
"avg_TS_auc_5": 0.8566795222222222,
"std_TS_auc_5": 0.007943460053744363,
"avg_TS_f1_6": 0.9258411552806329,
"std_TS_f1_6": 0.0007814330338509221,
"avg_TS_ap_6": 0.9675299213917183,
"std_TS_ap_6": 0.0006570636511099779,
"avg_TS_auc_6": 0.7855442888888888,
"std_TS_auc_6": 0.0031707782028399583,
"avg_TS_f1_7": 0.9707434573525691,
"std_TS_f1_7": 0.0008426991266766677,
"avg_TS_ap_7": 0.9958194893933305,
"std_TS_ap_7": 0.00013677391240922608,
"avg_TS_auc_7": 0.9673395111111113,
"std_TS_auc_7": 0.0011329704993271318,
"avg_TS_f1_8": 0.9298191331617189,
"std_TS_f1_8": 0.0015764739587180202,
"avg_TS_ap_8": 0.9574986013320717,
"std_TS_ap_8": 0.001593683154749907,
"avg_TS_auc_8": 0.7568926555555556,
"std_TS_auc_8": 0.007648788275485797,
"avg_TS_f1_9": 0.975099182053324,
"std_TS_f1_9": 0.0006487764177029858,
"avg_TS_ap_9": 0.9945640639223431,
"std_TS_ap_9": 0.00024863186713370867,
"avg_TS_auc_9": 0.962056511111111,
"std_TS_auc_9": 0.001287670443902053,
"avg_TS_f1_all": 0.9492942328441792,
"std_TS_f1_all": 0.00016477120001341365,
"avg_TS_ap_all": 0.9800626346138646,
"std_TS_ap_all": 0.00010219223453534534,
"avg_TS_auc_all": 0.870567608888889,
"std_TS_auc_all": 0.0004274675853367516
}