{
"avg_TS_f1_0": 0.9505777777777779,
"std_TS_f1_0": 0.0076733947933311205,
"avg_TS_ap_0": 0.9837952168386653,
"std_TS_ap_0": 0.002121070435727733,
"avg_TS_auc_0": 0.8855101555555557,
"std_TS_auc_0": 0.01712621253082861,
"avg_TS_f1_1": 0.9877555555555556,
"std_TS_f1_1": 0.0012539320870813954,
"avg_TS_ap_1": 0.9946785009206935,
"std_TS_ap_1": 0.00048172543234746063,
"avg_TS_auc_1": 0.9716813666666667,
"std_TS_auc_1": 0.0009354587608940577,
"avg_TS_f1_2": 0.9524666666666665,
"std_TS_f1_2": 0.0027138419761667944,
"avg_TS_ap_2": 0.990395919078907,
"std_TS_ap_2": 0.0007312851264032983,
"avg_TS_auc_2": 0.9259213444444445,
"std_TS_auc_2": 0.00363698506556746,
"avg_TS_f1_3": 0.9392431456068546,
"std_TS_f1_3": 0.0038325687880579186,
"avg_TS_ap_3": 0.9758878798992446,
"std_TS_ap_3": 0.003995280848044698,
"avg_TS_auc_3": 0.8367266333333333,
"std_TS_auc_3": 0.02337732691798549,
"avg_TS_f1_4": 0.9400993561370694,
"std_TS_f1_4": 0.0013727334114906143,
"avg_TS_ap_4": 0.98658427968054,
"std_TS_ap_4": 0.0007368071070537785,
"avg_TS_auc_4": 0.8978639222222222,
"std_TS_auc_4": 0.0030593369362705647,
"avg_TS_f1_5": 0.9560212221666637,
"std_TS_f1_5": 0.0013790096461457904,
"avg_TS_ap_5": 0.9913623228965172,
"std_TS_ap_5": 0.0007579890630299277,
"avg_TS_auc_5": 0.9323366,
"std_TS_auc_5": 0.004392779821732676,
"avg_TS_f1_6": 0.926964206653456,
"std_TS_f1_6": 0.0012725410652354695,
"avg_TS_ap_6": 0.9742388045635746,
"std_TS_ap_6": 0.0015396211934088325,
"avg_TS_auc_6": 0.8151192777777778,
"std_TS_auc_6": 0.007180644031950056,
"avg_TS_f1_7": 0.9734552746757537,
"std_TS_f1_7": 0.0013098976919154383,
"avg_TS_ap_7": 0.9972430385148934,
"std_TS_ap_7": 0.00018984956449413296,
"avg_TS_auc_7": 0.9778176111111112,
"std_TS_auc_7": 0.0013899362566431339,
"avg_TS_f1_8": 0.9548318869566828,
"std_TS_f1_8": 0.005334901629264388,
"avg_TS_ap_8": 0.9814745876570887,
"std_TS_ap_8": 0.0016575766017424228,
"avg_TS_auc_8": 0.8874759666666666,
"std_TS_auc_8": 0.013031759296379173,
"avg_TS_f1_9": 0.9778222222222223,
"std_TS_f1_9": 0.0031092057657587367,
"avg_TS_ap_9": 0.9975424439969199,
"std_TS_ap_9": 0.0002438286816777515,
"avg_TS_auc_9": 0.9800311888888888,
"std_TS_auc_9": 0.0022793063428254586,
"avg_TS_f1_all": 0.9559237314418703,
"std_TS_f1_all": 0.0015985351139187515,
"avg_TS_ap_all": 0.9873202994047044,
"std_TS_ap_all": 0.000795608279839492,
"avg_TS_auc_all": 0.9110484066666666,
"std_TS_auc_all": 0.004650072995166354
}