{
"avg_TS_f1_0": 0.9445882771265071,
"std_TS_f1_0": 0.0037388928244074353,
"avg_TS_ap_0": 0.9787052263950201,
"std_TS_ap_0": 0.002325616162435449,
"avg_TS_auc_0": 0.8565509444444445,
"std_TS_auc_0": 0.012441539319186483,
"avg_TS_f1_1": 0.985955243192523,
"std_TS_f1_1": 0.001519194777002956,
"avg_TS_ap_1": 0.9898718302690475,
"std_TS_ap_1": 0.0018986153695293951,
"avg_TS_auc_1": 0.9576610666666667,
"std_TS_auc_1": 0.002904992896742316,
"avg_TS_f1_2": 0.9483216450296622,
"std_TS_f1_2": 0.0031779818167976376,
"avg_TS_ap_2": 0.9868255109225554,
"std_TS_ap_2": 0.0014347134735892032,
"avg_TS_auc_2": 0.902675411111111,
"std_TS_auc_2": 0.00489365745225387,
"avg_TS_f1_3": 0.9366104055163559,
"std_TS_f1_3": 0.003625718935967887,
"avg_TS_ap_3": 0.9730563362361639,
"std_TS_ap_3": 0.0018892287650154047,
"avg_TS_auc_3": 0.8192772666666667,
"std_TS_auc_3": 0.012503565768715462,
"avg_TS_f1_4": 0.9367333333333334,
"std_TS_f1_4": 0.004699671646003239,
"avg_TS_ap_4": 0.9844403790819332,
"std_TS_ap_4": 0.0023927378171582254,
"avg_TS_auc_4": 0.8821672666666667,
"std_TS_auc_4": 0.01657357663934513,
"avg_TS_f1_5": 0.9501098740053461,
"std_TS_f1_5": 0.007141801604259862,
"avg_TS_ap_5": 0.9872935072705676,
"std_TS_ap_5": 0.0020111400000784813,
"avg_TS_auc_5": 0.9051422555555556,
"std_TS_auc_5": 0.014951207181890063,
"avg_TS_f1_6": 0.9224290163316237,
"std_TS_f1_6": 0.0015770505067516586,
"avg_TS_ap_6": 0.9677579806256424,
"std_TS_ap_6": 0.0027610188100975746,
"avg_TS_auc_6": 0.7768570888888889,
"std_TS_auc_6": 0.015604990962161263,
"avg_TS_f1_7": 0.9726666666666667,
"std_TS_f1_7": 0.0020049321899804446,
"avg_TS_ap_7": 0.9959282690007205,
"std_TS_ap_7": 0.0011029175386667602,
"avg_TS_auc_7": 0.9692143777777777,
"std_TS_auc_7": 0.006952996651093966,
"avg_TS_f1_8": 0.9509555555555556,
"std_TS_f1_8": 0.0057023278763919435,
"avg_TS_ap_8": 0.9767632580551939,
"std_TS_ap_8": 0.0037918177122865286,
"avg_TS_auc_8": 0.8598730444444443,
"std_TS_auc_8": 0.020818486041579855,
"avg_TS_f1_9": 0.9774888888888889,
"std_TS_f1_9": 0.0026746177758539052,
"avg_TS_ap_9": 0.9961412596138685,
"std_TS_ap_9": 0.0009775420702935439,
"avg_TS_auc_9": 0.9717801111111113,
"std_TS_auc_9": 0.006084785772525652,
"avg_TS_f1_all": 0.9525858905646463,
"std_TS_f1_all": 0.001221514563939385,
"avg_TS_ap_all": 0.9836783557470714,
"std_TS_ap_all": 0.0008869485104200265,
"avg_TS_auc_all": 0.8901198833333334,
"std_TS_auc_all": 0.005644107491999657
}