{
"avg_TS_f1_0": 0.9223213116778093,
"std_TS_f1_0": 0.016089207193338336,
"avg_TS_ap_0": 0.9155286368039974,
"std_TS_ap_0": 0.05666213710461909,
"avg_TS_auc_0": 0.6423987555555556,
"std_TS_auc_0": 0.17260922446843854,
"avg_TS_f1_1": 0.9724444444444444,
"std_TS_f1_1": 0.020055478608655072,
"avg_TS_ap_1": 0.9711558507085913,
"std_TS_ap_1": 0.040224050691687094,
"avg_TS_auc_1": 0.8920012222222222,
"std_TS_auc_1": 0.12981281696522937,
"avg_TS_f1_2": 0.9404771697193054,
"std_TS_f1_2": 0.005972247848550733,
"avg_TS_ap_2": 0.9746468832101043,
"std_TS_ap_2": 0.02072449050529132,
"avg_TS_auc_2": 0.8560806333333334,
"std_TS_auc_2": 0.06258217224376995,
"avg_TS_f1_3": 0.9310104104549017,
"std_TS_f1_3": 0.00492156590596762,
"avg_TS_ap_3": 0.9424736197401682,
"std_TS_ap_3": 0.014238779366726437,
"avg_TS_auc_3": 0.7163817111111112,
"std_TS_auc_3": 0.03225486471779807,
"avg_TS_f1_4": 0.9304326573698539,
"std_TS_f1_4": 0.007168245988698215,
"avg_TS_ap_4": 0.9220577528473765,
"std_TS_ap_4": 0.04710278479526456,
"avg_TS_auc_4": 0.688967,
"std_TS_auc_4": 0.13414139538843625,
"avg_TS_f1_5": 0.9489660363847374,
"std_TS_f1_5": 0.010373839959860494,
"avg_TS_ap_5": 0.9570065391772395,
"std_TS_ap_5": 0.02916940962779785,
"avg_TS_auc_5": 0.820601288888889,
"std_TS_auc_5": 0.09691644071097764,
"avg_TS_f1_6": 0.9122102425443389,
"std_TS_f1_6": 0.005048024087888023,
"avg_TS_ap_6": 0.9447851062504178,
"std_TS_ap_6": 0.022106096295399887,
"avg_TS_auc_6": 0.6924892777777778,
"std_TS_auc_6": 0.06470007147008856,
"avg_TS_f1_7": 0.9550105647844633,
"std_TS_f1_7": 0.011684964408034846,
"avg_TS_ap_7": 0.9771744767459236,
"std_TS_ap_7": 0.03513454907147558,
"avg_TS_auc_7": 0.9009881999999999,
"std_TS_auc_7": 0.10879999505859989,
"avg_TS_f1_8": 0.9440328709619671,
"std_TS_f1_8": 0.00982242632921262,
"avg_TS_ap_8": 0.9455906254391989,
"std_TS_ap_8": 0.04955118099957138,
"avg_TS_auc_8": 0.7691953555555555,
"std_TS_auc_8": 0.13566319021272258,
"avg_TS_f1_9": 0.9510105549073714,
"std_TS_f1_9": 0.005358431929557398,
"avg_TS_ap_9": 0.9868500248120526,
"std_TS_ap_9": 0.009190709214330165,
"avg_TS_auc_9": 0.9144323555555556,
"std_TS_auc_9": 0.03800204713284747,
"avg_TS_f1_all": 0.9407916263249192,
"std_TS_f1_all": 0.005392710940624371,
"avg_TS_ap_all": 0.953726951573507,
"std_TS_ap_all": 0.01663815348760173,
"avg_TS_auc_all": 0.78935358,
"std_TS_auc_all": 0.049529305906651375
}