{
"avg_TS_f1_0": 0.9564985264613466,
"std_TS_f1_0": 0.0014353509807682224,
"avg_TS_ap_0": 0.9872584466854828,
"std_TS_ap_0": 0.0008528998017068227,
"avg_TS_auc_0": 0.9061380111111111,
"std_TS_auc_0": 0.006046869764484921,
"avg_TS_f1_1": 0.992,
"std_TS_f1_1": 0.00024343224778004702,
"avg_TS_ap_1": 0.99721506874527,
"std_TS_ap_1": 0.0002850039110599003,
"avg_TS_auc_1": 0.9849106666666667,
"std_TS_auc_1": 0.0016039233479730234,
"avg_TS_f1_2": 0.9542666666666667,
"std_TS_f1_2": 0.0010786365421788296,
"avg_TS_ap_2": 0.9916708193727131,
"std_TS_ap_2": 0.00023722521310214678,
"avg_TS_auc_2": 0.9336268777777779,
"std_TS_auc_2": 0.0009656342439486479,
"avg_TS_f1_3": 0.9348741261783224,
"std_TS_f1_3": 0.0018304571318005281,
"avg_TS_ap_3": 0.9704981153091576,
"std_TS_ap_3": 0.004988386839680387,
"avg_TS_auc_3": 0.8038823333333334,
"std_TS_auc_3": 0.02064363151879895,
"avg_TS_f1_4": 0.9429111111111113,
"std_TS_f1_4": 0.0008177053107988389,
"avg_TS_ap_4": 0.9890199744311554,
"std_TS_ap_4": 0.00025131590320266414,
"avg_TS_auc_4": 0.9097334111111112,
"std_TS_auc_4": 0.001864962353110177,
"avg_TS_f1_5": 0.9636320511150428,
"std_TS_f1_5": 0.001662959675984912,
"avg_TS_ap_5": 0.9963565009435955,
"std_TS_ap_5": 0.0003032523194778561,
"avg_TS_auc_5": 0.9671301111111111,
"std_TS_auc_5": 0.0027536242234912516,
"avg_TS_f1_6": 0.9257316801550705,
"std_TS_f1_6": 0.0007807502165192015,
"avg_TS_ap_6": 0.9762793929015722,
"std_TS_ap_6": 0.0025667525333864204,
"avg_TS_auc_6": 0.8195316555555555,
"std_TS_auc_6": 0.012335035232195533,
"avg_TS_f1_7": 0.9775106209604237,
"std_TS_f1_7": 0.0008469700582488474,
"avg_TS_ap_7": 0.9984592422136194,
"std_TS_ap_7": 7.985113845376335e-05,
"avg_TS_auc_7": 0.9860864222222222,
"std_TS_auc_7": 0.0007378319864622806,
"avg_TS_f1_8": 0.9717555555555556,
"std_TS_f1_8": 0.009731049960478797,
"avg_TS_ap_8": 0.9940659072462251,
"std_TS_ap_8": 0.0016984344453954301,
"avg_TS_auc_8": 0.9567111666666668,
"std_TS_auc_8": 0.015067475993462844,
"avg_TS_f1_9": 0.9808218036804514,
"std_TS_f1_9": 0.0004404923045720897,
"avg_TS_ap_9": 0.9985928413202856,
"std_TS_ap_9": 7.322976220111045e-05,
"avg_TS_auc_9": 0.9878300666666666,
"std_TS_auc_9": 0.00040166902780930196,
"avg_TS_f1_all": 0.9600002141883991,
"std_TS_f1_all": 0.0008565486313796021,
"avg_TS_ap_all": 0.9899416309169077,
"std_TS_ap_all": 0.0007399371382219209,
"avg_TS_auc_all": 0.9255580722222222,
"std_TS_auc_all": 0.003215756306814063
}