{
"avg_TS_f1_0": 0.9570888888888888,
"std_TS_f1_0": 0.003097111358255024,
"avg_TS_ap_0": 0.9871293451872354,
"std_TS_ap_0": 0.0006843088736490362,
"avg_TS_auc_0": 0.907143688888889,
"std_TS_auc_0": 0.006092100462296683,
"avg_TS_f1_1": 0.990288888888889,
"std_TS_f1_1": 0.000687094437055114,
"avg_TS_ap_1": 0.9967257514670852,
"std_TS_ap_1": 0.00034865198777653765,
"avg_TS_auc_1": 0.9803504222222224,
"std_TS_auc_1": 0.0012252090386522514,
"avg_TS_f1_2": 0.951809510404899,
"std_TS_f1_2": 0.0008492312053912333,
"avg_TS_ap_2": 0.9909869762300811,
"std_TS_ap_2": 0.000312215147884746,
"avg_TS_auc_2": 0.9283192888888889,
"std_TS_auc_2": 0.0022930820284897736,
"avg_TS_f1_3": 0.944219730725781,
"std_TS_f1_3": 0.0019320016026681043,
"avg_TS_ap_3": 0.9808347762912204,
"std_TS_ap_3": 0.002284270953025576,
"avg_TS_auc_3": 0.8635099,
"std_TS_auc_3": 0.013037827841238647,
"avg_TS_f1_4": 0.9411542406676915,
"std_TS_f1_4": 0.0013922671145142648,
"avg_TS_ap_4": 0.98795871950006,
"std_TS_ap_4": 0.0005844071991055371,
"avg_TS_auc_4": 0.9042044111111112,
"std_TS_auc_4": 0.0031396501581474907,
"avg_TS_f1_5": 0.9609662833120358,
"std_TS_f1_5": 0.003291737715078347,
"avg_TS_ap_5": 0.9939643690766007,
"std_TS_ap_5": 0.0006372497785585526,
"avg_TS_auc_5": 0.9507842333333333,
"std_TS_auc_5": 0.0053694094589191955,
"avg_TS_f1_6": 0.9269761665771556,
"std_TS_f1_6": 0.0016597205352004583,
"avg_TS_ap_6": 0.9774913068550777,
"std_TS_ap_6": 0.0007543460055397062,
"avg_TS_auc_6": 0.8279173222222223,
"std_TS_auc_6": 0.0053007940636693686,
"avg_TS_f1_7": 0.9744222222222223,
"std_TS_f1_7": 0.001161948129991248,
"avg_TS_ap_7": 0.997702446887137,
"std_TS_ap_7": 0.00015260939017546879,
"avg_TS_auc_7": 0.9805284444444444,
"std_TS_auc_7": 0.0013157800765616619,
"avg_TS_f1_8": 0.9655877709255453,
"std_TS_f1_8": 0.00447687576442451,
"avg_TS_ap_8": 0.9886317432917695,
"std_TS_ap_8": 0.001221658875348945,
"avg_TS_auc_8": 0.9284557222222223,
"std_TS_auc_8": 0.010321429227104401,
"avg_TS_f1_9": 0.9803333333333333,
"std_TS_f1_9": 0.0011199647260759415,
"avg_TS_ap_9": 0.9978904647687775,
"std_TS_ap_9": 0.0001908380196277263,
"avg_TS_auc_9": 0.9831844444444444,
"std_TS_auc_9": 0.001292273056227594,
"avg_TS_f1_all": 0.9592847035946441,
"std_TS_f1_all": 0.0009090461890388518,
"avg_TS_ap_all": 0.9899315899555046,
"std_TS_ap_all": 0.00040414181567558963,
"avg_TS_auc_all": 0.9254397877777778,
"std_TS_auc_all": 0.0025240458087970857
}