{
"avg_TS_f1_0": 0.9374769709428301,
"std_TS_f1_0": 0.011301086423222565,
"avg_TS_ap_0": 0.9711233567227918,
"std_TS_ap_0": 0.004591681358978418,
"avg_TS_auc_0": 0.8168771555555556,
"std_TS_auc_0": 0.032170946062573126,
"avg_TS_f1_1": 0.9802552536869331,
"std_TS_f1_1": 0.005470823844290555,
"avg_TS_ap_1": 0.9864114466152418,
"std_TS_ap_1": 0.0010618454191982927,
"avg_TS_auc_1": 0.9399031555555556,
"std_TS_auc_1": 0.008038626110993494,
"avg_TS_f1_2": 0.9448653789408052,
"std_TS_f1_2": 0.002708611501645964,
"avg_TS_ap_2": 0.9808808178717914,
"std_TS_ap_2": 0.0026082769850586077,
"avg_TS_auc_2": 0.8740000333333333,
"std_TS_auc_2": 0.01642218548505888,
"avg_TS_f1_3": 0.9281880400763006,
"std_TS_f1_3": 0.0049318687926886125,
"avg_TS_ap_3": 0.9593907273990754,
"std_TS_ap_3": 0.002899475730554058,
"avg_TS_auc_3": 0.7564876666666667,
"std_TS_auc_3": 0.01879449222751506,
"avg_TS_f1_4": 0.931931744356168,
"std_TS_f1_4": 0.005578506828412239,
"avg_TS_ap_4": 0.9788692371568638,
"std_TS_ap_4": 0.0037850859419477282,
"avg_TS_auc_4": 0.8526431666666665,
"std_TS_auc_4": 0.024130353845440666,
"avg_TS_f1_5": 0.9334,
"std_TS_f1_5": 0.009351463871673255,
"avg_TS_ap_5": 0.9746117056146406,
"std_TS_ap_5": 0.00904482997803168,
"avg_TS_auc_5": 0.825780288888889,
"std_TS_auc_5": 0.055345440171744906,
"avg_TS_f1_6": 0.9187435585927612,
"std_TS_f1_6": 0.004652279686367863,
"avg_TS_ap_6": 0.961162723257629,
"std_TS_ap_6": 0.0046987573081264,
"avg_TS_auc_6": 0.7492085666666666,
"std_TS_auc_6": 0.028806669350231767,
"avg_TS_f1_7": 0.9645777777777778,
"std_TS_f1_7": 0.008340115758441055,
"avg_TS_ap_7": 0.9943032961728682,
"std_TS_ap_7": 0.0017629208475239285,
"avg_TS_auc_7": 0.9566895333333333,
"std_TS_auc_7": 0.014833401771777223,
"avg_TS_f1_8": 0.9310325018056558,
"std_TS_f1_8": 0.006934927263302195,
"avg_TS_ap_8": 0.950896921311846,
"std_TS_ap_8": 0.0044337914375536785,
"avg_TS_auc_8": 0.7375279333333332,
"std_TS_auc_8": 0.030415875002491027,
"avg_TS_f1_9": 0.9750888888888889,
"std_TS_f1_9": 0.0030212416709968397,
"avg_TS_ap_9": 0.9939627495522861,
"std_TS_ap_9": 0.0014797378108041509,
"avg_TS_auc_9": 0.9589046,
"std_TS_auc_9": 0.007689161802269563,
"avg_TS_f1_all": 0.9445560115068121,
"std_TS_f1_all": 0.0017405799303235566,
"avg_TS_ap_all": 0.9751612981675034,
"std_TS_ap_all": 0.00157174962249635,
"avg_TS_auc_all": 0.8468022100000001,
"std_TS_auc_all": 0.00975108099246926
}