{
"avg_TS_f1_0": 0.9612657974825762,
"std_TS_f1_0": 0.0005442651170913977,
"avg_TS_ap_0": 0.990330144306809,
"std_TS_ap_0": 0.000526689209531018,
"avg_TS_auc_0": 0.9262518333333334,
"std_TS_auc_0": 0.003525231307357076,
"avg_TS_f1_1": 0.9922666666666666,
"std_TS_f1_1": 0.0005333333333333376,
"avg_TS_ap_1": 0.9977200554541643,
"std_TS_ap_1": 0.00025460560782083005,
"avg_TS_auc_1": 0.9861142111111111,
"std_TS_auc_1": 0.0012263784149042919,
"avg_TS_f1_2": 0.9542772746634073,
"std_TS_f1_2": 0.0009620185682450994,
"avg_TS_ap_2": 0.9925499598778831,
"std_TS_ap_2": 0.0003748127116862575,
"avg_TS_auc_2": 0.9383793333333333,
"std_TS_auc_2": 0.002283860209285115,
"avg_TS_f1_3": 0.9507205647227316,
"std_TS_f1_3": 0.001073974325228007,
"avg_TS_ap_3": 0.9877644017401408,
"std_TS_ap_3": 0.0007595156427606036,
"avg_TS_auc_3": 0.9054334333333334,
"std_TS_auc_3": 0.004779108541982455,
"avg_TS_f1_4": 0.9446209875857301,
"std_TS_f1_4": 0.0008518552226227424,
"avg_TS_ap_4": 0.9902156042421565,
"std_TS_ap_4": 0.00016112589535967006,
"avg_TS_auc_4": 0.9178281444444444,
"std_TS_auc_4": 0.0006249590560416237,
"avg_TS_f1_5": 0.9680437258460817,
"std_TS_f1_5": 0.001230698614850006,
"avg_TS_ap_5": 0.9967582405678638,
"std_TS_ap_5": 0.0001643360684611844,
"avg_TS_auc_5": 0.9712421333333333,
"std_TS_auc_5": 0.0015273071075395904,
"avg_TS_f1_6": 0.9276531387546221,
"std_TS_f1_6": 0.0006685596291613608,
"avg_TS_ap_6": 0.9803386146798129,
"std_TS_ap_6": 0.00023067430084496214,
"avg_TS_auc_6": 0.8418448444444445,
"std_TS_auc_6": 0.0012690551697820483,
"avg_TS_f1_7": 0.9773989999444413,
"std_TS_f1_7": 0.0007732314906836598,
"avg_TS_ap_7": 0.9983976745662149,
"std_TS_ap_7": 5.8419618150107704e-05,
"avg_TS_auc_7": 0.9855602222222222,
"std_TS_auc_7": 0.0005475327567854377,
"avg_TS_f1_8": 0.9824444444444443,
"std_TS_f1_8": 0.00161780219761792,
"avg_TS_ap_8": 0.9960267454951198,
"std_TS_ap_8": 0.00039060129592783803,
"avg_TS_auc_8": 0.9724534333333335,
"std_TS_auc_8": 0.0023555169911413667,
"avg_TS_f1_9": 0.9805442351735589,
"std_TS_f1_9": 0.0007371861724762781,
"avg_TS_ap_9": 0.9986454606242466,
"std_TS_ap_9": 8.435535913621511e-05,
"avg_TS_auc_9": 0.9880927222222222,
"std_TS_auc_9": 0.0007689812187660087,
"avg_TS_f1_all": 0.9639235835284261,
"std_TS_f1_all": 0.00017971016856389144,
"avg_TS_ap_all": 0.9928746901554412,
"std_TS_ap_all": 0.00013806524113440068,
"avg_TS_auc_all": 0.9433200311111112,
"std_TS_auc_all": 0.0007238739532832926
}