{
"avg_TS_f1_0": 0.9521428610231434,
"std_TS_f1_0": 0.000581294584072665,
"avg_TS_ap_0": 0.9855129288082557,
"std_TS_ap_0": 0.0007989485937717556,
"avg_TS_auc_0": 0.8931577999999998,
"std_TS_auc_0": 0.004050831295053767,
"avg_TS_f1_1": 0.987477637646536,
"std_TS_f1_1": 0.00018465932102632802,
"avg_TS_ap_1": 0.9959373424178029,
"std_TS_ap_1": 0.00024040325383506496,
"avg_TS_auc_1": 0.9760546444444443,
"std_TS_auc_1": 0.0013625401136240169,
"avg_TS_f1_2": 0.9536666666666666,
"std_TS_f1_2": 0.0011417984514368955,
"avg_TS_ap_2": 0.9904327820836653,
"std_TS_ap_2": 0.00037983176928994177,
"avg_TS_auc_2": 0.9238423222222222,
"std_TS_auc_2": 0.002341299260065928,
"avg_TS_f1_3": 0.9379215190967398,
"std_TS_f1_3": 0.0010663011397699035,
"avg_TS_ap_3": 0.9794436574927357,
"std_TS_ap_3": 0.000627794723313008,
"avg_TS_auc_3": 0.8442661444444445,
"std_TS_auc_3": 0.004720198565163115,
"avg_TS_f1_4": 0.9434746583301112,
"std_TS_f1_4": 0.0006476089102212698,
"avg_TS_ap_4": 0.9888392308225887,
"std_TS_ap_4": 0.0002582164835010059,
"avg_TS_auc_4": 0.908538011111111,
"std_TS_auc_4": 0.0021184442974113977,
"avg_TS_f1_5": 0.9545206844824714,
"std_TS_f1_5": 0.0011802278002473216,
"avg_TS_ap_5": 0.9922581986588066,
"std_TS_ap_5": 0.0007788088085980389,
"avg_TS_auc_5": 0.9345729777777778,
"std_TS_auc_5": 0.005823458808099342,
"avg_TS_f1_6": 0.9267625756078255,
"std_TS_f1_6": 0.0010256510047570763,
"avg_TS_ap_6": 0.9780626212574719,
"std_TS_ap_6": 0.001222132813785475,
"avg_TS_auc_6": 0.8297454111111111,
"std_TS_auc_6": 0.005603104033975768,
"avg_TS_f1_7": 0.9740883147829201,
"std_TS_f1_7": 0.000773424197276066,
"avg_TS_ap_7": 0.9977425443448942,
"std_TS_ap_7": 7.438858077705028e-05,
"avg_TS_auc_7": 0.9803481555555555,
"std_TS_auc_7": 0.00070926534274539,
"avg_TS_f1_8": 0.9445190917296424,
"std_TS_f1_8": 0.0018788363877447426,
"avg_TS_ap_8": 0.9742079781137584,
"std_TS_ap_8": 0.0010727444654636778,
"avg_TS_auc_8": 0.8397985333333333,
"std_TS_auc_8": 0.003174829810661666,
"avg_TS_f1_9": 0.9783442067769197,
"std_TS_f1_9": 0.00035883472354148604,
"avg_TS_ap_9": 0.997644620250934,
"std_TS_ap_9": 0.00018595281818012413,
"avg_TS_auc_9": 0.9808244333333332,
"std_TS_auc_9": 0.0013894674596698603,
"avg_TS_f1_all": 0.9552918216142976,
"std_TS_f1_all": 0.0002873805008781948,
"avg_TS_ap_all": 0.9880081904250912,
"std_TS_ap_all": 0.0002965885261709585,
"avg_TS_auc_all": 0.9111148433333334,
"std_TS_auc_all": 0.0010818503696336359
}