{
"avg_TS_f1_0": 0.9545884141711577,
"std_TS_f1_0": 0.0018749593772452615,
"avg_TS_ap_0": 0.9857595674920366,
"std_TS_ap_0": 0.0005229450090611913,
"avg_TS_auc_0": 0.8991145777777778,
"std_TS_auc_0": 0.002529966357215495,
"avg_TS_f1_1": 0.9898444444444443,
"std_TS_f1_1": 0.0005144816401239968,
"avg_TS_ap_1": 0.995560370571942,
"std_TS_ap_1": 0.0008287518419790337,
"avg_TS_auc_1": 0.9767755888888889,
"std_TS_auc_1": 0.002736301696599808,
"avg_TS_f1_2": 0.9528327894759586,
"std_TS_f1_2": 0.0014416927925567848,
"avg_TS_ap_2": 0.9911667622195326,
"std_TS_ap_2": 0.0006151843963534417,
"avg_TS_auc_2": 0.9297051444444445,
"std_TS_auc_2": 0.0036527530320412697,
"avg_TS_f1_3": 0.9373777777777776,
"std_TS_f1_3": 0.004023142927158526,
"avg_TS_ap_3": 0.9774328138292037,
"std_TS_ap_3": 0.003132325226243351,
"avg_TS_auc_3": 0.8395331666666668,
"std_TS_auc_3": 0.018497169224031797,
"avg_TS_f1_4": 0.93979868017359,
"std_TS_f1_4": 0.0010925797125005785,
"avg_TS_ap_4": 0.9881295647477522,
"std_TS_ap_4": 0.0005179037687905721,
"avg_TS_auc_4": 0.9023602000000001,
"std_TS_auc_4": 0.003346641797273678,
"avg_TS_f1_5": 0.9610106981252045,
"std_TS_f1_5": 0.002816876261807156,
"avg_TS_ap_5": 0.9953510028772451,
"std_TS_ap_5": 0.000532910031551645,
"avg_TS_auc_5": 0.9589922444444445,
"std_TS_auc_5": 0.004987849923811761,
"avg_TS_f1_6": 0.9256872591687193,
"std_TS_f1_6": 0.0012785320791614582,
"avg_TS_ap_6": 0.9773594688357887,
"std_TS_ap_6": 0.0006201205040946797,
"avg_TS_auc_6": 0.8249076777777778,
"std_TS_auc_6": 0.003770304958586266,
"avg_TS_f1_7": 0.9744774820823381,
"std_TS_f1_7": 0.0008958904047611578,
"avg_TS_ap_7": 0.9980635782288306,
"std_TS_ap_7": 6.6750684355602e-05,
"avg_TS_auc_7": 0.9825064888888889,
"std_TS_auc_7": 0.0006551079200510326,
"avg_TS_f1_8": 0.9588551166422826,
"std_TS_f1_8": 0.004282959539708255,
"avg_TS_ap_8": 0.9841521925655048,
"std_TS_ap_8": 0.0028078604689751535,
"avg_TS_auc_8": 0.9004189,
"std_TS_auc_8": 0.016521542958292827,
"avg_TS_f1_9": 0.9782444444444444,
"std_TS_f1_9": 0.0015907137927265156,
"avg_TS_ap_9": 0.9983512310116971,
"std_TS_ap_9": 0.0001390103130600361,
"avg_TS_auc_9": 0.9856866333333334,
"std_TS_auc_9": 0.0012697742302481638,
"avg_TS_f1_all": 0.9572717106505916,
"std_TS_f1_all": 0.001012010032602053,
"avg_TS_ap_all": 0.9891326552379534,
"std_TS_ap_all": 0.0007246437266635573,
"avg_TS_auc_all": 0.9200000622222223,
"std_TS_auc_all": 0.004190252157033383
}