{
"avg_TS_f1_0": 0.9401424819897402,
"std_TS_f1_0": 0.003024492778821291,
"avg_TS_ap_0": 0.9666521811069341,
"std_TS_ap_0": 0.0017987392693933314,
"avg_TS_auc_0": 0.8056062222222222,
"std_TS_auc_0": 0.010778628838448639,
"avg_TS_f1_1": 0.9715104530498607,
"std_TS_f1_1": 0.001429236557770879,
"avg_TS_ap_1": 0.9839902751047293,
"std_TS_ap_1": 0.0009919248863041262,
"avg_TS_auc_1": 0.9157078333333333,
"std_TS_auc_1": 0.005577988678173096,
"avg_TS_f1_2": 0.9487661104629268,
"std_TS_f1_2": 0.0016957971888402002,
"avg_TS_ap_2": 0.9816406920721666,
"std_TS_ap_2": 0.0009985140501132402,
"avg_TS_auc_2": 0.880908411111111,
"std_TS_auc_2": 0.004545918335098295,
"avg_TS_f1_3": 0.9183879536517461,
"std_TS_f1_3": 0.0017553708467166543,
"avg_TS_ap_3": 0.9496879370051922,
"std_TS_ap_3": 0.0035222588588570466,
"avg_TS_auc_3": 0.7040156555555556,
"std_TS_auc_3": 0.017939493958564808,
"avg_TS_f1_4": 0.9351555555555555,
"std_TS_f1_4": 0.0014343235167204454,
"avg_TS_ap_4": 0.977834006478423,
"std_TS_ap_4": 0.0013170194953394812,
"avg_TS_auc_4": 0.8522370666666668,
"std_TS_auc_4": 0.006719573325795363,
"avg_TS_f1_5": 0.9214972819477627,
"std_TS_f1_5": 0.005017375037765092,
"avg_TS_ap_5": 0.9614092185078895,
"std_TS_ap_5": 0.003663918852342123,
"avg_TS_auc_5": 0.7482235333333334,
"std_TS_auc_5": 0.024148048019945263,
"avg_TS_f1_6": 0.921743535134668,
"std_TS_f1_6": 0.0024085426766479417,
"avg_TS_ap_6": 0.9572827939506615,
"std_TS_ap_6": 0.0030171183249752377,
"avg_TS_auc_6": 0.7381006444444445,
"std_TS_auc_6": 0.015283451302529496,
"avg_TS_f1_7": 0.9579546011815472,
"std_TS_f1_7": 0.002180386358699934,
"avg_TS_ap_7": 0.988837907112844,
"std_TS_ap_7": 0.0014491786989862328,
"avg_TS_auc_7": 0.9202298777777778,
"std_TS_auc_7": 0.008624841371266262,
"avg_TS_f1_8": 0.9166305152755401,
"std_TS_f1_8": 0.003976005054342068,
"avg_TS_ap_8": 0.9362605667125677,
"std_TS_ap_8": 0.005059815841533436,
"avg_TS_auc_8": 0.6594395222222221,
"std_TS_auc_8": 0.020008532873875055,
"avg_TS_f1_9": 0.9659440573859042,
"std_TS_f1_9": 0.001159229298656257,
"avg_TS_ap_9": 0.9882551014703276,
"std_TS_ap_9": 0.0007403319842712496,
"avg_TS_auc_9": 0.9235390333333333,
"std_TS_auc_9": 0.0038775949862362184,
"avg_TS_f1_all": 0.939773254563525,
"std_TS_f1_all": 0.0010148237388477345,
"avg_TS_ap_all": 0.9691850679521735,
"std_TS_ap_all": 0.0012519018962456425,
"avg_TS_auc_all": 0.81480078,
"std_TS_auc_all": 0.0059105931529394775
}