{
"avg_TS_f1_0": 0.9614311906217011,
"std_TS_f1_0": 0.001168793270053219,
"avg_TS_ap_0": 0.9909470591374548,
"std_TS_ap_0": 0.0002722353894024864,
"avg_TS_auc_0": 0.9295734444444446,
"std_TS_auc_0": 0.002132088176841491,
"avg_TS_f1_1": 0.9931777777777778,
"std_TS_f1_1": 0.00011331154474650402,
"avg_TS_ap_1": 0.9988682592853533,
"std_TS_ap_1": 0.00015198730947056681,
"avg_TS_auc_1": 0.9919381777777778,
"std_TS_auc_1": 0.0008344188007599342,
"avg_TS_f1_2": 0.9555313603290656,
"std_TS_f1_2": 0.0005945900247851024,
"avg_TS_ap_2": 0.9930508517315791,
"std_TS_ap_2": 0.00014254463063216735,
"avg_TS_auc_2": 0.9413349999999999,
"std_TS_auc_2": 0.000950168240463324,
"avg_TS_f1_3": 0.952532303646499,
"std_TS_f1_3": 0.00125745175754373,
"avg_TS_ap_3": 0.9888661814412399,
"std_TS_ap_3": 0.000500593516125694,
"avg_TS_auc_3": 0.9121891555555557,
"std_TS_auc_3": 0.003720378001404366,
"avg_TS_f1_4": 0.9454864418393614,
"std_TS_f1_4": 0.0014901538601867314,
"avg_TS_ap_4": 0.9910276436264726,
"std_TS_ap_4": 0.00011812640068663731,
"avg_TS_auc_4": 0.9233951555555555,
"std_TS_auc_4": 0.0009749622312406316,
"avg_TS_f1_5": 0.9665877733948183,
"std_TS_f1_5": 0.0006963135066227732,
"avg_TS_ap_5": 0.9965459579047528,
"std_TS_ap_5": 0.0001488021783627166,
"avg_TS_auc_5": 0.9694198333333333,
"std_TS_auc_5": 0.0012086552066829608,
"avg_TS_f1_6": 0.9287404805557686,
"std_TS_f1_6": 0.0005501984548797017,
"avg_TS_ap_6": 0.9812158850151249,
"std_TS_ap_6": 0.00024458820528984254,
"avg_TS_auc_6": 0.8480628222222222,
"std_TS_auc_6": 0.0018451981001748274,
"avg_TS_f1_7": 0.9788775277638881,
"std_TS_f1_7": 0.0007243202292317723,
"avg_TS_ap_7": 0.9986137023077477,
"std_TS_ap_7": 4.1539890737012906e-05,
"avg_TS_auc_7": 0.9874560777777779,
"std_TS_auc_7": 0.0003819913799040667,
"avg_TS_f1_8": 0.9855552308461579,
"std_TS_f1_8": 0.0010926939202092877,
"avg_TS_ap_8": 0.9972462262835814,
"std_TS_ap_8": 0.00035784221457479167,
"avg_TS_auc_8": 0.9802520333333332,
"std_TS_auc_8": 0.0024472917766884474,
"avg_TS_f1_9": 0.9810000000000001,
"std_TS_f1_9": 0.00037843080813171917,
"avg_TS_ap_9": 0.99869630793652,
"std_TS_ap_9": 5.066669491704763e-05,
"avg_TS_auc_9": 0.9884431888888889,
"std_TS_auc_9": 0.00040208426670402885,
"avg_TS_f1_all": 0.9648920086775037,
"std_TS_f1_all": 0.0003935851117263321,
"avg_TS_ap_all": 0.9935078074669826,
"std_TS_ap_all": 0.00013182281752224836,
"avg_TS_auc_all": 0.9472064888888889,
"std_TS_auc_all": 0.000961050201692242
}