{
"avg_TS_f1_0": 0.9655555555555555,
"std_TS_f1_0": 0.0015186088500684146,
"avg_TS_ap_0": 0.9557225858984543,
"std_TS_ap_0": 0.0030999285698724553,
"avg_TS_auc_0": 0.8286914000000001,
"std_TS_auc_0": 0.005859064857378108,
"avg_TS_f1_1": 0.9734996944274684,
"std_TS_f1_1": 0.0007733966529274493,
"avg_TS_ap_1": 0.9567147359178481,
"std_TS_ap_1": 0.0037089310783589395,
"avg_TS_auc_1": 0.8513259333333332,
"std_TS_auc_1": 0.011286198555484768,
"avg_TS_f1_2": 0.9566550808378244,
"std_TS_f1_2": 0.0014089319195511438,
"avg_TS_ap_2": 0.9534533983628581,
"std_TS_ap_2": 0.004361180652270859,
"avg_TS_auc_2": 0.8168278444444445,
"std_TS_auc_2": 0.009746297574356164,
"avg_TS_f1_3": 0.9292175021193811,
"std_TS_f1_3": 0.000511795890994437,
"avg_TS_ap_3": 0.9373283134840096,
"std_TS_ap_3": 0.00395894567608454,
"avg_TS_auc_3": 0.6951428555555557,
"std_TS_auc_3": 0.011465901779807707,
"avg_TS_f1_4": 0.9428876073362101,
"std_TS_f1_4": 0.0010050331191901948,
"avg_TS_ap_4": 0.9599009416530846,
"std_TS_ap_4": 0.0053588062344709616,
"avg_TS_auc_4": 0.8120718333333332,
"std_TS_auc_4": 0.016398807500757926,
"avg_TS_f1_5": 0.9575882857689624,
"std_TS_f1_5": 0.012423752417979184,
"avg_TS_ap_5": 0.9565523208992424,
"std_TS_ap_5": 0.009621197209955882,
"avg_TS_auc_5": 0.8272385444444443,
"std_TS_auc_5": 0.03834723456783419,
"avg_TS_f1_6": 0.9264547450166984,
"std_TS_f1_6": 0.0012559066789386468,
"avg_TS_ap_6": 0.9386346314167376,
"std_TS_ap_6": 0.0050023748810656765,
"avg_TS_auc_6": 0.7180239333333334,
"std_TS_auc_6": 0.007743266566683331,
"avg_TS_f1_7": 0.9625111111111112,
"std_TS_f1_7": 0.0031721006008987385,
"avg_TS_ap_7": 0.9727867863374149,
"std_TS_ap_7": 0.003840081660661652,
"avg_TS_auc_7": 0.8707870111111111,
"std_TS_auc_7": 0.018421914562180976,
"avg_TS_f1_8": 0.9753111111111112,
"std_TS_f1_8": 0.0008385761006272693,
"avg_TS_ap_8": 0.9542284813194923,
"std_TS_ap_8": 0.006416409156008048,
"avg_TS_auc_8": 0.8522052111111111,
"std_TS_auc_8": 0.009336501131686064,
"avg_TS_f1_9": 0.9751333333333333,
"std_TS_f1_9": 0.0006791425239971588,
"avg_TS_ap_9": 0.9561880520927932,
"std_TS_ap_9": 0.004634610320424658,
"avg_TS_auc_9": 0.8568309777777777,
"std_TS_auc_9": 0.013491148862051197,
"avg_TS_f1_all": 0.9564814026617656,
"std_TS_f1_all": 0.0014877126276190405,
"avg_TS_ap_all": 0.9541510247381936,
"std_TS_ap_all": 0.0015751219388041,
"avg_TS_auc_all": 0.8129145544444446,
"std_TS_auc_all": 0.004592026486192574
}