{
"avg_TS_f1_0": 0.952176709817212,
"std_TS_f1_0": 0.0014080276271793478,
"avg_TS_ap_0": 0.9837932412662275,
"std_TS_ap_0": 0.0009796383436232413,
"avg_TS_auc_0": 0.8881371111111112,
"std_TS_auc_0": 0.0024688825149932958,
"avg_TS_f1_1": 0.9875555555555555,
"std_TS_f1_1": 0.0006004113816047253,
"avg_TS_ap_1": 0.9943853875652351,
"std_TS_ap_1": 0.0007781687966485799,
"avg_TS_auc_1": 0.9703021333333334,
"std_TS_auc_1": 0.002687809800369619,
"avg_TS_f1_2": 0.952410551203462,
"std_TS_f1_2": 0.0020385606023404015,
"avg_TS_ap_2": 0.9905914821096478,
"std_TS_ap_2": 0.0007950883913617155,
"avg_TS_auc_2": 0.9259408333333333,
"std_TS_auc_2": 0.0044459620182702225,
"avg_TS_f1_3": 0.933188199344408,
"std_TS_f1_3": 0.0035013735029583684,
"avg_TS_ap_3": 0.974475889601057,
"std_TS_ap_3": 0.0027046605855699595,
"avg_TS_auc_3": 0.8190137777777778,
"std_TS_auc_3": 0.014230253436530931,
"avg_TS_f1_4": 0.938675728898519,
"std_TS_f1_4": 0.0010598823645704874,
"avg_TS_ap_4": 0.9874246807544742,
"std_TS_ap_4": 0.0007889943412740078,
"avg_TS_auc_4": 0.8973727444444444,
"std_TS_auc_4": 0.00473025782472745,
"avg_TS_f1_5": 0.9578773079985925,
"std_TS_f1_5": 0.003018158849160089,
"avg_TS_ap_5": 0.9940790395796004,
"std_TS_ap_5": 0.000906362796653969,
"avg_TS_auc_5": 0.9487366111111113,
"std_TS_auc_5": 0.0075748798583147505,
"avg_TS_f1_6": 0.924711111111111,
"std_TS_f1_6": 0.0010437349836282172,
"avg_TS_ap_6": 0.9757291086118357,
"std_TS_ap_6": 0.0006833257548833214,
"avg_TS_auc_6": 0.8162706666666667,
"std_TS_auc_6": 0.0032573263551493956,
"avg_TS_f1_7": 0.9721555555555556,
"std_TS_f1_7": 0.001328881456686755,
"avg_TS_ap_7": 0.9977203564169678,
"std_TS_ap_7": 0.00012477596524444395,
"avg_TS_auc_7": 0.9798139444444443,
"std_TS_auc_7": 0.0009530717395562282,
"avg_TS_f1_8": 0.9518772042891271,
"std_TS_f1_8": 0.0041516979158546016,
"avg_TS_ap_8": 0.9761231477672405,
"std_TS_ap_8": 0.0037353679011611243,
"avg_TS_auc_8": 0.8602225555555556,
"std_TS_auc_8": 0.018750053230212522,
"avg_TS_f1_9": 0.9773219734429691,
"std_TS_f1_9": 0.0017292986417594277,
"avg_TS_ap_9": 0.9978898362296149,
"std_TS_ap_9": 8.36599743739747e-05,
"avg_TS_auc_9": 0.9825572555555556,
"std_TS_auc_9": 0.0008663115751190134,
"avg_TS_f1_all": 0.9547949897216512,
"std_TS_f1_all": 0.0011034067853071402,
"avg_TS_ap_all": 0.9872212169901899,
"std_TS_ap_all": 0.0006043077159309021,
"avg_TS_auc_all": 0.9088367633333334,
"std_TS_auc_all": 0.00390625010044066
}