{
"avg_TS_f1_0": 0.9562888888888889,
"std_TS_f1_0": 0.0009178611745805756,
"avg_TS_ap_0": 0.9871457347878575,
"std_TS_ap_0": 0.0006565363650423212,
"avg_TS_auc_0": 0.906219311111111,
"std_TS_auc_0": 0.006253323584411598,
"avg_TS_f1_1": 0.9913777777777778,
"std_TS_f1_1": 0.00048483164953938633,
"avg_TS_ap_1": 0.9968529088908118,
"std_TS_ap_1": 0.0007393702062143901,
"avg_TS_auc_1": 0.983319677777778,
"std_TS_auc_1": 0.003019739052457754,
"avg_TS_f1_2": 0.9522222222222222,
"std_TS_f1_2": 0.004254264382017024,
"avg_TS_ap_2": 0.9900142134699823,
"std_TS_ap_2": 0.0016760103828329757,
"avg_TS_auc_2": 0.9224159000000001,
"std_TS_auc_2": 0.01161283333407214,
"avg_TS_f1_3": 0.9278753708539362,
"std_TS_f1_3": 0.005036577459214002,
"avg_TS_ap_3": 0.9565392640675153,
"std_TS_ap_3": 0.011283390940534188,
"avg_TS_auc_3": 0.7480889555555554,
"std_TS_auc_3": 0.026159716399041348,
"avg_TS_f1_4": 0.93725480427925,
"std_TS_f1_4": 0.0029605481831188833,
"avg_TS_ap_4": 0.9866799342717414,
"std_TS_ap_4": 0.00042610371085538096,
"avg_TS_auc_4": 0.8916967333333334,
"std_TS_auc_4": 0.0034936850138217483,
"avg_TS_f1_5": 0.952788367254971,
"std_TS_f1_5": 0.011357500134422379,
"avg_TS_ap_5": 0.9932058136128905,
"std_TS_ap_5": 0.0028063565908857035,
"avg_TS_auc_5": 0.9403225111111112,
"std_TS_auc_5": 0.024593845180923023,
"avg_TS_f1_6": 0.9256308719960338,
"std_TS_f1_6": 0.002271587815476572,
"avg_TS_ap_6": 0.9748554180687137,
"std_TS_ap_6": 0.001558027537173351,
"avg_TS_auc_6": 0.8118060333333332,
"std_TS_auc_6": 0.007660467008182778,
"avg_TS_f1_7": 0.9727219043033255,
"std_TS_f1_7": 0.004481331238537898,
"avg_TS_ap_7": 0.9977654693476318,
"std_TS_ap_7": 0.0005905386379212589,
"avg_TS_auc_7": 0.9798311333333334,
"std_TS_auc_7": 0.005326811425117792,
"avg_TS_f1_8": 0.9605884450370699,
"std_TS_f1_8": 0.02439874475941123,
"avg_TS_ap_8": 0.9614354374572376,
"std_TS_ap_8": 0.058423993525185416,
"avg_TS_auc_8": 0.8456059777777778,
"std_TS_auc_8": 0.19434336864069826,
"avg_TS_f1_9": 0.9762222222222222,
"std_TS_f1_9": 0.004185217961195807,
"avg_TS_ap_9": 0.9979876778203941,
"std_TS_ap_9": 0.0004906713091821192,
"avg_TS_auc_9": 0.9820093777777779,
"std_TS_auc_9": 0.004570520621721365,
"avg_TS_f1_all": 0.9552970874835698,
"std_TS_f1_all": 0.003429707600492146,
"avg_TS_ap_all": 0.9842481871794776,
"std_TS_ap_all": 0.005770827778368238,
"avg_TS_auc_all": 0.9011315611111111,
"std_TS_auc_all": 0.020530945719384387
}