{
"avg_TS_f1_0": 0.9596666666666668,
"std_TS_f1_0": 0.0021349530887956334,
"avg_TS_ap_0": 0.9886810755344285,
"std_TS_ap_0": 0.001412394702917699,
"avg_TS_auc_0": 0.9164844555555556,
"std_TS_auc_0": 0.009632660994441121,
"avg_TS_f1_1": 0.9909111111111111,
"std_TS_f1_1": 0.0002757705254664683,
"avg_TS_ap_1": 0.9968612754762356,
"std_TS_ap_1": 0.0003872757332874835,
"avg_TS_auc_1": 0.9819335333333333,
"std_TS_auc_1": 0.0013436301246443755,
"avg_TS_f1_2": 0.9531439277490726,
"std_TS_f1_2": 0.0019152742924669866,
"avg_TS_ap_2": 0.991078704817323,
"std_TS_ap_2": 0.0006899347261888723,
"avg_TS_auc_2": 0.9285598,
"std_TS_auc_2": 0.005093425163584652,
"avg_TS_f1_3": 0.9428222222222222,
"std_TS_f1_3": 0.001914983157583161,
"avg_TS_ap_3": 0.9732476411621047,
"std_TS_ap_3": 0.006380253680655529,
"avg_TS_auc_3": 0.8329555111111112,
"std_TS_auc_3": 0.024053386718303215,
"avg_TS_f1_4": 0.9403215302084682,
"std_TS_f1_4": 0.001932604049396466,
"avg_TS_ap_4": 0.9879376654814751,
"std_TS_ap_4": 0.0007477990555248826,
"avg_TS_auc_4": 0.9016240777777778,
"std_TS_auc_4": 0.0054138641411668334,
"avg_TS_f1_5": 0.9653991876091881,
"std_TS_f1_5": 0.007636666471034324,
"avg_TS_ap_5": 0.996007856732968,
"std_TS_ap_5": 0.0009795853376247242,
"avg_TS_auc_5": 0.9649932666666666,
"std_TS_auc_5": 0.00922781586763159,
"avg_TS_f1_6": 0.9273333333333333,
"std_TS_f1_6": 0.003115076837528051,
"avg_TS_ap_6": 0.978997120417106,
"std_TS_ap_6": 0.0017607008448152891,
"avg_TS_auc_6": 0.833786811111111,
"std_TS_auc_6": 0.013436607563593782,
"avg_TS_f1_7": 0.9705105073738665,
"std_TS_f1_7": 0.005060130981994846,
"avg_TS_ap_7": 0.997357531858146,
"std_TS_ap_7": 0.0007102264988339159,
"avg_TS_auc_7": 0.9762229333333334,
"std_TS_auc_7": 0.006419851610473097,
"avg_TS_f1_8": 0.9753999999999999,
"std_TS_f1_8": 0.0023313218843383885,
"avg_TS_ap_8": 0.9930743232799836,
"std_TS_ap_8": 0.0010051587336449407,
"avg_TS_auc_8": 0.953686888888889,
"std_TS_auc_8": 0.004544978611230558,
"avg_TS_f1_9": 0.9767777777777777,
"std_TS_f1_9": 0.0015523777063620476,
"avg_TS_ap_9": 0.9981488146876802,
"std_TS_ap_9": 0.00024448017953368663,
"avg_TS_auc_9": 0.9837104,
"std_TS_auc_9": 0.0019728402766782454,
"avg_TS_f1_all": 0.9602286264051706,
"std_TS_f1_all": 0.0013848264035757753,
"avg_TS_ap_all": 0.9901392009447451,
"std_TS_ap_all": 0.0010705793162337706,
"avg_TS_auc_all": 0.9273957677777777,
"std_TS_auc_all": 0.005446644192286041
}