{
"avg_TS_f1_0": 0.9497883302158762,
"std_TS_f1_0": 0.0007083813473397306,
"avg_TS_ap_0": 0.9857513629614243,
"std_TS_ap_0": 0.0006457099608383757,
"avg_TS_auc_0": 0.8903101444444446,
"std_TS_auc_0": 0.0036054744167552375,
"avg_TS_f1_1": 0.9860885814644025,
"std_TS_f1_1": 0.00031537823593361835,
"avg_TS_ap_1": 0.9964617969855434,
"std_TS_ap_1": 0.0003851346653268483,
"avg_TS_auc_1": 0.9748052666666667,
"std_TS_auc_1": 0.0024992821073951993,
"avg_TS_f1_2": 0.9528550067596347,
"std_TS_f1_2": 0.0013423750822547326,
"avg_TS_ap_2": 0.9912874078126659,
"std_TS_ap_2": 0.00048367090454167535,
"avg_TS_auc_2": 0.9280775777777779,
"std_TS_auc_2": 0.002808058861320736,
"avg_TS_f1_3": 0.9324844106970094,
"std_TS_f1_3": 0.0005697303184263944,
"avg_TS_ap_3": 0.9791137869422082,
"std_TS_ap_3": 0.0007721831424606153,
"avg_TS_auc_3": 0.8375365555555556,
"std_TS_auc_3": 0.0053924091024694365,
"avg_TS_f1_4": 0.942376486348007,
"std_TS_f1_4": 0.0007340274071183568,
"avg_TS_ap_4": 0.9891387321257861,
"std_TS_ap_4": 0.0003244670082809191,
"avg_TS_auc_4": 0.9081864555555557,
"std_TS_auc_4": 0.0026340264784892897,
"avg_TS_f1_5": 0.9554772783673167,
"std_TS_f1_5": 0.000672146372990257,
"avg_TS_ap_5": 0.9944576169602977,
"std_TS_ap_5": 0.00018720706498611043,
"avg_TS_auc_5": 0.9506571555555554,
"std_TS_auc_5": 0.001424265896852899,
"avg_TS_f1_6": 0.9260308510966659,
"std_TS_f1_6": 0.0010626429243675852,
"avg_TS_ap_6": 0.9794382960982325,
"std_TS_ap_6": 0.0008844851103508547,
"avg_TS_auc_6": 0.8348822333333334,
"std_TS_auc_6": 0.00480836747088467,
"avg_TS_f1_7": 0.9755328086128241,
"std_TS_f1_7": 0.0011524981904269687,
"avg_TS_ap_7": 0.9982446631633032,
"std_TS_ap_7": 0.00010728275665931545,
"avg_TS_auc_7": 0.9841316222222222,
"std_TS_auc_7": 0.0009779866641772602,
"avg_TS_f1_8": 0.9395986209110383,
"std_TS_f1_8": 0.002500681755240252,
"avg_TS_ap_8": 0.9726540775061905,
"std_TS_ap_8": 0.003910693999493209,
"avg_TS_auc_8": 0.8258612444444445,
"std_TS_auc_8": 0.013340784246137001,
"avg_TS_f1_9": 0.9781664277645055,
"std_TS_f1_9": 0.0004095634197012423,
"avg_TS_ap_9": 0.9980458048058833,
"std_TS_ap_9": 0.00020546648344091974,
"avg_TS_auc_9": 0.983539211111111,
"std_TS_auc_9": 0.0014643130359184063,
"avg_TS_f1_all": 0.953839880223728,
"std_TS_f1_all": 0.0005056798626387442,
"avg_TS_ap_all": 0.9884593545361534,
"std_TS_ap_all": 0.00042109320244437267,
"avg_TS_auc_all": 0.9117987466666667,
"std_TS_auc_all": 0.0013475757208647084
}