{
"avg_TS_f1_0": 0.9602444444444445,
"std_TS_f1_0": 0.0037682232116528595,
"avg_TS_ap_0": 0.9822600828332215,
"std_TS_ap_0": 0.0011197152544847717,
"avg_TS_auc_0": 0.8924784888888887,
"std_TS_auc_0": 0.008747990234898287,
"avg_TS_f1_1": 0.9771777777777778,
"std_TS_f1_1": 0.003088489182771844,
"avg_TS_ap_1": 0.9927525590528493,
"std_TS_ap_1": 0.0011434846248148571,
"avg_TS_auc_1": 0.9574149222222224,
"std_TS_auc_1": 0.004933504400262265,
"avg_TS_f1_2": 0.9538549894747239,
"std_TS_f1_2": 0.0064260276002754795,
"avg_TS_ap_2": 0.9830586431522489,
"std_TS_ap_2": 0.00209954924402163,
"avg_TS_auc_2": 0.8837008888888889,
"std_TS_auc_2": 0.013380153639755298,
"avg_TS_f1_3": 0.9221435042687556,
"std_TS_f1_3": 0.003803489649573187,
"avg_TS_ap_3": 0.9133620189190463,
"std_TS_ap_3": 0.010949056551638444,
"avg_TS_auc_3": 0.6339366111111111,
"std_TS_auc_3": 0.02598933757674062,
"avg_TS_f1_4": 0.9385319295516418,
"std_TS_f1_4": 0.003244125636999516,
"avg_TS_ap_4": 0.9717065549346569,
"std_TS_ap_4": 0.007511282938609665,
"avg_TS_auc_4": 0.8235543,
"std_TS_auc_4": 0.029929154353478177,
"avg_TS_f1_5": 0.9490222222222222,
"std_TS_f1_5": 0.012940395170182892,
"avg_TS_ap_5": 0.9809963412777616,
"std_TS_ap_5": 0.006329493154534415,
"avg_TS_auc_5": 0.8693839444444442,
"std_TS_auc_5": 0.04214163805921142,
"avg_TS_f1_6": 0.9185434017939269,
"std_TS_f1_6": 0.007181879697419641,
"avg_TS_ap_6": 0.9512730616680581,
"std_TS_ap_6": 0.007837199929341199,
"avg_TS_auc_6": 0.7266520555555556,
"std_TS_auc_6": 0.03726636669237583,
"avg_TS_f1_7": 0.9635333333333334,
"std_TS_f1_7": 0.003555138864471979,
"avg_TS_ap_7": 0.988671309875833,
"std_TS_ap_7": 0.0033639629962948546,
"avg_TS_auc_7": 0.9193054999999999,
"std_TS_auc_7": 0.020757347218173183,
"avg_TS_f1_8": 0.966,
"std_TS_f1_8": 0.00548533398152645,
"avg_TS_ap_8": 0.9814431658377598,
"std_TS_ap_8": 0.010993669007363198,
"avg_TS_auc_8": 0.8951234555555555,
"std_TS_auc_8": 0.0547335049579842,
"avg_TS_f1_9": 0.9694444444444444,
"std_TS_f1_9": 0.012588648619850902,
"avg_TS_ap_9": 0.9893959014181333,
"std_TS_ap_9": 0.006912913085133042,
"avg_TS_auc_9": 0.9292037777777777,
"std_TS_auc_9": 0.044643389502759125,
"avg_TS_f1_all": 0.951849604731127,
"std_TS_f1_all": 0.0034715615314917154,
"avg_TS_ap_all": 0.973491963896957,
"std_TS_ap_all": 0.002746623007999051,
"avg_TS_auc_all": 0.8530753944444445,
"std_TS_auc_all": 0.01623215110708627
}