{
"avg_TS_f1_0": 0.9452981510632543,
"std_TS_f1_0": 0.0016154696428489555,
"avg_TS_ap_0": 0.97517274853601,
"std_TS_ap_0": 0.0015280653462749728,
"avg_TS_auc_0": 0.8459516666666665,
"std_TS_auc_0": 0.0044650081092926655,
"avg_TS_f1_1": 0.9803220043088814,
"std_TS_f1_1": 0.000523964727884783,
"avg_TS_ap_1": 0.9888276111416301,
"std_TS_ap_1": 0.001533671846178583,
"avg_TS_auc_1": 0.9443211888888889,
"std_TS_auc_1": 0.0034096349043537706,
"avg_TS_f1_2": 0.951343936391528,
"std_TS_f1_2": 0.002221662865391505,
"avg_TS_ap_2": 0.9873315148814774,
"std_TS_ap_2": 0.0009174664449069227,
"avg_TS_auc_2": 0.9077905222222222,
"std_TS_auc_2": 0.004466650239549676,
"avg_TS_f1_3": 0.9231983097826422,
"std_TS_f1_3": 0.0028027279916201233,
"avg_TS_ap_3": 0.96169952588745,
"std_TS_ap_3": 0.0009240781012754626,
"avg_TS_auc_3": 0.7535850666666667,
"std_TS_auc_3": 0.009846890849237134,
"avg_TS_f1_4": 0.9371215228006495,
"std_TS_f1_4": 0.0009125172905564272,
"avg_TS_ap_4": 0.9836264725625148,
"std_TS_ap_4": 0.001116229444018355,
"avg_TS_auc_4": 0.8780096333333335,
"std_TS_auc_4": 0.00606684309436176,
"avg_TS_f1_5": 0.9432745176431527,
"std_TS_f1_5": 0.0035877706899623053,
"avg_TS_ap_5": 0.983504177342688,
"std_TS_ap_5": 0.0024684384037360636,
"avg_TS_auc_5": 0.8772817666666667,
"std_TS_auc_5": 0.017561132842525806,
"avg_TS_f1_6": 0.9232427566963596,
"std_TS_f1_6": 0.0013745994770577447,
"avg_TS_ap_6": 0.9682539062092778,
"std_TS_ap_6": 0.0019389557094980402,
"avg_TS_auc_6": 0.7833781666666666,
"std_TS_auc_6": 0.008929740069350994,
"avg_TS_f1_7": 0.9689333333333334,
"std_TS_f1_7": 0.0008652409926191777,
"avg_TS_ap_7": 0.9954381323211333,
"std_TS_ap_7": 0.00033088306099918684,
"avg_TS_auc_7": 0.9648238777777778,
"std_TS_auc_7": 0.0023126724951081042,
"avg_TS_f1_8": 0.9323643387595608,
"std_TS_f1_8": 0.003058498793872452,
"avg_TS_ap_8": 0.9549165414554046,
"std_TS_ap_8": 0.0037310464426019473,
"avg_TS_auc_8": 0.7529551,
"std_TS_auc_8": 0.016491101736787805,
"avg_TS_f1_9": 0.9731994036705742,
"std_TS_f1_9": 0.0014876996254419858,
"avg_TS_ap_9": 0.9943820314199252,
"std_TS_ap_9": 0.000578445296967932,
"avg_TS_auc_9": 0.9586390333333332,
"std_TS_auc_9": 0.003428909106586885,
"avg_TS_f1_all": 0.9478298274449936,
"std_TS_f1_all": 0.0009897877104147938,
"avg_TS_ap_all": 0.979315266175751,
"std_TS_ap_all": 0.0006327432324320977,
"avg_TS_auc_all": 0.8666736022222222,
"std_TS_auc_all": 0.0038927766282930857
}