{
"avg_TS_f1_0": 0.9337185694692138,
"std_TS_f1_0": 0.0010279185932514966,
"avg_TS_ap_0": 0.9606222953069696,
"std_TS_ap_0": 0.0005699194341747306,
"avg_TS_auc_0": 0.7741006888888888,
"std_TS_auc_0": 0.002882802551573372,
"avg_TS_f1_1": 0.9654199022108008,
"std_TS_f1_1": 0.0010186599908017905,
"avg_TS_ap_1": 0.9824082984248553,
"std_TS_ap_1": 0.0002554712574641384,
"avg_TS_auc_1": 0.9042402222222222,
"std_TS_auc_1": 0.0014821005859636154,
"avg_TS_f1_2": 0.9423190177232069,
"std_TS_f1_2": 0.0010052276573496767,
"avg_TS_ap_2": 0.9770295661137739,
"std_TS_ap_2": 0.0004332010386061759,
"avg_TS_auc_2": 0.8514449555555557,
"std_TS_auc_2": 0.0023417141482993714,
"avg_TS_f1_3": 0.9134933047611054,
"std_TS_f1_3": 0.0007984989345760841,
"avg_TS_ap_3": 0.9485705826624287,
"std_TS_ap_3": 0.0014974497997579106,
"avg_TS_auc_3": 0.6867635,
"std_TS_auc_3": 0.00637146545104242,
"avg_TS_f1_4": 0.9311405879717503,
"std_TS_f1_4": 0.0012059969729542193,
"avg_TS_ap_4": 0.9739929470093441,
"std_TS_ap_4": 0.0008293111501332629,
"avg_TS_auc_4": 0.8295470777777778,
"std_TS_auc_4": 0.004542097769903022,
"avg_TS_f1_5": 0.9084282460136673,
"std_TS_f1_5": 0.002435066263825737,
"avg_TS_ap_5": 0.9490955989616496,
"std_TS_ap_5": 0.0035522104354275635,
"avg_TS_auc_5": 0.6724058555555555,
"std_TS_auc_5": 0.019165290012351253,
"avg_TS_f1_6": 0.9197075516541042,
"std_TS_f1_6": 0.0009089924887681568,
"avg_TS_ap_6": 0.9533828399818498,
"std_TS_ap_6": 0.0008618042618906872,
"avg_TS_auc_6": 0.7216115777777778,
"std_TS_auc_6": 0.005145833655072681,
"avg_TS_f1_7": 0.9484421307356582,
"std_TS_f1_7": 0.0013146564715477646,
"avg_TS_ap_7": 0.9854745140193277,
"std_TS_ap_7": 0.0008385457933179107,
"avg_TS_auc_7": 0.8958346333333334,
"std_TS_auc_7": 0.005320873702576062,
"avg_TS_f1_8": 0.9088383699206759,
"std_TS_f1_8": 0.002298803387439687,
"avg_TS_ap_8": 0.9229292211964701,
"std_TS_ap_8": 0.0014705874302719847,
"avg_TS_auc_8": 0.6043702555555557,
"std_TS_auc_8": 0.0072319670860750964,
"avg_TS_f1_9": 0.9544974720817823,
"std_TS_f1_9": 0.0012313479795272896,
"avg_TS_ap_9": 0.9831080949996004,
"std_TS_ap_9": 0.0006390923685248386,
"avg_TS_auc_9": 0.8931471333333333,
"std_TS_auc_9": 0.003296926701087813,
"avg_TS_f1_all": 0.9326005152541965,
"std_TS_f1_all": 0.0006669604041615615,
"avg_TS_ap_all": 0.9636613958676271,
"std_TS_ap_all": 0.0006247728128423517,
"avg_TS_auc_all": 0.7833465900000001,
"std_TS_auc_all": 0.0034478760317424736
}