{
"avg_TS_f1_0": 0.9326947804097301,
"std_TS_f1_0": 0.0006965473047101124,
"avg_TS_ap_0": 0.9582809037183319,
"std_TS_ap_0": 0.000971518695558742,
"avg_TS_auc_0": 0.7655711444444445,
"std_TS_auc_0": 0.0037449127545261156,
"avg_TS_f1_1": 0.9637630508556176,
"std_TS_f1_1": 0.0014265099853558512,
"avg_TS_ap_1": 0.9817179084683666,
"std_TS_ap_1": 0.0007591942239155214,
"avg_TS_auc_1": 0.899898,
"std_TS_auc_1": 0.004684968480598068,
"avg_TS_f1_2": 0.9421399434341529,
"std_TS_f1_2": 0.0016212002630125787,
"avg_TS_ap_2": 0.9759077904134544,
"std_TS_ap_2": 0.0007716119548696356,
"avg_TS_auc_2": 0.8463551444444445,
"std_TS_auc_2": 0.00475892427498715,
"avg_TS_f1_3": 0.9129275279649847,
"std_TS_f1_3": 0.0010544279319102668,
"avg_TS_ap_3": 0.9483940596707665,
"std_TS_ap_3": 0.0013926293182749123,
"avg_TS_auc_3": 0.6851714666666667,
"std_TS_auc_3": 0.007259469185403767,
"avg_TS_f1_4": 0.9303524726682347,
"std_TS_f1_4": 0.0011000937404877019,
"avg_TS_ap_4": 0.9727710964931473,
"std_TS_ap_4": 0.0005833947006364914,
"avg_TS_auc_4": 0.8240864333333333,
"std_TS_auc_4": 0.0033295563945433433,
"avg_TS_f1_5": 0.9064361459935688,
"std_TS_f1_5": 0.0008309549787370237,
"avg_TS_ap_5": 0.9462416016988066,
"std_TS_ap_5": 0.0020088334642284606,
"avg_TS_auc_5": 0.656268811111111,
"std_TS_auc_5": 0.009917928900222852,
"avg_TS_f1_6": 0.9195484017734536,
"std_TS_f1_6": 0.0009644849014733159,
"avg_TS_ap_6": 0.9516787282090332,
"std_TS_ap_6": 0.0007734135687023752,
"avg_TS_auc_6": 0.7155973444444444,
"std_TS_auc_6": 0.005077781463334406,
"avg_TS_f1_7": 0.9465507983024899,
"std_TS_f1_7": 0.0010975203239167197,
"avg_TS_ap_7": 0.9841658611695916,
"std_TS_ap_7": 0.0009214886521329662,
"avg_TS_auc_7": 0.8878154444444444,
"std_TS_auc_7": 0.00568965318661431,
"avg_TS_f1_8": 0.9092161378179318,
"std_TS_f1_8": 0.0026582066371832903,
"avg_TS_ap_8": 0.9202754346150617,
"std_TS_ap_8": 0.003099495584622752,
"avg_TS_auc_8": 0.5962726444444445,
"std_TS_auc_8": 0.014516383762459973,
"avg_TS_f1_9": 0.9534296941253807,
"std_TS_f1_9": 0.0009420176362171052,
"avg_TS_ap_9": 0.9813322034610309,
"std_TS_ap_9": 0.00039069642992826324,
"avg_TS_auc_9": 0.8846620333333334,
"std_TS_auc_9": 0.0019482253388946513,
"avg_TS_f1_all": 0.9317058953345544,
"std_TS_f1_all": 0.0005687524855659095,
"avg_TS_ap_all": 0.962076558791759,
"std_TS_ap_all": 0.00043799868526468467,
"avg_TS_auc_all": 0.7761698466666667,
"std_TS_auc_all": 0.0024765963053551467
}