{
"avg_TS_f1_0": 0.9602551228154651,
"std_TS_f1_0": 0.0024208558265234057,
"avg_TS_ap_0": 0.9893983799117955,
"std_TS_ap_0": 0.0012220027780824392,
"avg_TS_auc_0": 0.9215201888888889,
"std_TS_auc_0": 0.008396528901182698,
"avg_TS_f1_1": 0.9913221240686211,
"std_TS_f1_1": 0.0001663877886146357,
"avg_TS_ap_1": 0.9970465271621155,
"std_TS_ap_1": 0.00037672429914002226,
"avg_TS_auc_1": 0.9828067555555556,
"std_TS_auc_1": 0.001420264094551321,
"avg_TS_f1_2": 0.9529100690779118,
"std_TS_f1_2": 0.0008708558400904673,
"avg_TS_ap_2": 0.9917014043967521,
"std_TS_ap_2": 0.00044874857543101025,
"avg_TS_auc_2": 0.9326961,
"std_TS_auc_2": 0.0031002817883476817,
"avg_TS_f1_3": 0.9438771524343945,
"std_TS_f1_3": 0.0017814402737183054,
"avg_TS_ap_3": 0.9796212094095464,
"std_TS_ap_3": 0.0024688664305602386,
"avg_TS_auc_3": 0.8565710555555555,
"std_TS_auc_3": 0.012974916117762109,
"avg_TS_f1_4": 0.9407777777777777,
"std_TS_f1_4": 0.0012511722898008136,
"avg_TS_ap_4": 0.9886991845972262,
"std_TS_ap_4": 0.00046429466128444465,
"avg_TS_auc_4": 0.9065702555555557,
"std_TS_auc_4": 0.0035819843039615637,
"avg_TS_f1_5": 0.9676774376354242,
"std_TS_f1_5": 0.003943029088831929,
"avg_TS_ap_5": 0.9966183142088887,
"std_TS_ap_5": 0.0006284258458306935,
"avg_TS_auc_5": 0.9701237777777777,
"std_TS_auc_5": 0.005782883801186442,
"avg_TS_f1_6": 0.9274222222222223,
"std_TS_f1_6": 0.0014527963669938922,
"avg_TS_ap_6": 0.9788912851641921,
"std_TS_ap_6": 0.0010904813074592058,
"avg_TS_auc_6": 0.8332322,
"std_TS_auc_6": 0.00748726502461942,
"avg_TS_f1_7": 0.973633024056892,
"std_TS_f1_7": 0.0041449560528335925,
"avg_TS_ap_7": 0.9977701789873377,
"std_TS_ap_7": 0.0005483873395129373,
"avg_TS_auc_7": 0.9799258222222221,
"std_TS_auc_7": 0.004994173251121999,
"avg_TS_f1_8": 0.9767555555555555,
"std_TS_f1_8": 0.002483923618634391,
"avg_TS_ap_8": 0.9938965850289202,
"std_TS_ap_8": 0.0004764006637571539,
"avg_TS_auc_8": 0.9582443444444445,
"std_TS_auc_8": 0.0032801652311588935,
"avg_TS_f1_9": 0.9778222222222223,
"std_TS_f1_9": 0.0017786109158901364,
"avg_TS_ap_9": 0.9982909096834831,
"std_TS_ap_9": 0.00014459184381598316,
"avg_TS_auc_9": 0.9849412333333332,
"std_TS_auc_9": 0.0013494761097789818,
"avg_TS_f1_all": 0.9612452707866487,
"std_TS_f1_all": 0.0008253186045522387,
"avg_TS_ap_all": 0.9911933978550259,
"std_TS_ap_all": 0.0005349263079378432,
"avg_TS_auc_all": 0.9326631733333333,
"std_TS_auc_all": 0.0031801085664914094
}