{
"avg_TS_f1_0": 0.9533555555555555,
"std_TS_f1_0": 0.0014680128502145573,
"avg_TS_ap_0": 0.9861313719869621,
"std_TS_ap_0": 0.0005570467408662573,
"avg_TS_auc_0": 0.8981783777777779,
"std_TS_auc_0": 0.0036980236914757746,
"avg_TS_f1_1": 0.9882444444444445,
"std_TS_f1_1": 0.00112304700164385,
"avg_TS_ap_1": 0.9958875308437293,
"std_TS_ap_1": 0.00037496991754524015,
"avg_TS_auc_1": 0.9763050333333334,
"std_TS_auc_1": 0.0022220109106754074,
"avg_TS_f1_2": 0.9532656493261971,
"std_TS_f1_2": 0.0010805987476966111,
"avg_TS_ap_2": 0.9913832626580769,
"std_TS_ap_2": 0.0005654517315210501,
"avg_TS_auc_2": 0.9306094111111112,
"std_TS_auc_2": 0.0029441130022260504,
"avg_TS_f1_3": 0.9400980239642942,
"std_TS_f1_3": 0.002432674707960744,
"avg_TS_ap_3": 0.979958323762246,
"std_TS_ap_3": 0.0011636692930447265,
"avg_TS_auc_3": 0.8504794888888888,
"std_TS_auc_3": 0.008294275396684698,
"avg_TS_f1_4": 0.9425085442314618,
"std_TS_f1_4": 0.0011036068272535808,
"avg_TS_ap_4": 0.9887061597824403,
"std_TS_ap_4": 0.00042636451210181244,
"avg_TS_auc_4": 0.9076564555555555,
"std_TS_auc_4": 0.0029335130623390168,
"avg_TS_f1_5": 0.9617555555555555,
"std_TS_f1_5": 0.0010643493346513956,
"avg_TS_ap_5": 0.995445150388195,
"std_TS_ap_5": 0.00022668601132514493,
"avg_TS_auc_5": 0.9597155333333334,
"std_TS_auc_5": 0.0020701536811801157,
"avg_TS_f1_6": 0.926441156516504,
"std_TS_f1_6": 0.0008083282913558884,
"avg_TS_ap_6": 0.9785376511227639,
"std_TS_ap_6": 0.0006746479798278414,
"avg_TS_auc_6": 0.8316453333333333,
"std_TS_auc_6": 0.003443113949484671,
"avg_TS_f1_7": 0.9753441685031884,
"std_TS_f1_7": 0.0009002603997684459,
"avg_TS_ap_7": 0.9982397509895049,
"std_TS_ap_7": 8.265616546807626e-05,
"avg_TS_auc_7": 0.9840684777777777,
"std_TS_auc_7": 0.0007519534006772505,
"avg_TS_f1_8": 0.9527650857146386,
"std_TS_f1_8": 0.003382717987428853,
"avg_TS_ap_8": 0.9806386709650123,
"std_TS_ap_8": 0.0016278505416088224,
"avg_TS_auc_8": 0.8789622444444445,
"std_TS_auc_8": 0.010292065532567648,
"avg_TS_f1_9": 0.9789999999999999,
"std_TS_f1_9": 0.0005397759022885063,
"avg_TS_ap_9": 0.9984426721461303,
"std_TS_ap_9": 5.5939096683424404e-05,
"avg_TS_auc_9": 0.9864402444444444,
"std_TS_auc_9": 0.0004705578244730678,
"avg_TS_f1_all": 0.957277818381184,
"std_TS_f1_all": 0.00040886553904327606,
"avg_TS_ap_all": 0.989337054464506,
"std_TS_ap_all": 0.0002795752217656857,
"avg_TS_auc_all": 0.9204060599999998,
"std_TS_auc_all": 0.0014594292135795572
}