{
"avg_TS_f1_0": 0.9417424917952152,
"std_TS_f1_0": 0.0009406121723686163,
"avg_TS_ap_0": 0.9694645551135027,
"std_TS_ap_0": 0.0006837080206257093,
"avg_TS_auc_0": 0.8173792888888889,
"std_TS_auc_0": 0.0036876309117419336,
"avg_TS_f1_1": 0.9759322245976592,
"std_TS_f1_1": 0.0010262353778470233,
"avg_TS_ap_1": 0.988143837221817,
"std_TS_ap_1": 0.000488974261519416,
"avg_TS_auc_1": 0.9374398111111111,
"std_TS_auc_1": 0.0018511302205229357,
"avg_TS_f1_2": 0.9487649832398096,
"std_TS_f1_2": 0.0012801488779405907,
"avg_TS_ap_2": 0.9826955327844644,
"std_TS_ap_2": 0.0006099397624854674,
"avg_TS_auc_2": 0.8825664666666666,
"std_TS_auc_2": 0.0026536027744731333,
"avg_TS_f1_3": 0.9209947550707336,
"std_TS_f1_3": 0.000697643576425698,
"avg_TS_ap_3": 0.9563007330023936,
"std_TS_ap_3": 0.0011800158413071502,
"avg_TS_auc_3": 0.7283508333333334,
"std_TS_auc_3": 0.004067704885686371,
"avg_TS_f1_4": 0.9374298583707239,
"std_TS_f1_4": 0.0012685271492431406,
"avg_TS_ap_4": 0.9792832921318866,
"std_TS_ap_4": 0.00042449771985465437,
"avg_TS_auc_4": 0.8591541777777778,
"std_TS_auc_4": 0.00324883181653017,
"avg_TS_f1_5": 0.9228290546071385,
"std_TS_f1_5": 0.0012232778315021205,
"avg_TS_ap_5": 0.9646669603941097,
"std_TS_ap_5": 0.0010611103953143204,
"avg_TS_auc_5": 0.7628699,
"std_TS_auc_5": 0.006081957667631678,
"avg_TS_f1_6": 0.9230205023735886,
"std_TS_f1_6": 0.0007647746487632477,
"avg_TS_ap_6": 0.9609787644113241,
"std_TS_ap_6": 0.001958550251477293,
"avg_TS_auc_6": 0.7549884333333333,
"std_TS_auc_6": 0.008145984509795447,
"avg_TS_f1_7": 0.962153883857745,
"std_TS_f1_7": 0.0013165166909167383,
"avg_TS_ap_7": 0.9922724041087747,
"std_TS_ap_7": 0.0005348063689798269,
"avg_TS_auc_7": 0.9420939444444445,
"std_TS_auc_7": 0.0034000380780366602,
"avg_TS_f1_8": 0.9192852972328257,
"std_TS_f1_8": 0.0019341854859249363,
"avg_TS_ap_8": 0.941538950926774,
"std_TS_ap_8": 0.0016359488326450422,
"avg_TS_auc_8": 0.6807194444444444,
"std_TS_auc_8": 0.01238979988319743,
"avg_TS_f1_9": 0.9693205128293092,
"std_TS_f1_9": 0.0003875642246231672,
"avg_TS_ap_9": 0.9909857100148913,
"std_TS_ap_9": 0.0006626535774460935,
"avg_TS_auc_9": 0.9393757,
"std_TS_auc_9": 0.003208544096703975,
"avg_TS_f1_all": 0.9421473563974748,
"std_TS_f1_all": 0.0004377535755592463,
"avg_TS_ap_all": 0.9726330740109936,
"std_TS_ap_all": 0.0001297372752154026,
"avg_TS_auc_all": 0.8304938,
"std_TS_auc_all": 0.0006244843830545591
}