{
"avg_TS_f1_0": 0.9569314097696784,
"std_TS_f1_0": 0.0008756736393413279,
"avg_TS_ap_0": 0.985488320998235,
"std_TS_ap_0": 0.0003312898992470905,
"avg_TS_auc_0": 0.9013200777777778,
"std_TS_auc_0": 0.0030639863916388957,
"avg_TS_f1_1": 0.9901111111111112,
"std_TS_f1_1": 0.0005397759022884606,
"avg_TS_ap_1": 0.9959357329804961,
"std_TS_ap_1": 0.00019471526783517646,
"avg_TS_auc_1": 0.9790710111111112,
"std_TS_auc_1": 0.0009109127130873978,
"avg_TS_f1_2": 0.9542424048249595,
"std_TS_f1_2": 0.0009402616640158921,
"avg_TS_ap_2": 0.9906808593366808,
"std_TS_ap_2": 0.00041262843167266214,
"avg_TS_auc_2": 0.9280559,
"std_TS_auc_2": 0.001661797851131344,
"avg_TS_f1_3": 0.9452420233222834,
"std_TS_f1_3": 0.0012807254576061463,
"avg_TS_ap_3": 0.9799115029681218,
"std_TS_ap_3": 0.0012383443189384067,
"avg_TS_auc_3": 0.8611344555555556,
"std_TS_auc_3": 0.008347106216934689,
"avg_TS_f1_4": 0.9443530887518442,
"std_TS_f1_4": 0.0007786274051537558,
"avg_TS_ap_4": 0.9881993397914396,
"std_TS_ap_4": 0.0002449199549970622,
"avg_TS_auc_4": 0.9095090777777777,
"std_TS_auc_4": 0.0020778459925226067,
"avg_TS_f1_5": 0.9605653190609355,
"std_TS_f1_5": 0.0015386497900102636,
"avg_TS_ap_5": 0.9922015683650512,
"std_TS_ap_5": 0.0006086408238687499,
"avg_TS_auc_5": 0.9385340555555555,
"std_TS_auc_5": 0.00503510410511869,
"avg_TS_f1_6": 0.9275745750407157,
"std_TS_f1_6": 0.0012155271645394265,
"avg_TS_ap_6": 0.9765725850099747,
"std_TS_ap_6": 0.000603466085040666,
"avg_TS_auc_6": 0.8269634888888889,
"std_TS_auc_6": 0.0028357025123883117,
"avg_TS_f1_7": 0.9755219648005136,
"std_TS_f1_7": 0.001193114738406622,
"avg_TS_ap_7": 0.9978352208673689,
"std_TS_ap_7": 0.00016058665618237625,
"avg_TS_auc_7": 0.9817131000000001,
"std_TS_auc_7": 0.0013414903226184874,
"avg_TS_f1_8": 0.9566657456278435,
"std_TS_f1_8": 0.0030336025046129003,
"avg_TS_ap_8": 0.9803259322050255,
"std_TS_ap_8": 0.000485793841587873,
"avg_TS_auc_8": 0.8826141333333333,
"std_TS_auc_8": 0.0044917913746997835,
"avg_TS_f1_9": 0.9794,
"std_TS_f1_9": 0.0006651835354264753,
"avg_TS_ap_9": 0.9977191390108574,
"std_TS_ap_9": 8.370915562909396e-05,
"avg_TS_auc_9": 0.9819853666666667,
"std_TS_auc_9": 0.00059996824463285,
"avg_TS_f1_all": 0.9590607642309885,
"std_TS_f1_all": 0.0003178290134832276,
"avg_TS_ap_all": 0.988487020153325,
"std_TS_ap_all": 0.00015338645725957096,
"avg_TS_auc_all": 0.9190900666666666,
"std_TS_auc_all": 0.000678321572998398
}