{
"avg_TS_f1_0": 0.9479426980511262,
"std_TS_f1_0": 0.0007697777558880799,
"avg_TS_ap_0": 0.9776758857399521,
"std_TS_ap_0": 0.0006566539129186778,
"avg_TS_auc_0": 0.8552188444444445,
"std_TS_auc_0": 0.0034848586262484905,
"avg_TS_f1_1": 0.9830331376434494,
"std_TS_f1_1": 0.0006104081050474655,
"avg_TS_ap_1": 0.9920839856467207,
"std_TS_ap_1": 0.0005880644322188768,
"avg_TS_auc_1": 0.9586655555555558,
"std_TS_auc_1": 0.002138717936602592,
"avg_TS_f1_2": 0.9517322653727677,
"std_TS_f1_2": 0.0009088295197424753,
"avg_TS_ap_2": 0.9866189412802207,
"std_TS_ap_2": 0.0006069396103671028,
"avg_TS_auc_2": 0.9037172666666666,
"std_TS_auc_2": 0.002508101814933813,
"avg_TS_f1_3": 0.9296206628763326,
"std_TS_f1_3": 0.00039264341526207215,
"avg_TS_ap_3": 0.9674607578503958,
"std_TS_ap_3": 0.0014170243990325973,
"avg_TS_auc_3": 0.7833409555555556,
"std_TS_auc_3": 0.004572474288232024,
"avg_TS_f1_4": 0.9413098221506132,
"std_TS_f1_4": 0.0008672236942485018,
"avg_TS_ap_4": 0.9845288948847172,
"std_TS_ap_4": 0.0004991511731406532,
"avg_TS_auc_4": 0.8865531111111112,
"std_TS_auc_4": 0.0035491139935914804,
"avg_TS_f1_5": 0.9407738268676026,
"std_TS_f1_5": 0.0019266081217520956,
"avg_TS_ap_5": 0.9820815088473911,
"std_TS_ap_5": 0.0011668460727320457,
"avg_TS_auc_5": 0.8657530111111111,
"std_TS_auc_5": 0.008508503130340335,
"avg_TS_f1_6": 0.9252410998141872,
"std_TS_f1_6": 0.0014021015675370137,
"avg_TS_ap_6": 0.9688517720594219,
"std_TS_ap_6": 0.0022338974587732896,
"avg_TS_auc_6": 0.7886342444444444,
"std_TS_auc_6": 0.010426099622238399,
"avg_TS_f1_7": 0.9700329944256163,
"std_TS_f1_7": 0.0003973573016772212,
"avg_TS_ap_7": 0.9959715536991267,
"std_TS_ap_7": 0.00013595347772068727,
"avg_TS_auc_7": 0.9675267555555557,
"std_TS_auc_7": 0.001140262862590255,
"avg_TS_f1_8": 0.9303969134087697,
"std_TS_f1_8": 0.0012725793922574037,
"avg_TS_ap_8": 0.9590443686035532,
"std_TS_ap_8": 0.0005695004171572853,
"avg_TS_auc_8": 0.7600110666666666,
"std_TS_auc_8": 0.004199368580167615,
"avg_TS_f1_9": 0.9759550172540449,
"std_TS_f1_9": 0.00043822929759209896,
"avg_TS_ap_9": 0.9957540251142631,
"std_TS_ap_9": 0.0003989267820997371,
"avg_TS_auc_9": 0.9681681444444443,
"std_TS_auc_9": 0.0024959092520698786,
"avg_TS_f1_all": 0.9496038437864509,
"std_TS_f1_all": 0.00036817249443432947,
"avg_TS_ap_all": 0.9810071693725761,
"std_TS_ap_all": 0.00030360318877925037,
"avg_TS_auc_all": 0.8737588955555557,
"std_TS_auc_all": 0.0014743155090380235
}