{
"avg_TS_f1_0": 0.9496444444444446,
"std_TS_f1_0": 0.0067926612541463005,
"avg_TS_ap_0": 0.9792380539648515,
"std_TS_ap_0": 0.006244721230367568,
"avg_TS_auc_0": 0.8731383444444445,
"std_TS_auc_0": 0.00901081051213924,
"avg_TS_f1_1": 0.9904222222222223,
"std_TS_f1_1": 0.001499629583893595,
"avg_TS_ap_1": 0.9932530624444142,
"std_TS_ap_1": 0.001957253147702494,
"avg_TS_auc_1": 0.9714528111111111,
"std_TS_auc_1": 0.0063171819638932385,
"avg_TS_f1_2": 0.9463437363804161,
"std_TS_f1_2": 0.0062358925952868014,
"avg_TS_ap_2": 0.9858231727128333,
"std_TS_ap_2": 0.0022412551954213832,
"avg_TS_auc_2": 0.9022370444444444,
"std_TS_auc_2": 0.013573408390354945,
"avg_TS_f1_3": 0.9263744282089746,
"std_TS_f1_3": 0.008815092401429131,
"avg_TS_ap_3": 0.8963821761050855,
"std_TS_ap_3": 0.017120534500942843,
"avg_TS_auc_3": 0.6313125222222221,
"std_TS_auc_3": 0.06596988817034742,
"avg_TS_f1_4": 0.9368430147353866,
"std_TS_f1_4": 0.001521104136819461,
"avg_TS_ap_4": 0.9727598980936447,
"std_TS_ap_4": 0.00952556279472916,
"avg_TS_auc_4": 0.8453189777777779,
"std_TS_auc_4": 0.03089536294218171,
"avg_TS_f1_5": 0.9587333333333333,
"std_TS_f1_5": 0.005102698390479047,
"avg_TS_ap_5": 0.9940203587409382,
"std_TS_ap_5": 0.0010733209347740234,
"avg_TS_auc_5": 0.9489808555555556,
"std_TS_auc_5": 0.008525875314000127,
"avg_TS_f1_6": 0.9222615045577875,
"std_TS_f1_6": 0.003562670800312435,
"avg_TS_ap_6": 0.9198597131514795,
"std_TS_ap_6": 0.00627062438340702,
"avg_TS_auc_6": 0.6818168333333334,
"std_TS_auc_6": 0.02250797615225256,
"avg_TS_f1_7": 0.9687219252921458,
"std_TS_f1_7": 0.005815455030517728,
"avg_TS_ap_7": 0.9938424928372861,
"std_TS_ap_7": 0.0020691867772771786,
"avg_TS_auc_7": 0.9551021222222221,
"std_TS_auc_7": 0.011793098992311958,
"avg_TS_f1_8": 0.9852888888888888,
"std_TS_f1_8": 0.0017730492671394382,
"avg_TS_ap_8": 0.9922568233005972,
"std_TS_ap_8": 0.001299526497834198,
"avg_TS_auc_8": 0.9645051777777779,
"std_TS_auc_8": 0.005740377711945612,
"avg_TS_f1_9": 0.9732444444444444,
"std_TS_f1_9": 0.005155555555555557,
"avg_TS_ap_9": 0.9972870400464929,
"std_TS_ap_9": 0.0006577132939513684,
"avg_TS_auc_9": 0.9763355777777779,
"std_TS_auc_9": 0.005919745001556835,
"avg_TS_f1_all": 0.9557877942508044,
"std_TS_f1_all": 0.0017333369989304408,
"avg_TS_ap_all": 0.9724722791397623,
"std_TS_ap_all": 0.002392602238152994,
"avg_TS_auc_all": 0.8750200266666667,
"std_TS_auc_all": 0.007514090999091106
}