{
"avg_TS_f1_0": 0.9502666666666666,
"std_TS_f1_0": 0.007908926040311117,
"avg_TS_ap_0": 0.9770500837921796,
"std_TS_ap_0": 0.005020620757025992,
"avg_TS_auc_0": 0.8592471222222222,
"std_TS_auc_0": 0.02988052856037537,
"avg_TS_f1_1": 0.9865333333333334,
"std_TS_f1_1": 0.0039536824528876606,
"avg_TS_ap_1": 0.9892320834894773,
"std_TS_ap_1": 0.0025121678556091543,
"avg_TS_auc_1": 0.9559986777777778,
"std_TS_auc_1": 0.008915233979009972,
"avg_TS_f1_2": 0.9495999999999999,
"std_TS_f1_2": 0.0058721354981507235,
"avg_TS_ap_2": 0.986451111242556,
"std_TS_ap_2": 0.0029278600303462915,
"avg_TS_auc_2": 0.9020325555555555,
"std_TS_auc_2": 0.01883172711711758,
"avg_TS_f1_3": 0.9315080245198809,
"std_TS_f1_3": 0.00428527530787514,
"avg_TS_ap_3": 0.9626433183760618,
"std_TS_ap_3": 0.0034895873669389993,
"avg_TS_auc_3": 0.7738799000000001,
"std_TS_auc_3": 0.022933433175907722,
"avg_TS_f1_4": 0.9328651690526018,
"std_TS_f1_4": 0.004129751227855131,
"avg_TS_ap_4": 0.9812730923764171,
"std_TS_ap_4": 0.0009572377137978117,
"avg_TS_auc_4": 0.8623160777777776,
"std_TS_auc_4": 0.007848376070811642,
"avg_TS_f1_5": 0.9482326968782215,
"std_TS_f1_5": 0.003589092457879939,
"avg_TS_ap_5": 0.9863859863082464,
"std_TS_ap_5": 0.002572244512041688,
"avg_TS_auc_5": 0.9003088555555555,
"std_TS_auc_5": 0.01687927803326304,
"avg_TS_f1_6": 0.9169213190856282,
"std_TS_f1_6": 0.003999840906776918,
"avg_TS_ap_6": 0.9651219992386559,
"std_TS_ap_6": 0.0018069462066348432,
"avg_TS_auc_6": 0.7615368,
"std_TS_auc_6": 0.009128717765395427,
"avg_TS_f1_7": 0.9703219228228728,
"std_TS_f1_7": 0.0033387131678875312,
"avg_TS_ap_7": 0.9960830378136446,
"std_TS_ap_7": 0.00044813361136486577,
"avg_TS_auc_7": 0.9693960444444445,
"std_TS_auc_7": 0.0032815686879265845,
"avg_TS_f1_8": 0.9346209085689946,
"std_TS_f1_8": 0.008500433328768448,
"avg_TS_ap_8": 0.9612465329061359,
"std_TS_ap_8": 0.004908089435821963,
"avg_TS_auc_8": 0.7755940000000001,
"std_TS_auc_8": 0.030487457167955163,
"avg_TS_f1_9": 0.9761219512195123,
"std_TS_f1_9": 0.00323305165405299,
"avg_TS_ap_9": 0.9954038587721727,
"std_TS_ap_9": 0.000915554248489283,
"avg_TS_auc_9": 0.9667985,
"std_TS_auc_9": 0.006650719575660499,
"avg_TS_f1_all": 0.9496991992147711,
"std_TS_f1_all": 0.0023705766141775123,
"avg_TS_ap_all": 0.9800891104315548,
"std_TS_ap_all": 0.0013523058419957293,
"avg_TS_auc_all": 0.8727108533333332,
"std_TS_auc_all": 0.008255004477713409
}