{
"avg_TS_f1_0": 0.956610624047015,
"std_TS_f1_0": 0.002966968660197018,
"avg_TS_ap_0": 0.9872934024203672,
"std_TS_ap_0": 0.0007564936984744575,
"avg_TS_auc_0": 0.9077399555555555,
"std_TS_auc_0": 0.005701515969665034,
"avg_TS_f1_1": 0.9900444444444446,
"std_TS_f1_1": 0.0010648132045076612,
"avg_TS_ap_1": 0.9967365766409462,
"std_TS_ap_1": 0.00028971238690342214,
"avg_TS_auc_1": 0.9804110999999999,
"std_TS_auc_1": 0.0011450467160668094,
"avg_TS_f1_2": 0.9527555555555557,
"std_TS_f1_2": 0.00042397297840751923,
"avg_TS_ap_2": 0.991099254071002,
"std_TS_ap_2": 0.0004986146283690894,
"avg_TS_auc_2": 0.9294880555555556,
"std_TS_auc_2": 0.0026212706613867117,
"avg_TS_f1_3": 0.9441752924545191,
"std_TS_f1_3": 0.00106740760800544,
"avg_TS_ap_3": 0.9805889937290801,
"std_TS_ap_3": 0.0014947428866274473,
"avg_TS_auc_3": 0.8626160666666667,
"std_TS_auc_3": 0.008110193691602511,
"avg_TS_f1_4": 0.941109793753974,
"std_TS_f1_4": 0.0008804295330023897,
"avg_TS_ap_4": 0.987939863747059,
"std_TS_ap_4": 0.0006026642168330906,
"avg_TS_auc_4": 0.9043874666666667,
"std_TS_auc_4": 0.0030336510355805325,
"avg_TS_f1_5": 0.9606427320036298,
"std_TS_f1_5": 0.0026330477440425788,
"avg_TS_ap_5": 0.9939001224964612,
"std_TS_ap_5": 0.0005955886286555772,
"avg_TS_auc_5": 0.9502248555555555,
"std_TS_auc_5": 0.004517097223239502,
"avg_TS_f1_6": 0.9272547697094282,
"std_TS_f1_6": 0.001592818593812018,
"avg_TS_ap_6": 0.9773817934138378,
"std_TS_ap_6": 0.0008874683483798159,
"avg_TS_auc_6": 0.8270627666666666,
"std_TS_auc_6": 0.005585244068232688,
"avg_TS_f1_7": 0.9741321924994427,
"std_TS_f1_7": 0.0013852878448358899,
"avg_TS_ap_7": 0.9976809101672,
"std_TS_ap_7": 0.00014930826108471089,
"avg_TS_auc_7": 0.9805124888888889,
"std_TS_auc_7": 0.001219945294968558,
"avg_TS_f1_8": 0.9632437024279128,
"std_TS_f1_8": 0.0037641216394446292,
"avg_TS_ap_8": 0.9876534792217517,
"std_TS_ap_8": 0.0009306841742905883,
"avg_TS_auc_8": 0.9215014222222223,
"std_TS_auc_8": 0.008016286891258568,
"avg_TS_f1_9": 0.9800888888888888,
"std_TS_f1_9": 0.0012984321029325958,
"avg_TS_ap_9": 0.9979598322073429,
"std_TS_ap_9": 0.000174058103181164,
"avg_TS_auc_9": 0.9836869555555555,
"std_TS_auc_9": 0.0012669197195569633,
"avg_TS_f1_all": 0.9590057995784811,
"std_TS_f1_all": 0.0005799527526008174,
"avg_TS_ap_all": 0.9898234228115047,
"std_TS_ap_all": 0.00026385886851170316,
"avg_TS_auc_all": 0.9247631133333334,
"std_TS_auc_all": 0.0012893123689245228
}