{
"avg_TS_f1_0": 0.9514328314535992,
"std_TS_f1_0": 0.004181623003259713,
"avg_TS_ap_0": 0.9831071394956703,
"std_TS_ap_0": 0.0022137404754229576,
"avg_TS_auc_0": 0.8821450888888889,
"std_TS_auc_0": 0.013733237816397391,
"avg_TS_f1_1": 0.98649986974585,
"std_TS_f1_1": 0.0015273736528209271,
"avg_TS_ap_1": 0.9918913073858346,
"std_TS_ap_1": 0.0014180788956940334,
"avg_TS_auc_1": 0.9633068333333334,
"std_TS_auc_1": 0.004319720089954418,
"avg_TS_f1_2": 0.950099427745986,
"std_TS_f1_2": 0.004841421628710046,
"avg_TS_ap_2": 0.9889916688563372,
"std_TS_ap_2": 0.0011481000231186498,
"avg_TS_auc_2": 0.9148044000000001,
"std_TS_auc_2": 0.008459091288820138,
"avg_TS_f1_3": 0.9364222222222223,
"std_TS_f1_3": 0.007323023055177862,
"avg_TS_ap_3": 0.9748502175559045,
"std_TS_ap_3": 0.004845880037690104,
"avg_TS_auc_3": 0.823673,
"std_TS_auc_3": 0.030201506906051855,
"avg_TS_f1_4": 0.936899225265601,
"std_TS_f1_4": 0.004644486083721117,
"avg_TS_ap_4": 0.9860559231993842,
"std_TS_ap_4": 0.0021295309919161748,
"avg_TS_auc_4": 0.889645722222222,
"std_TS_auc_4": 0.015394861989124691,
"avg_TS_f1_5": 0.9532774030656024,
"std_TS_f1_5": 0.010009878393491321,
"avg_TS_ap_5": 0.9900788401836269,
"std_TS_ap_5": 0.003672948652639361,
"avg_TS_auc_5": 0.922767711111111,
"std_TS_auc_5": 0.028674644640449352,
"avg_TS_f1_6": 0.9228649578348211,
"std_TS_f1_6": 0.0035868299501132014,
"avg_TS_ap_6": 0.9713336394689218,
"std_TS_ap_6": 0.0032894955091362543,
"avg_TS_auc_6": 0.7936615222222222,
"std_TS_auc_6": 0.017009601222729903,
"avg_TS_f1_7": 0.9729219228228729,
"std_TS_f1_7": 0.003194040674032713,
"avg_TS_ap_7": 0.996973549610745,
"std_TS_ap_7": 0.0002153052619821847,
"avg_TS_auc_7": 0.9754784555555556,
"std_TS_auc_7": 0.00261039929857947,
"avg_TS_f1_8": 0.9489871931156669,
"std_TS_f1_8": 0.007266705420133697,
"avg_TS_ap_8": 0.9793978602568734,
"std_TS_ap_8": 0.004996989261610113,
"avg_TS_auc_8": 0.8695245777777778,
"std_TS_auc_8": 0.03114807762362964,
"avg_TS_f1_9": 0.9759333333333334,
"std_TS_f1_9": 0.005099794234532184,
"avg_TS_ap_9": 0.9971976715824393,
"std_TS_ap_9": 0.0009994607497563555,
"avg_TS_auc_9": 0.9774733333333334,
"std_TS_auc_9": 0.007704507962193669,
"avg_TS_f1_all": 0.9535338386605556,
"std_TS_f1_all": 0.001720417551807326,
"avg_TS_ap_all": 0.9859877817595738,
"std_TS_ap_all": 0.001014549737834798,
"avg_TS_auc_all": 0.9012480644444445,
"std_TS_auc_all": 0.007080750882219863
}