{
"avg_TS_f1_0": 0.9410888888888888,
"std_TS_f1_0": 0.009128547002144993,
"avg_TS_ap_0": 0.9815049160669634,
"std_TS_ap_0": 0.004622134415541514,
"avg_TS_auc_0": 0.8659801,
"std_TS_auc_0": 0.03359620164239985,
"avg_TS_f1_1": 0.9696888888888889,
"std_TS_f1_1": 0.008312834046012421,
"avg_TS_ap_1": 0.991159483080563,
"std_TS_ap_1": 0.004306047799198308,
"avg_TS_auc_1": 0.9432676888888889,
"std_TS_auc_1": 0.024008051968387435,
"avg_TS_f1_2": 0.9236666666666666,
"std_TS_f1_2": 0.013169737100969102,
"avg_TS_ap_2": 0.9753452848888411,
"std_TS_ap_2": 0.009869453498295733,
"avg_TS_auc_2": 0.8117529555555556,
"std_TS_auc_2": 0.06800992914933837,
"avg_TS_f1_3": 0.9305215351470142,
"std_TS_f1_3": 0.004131644336834777,
"avg_TS_ap_3": 0.9683376625030924,
"std_TS_ap_3": 0.005014518227323626,
"avg_TS_auc_3": 0.7911417333333333,
"std_TS_auc_3": 0.02385743272592632,
"avg_TS_f1_4": 0.9216666666666666,
"std_TS_f1_4": 0.006671109630616468,
"avg_TS_ap_4": 0.976276663222189,
"std_TS_ap_4": 0.007232622407862908,
"avg_TS_auc_4": 0.8205522777777776,
"std_TS_auc_4": 0.0439668112834647,
"avg_TS_f1_5": 0.9245777777777778,
"std_TS_f1_5": 0.009954315398947765,
"avg_TS_ap_5": 0.9660909897633093,
"std_TS_ap_5": 0.01802562588968263,
"avg_TS_auc_5": 0.781359111111111,
"std_TS_auc_5": 0.09646931930928884,
"avg_TS_f1_6": 0.9088,
"std_TS_f1_6": 0.001302229806576341,
"avg_TS_ap_6": 0.9614811285331181,
"std_TS_ap_6": 0.003740809611347855,
"avg_TS_auc_6": 0.7233443444444444,
"std_TS_auc_6": 0.019456675116699417,
"avg_TS_f1_7": 0.9447985209054824,
"std_TS_f1_7": 0.011965436919769546,
"avg_TS_ap_7": 0.9905229811521309,
"std_TS_ap_7": 0.0027919827543702643,
"avg_TS_auc_7": 0.9189477666666667,
"std_TS_auc_7": 0.023374103264594933,
"avg_TS_f1_8": 0.9407095147261268,
"std_TS_f1_8": 0.018864545776433785,
"avg_TS_ap_8": 0.9779950890288822,
"std_TS_ap_8": 0.0068344594972714655,
"avg_TS_auc_8": 0.852245688888889,
"std_TS_auc_8": 0.058230679493787074,
"avg_TS_f1_9": 0.944310022161725,
"std_TS_f1_9": 0.015685801479515524,
"avg_TS_ap_9": 0.9861020954244939,
"std_TS_ap_9": 0.005158920405852259,
"avg_TS_auc_9": 0.8922636777777777,
"std_TS_auc_9": 0.04283658005454717,
"avg_TS_f1_all": 0.9349828481829239,
"std_TS_f1_all": 0.0038433810508927565,
"avg_TS_ap_all": 0.9774816293663584,
"std_TS_ap_all": 0.0017550109621257944,
"avg_TS_auc_all": 0.8400855344444442,
"std_TS_auc_all": 0.012181157649316888
}