{
"avg_TS_f1_0": 0.9507661215746553,
"std_TS_f1_0": 0.001960172572456495,
"avg_TS_ap_0": 0.9812680220128482,
"std_TS_ap_0": 0.00044117967264211837,
"avg_TS_auc_0": 0.8758472555555556,
"std_TS_auc_0": 0.0029453346942639584,
"avg_TS_f1_1": 0.9848776080152601,
"std_TS_f1_1": 0.0008850213595309125,
"avg_TS_ap_1": 0.993094738834625,
"std_TS_ap_1": 0.0006418557161681556,
"avg_TS_auc_1": 0.9640241222222222,
"std_TS_auc_1": 0.002191745474825988,
"avg_TS_f1_2": 0.9526994771314456,
"std_TS_f1_2": 0.0005084396729586015,
"avg_TS_ap_2": 0.9887062395235638,
"std_TS_ap_2": 0.0005448376585722693,
"avg_TS_auc_2": 0.9182694111111112,
"std_TS_auc_2": 0.002749382414737724,
"avg_TS_f1_3": 0.9348666666666666,
"std_TS_f1_3": 0.0027428020276649393,
"avg_TS_ap_3": 0.9706167930860266,
"std_TS_ap_3": 0.002294489066198696,
"avg_TS_auc_3": 0.8081239666666666,
"std_TS_auc_3": 0.014049529527582745,
"avg_TS_f1_4": 0.9397320159761963,
"std_TS_f1_4": 0.0013587104228052396,
"avg_TS_ap_4": 0.9851727286132848,
"std_TS_ap_4": 0.0009911995992839635,
"avg_TS_auc_4": 0.8911784666666668,
"std_TS_auc_4": 0.004306098541187808,
"avg_TS_f1_5": 0.9500422874756351,
"std_TS_f1_5": 0.0028615469462468512,
"avg_TS_ap_5": 0.9881545730902257,
"std_TS_ap_5": 0.000868669094115016,
"avg_TS_auc_5": 0.9106421888888889,
"std_TS_auc_5": 0.006700583684599541,
"avg_TS_f1_6": 0.9264412490276698,
"std_TS_f1_6": 0.0022596038446280886,
"avg_TS_ap_6": 0.9710838534774922,
"std_TS_ap_6": 0.002279395833473114,
"avg_TS_auc_6": 0.8005594222222223,
"std_TS_auc_6": 0.011895423286860364,
"avg_TS_f1_7": 0.9747333333333333,
"std_TS_f1_7": 0.0023826533606542567,
"avg_TS_ap_7": 0.9969722965791326,
"std_TS_ap_7": 0.00044134887935971367,
"avg_TS_auc_7": 0.9764482333333333,
"std_TS_auc_7": 0.00333169699232116,
"avg_TS_f1_8": 0.9447660215690995,
"std_TS_f1_8": 0.003692727376151007,
"avg_TS_ap_8": 0.9736736383967495,
"std_TS_ap_8": 0.003312729270930025,
"avg_TS_auc_8": 0.8431295777777779,
"std_TS_auc_8": 0.018129864673509098,
"avg_TS_f1_9": 0.9771663796136825,
"std_TS_f1_9": 0.0021097642909940176,
"avg_TS_ap_9": 0.996402643535861,
"std_TS_ap_9": 0.000694548296973093,
"avg_TS_auc_9": 0.9727432555555555,
"std_TS_auc_9": 0.004905228284364402,
"avg_TS_f1_all": 0.9536091160383645,
"std_TS_f1_all": 0.0007294716961408736,
"avg_TS_ap_all": 0.9845145527149809,
"std_TS_ap_all": 0.0007987083652643698,
"avg_TS_auc_all": 0.89609659,
"std_TS_auc_all": 0.0037438024652758336
}