{
"avg_TS_f1_0": 0.9606666666666668,
"std_TS_f1_0": 0.004949622756544061,
"avg_TS_ap_0": 0.9884622379716653,
"std_TS_ap_0": 0.0015110289014886504,
"avg_TS_auc_0": 0.9144620111111111,
"std_TS_auc_0": 0.012425655442850634,
"avg_TS_f1_1": 0.9911111111111112,
"std_TS_f1_1": 0.0006004113816047253,
"avg_TS_ap_1": 0.9967769826974877,
"std_TS_ap_1": 0.0012151899846771536,
"avg_TS_auc_1": 0.982597088888889,
"std_TS_auc_1": 0.005044950905877655,
"avg_TS_f1_2": 0.9504222222222222,
"std_TS_f1_2": 0.005333055548321415,
"avg_TS_ap_2": 0.9899191143326223,
"std_TS_ap_2": 0.0012310687206439756,
"avg_TS_auc_2": 0.9200365333333334,
"std_TS_auc_2": 0.010093463613242586,
"avg_TS_f1_3": 0.9272888888888889,
"std_TS_f1_3": 0.004486798192998174,
"avg_TS_ap_3": 0.9527335494717979,
"std_TS_ap_3": 0.016159459431173275,
"avg_TS_auc_3": 0.7423460666666667,
"std_TS_auc_3": 0.0576155273612317,
"avg_TS_f1_4": 0.9361214425492774,
"std_TS_f1_4": 0.003472350269198897,
"avg_TS_ap_4": 0.9855787864176605,
"std_TS_ap_4": 0.0007422182983558257,
"avg_TS_auc_4": 0.8842986666666667,
"std_TS_auc_4": 0.006003379514392477,
"avg_TS_f1_5": 0.9571777777777777,
"std_TS_f1_5": 0.015788040480763335,
"avg_TS_ap_5": 0.9935349783899559,
"std_TS_ap_5": 0.00326863279279613,
"avg_TS_auc_5": 0.9435809000000001,
"std_TS_auc_5": 0.028663143442717132,
"avg_TS_f1_6": 0.9250444444444443,
"std_TS_f1_6": 0.0012244424279071902,
"avg_TS_ap_6": 0.9735846684295121,
"std_TS_ap_6": 0.003732031756401992,
"avg_TS_auc_6": 0.8055907000000001,
"std_TS_auc_6": 0.017322850631199982,
"avg_TS_f1_7": 0.968311111111111,
"std_TS_f1_7": 0.006389961262658149,
"avg_TS_ap_7": 0.9971912616368135,
"std_TS_ap_7": 0.0008890150608664218,
"avg_TS_auc_7": 0.9746483000000001,
"std_TS_auc_7": 0.008022967089195896,
"avg_TS_f1_8": 0.9672876690680345,
"std_TS_f1_8": 0.03076094146277698,
"avg_TS_ap_8": 0.9582434299310021,
"std_TS_ap_8": 0.07522312568481114,
"avg_TS_auc_8": 0.8421404222222224,
"std_TS_auc_8": 0.2611296019548498,
"avg_TS_f1_9": 0.9761111111111112,
"std_TS_f1_9": 0.007649094193125634,
"avg_TS_ap_9": 0.9980691636427856,
"std_TS_ap_9": 0.0007496867271556564,
"avg_TS_auc_9": 0.9828383888888889,
"std_TS_auc_9": 0.007124761787917397,
"avg_TS_f1_all": 0.9559542444950644,
"std_TS_f1_all": 0.004603717499395942,
"avg_TS_ap_all": 0.9834094172921303,
"std_TS_ap_all": 0.007342814331544713,
"avg_TS_auc_all": 0.8992539077777778,
"std_TS_auc_all": 0.02796132717778423
}