{
"avg_TS_f1_0": 0.9557207610299339,
"std_TS_f1_0": 0.0013165750299315019,
"avg_TS_ap_0": 0.9852140271887565,
"std_TS_ap_0": 0.0003516074388773735,
"avg_TS_auc_0": 0.8986540777777778,
"std_TS_auc_0": 0.0032253038097113116,
"avg_TS_f1_1": 0.9901111111111112,
"std_TS_f1_1": 0.0005752079602464072,
"avg_TS_ap_1": 0.9962111484206113,
"std_TS_ap_1": 0.00023474848234031996,
"avg_TS_auc_1": 0.9793553444444445,
"std_TS_auc_1": 0.0012529210090085035,
"avg_TS_f1_2": 0.9544656517954702,
"std_TS_f1_2": 0.00047509051571921604,
"avg_TS_ap_2": 0.9907313526546858,
"std_TS_ap_2": 0.0001278735401577678,
"avg_TS_auc_2": 0.9284405666666666,
"std_TS_auc_2": 0.0009293217641024994,
"avg_TS_f1_3": 0.94520926718151,
"std_TS_f1_3": 0.0011216317448096836,
"avg_TS_ap_3": 0.9803504243499592,
"std_TS_ap_3": 0.0009213205263928202,
"avg_TS_auc_3": 0.8622923222222223,
"std_TS_auc_3": 0.005176157905337445,
"avg_TS_f1_4": 0.9439308380645214,
"std_TS_f1_4": 0.000805639789071854,
"avg_TS_ap_4": 0.9881663392670731,
"std_TS_ap_4": 0.00048766239211386864,
"avg_TS_auc_4": 0.9095650888888889,
"std_TS_auc_4": 0.002102080382107075,
"avg_TS_f1_5": 0.9579439758998957,
"std_TS_f1_5": 0.001047091827607854,
"avg_TS_ap_5": 0.991772839663378,
"std_TS_ap_5": 0.000733511450162549,
"avg_TS_auc_5": 0.9348432222222222,
"std_TS_auc_5": 0.004514006431700314,
"avg_TS_f1_6": 0.9275507329767878,
"std_TS_f1_6": 0.00041149512297495515,
"avg_TS_ap_6": 0.976086748998408,
"std_TS_ap_6": 0.0007215150495722723,
"avg_TS_auc_6": 0.8252145888888889,
"std_TS_auc_6": 0.003197047425398442,
"avg_TS_f1_7": 0.9757658832898125,
"std_TS_f1_7": 0.0009740337356447771,
"avg_TS_ap_7": 0.9977972340106964,
"std_TS_ap_7": 6.448618185617211e-05,
"avg_TS_auc_7": 0.9817701444444443,
"std_TS_auc_7": 0.0008546658292882832,
"avg_TS_f1_8": 0.9573314035964963,
"std_TS_f1_8": 0.002950397764320453,
"avg_TS_ap_8": 0.9807457670925681,
"std_TS_ap_8": 0.0005533910995619354,
"avg_TS_auc_8": 0.8858814666666666,
"std_TS_auc_8": 0.005260082382188238,
"avg_TS_f1_9": 0.9793995468884074,
"std_TS_f1_9": 0.00046247553124278745,
"avg_TS_ap_9": 0.9975772407963255,
"std_TS_ap_9": 0.00011459341164024876,
"avg_TS_auc_9": 0.9814668777777777,
"std_TS_auc_9": 0.0007714982284770048,
"avg_TS_f1_all": 0.9587429171833944,
"std_TS_f1_all": 0.0005059331873546056,
"avg_TS_ap_all": 0.9884653122442462,
"std_TS_ap_all": 0.0002530670175597542,
"avg_TS_auc_all": 0.91874837,
"std_TS_auc_all": 0.001470724360787844
}