{
"avg_TS_f1_0": 0.9364888888888888,
"std_TS_f1_0": 0.005427683952333598,
"avg_TS_ap_0": 0.9734614339545832,
"std_TS_ap_0": 0.0019844007716972724,
"avg_TS_auc_0": 0.825487188888889,
"std_TS_auc_0": 0.00990418994965092,
"avg_TS_f1_1": 0.9664996228185515,
"std_TS_f1_1": 0.013337697065159197,
"avg_TS_ap_1": 0.9904608612285888,
"std_TS_ap_1": 0.0032993186327292573,
"avg_TS_auc_1": 0.9386934333333332,
"std_TS_auc_1": 0.02647195537781794,
"avg_TS_f1_2": 0.9413437894697854,
"std_TS_f1_2": 0.006422828490998562,
"avg_TS_ap_2": 0.978333406615487,
"std_TS_ap_2": 0.004936818562884245,
"avg_TS_auc_2": 0.8586413888888889,
"std_TS_auc_2": 0.025538378714141503,
"avg_TS_f1_3": 0.9112748090943326,
"std_TS_f1_3": 0.009016286619653936,
"avg_TS_ap_3": 0.9557962275811966,
"std_TS_ap_3": 0.009996693588852525,
"avg_TS_auc_3": 0.7017978444444444,
"std_TS_auc_3": 0.052429672630204094,
"avg_TS_f1_4": 0.918888888888889,
"std_TS_f1_4": 0.004915583684870278,
"avg_TS_ap_4": 0.9641301160122456,
"std_TS_ap_4": 0.008845756141622611,
"avg_TS_auc_4": 0.7519713222222222,
"std_TS_auc_4": 0.04776501765874269,
"avg_TS_f1_5": 0.9170101338963276,
"std_TS_f1_5": 0.006548041661284761,
"avg_TS_ap_5": 0.9586505831908145,
"std_TS_ap_5": 0.01749746838529845,
"avg_TS_auc_5": 0.7290764333333334,
"std_TS_auc_5": 0.07941104071774786,
"avg_TS_f1_6": 0.9121111111111112,
"std_TS_f1_6": 0.006236887479512365,
"avg_TS_ap_6": 0.9525502062904531,
"std_TS_ap_6": 0.017127532670840332,
"avg_TS_auc_6": 0.6962256888888889,
"std_TS_auc_6": 0.08256225933320384,
"avg_TS_f1_7": 0.9411318060879926,
"std_TS_f1_7": 0.00909629558664348,
"avg_TS_ap_7": 0.9834935037443,
"std_TS_ap_7": 0.007121341296835968,
"avg_TS_auc_7": 0.8766121444444444,
"std_TS_auc_7": 0.047008167408448695,
"avg_TS_f1_8": 0.9060100437678635,
"std_TS_f1_8": 0.01109187096154181,
"avg_TS_ap_8": 0.927574798555478,
"std_TS_ap_8": 0.029800801166855014,
"avg_TS_auc_8": 0.5977007111111111,
"std_TS_auc_8": 0.10906466132130119,
"avg_TS_f1_9": 0.9346,
"std_TS_f1_9": 0.025385190588895885,
"avg_TS_ap_9": 0.9829164968690398,
"std_TS_ap_9": 0.010735240471817729,
"avg_TS_auc_9": 0.8623878111111111,
"std_TS_auc_9": 0.08518800467848729,
"avg_TS_f1_all": 0.9285359094023743,
"std_TS_f1_all": 0.004161092920197792,
"avg_TS_ap_all": 0.9667367634042187,
"std_TS_ap_all": 0.007464647341225784,
"avg_TS_auc_all": 0.7838593966666666,
"std_TS_auc_all": 0.03410933999465713
}