{
"avg_TS_f1_0": 0.9474643381422425,
"std_TS_f1_0": 0.0004957484566432538,
"avg_TS_ap_0": 0.9830719249618831,
"std_TS_ap_0": 0.0003293305902749749,
"avg_TS_auc_0": 0.872066711111111,
"std_TS_auc_0": 0.002296842469592415,
"avg_TS_f1_1": 0.9824881035940158,
"std_TS_f1_1": 0.00047350152453524925,
"avg_TS_ap_1": 0.9944102054893292,
"std_TS_ap_1": 0.0008718287297581943,
"avg_TS_auc_1": 0.9623580444444444,
"std_TS_auc_1": 0.0035100173358581163,
"avg_TS_f1_2": 0.9520200986474558,
"std_TS_f1_2": 0.000591012927832392,
"avg_TS_ap_2": 0.9888046271988801,
"std_TS_ap_2": 0.00038958185635796865,
"avg_TS_auc_2": 0.9107151666666666,
"std_TS_auc_2": 0.002812552092905818,
"avg_TS_f1_3": 0.9296842180864452,
"std_TS_f1_3": 0.0013693679939781843,
"avg_TS_ap_3": 0.9766877325331341,
"std_TS_ap_3": 0.0002330450408017731,
"avg_TS_auc_3": 0.8186976111111111,
"std_TS_auc_3": 0.002354001391117434,
"avg_TS_f1_4": 0.9395750936780438,
"std_TS_f1_4": 0.0013982493850622465,
"avg_TS_ap_4": 0.9866136439528812,
"std_TS_ap_4": 0.0002769665915383776,
"avg_TS_auc_4": 0.890798,
"std_TS_auc_4": 0.002371316628862741,
"avg_TS_f1_5": 0.9479193288516029,
"std_TS_f1_5": 0.0038314683348480037,
"avg_TS_ap_5": 0.9913129502836954,
"std_TS_ap_5": 0.0009245141167417566,
"avg_TS_auc_5": 0.9249657444444445,
"std_TS_auc_5": 0.008130454554176623,
"avg_TS_f1_6": 0.925871939235182,
"std_TS_f1_6": 0.0013111617331801218,
"avg_TS_ap_6": 0.9761462962779801,
"std_TS_ap_6": 0.00044314214257444075,
"avg_TS_auc_6": 0.8153714555555556,
"std_TS_auc_6": 0.0031775908788083886,
"avg_TS_f1_7": 0.9718438370032902,
"std_TS_f1_7": 0.0016003834859524121,
"avg_TS_ap_7": 0.9972436826655506,
"std_TS_ap_7": 0.0002783209820543548,
"avg_TS_auc_7": 0.9759543777777777,
"std_TS_auc_7": 0.002449868447816104,
"avg_TS_f1_8": 0.9285952552055265,
"std_TS_f1_8": 0.0012788811461555735,
"avg_TS_ap_8": 0.9605858700163825,
"std_TS_ap_8": 0.0007360245206256928,
"avg_TS_auc_8": 0.7597958222222223,
"std_TS_auc_8": 0.003434739067380177,
"avg_TS_f1_9": 0.9778884135538395,
"std_TS_f1_9": 0.0011191188730348548,
"avg_TS_ap_9": 0.9960471545306226,
"std_TS_ap_9": 0.0009589081466492478,
"avg_TS_auc_9": 0.9716622333333336,
"std_TS_auc_9": 0.00533513188486363,
"avg_TS_f1_all": 0.9503350625997644,
"std_TS_f1_all": 0.00020497139259889605,
"avg_TS_ap_all": 0.985092408791034,
"std_TS_ap_all": 0.00019352979422424083,
"avg_TS_auc_all": 0.8902385166666666,
"std_TS_auc_all": 0.0010422515897781249
}