{
"avg_TS_f1_0": 0.9449661092282906,
"std_TS_f1_0": 0.004066910460608517,
"avg_TS_ap_0": 0.9838484498313995,
"std_TS_ap_0": 0.0024566412755366216,
"avg_TS_auc_0": 0.8806533111111111,
"std_TS_auc_0": 0.016114557623718617,
"avg_TS_f1_1": 0.9763111111111111,
"std_TS_f1_1": 0.005345541582928263,
"avg_TS_ap_1": 0.9933222711243126,
"std_TS_ap_1": 0.0019184586621061076,
"avg_TS_auc_1": 0.958233511111111,
"std_TS_auc_1": 0.013877426125933482,
"avg_TS_f1_2": 0.9228888888888889,
"std_TS_f1_2": 0.004096972685433119,
"avg_TS_ap_2": 0.9730288478299961,
"std_TS_ap_2": 0.006103882755525356,
"avg_TS_auc_2": 0.8022924222222223,
"std_TS_auc_2": 0.03555164298572838,
"avg_TS_f1_3": 0.9343333333333333,
"std_TS_f1_3": 0.004858999541388118,
"avg_TS_ap_3": 0.9728632911032717,
"std_TS_ap_3": 0.004693598353625856,
"avg_TS_auc_3": 0.8151166999999999,
"std_TS_auc_3": 0.02342011687743234,
"avg_TS_f1_4": 0.9274222222222221,
"std_TS_f1_4": 0.0018848322452124386,
"avg_TS_ap_4": 0.9828390156962685,
"std_TS_ap_4": 0.0009267971024242499,
"avg_TS_auc_4": 0.8627313777777778,
"std_TS_auc_4": 0.006231922781915181,
"avg_TS_f1_5": 0.9328,
"std_TS_f1_5": 0.006081910031365929,
"avg_TS_ap_5": 0.9860780057410994,
"std_TS_ap_5": 0.0027176185110381413,
"avg_TS_auc_5": 0.8851964444444445,
"std_TS_auc_5": 0.020141999975881134,
"avg_TS_f1_6": 0.9099999999999999,
"std_TS_f1_6": 0.0011716823401301695,
"avg_TS_ap_6": 0.966876829658327,
"std_TS_ap_6": 0.0013887122178139674,
"avg_TS_auc_6": 0.7489521888888888,
"std_TS_auc_6": 0.007635651234088842,
"avg_TS_f1_7": 0.9565555555555555,
"std_TS_f1_7": 0.003284832333132091,
"avg_TS_ap_7": 0.993893853218481,
"std_TS_ap_7": 0.0012990012809649314,
"avg_TS_auc_7": 0.9470800111111111,
"std_TS_auc_7": 0.01016854811287976,
"avg_TS_f1_8": 0.9523322826576784,
"std_TS_f1_8": 0.008349586136018163,
"avg_TS_ap_8": 0.9840883147532307,
"std_TS_ap_8": 0.004044165416544893,
"avg_TS_auc_8": 0.8942663999999999,
"std_TS_auc_8": 0.02703467192624592,
"avg_TS_f1_9": 0.9588222222222221,
"std_TS_f1_9": 0.0071694137715130135,
"avg_TS_ap_9": 0.990456862954883,
"std_TS_ap_9": 0.0025009889504071948,
"avg_TS_auc_9": 0.9280139000000002,
"std_TS_auc_9": 0.018017428851641145,
"avg_TS_f1_all": 0.9416431725219301,
"std_TS_f1_all": 0.0028456673002005134,
"avg_TS_ap_all": 0.9827295741911269,
"std_TS_ap_all": 0.0011355534356328007,
"avg_TS_auc_all": 0.8722536266666667,
"std_TS_auc_all": 0.008539112857044182
}