{
"avg_TS_f1_0": 0.9483333333333335,
"std_TS_f1_0": 0.0015993825969285718,
"avg_TS_ap_0": 0.9772441925635548,
"std_TS_ap_0": 0.0011901305853245362,
"avg_TS_auc_0": 0.8576558999999999,
"std_TS_auc_0": 0.005851976915876455,
"avg_TS_f1_1": 0.9833220425826126,
"std_TS_f1_1": 0.0017307143187239673,
"avg_TS_ap_1": 0.9916993334956825,
"std_TS_ap_1": 0.0005825578812241857,
"avg_TS_auc_1": 0.9577076666666666,
"std_TS_auc_1": 0.002792438420466787,
"avg_TS_f1_2": 0.9527111111111111,
"std_TS_f1_2": 0.0018319523418244485,
"avg_TS_ap_2": 0.9880355095221578,
"std_TS_ap_2": 0.0007176775232172164,
"avg_TS_auc_2": 0.9138966777777778,
"std_TS_auc_2": 0.0032578229946838987,
"avg_TS_f1_3": 0.9291436388441333,
"std_TS_f1_3": 0.0016366739163912903,
"avg_TS_ap_3": 0.9655506592110242,
"std_TS_ap_3": 0.0025777719421942696,
"avg_TS_auc_3": 0.7833232666666667,
"std_TS_auc_3": 0.012612888577449737,
"avg_TS_f1_4": 0.9408104573710885,
"std_TS_f1_4": 0.0008743426669877123,
"avg_TS_ap_4": 0.985104776270813,
"std_TS_ap_4": 0.0005782459204436005,
"avg_TS_auc_4": 0.8900781666666667,
"std_TS_auc_4": 0.0043620693127103365,
"avg_TS_f1_5": 0.9471216376218432,
"std_TS_f1_5": 0.0013481347699467196,
"avg_TS_ap_5": 0.9842451001822434,
"std_TS_ap_5": 0.0012089371706188216,
"avg_TS_auc_5": 0.8852636666666666,
"std_TS_auc_5": 0.008204078036464271,
"avg_TS_f1_6": 0.9242633109246811,
"std_TS_f1_6": 0.000879943906945807,
"avg_TS_ap_6": 0.9693266092129532,
"std_TS_ap_6": 0.0012503550916986759,
"avg_TS_auc_6": 0.7936082666666666,
"std_TS_auc_6": 0.005230005528807579,
"avg_TS_f1_7": 0.9705441302294572,
"std_TS_f1_7": 0.0016988742814911997,
"avg_TS_ap_7": 0.996281150672786,
"std_TS_ap_7": 0.00019549608576716973,
"avg_TS_auc_7": 0.9704684111111112,
"std_TS_auc_7": 0.001734518830563754,
"avg_TS_f1_8": 0.9410549549049021,
"std_TS_f1_8": 0.004238163475974171,
"avg_TS_ap_8": 0.9652898683470001,
"std_TS_ap_8": 0.0020875412854654348,
"avg_TS_auc_8": 0.8050684222222223,
"std_TS_auc_8": 0.011464699159992644,
"avg_TS_f1_9": 0.9746888888888889,
"std_TS_f1_9": 0.0018913709183069358,
"avg_TS_ap_9": 0.9956282652266999,
"std_TS_ap_9": 0.00060719961777386,
"avg_TS_auc_9": 0.9671683333333334,
"std_TS_auc_9": 0.004306090807159735,
"avg_TS_f1_all": 0.9511993505812052,
"std_TS_f1_all": 0.0006847536310975432,
"avg_TS_ap_all": 0.9818405464704917,
"std_TS_ap_all": 0.00048766939427174154,
"avg_TS_auc_all": 0.8824238777777778,
"std_TS_auc_all": 0.0021032535431305837
}