{
"avg_TS_f1_0": 0.9412405268702775,
"std_TS_f1_0": 0.0003875188740370772,
"avg_TS_ap_0": 0.9769788339135917,
"std_TS_ap_0": 0.001578198741468463,
"avg_TS_auc_0": 0.837489711111111,
"std_TS_auc_0": 0.007161497351483688,
"avg_TS_f1_1": 0.9759209042188182,
"std_TS_f1_1": 0.0010863461972794406,
"avg_TS_ap_1": 0.9906798196785382,
"std_TS_ap_1": 0.0004860887497533484,
"avg_TS_auc_1": 0.9446668333333335,
"std_TS_auc_1": 0.0021713461202843573,
"avg_TS_f1_2": 0.9483766542585699,
"std_TS_f1_2": 0.0010336732375534664,
"avg_TS_ap_2": 0.9864139297714448,
"std_TS_ap_2": 0.0010607984836297827,
"avg_TS_auc_2": 0.8954939444444445,
"std_TS_auc_2": 0.006099667638081779,
"avg_TS_f1_3": 0.9205297973344198,
"std_TS_f1_3": 0.0008693525562354803,
"avg_TS_ap_3": 0.966401812392764,
"std_TS_ap_3": 0.0028582166969788603,
"avg_TS_auc_3": 0.7590333777777778,
"std_TS_auc_3": 0.01246756037900748,
"avg_TS_f1_4": 0.9369853880771155,
"std_TS_f1_4": 0.0017980411006095162,
"avg_TS_ap_4": 0.9851203681209567,
"std_TS_ap_4": 0.0006629793001746665,
"avg_TS_auc_4": 0.8809725777777778,
"std_TS_auc_4": 0.004427537269447386,
"avg_TS_f1_5": 0.9265506527226719,
"std_TS_f1_5": 0.002069510504850641,
"avg_TS_ap_5": 0.9754002263224757,
"std_TS_ap_5": 0.0010177044595378116,
"avg_TS_auc_5": 0.8142820888888889,
"std_TS_auc_5": 0.007090752360837029,
"avg_TS_f1_6": 0.9226837623933524,
"std_TS_f1_6": 0.0009494367036170086,
"avg_TS_ap_6": 0.9718446440170936,
"std_TS_ap_6": 0.0030889626600403507,
"avg_TS_auc_6": 0.7916344888888889,
"std_TS_auc_6": 0.014212008212732118,
"avg_TS_f1_7": 0.9631991974862801,
"std_TS_f1_7": 0.001187265052736938,
"avg_TS_ap_7": 0.9939782987133408,
"std_TS_ap_7": 4.9139874925442864e-05,
"avg_TS_auc_7": 0.9518144555555554,
"std_TS_auc_7": 0.0006360863938914286,
"avg_TS_f1_8": 0.9189741825163127,
"std_TS_f1_8": 0.0008156491022932558,
"avg_TS_ap_8": 0.9464841193285206,
"std_TS_ap_8": 0.0010555257168763754,
"avg_TS_auc_8": 0.6914140555555557,
"std_TS_auc_8": 0.0041394967851863616,
"avg_TS_f1_9": 0.9702767857473564,
"std_TS_f1_9": 0.0007528271194601733,
"avg_TS_ap_9": 0.9931184950127447,
"std_TS_ap_9": 0.0007099351163873831,
"avg_TS_auc_9": 0.9496415666666665,
"std_TS_auc_9": 0.0039007855819116178,
"avg_TS_f1_all": 0.9424737851625175,
"std_TS_f1_all": 0.0005818940524697494,
"avg_TS_ap_all": 0.978642054727147,
"std_TS_ap_all": 0.0005429332213570025,
"avg_TS_auc_all": 0.85164431,
"std_TS_auc_all": 0.0022867455052449593
}