{
"avg_TS_f1_0": 0.9483427239784927,
"std_TS_f1_0": 0.0011196065089938971,
"avg_TS_ap_0": 0.9805628095027543,
"std_TS_ap_0": 0.00027381716997622644,
"avg_TS_auc_0": 0.8658629444444446,
"std_TS_auc_0": 0.0020509704107875715,
"avg_TS_f1_1": 0.9841552246729754,
"std_TS_f1_1": 0.0010880541251755654,
"avg_TS_ap_1": 0.9936832776509185,
"std_TS_ap_1": 0.00029150509972632497,
"avg_TS_auc_1": 0.964962088888889,
"std_TS_auc_1": 0.0019290024990863586,
"avg_TS_f1_2": 0.9526412948291302,
"std_TS_f1_2": 0.0010165999677850435,
"avg_TS_ap_2": 0.9883068962680589,
"std_TS_ap_2": 0.0007357344452842143,
"avg_TS_auc_2": 0.9105474222222222,
"std_TS_auc_2": 0.0037519134729026298,
"avg_TS_f1_3": 0.9313628731611197,
"std_TS_f1_3": 0.0013083287450773157,
"avg_TS_ap_3": 0.9718485707192956,
"std_TS_ap_3": 0.00099860541744947,
"avg_TS_auc_3": 0.8017765777777779,
"std_TS_auc_3": 0.005628332609438576,
"avg_TS_f1_4": 0.9417215549011981,
"std_TS_f1_4": 0.001259003783801483,
"avg_TS_ap_4": 0.9861664304675373,
"std_TS_ap_4": 0.0002692374111021683,
"avg_TS_auc_4": 0.8931235555555554,
"std_TS_auc_4": 0.0026733848473377373,
"avg_TS_f1_5": 0.9463427066288247,
"std_TS_f1_5": 0.0024267336272925807,
"avg_TS_ap_5": 0.9871217613680573,
"std_TS_ap_5": 0.00104433613584661,
"avg_TS_auc_5": 0.8975207444444445,
"std_TS_auc_5": 0.0077876052393340885,
"avg_TS_f1_6": 0.925641131914736,
"std_TS_f1_6": 0.0012720457239829767,
"avg_TS_ap_6": 0.9727674810807223,
"std_TS_ap_6": 0.0002306523613267443,
"avg_TS_auc_6": 0.8039200666666666,
"std_TS_auc_6": 0.001957514072099914,
"avg_TS_f1_7": 0.9722222222222221,
"std_TS_f1_7": 0.0007436978013636646,
"avg_TS_ap_7": 0.9968305186288354,
"std_TS_ap_7": 0.00013433927614282747,
"avg_TS_auc_7": 0.9735286777777779,
"std_TS_auc_7": 0.0011181811363013942,
"avg_TS_f1_8": 0.9340533683970097,
"std_TS_f1_8": 0.0025978096206538755,
"avg_TS_ap_8": 0.9638152453902166,
"std_TS_ap_8": 0.00243166271826921,
"avg_TS_auc_8": 0.7832787111111111,
"std_TS_auc_8": 0.012196032376864625,
"avg_TS_f1_9": 0.9776222222222222,
"std_TS_f1_9": 0.0009802997777827805,
"avg_TS_ap_9": 0.9966189142465154,
"std_TS_ap_9": 0.00021569121639132335,
"avg_TS_auc_9": 0.9736171111111112,
"std_TS_auc_9": 0.0013810017553023129,
"avg_TS_f1_all": 0.9514105322927933,
"std_TS_f1_all": 0.00037770204764874004,
"avg_TS_ap_all": 0.9837721905322911,
"std_TS_ap_all": 0.0002213466163076472,
"avg_TS_auc_all": 0.88681379,
"std_TS_auc_all": 0.0006333502047401557
}