{
"avg_TS_f1_0": 0.943264103561309,
"std_TS_f1_0": 0.0019155932482758456,
"avg_TS_ap_0": 0.9801258033062691,
"std_TS_ap_0": 0.0006482973750849898,
"avg_TS_auc_0": 0.8553068555555555,
"std_TS_auc_0": 0.004815452430521702,
"avg_TS_f1_1": 0.9688212320437556,
"std_TS_f1_1": 0.01731079961032018,
"avg_TS_ap_1": 0.9866518145429021,
"std_TS_ap_1": 0.012509209164619837,
"avg_TS_auc_1": 0.9128402444444446,
"std_TS_auc_1": 0.07745612346629173,
"avg_TS_f1_2": 0.9453085640560278,
"std_TS_f1_2": 0.006513968940901278,
"avg_TS_ap_2": 0.9857973951575836,
"std_TS_ap_2": 0.0034724268951053473,
"avg_TS_auc_2": 0.8903844777777777,
"std_TS_auc_2": 0.02389024367382151,
"avg_TS_f1_3": 0.9240068780618019,
"std_TS_f1_3": 0.0028755300406916053,
"avg_TS_ap_3": 0.9720779605318913,
"std_TS_ap_3": 0.0017760954383012775,
"avg_TS_auc_3": 0.7899579444444444,
"std_TS_auc_3": 0.011996486199953697,
"avg_TS_f1_4": 0.9317082985282358,
"std_TS_f1_4": 0.0075918252022863205,
"avg_TS_ap_4": 0.9798475927115545,
"std_TS_ap_4": 0.005425995401366428,
"avg_TS_auc_4": 0.8457355777777777,
"std_TS_auc_4": 0.03878452245834324,
"avg_TS_f1_5": 0.9434640405178802,
"std_TS_f1_5": 0.005582625824071885,
"avg_TS_ap_5": 0.9870883232178318,
"std_TS_ap_5": 0.003332859308976778,
"avg_TS_auc_5": 0.8988825555555555,
"std_TS_auc_5": 0.024762227084566796,
"avg_TS_f1_6": 0.9254308782586687,
"std_TS_f1_6": 0.002679585999133015,
"avg_TS_ap_6": 0.9752390734890881,
"std_TS_ap_6": 0.0023039685662590574,
"avg_TS_auc_6": 0.8117337444444445,
"std_TS_auc_6": 0.015012247884977167,
"avg_TS_f1_7": 0.9675325900821651,
"std_TS_f1_7": 0.0023549000637042806,
"avg_TS_ap_7": 0.9954671920392837,
"std_TS_ap_7": 0.0005948254489999115,
"avg_TS_auc_7": 0.9639246777777777,
"std_TS_auc_7": 0.0033959576989542185,
"avg_TS_f1_8": 0.9334859652696755,
"std_TS_f1_8": 0.008715501407083976,
"avg_TS_ap_8": 0.9493504017848258,
"std_TS_ap_8": 0.010738548022276117,
"avg_TS_auc_8": 0.7357141333333335,
"std_TS_auc_8": 0.05620346110210915,
"avg_TS_f1_9": 0.9733988233914228,
"std_TS_f1_9": 0.005130942227755732,
"avg_TS_ap_9": 0.9895477745986836,
"std_TS_ap_9": 0.004211644774649097,
"avg_TS_auc_9": 0.9373318888888889,
"std_TS_auc_9": 0.02251587569537612,
"avg_TS_f1_all": 0.945642137377094,
"std_TS_f1_all": 0.0037254354710655442,
"avg_TS_ap_all": 0.9801193331379915,
"std_TS_ap_all": 0.002396955274222931,
"avg_TS_auc_all": 0.8641812099999999,
"std_TS_auc_all": 0.016096378157109112
}