{
"avg_TS_f1_0": 0.9142990462433097,
"std_TS_f1_0": 0.014610828428136446,
"avg_TS_ap_0": 0.9283081615822744,
"std_TS_ap_0": 0.041529513425025484,
"avg_TS_auc_0": 0.6282006888888889,
"std_TS_auc_0": 0.1439496980228592,
"avg_TS_f1_1": 0.9670222222222223,
"std_TS_f1_1": 0.015335168972248348,
"avg_TS_ap_1": 0.9880111986285938,
"std_TS_ap_1": 0.005148158074538461,
"avg_TS_auc_1": 0.9272797333333334,
"std_TS_auc_1": 0.03358680367602877,
"avg_TS_f1_2": 0.9284653925218068,
"std_TS_f1_2": 0.0204151475061384,
"avg_TS_ap_2": 0.9523940016679184,
"std_TS_ap_2": 0.04558711276746858,
"avg_TS_auc_2": 0.7464832666666668,
"std_TS_auc_2": 0.1521800160775787,
"avg_TS_f1_3": 0.9124423714897741,
"std_TS_f1_3": 0.005637880865254986,
"avg_TS_ap_3": 0.9147639666948274,
"std_TS_ap_3": 0.021918066027282274,
"avg_TS_auc_3": 0.5916977555555556,
"std_TS_auc_3": 0.06446961552915674,
"avg_TS_f1_4": 0.9185537073047267,
"std_TS_f1_4": 0.0017778558231562487,
"avg_TS_ap_4": 0.9308458988159005,
"std_TS_ap_4": 0.0360545152368571,
"avg_TS_auc_4": 0.6753312666666667,
"std_TS_auc_4": 0.10127747699594149,
"avg_TS_f1_5": 0.9260546622960535,
"std_TS_f1_5": 0.019339185838776016,
"avg_TS_ap_5": 0.9491187725055186,
"std_TS_ap_5": 0.046097941950146895,
"avg_TS_auc_5": 0.746281688888889,
"std_TS_auc_5": 0.17201018888895597,
"avg_TS_f1_6": 0.909121137594064,
"std_TS_f1_6": 0.008205255387238741,
"avg_TS_ap_6": 0.9233229843746992,
"std_TS_ap_6": 0.02094298313793508,
"avg_TS_auc_6": 0.5930318444444445,
"std_TS_auc_6": 0.058834269403637084,
"avg_TS_f1_7": 0.9400222222222222,
"std_TS_f1_7": 0.007144504924575509,
"avg_TS_ap_7": 0.9876957768307962,
"std_TS_ap_7": 0.006936990042190381,
"avg_TS_auc_7": 0.9056858333333333,
"std_TS_auc_7": 0.034621681658470835,
"avg_TS_f1_8": 0.8997756504991017,
"std_TS_f1_8": 0.008222473116071936,
"avg_TS_ap_8": 0.8971679622718828,
"std_TS_ap_8": 0.038853258925257435,
"avg_TS_auc_8": 0.4957102222222223,
"std_TS_auc_8": 0.09665349520459257,
"avg_TS_f1_9": 0.9328104672481803,
"std_TS_f1_9": 0.008315533497500518,
"avg_TS_ap_9": 0.9695170536287362,
"std_TS_ap_9": 0.01797027513525754,
"avg_TS_auc_9": 0.8229337888888889,
"std_TS_auc_9": 0.0520191790731191,
"avg_TS_f1_all": 0.9248566879641462,
"std_TS_f1_all": 0.005297945041356383,
"avg_TS_ap_all": 0.9441145777001149,
"std_TS_ap_all": 0.013242577487061051,
"avg_TS_auc_all": 0.7132636088888888,
"std_TS_auc_all": 0.03972598818162153
}