{
"avg_TS_f1_0": 0.9474666666666668,
"std_TS_f1_0": 0.003395276311961645,
"avg_TS_ap_0": 0.9786721449769251,
"std_TS_ap_0": 0.002844752204531241,
"avg_TS_auc_0": 0.8587457666666667,
"std_TS_auc_0": 0.015652220655269174,
"avg_TS_f1_1": 0.9881777777777778,
"std_TS_f1_1": 0.001978401899027107,
"avg_TS_ap_1": 0.9949720292876132,
"std_TS_ap_1": 0.001473779305068305,
"avg_TS_auc_1": 0.9735117888888889,
"std_TS_auc_1": 0.005210842025556792,
"avg_TS_f1_2": 0.9361659487255466,
"std_TS_f1_2": 0.003670520916345175,
"avg_TS_ap_2": 0.9812206336982892,
"std_TS_ap_2": 0.003168143054982335,
"avg_TS_auc_2": 0.8555810555555554,
"std_TS_auc_2": 0.022445203827995117,
"avg_TS_f1_3": 0.9106,
"std_TS_f1_3": 0.004163687824068469,
"avg_TS_ap_3": 0.9486062787120684,
"std_TS_ap_3": 0.005962537407854919,
"avg_TS_auc_3": 0.674875,
"std_TS_auc_3": 0.02970102209898998,
"avg_TS_f1_4": 0.9290222222222223,
"std_TS_f1_4": 0.0023448393558916036,
"avg_TS_ap_4": 0.9805653877596466,
"std_TS_ap_4": 0.002297151535134317,
"avg_TS_auc_4": 0.8471220222222222,
"std_TS_auc_4": 0.015727130603765623,
"avg_TS_f1_5": 0.9505777777777779,
"std_TS_f1_5": 0.0034672364204163778,
"avg_TS_ap_5": 0.9913305142679507,
"std_TS_ap_5": 0.0013558587008319768,
"avg_TS_auc_5": 0.9281375666666666,
"std_TS_auc_5": 0.009799971856812755,
"avg_TS_f1_6": 0.9244,
"std_TS_f1_6": 0.0023334391510397095,
"avg_TS_ap_6": 0.9733716864647791,
"std_TS_ap_6": 0.0035166933138487755,
"avg_TS_auc_6": 0.8015778777777778,
"std_TS_auc_6": 0.020241450350471868,
"avg_TS_f1_7": 0.9448888888888888,
"std_TS_f1_7": 0.005247927280435667,
"avg_TS_ap_7": 0.9898118519370549,
"std_TS_ap_7": 0.0019277847760289257,
"avg_TS_auc_7": 0.9143459999999999,
"std_TS_auc_7": 0.014488532546231505,
"avg_TS_f1_8": 0.9365111111111112,
"std_TS_f1_8": 0.004784026920936678,
"avg_TS_ap_8": 0.9690078169750469,
"std_TS_ap_8": 0.007134059906044091,
"avg_TS_auc_8": 0.8087605555555555,
"std_TS_auc_8": 0.01951696161693182,
"avg_TS_f1_9": 0.947677251205314,
"std_TS_f1_9": 0.008339715521338407,
"avg_TS_ap_9": 0.9861454838265052,
"std_TS_ap_9": 0.007376703676963878,
"avg_TS_auc_9": 0.8944927222222223,
"std_TS_auc_9": 0.05011204565765663,
"avg_TS_f1_all": 0.9415487644375304,
"std_TS_f1_all": 0.0015484791267496743,
"avg_TS_ap_all": 0.979370382790588,
"std_TS_ap_all": 0.0016226392978100012,
"avg_TS_auc_all": 0.8557150355555555,
"std_TS_auc_all": 0.008505542011499835
}