{
"avg_TS_f1_0": 0.941320264706064,
"std_TS_f1_0": 0.0008311839884940053,
"avg_TS_ap_0": 0.978859096290188,
"std_TS_ap_0": 0.000902762531359528,
"avg_TS_auc_0": 0.8458610111111111,
"std_TS_auc_0": 0.004073435667381555,
"avg_TS_f1_1": 0.9759219685044231,
"std_TS_f1_1": 0.0009731511203648554,
"avg_TS_ap_1": 0.9903685450150792,
"std_TS_ap_1": 0.0005226726124963854,
"avg_TS_auc_1": 0.9424212777777778,
"std_TS_auc_1": 0.0016055545624756558,
"avg_TS_f1_2": 0.9483977232684326,
"std_TS_f1_2": 0.0012561790176584663,
"avg_TS_ap_2": 0.9869897240889351,
"std_TS_ap_2": 0.00045707494589298484,
"avg_TS_auc_2": 0.8982394333333333,
"std_TS_auc_2": 0.0030581164675154166,
"avg_TS_f1_3": 0.92101694889467,
"std_TS_f1_3": 0.0006644661800117218,
"avg_TS_ap_3": 0.9681174786778708,
"std_TS_ap_3": 0.0026572066791610348,
"avg_TS_auc_3": 0.7668634222222221,
"std_TS_auc_3": 0.01200255922471187,
"avg_TS_f1_4": 0.9377868251939923,
"std_TS_f1_4": 0.0014658907467626939,
"avg_TS_ap_4": 0.9852923529905476,
"std_TS_ap_4": 0.0004582138342088578,
"avg_TS_auc_4": 0.8819998222222221,
"std_TS_auc_4": 0.0035522920101232146,
"avg_TS_f1_5": 0.9261078454975893,
"std_TS_f1_5": 0.002037339457917952,
"avg_TS_ap_5": 0.9757960994490784,
"std_TS_ap_5": 0.0016372013164886899,
"avg_TS_auc_5": 0.8161390222222222,
"std_TS_auc_5": 0.010966401938130933,
"avg_TS_f1_6": 0.922970946155044,
"std_TS_f1_6": 0.0009748833365069647,
"avg_TS_ap_6": 0.9710814162895002,
"std_TS_ap_6": 0.0025349167079604744,
"avg_TS_auc_6": 0.7883049777777777,
"std_TS_auc_6": 0.010667326263437256,
"avg_TS_f1_7": 0.9636214123006834,
"std_TS_f1_7": 0.0005205520201666219,
"avg_TS_ap_7": 0.9939328895987254,
"std_TS_ap_7": 0.00033987401062192054,
"avg_TS_auc_7": 0.9513520222222223,
"std_TS_auc_7": 0.002420708454253418,
"avg_TS_f1_8": 0.9185057094793224,
"std_TS_f1_8": 0.001761973208861467,
"avg_TS_ap_8": 0.946598564764374,
"std_TS_ap_8": 0.0019919630120219835,
"avg_TS_auc_8": 0.6900877333333334,
"std_TS_auc_8": 0.008664539766823427,
"avg_TS_f1_9": 0.9709986851121359,
"std_TS_f1_9": 0.0014095350299307633,
"avg_TS_ap_9": 0.993131214284993,
"std_TS_ap_9": 0.0008124924335600145,
"avg_TS_auc_9": 0.9501201333333334,
"std_TS_auc_9": 0.005182077556180732,
"avg_TS_f1_all": 0.9426648329112357,
"std_TS_f1_all": 0.00041029518036030484,
"avg_TS_ap_all": 0.9790167381449292,
"std_TS_ap_all": 0.00038390771236168153,
"avg_TS_auc_all": 0.8531388855555555,
"std_TS_auc_all": 0.002068721364170428
}