{
"avg_TS_f1_0": 0.9220888888888888,
"std_TS_f1_0": 0.0029668123143606513,
"avg_TS_ap_0": 0.9595223464583974,
"std_TS_ap_0": 0.003888342860242712,
"avg_TS_auc_0": 0.7305105222222222,
"std_TS_auc_0": 0.017852789946112058,
"avg_TS_f1_1": 0.9568000000000001,
"std_TS_f1_1": 0.008555238089348086,
"avg_TS_ap_1": 0.9857223281513429,
"std_TS_ap_1": 0.005113819765111272,
"avg_TS_auc_1": 0.9092733222222222,
"std_TS_auc_1": 0.039502727184825684,
"avg_TS_f1_2": 0.9416,
"std_TS_f1_2": 0.010352932428860094,
"avg_TS_ap_2": 0.986248094009644,
"std_TS_ap_2": 0.002492059107177473,
"avg_TS_auc_2": 0.8942019999999999,
"std_TS_auc_2": 0.02285511355449563,
"avg_TS_f1_3": 0.9134,
"std_TS_f1_3": 0.005829935518352519,
"avg_TS_ap_3": 0.9462788984495454,
"std_TS_ap_3": 0.016758305474893685,
"avg_TS_auc_3": 0.6723619888888889,
"std_TS_auc_3": 0.07240966692470117,
"avg_TS_f1_4": 0.9257333333333333,
"std_TS_f1_4": 0.0031052325413409034,
"avg_TS_ap_4": 0.978855571879057,
"std_TS_ap_4": 0.004363439913156828,
"avg_TS_auc_4": 0.8353271,
"std_TS_auc_4": 0.028538774099814528,
"avg_TS_f1_5": 0.9586666666666666,
"std_TS_f1_5": 0.007667149743234774,
"avg_TS_ap_5": 0.9866802516650642,
"std_TS_ap_5": 0.007301253646991976,
"avg_TS_auc_5": 0.9188079777777778,
"std_TS_auc_5": 0.02877262175815369,
"avg_TS_f1_6": 0.9103777777777777,
"std_TS_f1_6": 0.0014733852848222812,
"avg_TS_ap_6": 0.9565627245194834,
"std_TS_ap_6": 0.009913008212487136,
"avg_TS_auc_6": 0.7120882777777778,
"std_TS_auc_6": 0.038694248942251624,
"avg_TS_f1_7": 0.9423555555555556,
"std_TS_f1_7": 0.010671619220630186,
"avg_TS_ap_7": 0.9865954994538881,
"std_TS_ap_7": 0.00938486477882962,
"avg_TS_auc_7": 0.8944831666666666,
"std_TS_auc_7": 0.06497695142857851,
"avg_TS_f1_8": 0.9456,
"std_TS_f1_8": 0.008972000341253727,
"avg_TS_ap_8": 0.9734085526292923,
"std_TS_ap_8": 0.012881723746661586,
"avg_TS_auc_8": 0.8478015222222222,
"std_TS_auc_8": 0.06199446975783454,
"avg_TS_f1_9": 0.949111111111111,
"std_TS_f1_9": 0.012436902476496169,
"avg_TS_ap_9": 0.9847845685600296,
"std_TS_ap_9": 0.006520582875898859,
"avg_TS_auc_9": 0.8869914222222223,
"std_TS_auc_9": 0.04528988910398604,
"avg_TS_f1_all": 0.9365733333333333,
"std_TS_f1_all": 0.003218208995047087,
"avg_TS_ap_all": 0.9744658835775745,
"std_TS_ap_all": 0.003048006099716226,
"avg_TS_auc_all": 0.83018473,
"std_TS_auc_all": 0.016968290051294813
}