{
"avg_TS_f1_0": 0.9406640010111589,
"std_TS_f1_0": 0.0011726797862930173,
"avg_TS_ap_0": 0.9778085377627408,
"std_TS_ap_0": 0.0015966826489043457,
"avg_TS_auc_0": 0.8592121777777777,
"std_TS_auc_0": 0.004613094138307714,
"avg_TS_f1_1": 0.9784775376409801,
"std_TS_f1_1": 0.001427954924823614,
"avg_TS_ap_1": 0.990285083295156,
"std_TS_ap_1": 0.0011079443755398143,
"avg_TS_auc_1": 0.9489761333333334,
"std_TS_auc_1": 0.0039785253192050766,
"avg_TS_f1_2": 0.9490655505552779,
"std_TS_f1_2": 0.0017590109325579494,
"avg_TS_ap_2": 0.9891545805842326,
"std_TS_ap_2": 0.0020791678582741425,
"avg_TS_auc_2": 0.9162931666666667,
"std_TS_auc_2": 0.007775796603865769,
"avg_TS_f1_3": 0.9148508434604274,
"std_TS_f1_3": 0.0011089547712259072,
"avg_TS_ap_3": 0.9407694882169124,
"std_TS_ap_3": 0.004226940438162121,
"avg_TS_auc_3": 0.6900928555555556,
"std_TS_auc_3": 0.007712635993206434,
"avg_TS_f1_4": 0.9371867832163515,
"std_TS_f1_4": 0.0006439007250777303,
"avg_TS_ap_4": 0.9874890900468845,
"std_TS_ap_4": 0.00043596365776634924,
"avg_TS_auc_4": 0.8978043,
"std_TS_auc_4": 0.0031925800489012,
"avg_TS_f1_5": 0.9359853325184732,
"std_TS_f1_5": 0.002301603507283736,
"avg_TS_ap_5": 0.9898800862512257,
"std_TS_ap_5": 0.000498016970625498,
"avg_TS_auc_5": 0.9098393222222223,
"std_TS_auc_5": 0.004328608810440997,
"avg_TS_f1_6": 0.9220631973381238,
"std_TS_f1_6": 0.0007707118469956146,
"avg_TS_ap_6": 0.9728605000749628,
"std_TS_ap_6": 0.0020023516222801513,
"avg_TS_auc_6": 0.8160672999999999,
"std_TS_auc_6": 0.0054573356760408065,
"avg_TS_f1_7": 0.9668874060904618,
"std_TS_f1_7": 0.0011291279017239654,
"avg_TS_ap_7": 0.9968696493921367,
"std_TS_ap_7": 0.00017084325278189657,
"avg_TS_auc_7": 0.971857788888889,
"std_TS_auc_7": 0.0015616239258153955,
"avg_TS_f1_8": 0.9213982492854542,
"std_TS_f1_8": 0.0009401646246980256,
"avg_TS_ap_8": 0.9683743110342548,
"std_TS_ap_8": 0.0018215586601945004,
"avg_TS_auc_8": 0.7975029666666666,
"std_TS_auc_8": 0.005236041863332239,
"avg_TS_f1_9": 0.9722660518176935,
"std_TS_f1_9": 0.0005344134511098534,
"avg_TS_ap_9": 0.9972679381115501,
"std_TS_ap_9": 0.00023455160270392873,
"avg_TS_auc_9": 0.976021511111111,
"std_TS_auc_9": 0.001847132686685548,
"avg_TS_f1_all": 0.9438844952934401,
"std_TS_f1_all": 0.0005060048057343264,
"avg_TS_ap_all": 0.9810759264770056,
"std_TS_ap_all": 0.0006236091199458083,
"avg_TS_auc_all": 0.8783667522222223,
"std_TS_auc_all": 0.0010110922655056963
}