{
"avg_TS_f1_0": 0.9390000000000001,
"std_TS_f1_0": 0.002076321533653002,
"avg_TS_ap_0": 0.9662242597335193,
"std_TS_ap_0": 0.0016824715883778957,
"avg_TS_auc_0": 0.8036290999999999,
"std_TS_auc_0": 0.009136742725466145,
"avg_TS_f1_1": 0.972221614781068,
"std_TS_f1_1": 0.0024090887902496498,
"avg_TS_ap_1": 0.9833982099892561,
"std_TS_ap_1": 0.0012769824544397086,
"avg_TS_auc_1": 0.9140994444444444,
"std_TS_auc_1": 0.006215518163892569,
"avg_TS_f1_2": 0.949688888888889,
"std_TS_f1_2": 0.002620338306308194,
"avg_TS_ap_2": 0.9819229220233208,
"std_TS_ap_2": 0.0010641005672873565,
"avg_TS_auc_2": 0.8804995555555555,
"std_TS_auc_2": 0.006241626127841471,
"avg_TS_f1_3": 0.9174407391931807,
"std_TS_f1_3": 0.0028207106250565783,
"avg_TS_ap_3": 0.9500745235880894,
"std_TS_ap_3": 0.00266609835070826,
"avg_TS_auc_3": 0.7050082999999999,
"std_TS_auc_3": 0.01254821483302715,
"avg_TS_f1_4": 0.9371764048619985,
"std_TS_f1_4": 0.0013685895792017852,
"avg_TS_ap_4": 0.9790799628442185,
"std_TS_ap_4": 0.0007810490039711684,
"avg_TS_auc_4": 0.8597129333333333,
"std_TS_auc_4": 0.004641032198860968,
"avg_TS_f1_5": 0.9140870184146033,
"std_TS_f1_5": 0.002166902950818323,
"avg_TS_ap_5": 0.9536357811608372,
"std_TS_ap_5": 0.0029638271417156948,
"avg_TS_auc_5": 0.7023166000000001,
"std_TS_auc_5": 0.013835987288540097,
"avg_TS_f1_6": 0.9212204653344939,
"std_TS_f1_6": 0.001095338242531101,
"avg_TS_ap_6": 0.9585286992282998,
"std_TS_ap_6": 0.002929007091207746,
"avg_TS_auc_6": 0.7470317555555555,
"std_TS_auc_6": 0.012337941018202386,
"avg_TS_f1_7": 0.9634765536356957,
"std_TS_f1_7": 0.0019401968768678233,
"avg_TS_ap_7": 0.9908847425202815,
"std_TS_ap_7": 0.00079763851847719,
"avg_TS_auc_7": 0.9351439888888888,
"std_TS_auc_7": 0.004768414506590906,
"avg_TS_f1_8": 0.9208734384557502,
"std_TS_f1_8": 0.0038299693902693467,
"avg_TS_ap_8": 0.9357522379915796,
"std_TS_ap_8": 0.004229807624364348,
"avg_TS_auc_8": 0.668986988888889,
"std_TS_auc_8": 0.017498717593873083,
"avg_TS_f1_9": 0.9608986573328148,
"std_TS_f1_9": 0.0015088136608865858,
"avg_TS_ap_9": 0.9859768688247226,
"std_TS_ap_9": 0.0009609886789058385,
"avg_TS_auc_9": 0.9084597444444444,
"std_TS_auc_9": 0.00423034909521752,
"avg_TS_f1_all": 0.9396083780898493,
"std_TS_f1_all": 0.000779825684885184,
"avg_TS_ap_all": 0.9685478207904126,
"std_TS_ap_all": 0.0009622459686590115,
"avg_TS_auc_all": 0.8124888411111112,
"std_TS_auc_all": 0.0044496715885176275
}