{
"avg_TS_f1_0": 0.9515883079924192,
"std_TS_f1_0": 0.0054182179919588505,
"avg_TS_ap_0": 0.9836229427373417,
"std_TS_ap_0": 0.0008515173558847248,
"avg_TS_auc_0": 0.8857529333333334,
"std_TS_auc_0": 0.009227602742764256,
"avg_TS_f1_1": 0.9876222222222223,
"std_TS_f1_1": 0.0008421020142887249,
"avg_TS_ap_1": 0.9941212166370942,
"std_TS_ap_1": 0.0006372006799838433,
"avg_TS_auc_1": 0.9696305333333333,
"std_TS_auc_1": 0.0027897632435498706,
"avg_TS_f1_2": 0.951398959201437,
"std_TS_f1_2": 0.002446153701438474,
"avg_TS_ap_2": 0.9892454310579033,
"std_TS_ap_2": 0.0011558515795506215,
"avg_TS_auc_2": 0.9183106777777776,
"std_TS_auc_2": 0.0056228568531145814,
"avg_TS_f1_3": 0.9301317715181708,
"std_TS_f1_3": 0.00281829200904688,
"avg_TS_ap_3": 0.9678325360330409,
"std_TS_ap_3": 0.004190475523391463,
"avg_TS_auc_3": 0.7936772111111111,
"std_TS_auc_3": 0.014543073716216581,
"avg_TS_f1_4": 0.9356888888888889,
"std_TS_f1_4": 0.004365068975456605,
"avg_TS_ap_4": 0.9845818868781728,
"std_TS_ap_4": 0.002351859676054325,
"avg_TS_auc_4": 0.8824679666666666,
"std_TS_auc_4": 0.015498990761432248,
"avg_TS_f1_5": 0.9548327845374125,
"std_TS_f1_5": 0.0041754359186798725,
"avg_TS_ap_5": 0.9920761800208984,
"std_TS_ap_5": 0.0007586847178146846,
"avg_TS_auc_5": 0.9361891888888888,
"std_TS_auc_5": 0.006598686423209658,
"avg_TS_f1_6": 0.9244769684735573,
"std_TS_f1_6": 0.0034601928143179234,
"avg_TS_ap_6": 0.9716956730050736,
"std_TS_ap_6": 0.0026469540331221474,
"avg_TS_auc_6": 0.8006227333333333,
"std_TS_auc_6": 0.013742081345152531,
"avg_TS_f1_7": 0.9746444444444444,
"std_TS_f1_7": 0.003475771519291955,
"avg_TS_ap_7": 0.9972999291039827,
"std_TS_ap_7": 0.0004549575234446354,
"avg_TS_auc_7": 0.9780185333333333,
"std_TS_auc_7": 0.004227989090441069,
"avg_TS_f1_8": 0.9473111111111112,
"std_TS_f1_8": 0.011617016042357667,
"avg_TS_ap_8": 0.9767363261438786,
"std_TS_ap_8": 0.005250199249430397,
"avg_TS_auc_8": 0.8562203111111112,
"std_TS_auc_8": 0.037028828600353045,
"avg_TS_f1_9": 0.9791442006037372,
"std_TS_f1_9": 0.0037406724040122377,
"avg_TS_ap_9": 0.997448171375846,
"std_TS_ap_9": 0.0005693506967617394,
"avg_TS_auc_9": 0.9800162333333333,
"std_TS_auc_9": 0.004299429658041251,
"avg_TS_f1_all": 0.9536839658993401,
"std_TS_f1_all": 0.0012269277548076862,
"avg_TS_ap_all": 0.9854660292993233,
"std_TS_ap_all": 0.0013493540366648275,
"avg_TS_auc_all": 0.9000906322222223,
"std_TS_auc_all": 0.007206416131155358
}