{
"avg_TS_f1_0": 0.943785767041234,
"std_TS_f1_0": 0.0008967453297897588,
"avg_TS_ap_0": 0.9813780651771307,
"std_TS_ap_0": 0.0003469507368096293,
"avg_TS_auc_0": 0.8596798444444446,
"std_TS_auc_0": 0.002739644884034635,
"avg_TS_f1_1": 0.9788330783808977,
"std_TS_f1_1": 0.0010833957096669205,
"avg_TS_ap_1": 0.9937834375355932,
"std_TS_ap_1": 0.0013446155610600695,
"avg_TS_auc_1": 0.9575416444444445,
"std_TS_auc_1": 0.005284451066671898,
"avg_TS_f1_2": 0.950154450555895,
"std_TS_f1_2": 0.0014440981658928802,
"avg_TS_ap_2": 0.9876244027783596,
"std_TS_ap_2": 0.00023095452367373416,
"avg_TS_auc_2": 0.9022541111111112,
"std_TS_auc_2": 0.0024175679925837646,
"avg_TS_f1_3": 0.9227076862294818,
"std_TS_f1_3": 0.0010722030954149115,
"avg_TS_ap_3": 0.9737551044238119,
"std_TS_ap_3": 0.0006581760253355659,
"avg_TS_auc_3": 0.7951088333333333,
"std_TS_auc_3": 0.004746623066929396,
"avg_TS_f1_4": 0.9376639072541068,
"std_TS_f1_4": 0.0013291697038473925,
"avg_TS_ap_4": 0.9855342707349223,
"std_TS_ap_4": 0.00024247760087238638,
"avg_TS_auc_4": 0.8823094888888889,
"std_TS_auc_4": 0.0020638747328361375,
"avg_TS_f1_5": 0.938840367599289,
"std_TS_f1_5": 0.0033872282214344566,
"avg_TS_ap_5": 0.9884728625035514,
"std_TS_ap_5": 0.0021268568330289677,
"avg_TS_auc_5": 0.9014521666666667,
"std_TS_auc_5": 0.01581656211107778,
"avg_TS_f1_6": 0.9239299304861033,
"std_TS_f1_6": 0.000783400322570447,
"avg_TS_ap_6": 0.9752572592544567,
"std_TS_ap_6": 0.002002977679393034,
"avg_TS_auc_6": 0.8077914222222222,
"std_TS_auc_6": 0.012269828842548347,
"avg_TS_f1_7": 0.9670322190738991,
"std_TS_f1_7": 0.0007725613842045115,
"avg_TS_ap_7": 0.9964227465811375,
"std_TS_ap_7": 0.0003195531878228072,
"avg_TS_auc_7": 0.9689709444444443,
"std_TS_auc_7": 0.00235676780572959,
"avg_TS_f1_8": 0.9245180287793765,
"std_TS_f1_8": 0.003533040411076527,
"avg_TS_ap_8": 0.9637618564475801,
"std_TS_ap_8": 0.007550156662780135,
"avg_TS_auc_8": 0.7584245555555557,
"std_TS_auc_8": 0.029103781539306102,
"avg_TS_f1_9": 0.9764661221919736,
"std_TS_f1_9": 0.0010095071448466089,
"avg_TS_ap_9": 0.9954210964043059,
"std_TS_ap_9": 0.000764267727302172,
"avg_TS_auc_9": 0.9665035,
"std_TS_auc_9": 0.004029073772953415,
"avg_TS_f1_all": 0.9463931557592258,
"std_TS_f1_all": 0.0005999155843590098,
"avg_TS_ap_all": 0.9841411101840849,
"std_TS_ap_all": 0.0008530962360372175,
"avg_TS_auc_all": 0.8800036511111109,
"std_TS_auc_all": 0.003920309359143455
}