{
"avg_TS_f1_0": 0.9569661437981122,
"std_TS_f1_0": 0.002506536614359059,
"avg_TS_ap_0": 0.9871862108436753,
"std_TS_ap_0": 0.0004513189203972886,
"avg_TS_auc_0": 0.9072459000000002,
"std_TS_auc_0": 0.0047142636761112085,
"avg_TS_f1_1": 0.9902000000000001,
"std_TS_f1_1": 0.0009010282192316805,
"avg_TS_ap_1": 0.99669370147202,
"std_TS_ap_1": 0.00023438302665467527,
"avg_TS_auc_1": 0.9805650888888888,
"std_TS_auc_1": 0.0007409974730467969,
"avg_TS_f1_2": 0.9525333333333332,
"std_TS_f1_2": 0.0008589399151150023,
"avg_TS_ap_2": 0.9911253468777369,
"std_TS_ap_2": 0.0004440009363543978,
"avg_TS_auc_2": 0.9294646555555556,
"std_TS_auc_2": 0.002692577088869715,
"avg_TS_f1_3": 0.944188274657234,
"std_TS_f1_3": 0.0018159344519086186,
"avg_TS_ap_3": 0.9810732662219598,
"std_TS_ap_3": 0.0018528023586978147,
"avg_TS_auc_3": 0.8654994555555555,
"std_TS_auc_3": 0.010707490224564117,
"avg_TS_f1_4": 0.9413098307930687,
"std_TS_f1_4": 0.0015212125623548978,
"avg_TS_ap_4": 0.9880896630627374,
"std_TS_ap_4": 0.0005739478845415592,
"avg_TS_auc_4": 0.9054355111111111,
"std_TS_auc_4": 0.002696616320181964,
"avg_TS_f1_5": 0.9605333333333335,
"std_TS_f1_5": 0.0029559732369860274,
"avg_TS_ap_5": 0.9938623017977122,
"std_TS_ap_5": 0.0003935660920417347,
"avg_TS_auc_5": 0.9499482777777779,
"std_TS_auc_5": 0.0032564062620026005,
"avg_TS_f1_6": 0.9269983270675531,
"std_TS_f1_6": 0.0018938426216046317,
"avg_TS_ap_6": 0.9773303969210027,
"std_TS_ap_6": 0.0009399513465683574,
"avg_TS_auc_6": 0.8272614111111111,
"std_TS_auc_6": 0.005997944785620989,
"avg_TS_f1_7": 0.9743219289960553,
"std_TS_f1_7": 0.0010139387050924892,
"avg_TS_ap_7": 0.9977277839325609,
"std_TS_ap_7": 0.00011602491415498465,
"avg_TS_auc_7": 0.9807931111111111,
"std_TS_auc_7": 0.0010136323358820119,
"avg_TS_f1_8": 0.9640551993629277,
"std_TS_f1_8": 0.0032761307344979546,
"avg_TS_ap_8": 0.9876053898399137,
"std_TS_ap_8": 0.00036181585222279795,
"avg_TS_auc_8": 0.9221169444444446,
"std_TS_auc_8": 0.0042434085242530695,
"avg_TS_f1_9": 0.9800888888888888,
"std_TS_f1_9": 0.0005416025603090809,
"avg_TS_ap_9": 0.9979451093563243,
"std_TS_ap_9": 0.00014192963624564528,
"avg_TS_auc_9": 0.9834843333333334,
"std_TS_auc_9": 0.0009055227287847352,
"avg_TS_f1_all": 0.9591195260230506,
"std_TS_f1_all": 0.0005226814612781564,
"avg_TS_ap_all": 0.9898639170325643,
"std_TS_ap_all": 0.00033423458593748515,
"avg_TS_auc_all": 0.9251814688888889,
"std_TS_auc_all": 0.0017363980301030486
}