{
"avg_TS_f1_0": 0.9555545406843591,
"std_TS_f1_0": 0.004377140414207383,
"avg_TS_ap_0": 0.9878888913347227,
"std_TS_ap_0": 0.002212419594225286,
"avg_TS_auc_0": 0.9068866555555555,
"std_TS_auc_0": 0.017296718625554545,
"avg_TS_f1_1": 0.9909777777777776,
"std_TS_f1_1": 0.0006340152274527594,
"avg_TS_ap_1": 0.9975711716014477,
"std_TS_ap_1": 0.0009579821507247794,
"avg_TS_auc_1": 0.9849617111111112,
"std_TS_auc_1": 0.004093860301222558,
"avg_TS_f1_2": 0.9516327820681397,
"std_TS_f1_2": 0.0038969301522369213,
"avg_TS_ap_2": 0.9907959755922707,
"std_TS_ap_2": 0.0027751129135050595,
"avg_TS_auc_2": 0.9249606222222221,
"std_TS_auc_2": 0.019527733082781204,
"avg_TS_f1_3": 0.9143192597119594,
"std_TS_f1_3": 0.005299181702695111,
"avg_TS_ap_3": 0.9619250730384531,
"std_TS_ap_3": 0.003230134259597183,
"avg_TS_auc_3": 0.7240899000000001,
"std_TS_auc_3": 0.028173182637990735,
"avg_TS_f1_4": 0.9352860010741338,
"std_TS_f1_4": 0.0037994310375680687,
"avg_TS_ap_4": 0.9866832159293653,
"std_TS_ap_4": 0.0009672824169176761,
"avg_TS_auc_4": 0.8894024777777778,
"std_TS_auc_4": 0.008069885810121188,
"avg_TS_f1_5": 0.9503437870005124,
"std_TS_f1_5": 0.01336600309133969,
"avg_TS_ap_5": 0.9895707979804502,
"std_TS_ap_5": 0.00726230754869961,
"avg_TS_auc_5": 0.9217898111111111,
"std_TS_auc_5": 0.03816213002658759,
"avg_TS_f1_6": 0.9233760431135062,
"std_TS_f1_6": 0.0016708958654124174,
"avg_TS_ap_6": 0.971123639402812,
"std_TS_ap_6": 0.006571227722126761,
"avg_TS_auc_6": 0.7923054777777778,
"std_TS_auc_6": 0.02720108170783007,
"avg_TS_f1_7": 0.9680989166064782,
"std_TS_f1_7": 0.0010318860999018683,
"avg_TS_ap_7": 0.9973982604323576,
"std_TS_ap_7": 0.000206284068950302,
"avg_TS_auc_7": 0.9762698000000001,
"std_TS_auc_7": 0.0018504280808024605,
"avg_TS_f1_8": 0.9450753806629786,
"std_TS_f1_8": 0.03195938847204285,
"avg_TS_ap_8": 0.9446298238462667,
"std_TS_ap_8": 0.07933251778226018,
"avg_TS_auc_8": 0.7586549444444445,
"std_TS_auc_8": 0.2846210536493075,
"avg_TS_f1_9": 0.9782444444444444,
"std_TS_f1_9": 0.004492737623991027,
"avg_TS_ap_9": 0.9984410292666859,
"std_TS_ap_9": 0.0004572443858748762,
"avg_TS_auc_9": 0.9859604000000001,
"std_TS_auc_9": 0.004149919044190265,
"avg_TS_f1_all": 0.9512908933144288,
"std_TS_f1_all": 0.003945175837479921,
"avg_TS_ap_all": 0.9826027878424831,
"std_TS_ap_all": 0.007799242806910297,
"avg_TS_auc_all": 0.88652818,
"std_TS_auc_all": 0.02831041427343674
}