{
"avg_TS_f1_0": 0.9438222222222222,
"std_TS_f1_0": 0.010785129222484018,
"avg_TS_ap_0": 0.9837151272605693,
"std_TS_ap_0": 0.005160254657415928,
"avg_TS_auc_0": 0.8731925555555555,
"std_TS_auc_0": 0.03892365842995237,
"avg_TS_f1_1": 0.9896444444444444,
"std_TS_f1_1": 0.003597941798471061,
"avg_TS_ap_1": 0.9986243630018091,
"std_TS_ap_1": 0.00044600643365533016,
"avg_TS_auc_1": 0.9893603222222221,
"std_TS_auc_1": 0.002869194457304572,
"avg_TS_f1_2": 0.9425542567179657,
"std_TS_f1_2": 0.007289599094610042,
"avg_TS_ap_2": 0.9898046086281452,
"std_TS_ap_2": 0.001207153508532382,
"avg_TS_auc_2": 0.914324888888889,
"std_TS_auc_2": 0.010761919632507177,
"avg_TS_f1_3": 0.9182085164273079,
"std_TS_f1_3": 0.0041427966750784235,
"avg_TS_ap_3": 0.9426003914777128,
"std_TS_ap_3": 0.0048452707381918675,
"avg_TS_auc_3": 0.6893741666666667,
"std_TS_auc_3": 0.02991625204720421,
"avg_TS_f1_4": 0.9382444444444443,
"std_TS_f1_4": 0.010526486288417746,
"avg_TS_ap_4": 0.987073018566301,
"std_TS_ap_4": 0.0036102182785336225,
"avg_TS_auc_4": 0.8933585666666666,
"std_TS_auc_4": 0.02713284916843033,
"avg_TS_f1_5": 0.9505099937650858,
"std_TS_f1_5": 0.009629471870013642,
"avg_TS_ap_5": 0.9934792927290321,
"std_TS_ap_5": 0.0023098035273331637,
"avg_TS_auc_5": 0.9426135333333334,
"std_TS_auc_5": 0.019088878917039198,
"avg_TS_f1_6": 0.9229622729128485,
"std_TS_f1_6": 0.00215730373742895,
"avg_TS_ap_6": 0.9744207596512272,
"std_TS_ap_6": 0.003137718642757744,
"avg_TS_auc_6": 0.8062692555555555,
"std_TS_auc_6": 0.014298560477902901,
"avg_TS_f1_7": 0.9754991326316442,
"std_TS_f1_7": 0.005581420013811149,
"avg_TS_ap_7": 0.9981578458512516,
"std_TS_ap_7": 0.0006133446055637551,
"avg_TS_auc_7": 0.9830929666666666,
"std_TS_auc_7": 0.005671048413381203,
"avg_TS_f1_8": 0.9738995647906366,
"std_TS_f1_8": 0.01217737292136656,
"avg_TS_ap_8": 0.995791447685528,
"std_TS_ap_8": 0.0032224037178172752,
"avg_TS_auc_8": 0.9655460222222223,
"std_TS_auc_8": 0.026205980276222778,
"avg_TS_f1_9": 0.9678444444444445,
"std_TS_f1_9": 0.011124791578017136,
"avg_TS_ap_9": 0.9954029823964046,
"std_TS_ap_9": 0.002203973429755079,
"avg_TS_auc_9": 0.960915022222222,
"std_TS_auc_9": 0.01878909106799031,
"avg_TS_f1_all": 0.9523189292801044,
"std_TS_f1_all": 0.0017693178167801703,
"avg_TS_ap_all": 0.9859069837247981,
"std_TS_ap_all": 0.0008512021346706551,
"avg_TS_auc_all": 0.9018047299999999,
"std_TS_auc_all": 0.006985680851932558
}