{
"avg_TS_f1_0": 0.9375643460861589,
"std_TS_f1_0": 0.010546368959933114,
"avg_TS_ap_0": 0.9716851743467412,
"std_TS_ap_0": 0.004669810956952548,
"avg_TS_auc_0": 0.8188368333333333,
"std_TS_auc_0": 0.033625793187285265,
"avg_TS_f1_1": 0.981111111111111,
"std_TS_f1_1": 0.006753142844010133,
"avg_TS_ap_1": 0.9865299336079548,
"std_TS_ap_1": 0.001257962831360991,
"avg_TS_auc_1": 0.9416685666666667,
"std_TS_auc_1": 0.00935119429458405,
"avg_TS_f1_2": 0.9454,
"std_TS_f1_2": 0.002411495105111214,
"avg_TS_ap_2": 0.9825465122202971,
"std_TS_ap_2": 0.003016782567954398,
"avg_TS_auc_2": 0.8819448222222223,
"std_TS_auc_2": 0.017927100917202288,
"avg_TS_f1_3": 0.9292325104481114,
"std_TS_f1_3": 0.005754738951764797,
"avg_TS_ap_3": 0.9591247663253059,
"std_TS_ap_3": 0.0033869638362519195,
"avg_TS_auc_3": 0.7567962222222222,
"std_TS_auc_3": 0.020132397899749195,
"avg_TS_f1_4": 0.9319761998246718,
"std_TS_f1_4": 0.004365580881855139,
"avg_TS_ap_4": 0.979604454863938,
"std_TS_ap_4": 0.0033846255180002764,
"avg_TS_auc_4": 0.8567231,
"std_TS_auc_4": 0.020491039753077953,
"avg_TS_f1_5": 0.9327095764579514,
"std_TS_f1_5": 0.0067533719249782045,
"avg_TS_ap_5": 0.9739810979717738,
"std_TS_ap_5": 0.007678162218783114,
"avg_TS_auc_5": 0.8220849888888889,
"std_TS_auc_5": 0.046056070976279534,
"avg_TS_f1_6": 0.9189981998999943,
"std_TS_f1_6": 0.003944245527971664,
"avg_TS_ap_6": 0.9605599947290713,
"std_TS_ap_6": 0.004647349339459347,
"avg_TS_auc_6": 0.7465376111111113,
"std_TS_auc_6": 0.02672693527402598,
"avg_TS_f1_7": 0.9663555555555556,
"std_TS_f1_7": 0.006609159375769443,
"avg_TS_ap_7": 0.9946048533733446,
"std_TS_ap_7": 0.0016194990494888203,
"avg_TS_auc_7": 0.959324,
"std_TS_auc_7": 0.012313354050845817,
"avg_TS_f1_8": 0.9296102820527066,
"std_TS_f1_8": 0.006208285283081389,
"avg_TS_ap_8": 0.9503833866545319,
"std_TS_ap_8": 0.0047137655930418725,
"avg_TS_auc_8": 0.7326659444444443,
"std_TS_auc_8": 0.030991373347023038,
"avg_TS_f1_9": 0.9761333333333333,
"std_TS_f1_9": 0.003475771519291969,
"avg_TS_ap_9": 0.9946067507699532,
"std_TS_ap_9": 0.0014068930955094872,
"avg_TS_auc_9": 0.9626084222222222,
"std_TS_auc_9": 0.007926023629229884,
"avg_TS_f1_all": 0.9449091114769594,
"std_TS_f1_all": 0.0014799734054792284,
"avg_TS_ap_all": 0.975362692486291,
"std_TS_ap_all": 0.0013072037966099133,
"avg_TS_auc_all": 0.8479190511111112,
"std_TS_auc_all": 0.008101441045485363
}