{
"avg_TS_f1_0": 0.9563429326320598,
"std_TS_f1_0": 0.002942616967420914,
"avg_TS_ap_0": 0.9697495657771651,
"std_TS_ap_0": 0.007845211607532897,
"avg_TS_auc_0": 0.8537659444444445,
"std_TS_auc_0": 0.020249411657357736,
"avg_TS_f1_1": 0.9844666666666667,
"std_TS_f1_1": 0.00032508308529615663,
"avg_TS_ap_1": 0.9921998249059676,
"std_TS_ap_1": 0.00124611665375573,
"avg_TS_auc_1": 0.9574690111111112,
"std_TS_auc_1": 0.004314245239399187,
"avg_TS_f1_2": 0.9539989592014371,
"std_TS_f1_2": 0.0030656210766271024,
"avg_TS_ap_2": 0.9727799041143437,
"std_TS_ap_2": 0.0021569001434147347,
"avg_TS_auc_2": 0.8706748555555557,
"std_TS_auc_2": 0.003210564531836434,
"avg_TS_f1_3": 0.9434876369674858,
"std_TS_f1_3": 0.00031238653035934775,
"avg_TS_ap_3": 0.9128464021632358,
"std_TS_ap_3": 0.001825451070866827,
"avg_TS_auc_3": 0.7217130444444444,
"std_TS_auc_3": 0.004835424885565936,
"avg_TS_f1_4": 0.9430993734219802,
"std_TS_f1_4": 0.000499237029510237,
"avg_TS_ap_4": 0.9696715379197853,
"std_TS_ap_4": 0.0023139904202553268,
"avg_TS_auc_4": 0.8414869777777778,
"std_TS_auc_4": 0.0022576686955823023,
"avg_TS_f1_5": 0.9683885499811717,
"std_TS_f1_5": 0.003983513917842237,
"avg_TS_ap_5": 0.9958955342421362,
"std_TS_ap_5": 0.002631460081120384,
"avg_TS_auc_5": 0.9660957111111111,
"std_TS_auc_5": 0.018220040080500974,
"avg_TS_f1_6": 0.9274515336381415,
"std_TS_f1_6": 0.0004251464288644237,
"avg_TS_ap_6": 0.9214560178256097,
"std_TS_ap_6": 0.0043364365123829615,
"avg_TS_auc_6": 0.7073898222222222,
"std_TS_auc_6": 0.0041597644228466325,
"avg_TS_f1_7": 0.9707777777777779,
"std_TS_f1_7": 0.0038528488738133033,
"avg_TS_ap_7": 0.993058567149481,
"std_TS_ap_7": 0.005079206564411547,
"avg_TS_auc_7": 0.9572441555555556,
"std_TS_auc_7": 0.023218302058042845,
"avg_TS_f1_8": 0.9698,
"std_TS_f1_8": 0.0007180219742846073,
"avg_TS_ap_8": 0.9712063378206557,
"std_TS_ap_8": 0.0031207478851062917,
"avg_TS_auc_8": 0.8833612333333333,
"std_TS_auc_8": 0.008928123143109083,
"avg_TS_f1_9": 0.980299779617386,
"std_TS_f1_9": 0.0014417272562761414,
"avg_TS_ap_9": 0.997126338667244,
"std_TS_ap_9": 0.0007095212476803786,
"avg_TS_auc_9": 0.9794940777777776,
"std_TS_auc_9": 0.003686071633482032,
"avg_TS_f1_all": 0.9598113209904108,
"std_TS_f1_all": 0.00070040400914358,
"avg_TS_ap_all": 0.9695990030585623,
"std_TS_ap_all": 0.0014165636479009911,
"avg_TS_auc_all": 0.8738694833333334,
"std_TS_auc_all": 0.003617849357490428
}