{
"avg_TS_f1_0": 0.9269880734114858,
"std_TS_f1_0": 0.007170834380466208,
"avg_TS_ap_0": 0.960343321853971,
"std_TS_ap_0": 0.012413066743305131,
"avg_TS_auc_0": 0.7525287777777777,
"std_TS_auc_0": 0.06148487361151084,
"avg_TS_f1_1": 0.9717663475131335,
"std_TS_f1_1": 0.01237144527319589,
"avg_TS_ap_1": 0.991941796081786,
"std_TS_ap_1": 0.0033536203389828954,
"avg_TS_auc_1": 0.947336311111111,
"std_TS_auc_1": 0.027988634907885605,
"avg_TS_f1_2": 0.9373883302158763,
"std_TS_f1_2": 0.012694746591320845,
"avg_TS_ap_2": 0.9812170200256112,
"std_TS_ap_2": 0.00569576067444109,
"avg_TS_auc_2": 0.8589272444444445,
"std_TS_auc_2": 0.04260267151190588,
"avg_TS_f1_3": 0.9342651579408733,
"std_TS_f1_3": 0.006259956248240485,
"avg_TS_ap_3": 0.976290012207836,
"std_TS_ap_3": 0.00433841682902443,
"avg_TS_auc_3": 0.8289584444444443,
"std_TS_auc_3": 0.0278182715036248,
"avg_TS_f1_4": 0.9335777777777776,
"std_TS_f1_4": 0.004313859376016938,
"avg_TS_ap_4": 0.9631290639560822,
"std_TS_ap_4": 0.02142546698572114,
"avg_TS_auc_4": 0.8088162888888888,
"std_TS_auc_4": 0.05459158816746564,
"avg_TS_f1_5": 0.954610691952022,
"std_TS_f1_5": 0.013458798334513009,
"avg_TS_ap_5": 0.981942457603096,
"std_TS_ap_5": 0.007483341580300918,
"avg_TS_auc_5": 0.8956726555555555,
"std_TS_auc_5": 0.03548309372894416,
"avg_TS_f1_6": 0.9171759208844936,
"std_TS_f1_6": 0.009351921403470046,
"avg_TS_ap_6": 0.96318926914159,
"std_TS_ap_6": 0.010540114352220256,
"avg_TS_auc_6": 0.7543302666666667,
"std_TS_auc_6": 0.05174996578508323,
"avg_TS_f1_7": 0.9474104586057249,
"std_TS_f1_7": 0.006151390957124577,
"avg_TS_ap_7": 0.9912846453087365,
"std_TS_ap_7": 0.002393805651550372,
"avg_TS_auc_7": 0.9265359444444445,
"std_TS_auc_7": 0.018456560798698368,
"avg_TS_f1_8": 0.9603999999999999,
"std_TS_f1_8": 0.009899145741918981,
"avg_TS_ap_8": 0.9798872141074803,
"std_TS_ap_8": 0.010210973250557136,
"avg_TS_auc_8": 0.8902380000000001,
"std_TS_auc_8": 0.04820372169396658,
"avg_TS_f1_9": 0.9474666666666666,
"std_TS_f1_9": 0.008951832697385228,
"avg_TS_ap_9": 0.9815727236265868,
"std_TS_ap_9": 0.006098096335531695,
"avg_TS_auc_9": 0.8800602888888889,
"std_TS_auc_9": 0.03261940234410983,
"avg_TS_f1_all": 0.9431049424968053,
"std_TS_f1_all": 0.002620071326765427,
"avg_TS_ap_all": 0.9770797523912774,
"std_TS_ap_all": 0.004413511663439727,
"avg_TS_auc_all": 0.8543404222222222,
"std_TS_auc_all": 0.01889740579552209
}