{
"avg_TS_f1_0": 0.939084833033377,
"std_TS_f1_0": 0.0009795312704439642,
"avg_TS_ap_0": 0.9691109521084094,
"std_TS_ap_0": 0.0008407058887019356,
"avg_TS_auc_0": 0.8087974333333333,
"std_TS_auc_0": 0.00498750538604241,
"avg_TS_f1_1": 0.9729429647011905,
"std_TS_f1_1": 0.0008135232734057217,
"avg_TS_ap_1": 0.9882499315754222,
"std_TS_ap_1": 0.00019944746805689584,
"avg_TS_auc_1": 0.9342913888888891,
"std_TS_auc_1": 0.0016156625144174677,
"avg_TS_f1_2": 0.946119228846047,
"std_TS_f1_2": 0.0012345525340146774,
"avg_TS_ap_2": 0.9813572317271225,
"std_TS_ap_2": 0.0005092130587909847,
"avg_TS_auc_2": 0.8722160777777777,
"std_TS_auc_2": 0.003078174175556294,
"avg_TS_f1_3": 0.9187843769098283,
"std_TS_f1_3": 0.0012021226367063893,
"avg_TS_ap_3": 0.9582634756292336,
"std_TS_ap_3": 0.001793535158175373,
"avg_TS_auc_3": 0.7283029888888889,
"std_TS_auc_3": 0.008061400299843768,
"avg_TS_f1_4": 0.9347630767237703,
"std_TS_f1_4": 0.0006775446851634332,
"avg_TS_ap_4": 0.9794041415298652,
"std_TS_ap_4": 0.0006656348639907473,
"avg_TS_auc_4": 0.8545550777777777,
"std_TS_auc_4": 0.003878038851383442,
"avg_TS_f1_5": 0.9208289349408301,
"std_TS_f1_5": 0.002071674415053529,
"avg_TS_ap_5": 0.9666656906511195,
"std_TS_ap_5": 0.0014018423302932291,
"avg_TS_auc_5": 0.7659967888888889,
"std_TS_auc_5": 0.008928317006076108,
"avg_TS_f1_6": 0.9219486732161389,
"std_TS_f1_6": 0.001262264725386684,
"avg_TS_ap_6": 0.9623317794411912,
"std_TS_ap_6": 0.0010377050262234922,
"avg_TS_auc_6": 0.7551446,
"std_TS_auc_6": 0.004960309322841827,
"avg_TS_f1_7": 0.9604195812856489,
"std_TS_f1_7": 0.001062169561989496,
"avg_TS_ap_7": 0.9919061256591764,
"std_TS_ap_7": 0.0005064175995567748,
"avg_TS_auc_7": 0.9386989666666669,
"std_TS_auc_7": 0.0033069614802118327,
"avg_TS_f1_8": 0.9149220055206383,
"std_TS_f1_8": 0.0010124532419622829,
"avg_TS_ap_8": 0.9382732267776636,
"std_TS_ap_8": 0.001975409897140219,
"avg_TS_auc_8": 0.6602781666666667,
"std_TS_auc_8": 0.01028095773166323,
"avg_TS_f1_9": 0.966131071437023,
"std_TS_f1_9": 0.0014757360630086487,
"avg_TS_ap_9": 0.9898676039661615,
"std_TS_ap_9": 0.0003150571068716006,
"avg_TS_auc_9": 0.9323968111111112,
"std_TS_auc_9": 0.0025845155050419908,
"avg_TS_f1_all": 0.9395944746614493,
"std_TS_f1_all": 0.0005953947737852927,
"avg_TS_ap_all": 0.9725430159065365,
"std_TS_ap_all": 0.0004381732947525144,
"avg_TS_auc_all": 0.8250678300000001,
"std_TS_auc_all": 0.0022816388295101363
}