{
"avg_TS_f1_0": 0.9443086319610348,
"std_TS_f1_0": 0.0009026905547803916,
"avg_TS_ap_0": 0.972305887335294,
"std_TS_ap_0": 0.0007395592157362111,
"avg_TS_auc_0": 0.8312792777777778,
"std_TS_auc_0": 0.0030458302914308363,
"avg_TS_f1_1": 0.9790217604681741,
"std_TS_f1_1": 0.0011918093193545966,
"avg_TS_ap_1": 0.9906618322359334,
"std_TS_ap_1": 0.0003875551059380364,
"avg_TS_auc_1": 0.9497610333333333,
"std_TS_auc_1": 0.001546099657241834,
"avg_TS_f1_2": 0.9493977739504047,
"std_TS_f1_2": 0.0013844883252507733,
"avg_TS_ap_2": 0.983969665793506,
"std_TS_ap_2": 0.00030075809571739547,
"avg_TS_auc_2": 0.8885305444444445,
"std_TS_auc_2": 0.0015459045992956314,
"avg_TS_f1_3": 0.9253933894822385,
"std_TS_f1_3": 0.0008050136370045204,
"avg_TS_ap_3": 0.9628097803801674,
"std_TS_ap_3": 0.00027075340047051703,
"avg_TS_auc_3": 0.7594114666666666,
"std_TS_auc_3": 0.0005820892411747201,
"avg_TS_f1_4": 0.9383527936737227,
"std_TS_f1_4": 0.0012861438336028335,
"avg_TS_ap_4": 0.9810845990776011,
"std_TS_ap_4": 0.0005397899112114756,
"avg_TS_auc_4": 0.8688609777777778,
"std_TS_auc_4": 0.0034317355042472364,
"avg_TS_f1_5": 0.9318264825250301,
"std_TS_f1_5": 0.003015166583261571,
"avg_TS_ap_5": 0.974382368001498,
"std_TS_ap_5": 0.0015872203600095513,
"avg_TS_auc_5": 0.8187543444444444,
"std_TS_auc_5": 0.01097234011561982,
"avg_TS_f1_6": 0.9246958164342463,
"std_TS_f1_6": 0.0011187033011748279,
"avg_TS_ap_6": 0.9642819891869745,
"std_TS_ap_6": 0.0010361777279359998,
"avg_TS_auc_6": 0.7707584777777778,
"std_TS_auc_6": 0.004166390695245956,
"avg_TS_f1_7": 0.9669985209054823,
"std_TS_f1_7": 0.0010175808727070975,
"avg_TS_ap_7": 0.9943171789790644,
"std_TS_ap_7": 0.00029688295052687715,
"avg_TS_auc_7": 0.9563405777777778,
"std_TS_auc_7": 0.0018848550658496534,
"avg_TS_f1_8": 0.9239282242177852,
"std_TS_f1_8": 0.0014957772590207942,
"avg_TS_ap_8": 0.9497465231544024,
"std_TS_ap_8": 0.000666371885853254,
"avg_TS_auc_8": 0.7179604888888889,
"std_TS_auc_8": 0.004476207145329776,
"avg_TS_f1_9": 0.9718539770372663,
"std_TS_f1_9": 0.0008981100085503792,
"avg_TS_ap_9": 0.9924360519223197,
"std_TS_ap_9": 0.00032772558195753567,
"avg_TS_auc_9": 0.9491469444444445,
"std_TS_auc_9": 0.001978122632855979,
"avg_TS_f1_all": 0.9455777370655385,
"std_TS_f1_all": 0.00037544850442569155,
"avg_TS_ap_all": 0.9765995876066762,
"std_TS_ap_all": 0.0003110994594224877,
"avg_TS_auc_all": 0.8510804133333334,
"std_TS_auc_all": 0.0017788951545888358
}