{
"avg_TS_f1_0": 0.9365853608356755,
"std_TS_f1_0": 0.0009250957496912409,
"avg_TS_ap_0": 0.9649474069392004,
"std_TS_ap_0": 0.0008195662957495646,
"avg_TS_auc_0": 0.7898632444444444,
"std_TS_auc_0": 0.0019032771239673447,
"avg_TS_f1_1": 0.9687211993258884,
"std_TS_f1_1": 0.0008225445316076566,
"avg_TS_ap_1": 0.9847308234038982,
"std_TS_ap_1": 0.000512272250433903,
"avg_TS_auc_1": 0.9158488888888888,
"std_TS_auc_1": 0.0029794437713136636,
"avg_TS_f1_2": 0.9444209986974584,
"std_TS_f1_2": 0.001280225056050924,
"avg_TS_ap_2": 0.9793263950305559,
"std_TS_ap_2": 0.0004589391352066955,
"avg_TS_auc_2": 0.8616184666666667,
"std_TS_auc_2": 0.0026038377840563037,
"avg_TS_f1_3": 0.9155638621898745,
"std_TS_f1_3": 0.0011675228724870668,
"avg_TS_ap_3": 0.9516138352403491,
"std_TS_ap_3": 0.0021961240960386066,
"avg_TS_auc_3": 0.6998411555555555,
"std_TS_auc_3": 0.007497233465505547,
"avg_TS_f1_4": 0.9332859492194011,
"std_TS_f1_4": 0.0018947237309435404,
"avg_TS_ap_4": 0.9767117887464277,
"std_TS_ap_4": 0.0007844708085786463,
"avg_TS_auc_4": 0.8402425333333333,
"std_TS_auc_4": 0.0058712817979857225,
"avg_TS_f1_5": 0.911404194962422,
"std_TS_f1_5": 0.0021342833864885597,
"avg_TS_ap_5": 0.9546595686526809,
"std_TS_ap_5": 0.001891318831455812,
"avg_TS_auc_5": 0.7000393666666667,
"std_TS_auc_5": 0.01131822350615627,
"avg_TS_f1_6": 0.9204973621991346,
"std_TS_f1_6": 0.0011608375891209001,
"avg_TS_ap_6": 0.9576537102392757,
"std_TS_ap_6": 0.0022014206117524234,
"avg_TS_auc_6": 0.7359132777777778,
"std_TS_auc_6": 0.008749944059997575,
"avg_TS_f1_7": 0.9529756787205994,
"std_TS_f1_7": 0.0002027233626701951,
"avg_TS_ap_7": 0.987762497717444,
"std_TS_ap_7": 0.0007482003292141522,
"avg_TS_auc_7": 0.9098172444444443,
"std_TS_auc_7": 0.004615459124681456,
"avg_TS_f1_8": 0.9107637486033175,
"std_TS_f1_8": 0.0021912851828423544,
"avg_TS_ap_8": 0.9276416491309087,
"std_TS_ap_8": 0.0010884391341066159,
"avg_TS_auc_8": 0.615227288888889,
"std_TS_auc_8": 0.011115985555535054,
"avg_TS_f1_9": 0.9600106635553827,
"std_TS_f1_9": 0.0008422560130078296,
"avg_TS_ap_9": 0.9871712318421076,
"std_TS_ap_9": 0.000931459992639405,
"avg_TS_auc_9": 0.9137533444444443,
"std_TS_auc_9": 0.004589093532079389,
"avg_TS_f1_all": 0.9354229018309155,
"std_TS_f1_all": 0.00033849728594679515,
"avg_TS_ap_all": 0.9672218906942849,
"std_TS_ap_all": 0.00033488477642053206,
"avg_TS_auc_all": 0.7982164811111112,
"std_TS_auc_all": 0.0007210542698758383
}