{
"avg_TS_f1_0": 0.9528994437962602,
"std_TS_f1_0": 0.0020309531016342577,
"avg_TS_ap_0": 0.9843389947118849,
"std_TS_ap_0": 0.0010104807074320632,
"avg_TS_auc_0": 0.8916414222222222,
"std_TS_auc_0": 0.004340727131099887,
"avg_TS_f1_1": 0.9899887808581959,
"std_TS_f1_1": 0.0006308425479521564,
"avg_TS_ap_1": 0.9956547190805999,
"std_TS_ap_1": 0.0007425784622837284,
"avg_TS_auc_1": 0.9764806555555555,
"std_TS_auc_1": 0.0026520523960896236,
"avg_TS_f1_2": 0.9525100184578156,
"std_TS_f1_2": 0.001416120472797869,
"avg_TS_ap_2": 0.9907944272740675,
"std_TS_ap_2": 0.0008842001466539265,
"avg_TS_auc_2": 0.9274933444444444,
"std_TS_auc_2": 0.004530000764505481,
"avg_TS_f1_3": 0.932931817199721,
"std_TS_f1_3": 0.004432034067352772,
"avg_TS_ap_3": 0.9735773844165656,
"std_TS_ap_3": 0.0052372540484441005,
"avg_TS_auc_3": 0.814263511111111,
"std_TS_auc_3": 0.026399389543339594,
"avg_TS_f1_4": 0.9385986135032194,
"std_TS_f1_4": 0.0016687680403744177,
"avg_TS_ap_4": 0.9876063868068703,
"std_TS_ap_4": 0.0006111052310778889,
"avg_TS_auc_4": 0.8981193999999999,
"std_TS_auc_4": 0.004226346517025727,
"avg_TS_f1_5": 0.959610694421295,
"std_TS_f1_5": 0.004409312599238819,
"avg_TS_ap_5": 0.9952907034183772,
"std_TS_ap_5": 0.0007849116629361735,
"avg_TS_auc_5": 0.9579408333333334,
"std_TS_auc_5": 0.007013027244323913,
"avg_TS_f1_6": 0.9251436141514036,
"std_TS_f1_6": 0.0017817396445281603,
"avg_TS_ap_6": 0.9762130081170286,
"std_TS_ap_6": 0.0011706075566174136,
"avg_TS_auc_6": 0.8184815444444444,
"std_TS_auc_6": 0.004774071302927077,
"avg_TS_f1_7": 0.974,
"std_TS_f1_7": 0.0009269623828717551,
"avg_TS_ap_7": 0.9980783133058914,
"std_TS_ap_7": 8.681911810901498e-05,
"avg_TS_auc_7": 0.9826001111111111,
"std_TS_auc_7": 0.0008202680855054793,
"avg_TS_f1_8": 0.9588098721533912,
"std_TS_f1_8": 0.006400427231432719,
"avg_TS_ap_8": 0.9809688728019597,
"std_TS_ap_8": 0.004926095109995073,
"avg_TS_auc_8": 0.8885704777777779,
"std_TS_auc_8": 0.024898277027542423,
"avg_TS_f1_9": 0.9770217493564457,
"std_TS_f1_9": 0.0016716010095582474,
"avg_TS_ap_9": 0.9982493315688474,
"std_TS_ap_9": 0.000131139609885633,
"avg_TS_auc_9": 0.984488111111111,
"std_TS_auc_9": 0.0013352977713872026,
"avg_TS_f1_all": 0.9561514603897747,
"std_TS_f1_all": 0.0016779996210649897,
"avg_TS_ap_all": 0.9880772141502092,
"std_TS_ap_all": 0.0009226759713031081,
"avg_TS_auc_all": 0.9140079411111112,
"std_TS_auc_all": 0.0057028898898939095
}