{
"avg_TS_f1_0": 0.9549883833052453,
"std_TS_f1_0": 0.005851326878162604,
"avg_TS_ap_0": 0.975234675490279,
"std_TS_ap_0": 0.004512463858860429,
"avg_TS_auc_0": 0.8591036333333333,
"std_TS_auc_0": 0.022275601767975484,
"avg_TS_f1_1": 0.9867777777777779,
"std_TS_f1_1": 0.0017112554051714138,
"avg_TS_ap_1": 0.9916918654073191,
"std_TS_ap_1": 0.0018205270015784702,
"avg_TS_auc_1": 0.9624269555555557,
"std_TS_auc_1": 0.0065251951787090225,
"avg_TS_f1_2": 0.9511555555555555,
"std_TS_f1_2": 0.00297611894093929,
"avg_TS_ap_2": 0.9851802597052369,
"std_TS_ap_2": 0.002166576505602589,
"avg_TS_auc_2": 0.9014348111111111,
"std_TS_auc_2": 0.007476156652293298,
"avg_TS_f1_3": 0.9306072559586644,
"std_TS_f1_3": 0.006069892897937684,
"avg_TS_ap_3": 0.8999711368698924,
"std_TS_ap_3": 0.0036823585443831485,
"avg_TS_auc_3": 0.654330388888889,
"std_TS_auc_3": 0.020621849684284748,
"avg_TS_f1_4": 0.9364993166287017,
"std_TS_f1_4": 0.004298117214859119,
"avg_TS_ap_4": 0.9763704164663387,
"std_TS_ap_4": 0.0026875849747446446,
"avg_TS_auc_4": 0.8568714666666667,
"std_TS_auc_4": 0.009418554623104095,
"avg_TS_f1_5": 0.9622210764795573,
"std_TS_f1_5": 0.011778997215355441,
"avg_TS_ap_5": 0.9792454978331107,
"std_TS_ap_5": 0.013943314076705788,
"avg_TS_auc_5": 0.906010088888889,
"std_TS_auc_5": 0.04810620549681691,
"avg_TS_f1_6": 0.921251080512006,
"std_TS_f1_6": 0.003570233546662004,
"avg_TS_ap_6": 0.9125445876981718,
"std_TS_ap_6": 0.010656316644551009,
"avg_TS_auc_6": 0.6634367222222222,
"std_TS_auc_6": 0.035338008337734324,
"avg_TS_f1_7": 0.9671777777777777,
"std_TS_f1_7": 0.006399305517875436,
"avg_TS_ap_7": 0.988907394941771,
"std_TS_ap_7": 0.004759685239431067,
"avg_TS_auc_7": 0.9339084222222223,
"std_TS_auc_7": 0.024402377894721466,
"avg_TS_f1_8": 0.9794666666666666,
"std_TS_f1_8": 0.0049348346064070564,
"avg_TS_ap_8": 0.9880332011787347,
"std_TS_ap_8": 0.0018777465039301628,
"avg_TS_auc_8": 0.9433038888888889,
"std_TS_auc_8": 0.008481007273845098,
"avg_TS_f1_9": 0.9730666666666666,
"std_TS_f1_9": 0.006209749403504234,
"avg_TS_ap_9": 0.9956732459973624,
"std_TS_ap_9": 0.0008886991012904558,
"avg_TS_auc_9": 0.9676831888888888,
"std_TS_auc_9": 0.004736518019743844,
"avg_TS_f1_all": 0.9563211557328618,
"std_TS_f1_all": 0.002036948267874673,
"avg_TS_ap_all": 0.9692852281588216,
"std_TS_ap_all": 0.0015229672626158037,
"avg_TS_auc_all": 0.8648509566666668,
"std_TS_auc_all": 0.00601048458805337
}