{
"avg_TS_f1_0": 0.9473754158527254,
"std_TS_f1_0": 0.001076933628756911,
"avg_TS_ap_0": 0.9838983235803344,
"std_TS_ap_0": 0.0006577964634300945,
"avg_TS_auc_0": 0.8779712333333333,
"std_TS_auc_0": 0.003416438442495037,
"avg_TS_f1_1": 0.9817664808538746,
"std_TS_f1_1": 0.0010231549139615196,
"avg_TS_ap_1": 0.9936239610028599,
"std_TS_ap_1": 0.0019095262613553702,
"avg_TS_auc_1": 0.9613835555555555,
"std_TS_auc_1": 0.006462226292314969,
"avg_TS_f1_2": 0.9525216894765759,
"std_TS_f1_2": 0.0014748942942992226,
"avg_TS_ap_2": 0.9893738061036421,
"std_TS_ap_2": 0.0004347974765632935,
"avg_TS_auc_2": 0.9151167555555555,
"std_TS_auc_2": 0.0031913805750512394,
"avg_TS_f1_3": 0.9284531832015357,
"std_TS_f1_3": 0.0008403167831738212,
"avg_TS_ap_3": 0.9765392432164319,
"std_TS_ap_3": 0.00042655359697726946,
"avg_TS_auc_3": 0.8175319999999999,
"std_TS_auc_3": 0.002726479538539409,
"avg_TS_f1_4": 0.9415660104573711,
"std_TS_f1_4": 0.001482849631558407,
"avg_TS_ap_4": 0.987279687330379,
"std_TS_ap_4": 0.0006071483442159852,
"avg_TS_auc_4": 0.8962955555555556,
"std_TS_auc_4": 0.0049871179369736784,
"avg_TS_f1_5": 0.9439542628911483,
"std_TS_f1_5": 0.0022569361452998253,
"avg_TS_ap_5": 0.9897749035145846,
"std_TS_ap_5": 0.0011772935875047452,
"avg_TS_auc_5": 0.9123180777777777,
"std_TS_auc_5": 0.009063049518161233,
"avg_TS_f1_6": 0.9253419682884886,
"std_TS_f1_6": 0.0014852916500074278,
"avg_TS_ap_6": 0.9774540993260695,
"std_TS_ap_6": 0.001530510888764282,
"avg_TS_auc_6": 0.8228319888888891,
"std_TS_auc_6": 0.009033116477197498,
"avg_TS_f1_7": 0.9705993407041131,
"std_TS_f1_7": 0.0002526070095500274,
"avg_TS_ap_7": 0.9968727359564925,
"std_TS_ap_7": 6.368350195464128e-05,
"avg_TS_auc_7": 0.9729552555555555,
"std_TS_auc_7": 0.0005961609853838515,
"avg_TS_f1_8": 0.9299183287960442,
"std_TS_f1_8": 0.0010941526640450032,
"avg_TS_ap_8": 0.9631161402749703,
"std_TS_ap_8": 0.003353698981236447,
"avg_TS_auc_8": 0.7721538111111111,
"std_TS_auc_8": 0.009806541058729246,
"avg_TS_f1_9": 0.9776997413436549,
"std_TS_f1_9": 0.00064022558564499,
"avg_TS_ap_9": 0.9967664891188661,
"std_TS_ap_9": 0.0002772880178353523,
"avg_TS_auc_9": 0.9746901333333333,
"std_TS_auc_9": 0.0017245329833370533,
"avg_TS_f1_all": 0.9499196421865532,
"std_TS_f1_all": 0.0004438083629422799,
"avg_TS_ap_all": 0.9854699389424632,
"std_TS_ap_all": 0.0002548469998352112,
"avg_TS_auc_all": 0.8923248366666666,
"std_TS_auc_all": 0.0008140928499430417
}