{
"avg_TS_f1_0": 0.9140202147032859,
"std_TS_f1_0": 0.018896431094451688,
"avg_TS_ap_0": 0.8827802115352036,
"std_TS_ap_0": 0.08582424981595013,
"avg_TS_auc_0": 0.5215378888888889,
"std_TS_auc_0": 0.28580888724198206,
"avg_TS_f1_1": 0.9750996388688259,
"std_TS_f1_1": 0.021917714991673935,
"avg_TS_ap_1": 0.9576412793576509,
"std_TS_ap_1": 0.0623513550454428,
"avg_TS_auc_1": 0.8545618666666666,
"std_TS_auc_1": 0.19726535973928588,
"avg_TS_f1_2": 0.9347437092184133,
"std_TS_f1_2": 0.010781940029342135,
"avg_TS_ap_2": 0.9783677016746235,
"std_TS_ap_2": 0.013441611733688026,
"avg_TS_auc_2": 0.8469313666666667,
"std_TS_auc_2": 0.07410378063810238,
"avg_TS_f1_3": 0.9171111111111111,
"std_TS_f1_3": 0.004426630968173767,
"avg_TS_ap_3": 0.9280914408565026,
"std_TS_ap_3": 0.022693611085305165,
"avg_TS_auc_3": 0.6308534111111112,
"std_TS_auc_3": 0.05108306959338115,
"avg_TS_f1_4": 0.9215415930514659,
"std_TS_f1_4": 0.012681265743189535,
"avg_TS_ap_4": 0.9287862605974041,
"std_TS_ap_4": 0.06824959601292009,
"avg_TS_auc_4": 0.6836887222222222,
"std_TS_auc_4": 0.2322138260967892,
"avg_TS_f1_5": 0.9393555555555555,
"std_TS_f1_5": 0.013051919115309946,
"avg_TS_ap_5": 0.9885934118517236,
"std_TS_ap_5": 0.0027707690332421727,
"avg_TS_auc_5": 0.9056464,
"std_TS_auc_5": 0.023638554967360798,
"avg_TS_f1_6": 0.9091092431060985,
"std_TS_f1_6": 0.005747605749741001,
"avg_TS_ap_6": 0.9418663031598798,
"std_TS_ap_6": 0.036174834434245684,
"avg_TS_auc_6": 0.6756514777777778,
"std_TS_auc_6": 0.11046741068571163,
"avg_TS_f1_7": 0.9555555555555555,
"std_TS_f1_7": 0.006145559472868852,
"avg_TS_ap_7": 0.9952791554228557,
"std_TS_ap_7": 0.001148701421865702,
"avg_TS_auc_7": 0.9571293555555556,
"std_TS_auc_7": 0.010440736920422833,
"avg_TS_f1_8": 0.9409660721891957,
"std_TS_f1_8": 0.02727247679311205,
"avg_TS_ap_8": 0.9477067505593434,
"std_TS_ap_8": 0.0740502216660888,
"avg_TS_auc_8": 0.7651359,
"std_TS_auc_8": 0.25150397819760767,
"avg_TS_f1_9": 0.9532666666666667,
"std_TS_f1_9": 0.006354778507276493,
"avg_TS_ap_9": 0.9877976855716494,
"std_TS_ap_9": 0.014049703125338034,
"avg_TS_auc_9": 0.9331523444444445,
"std_TS_auc_9": 0.039015132599350924,
"avg_TS_f1_all": 0.9360769360026173,
"std_TS_f1_all": 0.004493023778503601,
"avg_TS_ap_all": 0.9536910200586839,
"std_TS_ap_all": 0.016071497970840686,
"avg_TS_auc_all": 0.7774288733333334,
"std_TS_auc_all": 0.05353509526173669
}