{
"avg_TS_f1_0": 0.9333762233704341,
"std_TS_f1_0": 0.0035210171049685247,
"avg_TS_ap_0": 0.9713538897531742,
"std_TS_ap_0": 0.004889111252203564,
"avg_TS_auc_0": 0.8159426555555556,
"std_TS_auc_0": 0.014838320373667833,
"avg_TS_f1_1": 0.9698444444444444,
"std_TS_f1_1": 0.013543820056704643,
"avg_TS_ap_1": 0.9893813313661053,
"std_TS_ap_1": 0.0027057339807661064,
"avg_TS_auc_1": 0.9336813444444443,
"std_TS_auc_1": 0.021437304009467296,
"avg_TS_f1_2": 0.9265333333333332,
"std_TS_f1_2": 0.009833025732790917,
"avg_TS_ap_2": 0.9739742089069579,
"std_TS_ap_2": 0.006584308248638224,
"avg_TS_auc_2": 0.8087556777777778,
"std_TS_auc_2": 0.0414175665090324,
"avg_TS_f1_3": 0.9203555555555555,
"std_TS_f1_3": 0.0068108120289600725,
"avg_TS_ap_3": 0.962122465760378,
"std_TS_ap_3": 0.009535853846076683,
"avg_TS_auc_3": 0.7514133111111111,
"std_TS_auc_3": 0.044576302776439265,
"avg_TS_f1_4": 0.9287333333333333,
"std_TS_f1_4": 0.0051484625536820875,
"avg_TS_ap_4": 0.9767655965560585,
"std_TS_ap_4": 0.003624644298119653,
"avg_TS_auc_4": 0.8374102333333333,
"std_TS_auc_4": 0.025339527635677404,
"avg_TS_f1_5": 0.9132444444444445,
"std_TS_f1_5": 0.009941656965007222,
"avg_TS_ap_5": 0.9633408894484428,
"std_TS_ap_5": 0.01014320818010886,
"avg_TS_auc_5": 0.7434652555555555,
"std_TS_auc_5": 0.056710864168508436,
"avg_TS_f1_6": 0.9073312369205697,
"std_TS_f1_6": 0.003079808131831922,
"avg_TS_ap_6": 0.9488516818845909,
"std_TS_ap_6": 0.013271432460810384,
"avg_TS_auc_6": 0.6659784777777779,
"std_TS_auc_6": 0.0592217369095979,
"avg_TS_f1_7": 0.9444666666666667,
"std_TS_f1_7": 0.00985660147274872,
"avg_TS_ap_7": 0.9895479835328155,
"std_TS_ap_7": 0.0026113249047935295,
"avg_TS_auc_7": 0.9140642888888889,
"std_TS_auc_7": 0.021396765049233442,
"avg_TS_f1_8": 0.9263333333333333,
"std_TS_f1_8": 0.010841620761709981,
"avg_TS_ap_8": 0.9544064706082986,
"std_TS_ap_8": 0.023961162716030632,
"avg_TS_auc_8": 0.7381497888888889,
"std_TS_auc_8": 0.09460985039451938,
"avg_TS_f1_9": 0.9544222222222221,
"std_TS_f1_9": 0.017909567068820895,
"avg_TS_ap_9": 0.9880598135491614,
"std_TS_ap_9": 0.009402553368689056,
"avg_TS_auc_9": 0.9108219888888888,
"std_TS_auc_9": 0.06597175517942189,
"avg_TS_f1_all": 0.9324640793624337,
"std_TS_f1_all": 0.0054112134972033,
"avg_TS_ap_all": 0.9717804331365982,
"std_TS_ap_all": 0.003867316659734443,
"avg_TS_auc_all": 0.811968302222222,
"std_TS_auc_all": 0.02150999443337702
}