{
"avg_TS_f1_0": 0.9525545394497226,
"std_TS_f1_0": 0.004476125073075866,
"avg_TS_ap_0": 0.9851988775756724,
"std_TS_ap_0": 0.001439238709293946,
"avg_TS_auc_0": 0.8934441666666666,
"std_TS_auc_0": 0.006703827929245984,
"avg_TS_f1_1": 0.9874888888888889,
"std_TS_f1_1": 0.0023355544983611047,
"avg_TS_ap_1": 0.9936490128118758,
"std_TS_ap_1": 0.0011734340586823711,
"avg_TS_auc_1": 0.9676818333333334,
"std_TS_auc_1": 0.005242172792381501,
"avg_TS_f1_2": 0.950311111111111,
"std_TS_f1_2": 0.0033225009173330996,
"avg_TS_ap_2": 0.9891509530940766,
"std_TS_ap_2": 0.0016667949530480889,
"avg_TS_auc_2": 0.9155723,
"std_TS_auc_2": 0.009333082303939014,
"avg_TS_f1_3": 0.9387555555555556,
"std_TS_f1_3": 0.006748534363058601,
"avg_TS_ap_3": 0.9786172455731654,
"std_TS_ap_3": 0.0045815070374074195,
"avg_TS_auc_3": 0.8430520333333333,
"std_TS_auc_3": 0.03083095207588759,
"avg_TS_f1_4": 0.9356444444444444,
"std_TS_f1_4": 0.0048627584510323365,
"avg_TS_ap_4": 0.9872106197556747,
"std_TS_ap_4": 0.0019489674852198901,
"avg_TS_auc_4": 0.8940357222222222,
"std_TS_auc_4": 0.01482722439219636,
"avg_TS_f1_5": 0.9550444444444445,
"std_TS_f1_5": 0.00944865265723305,
"avg_TS_ap_5": 0.9922777029974558,
"std_TS_ap_5": 0.0020208897381481807,
"avg_TS_auc_5": 0.9372397000000001,
"std_TS_auc_5": 0.01756675289685068,
"avg_TS_f1_6": 0.9243538307683761,
"std_TS_f1_6": 0.0017840523945898057,
"avg_TS_ap_6": 0.9743108669991705,
"std_TS_ap_6": 0.0023778204877821997,
"avg_TS_auc_6": 0.8080279666666665,
"std_TS_auc_6": 0.0112445737789334,
"avg_TS_f1_7": 0.9704222222222221,
"std_TS_f1_7": 0.0028729474691497315,
"avg_TS_ap_7": 0.9969339885410834,
"std_TS_ap_7": 0.0003678550346802751,
"avg_TS_auc_7": 0.9739770777777779,
"std_TS_auc_7": 0.003490645395522721,
"avg_TS_f1_8": 0.9607768443925897,
"std_TS_f1_8": 0.006446730529269087,
"avg_TS_ap_8": 0.9874066973283444,
"std_TS_ap_8": 0.0018479300843974218,
"avg_TS_auc_8": 0.9164183666666667,
"std_TS_auc_8": 0.015302377441430414,
"avg_TS_f1_9": 0.9750666666666667,
"std_TS_f1_9": 0.006786915516066344,
"avg_TS_ap_9": 0.9975726853965983,
"std_TS_ap_9": 0.0006906415787972373,
"avg_TS_auc_9": 0.9792735777777779,
"std_TS_auc_9": 0.006935202931208012,
"avg_TS_f1_all": 0.9550418547944022,
"std_TS_f1_all": 0.0015467534094672352,
"avg_TS_ap_all": 0.9882328650073117,
"std_TS_ap_all": 0.0008751909641923868,
"avg_TS_auc_all": 0.9128722744444444,
"std_TS_auc_all": 0.00576656042626028
}