{
"avg_TS_f1_0": 0.9560550598490039,
"std_TS_f1_0": 0.001567626246407428,
"avg_TS_ap_0": 0.9820784438192238,
"std_TS_ap_0": 0.0014400870222131934,
"avg_TS_auc_0": 0.8853724999999999,
"std_TS_auc_0": 0.0038776957675186793,
"avg_TS_f1_1": 0.9882222222222221,
"std_TS_f1_1": 9.938079899994661e-05,
"avg_TS_ap_1": 0.9893310843548532,
"std_TS_ap_1": 0.0010721608445686105,
"avg_TS_auc_1": 0.9554592333333334,
"std_TS_auc_1": 0.0030150398241539796,
"avg_TS_f1_2": 0.9535439178719806,
"std_TS_f1_2": 0.00047816144278665153,
"avg_TS_ap_2": 0.9850974249913698,
"std_TS_ap_2": 0.0008953283228659495,
"avg_TS_auc_2": 0.9069444888888889,
"std_TS_auc_2": 0.0028223345479397107,
"avg_TS_f1_3": 0.9381083591063699,
"std_TS_f1_3": 0.0005307232794770071,
"avg_TS_ap_3": 0.9104392007173931,
"std_TS_ap_3": 0.00448306996399272,
"avg_TS_auc_3": 0.6963853444444446,
"std_TS_auc_3": 0.009209865753729953,
"avg_TS_f1_4": 0.9430326993474948,
"std_TS_f1_4": 0.00047100181677722027,
"avg_TS_ap_4": 0.982168261434665,
"std_TS_ap_4": 0.0008458391812403164,
"avg_TS_auc_4": 0.8798069444444444,
"std_TS_auc_4": 0.004103572715736078,
"avg_TS_f1_5": 0.9666436641541815,
"std_TS_f1_5": 0.001820629687574532,
"avg_TS_ap_5": 0.9964227486196547,
"std_TS_ap_5": 0.0003987226887463747,
"avg_TS_auc_5": 0.9682216,
"std_TS_auc_5": 0.0033769237446286357,
"avg_TS_f1_6": 0.9266753251723863,
"std_TS_f1_6": 0.00048229568503278813,
"avg_TS_ap_6": 0.9367016408646313,
"std_TS_ap_6": 0.017228648346349892,
"avg_TS_auc_6": 0.7304175666666667,
"std_TS_auc_6": 0.028985183089363938,
"avg_TS_f1_7": 0.9734107561531197,
"std_TS_f1_7": 0.003098522153463592,
"avg_TS_ap_7": 0.9972979148270044,
"std_TS_ap_7": 0.0007797914483071828,
"avg_TS_auc_7": 0.9763318111111111,
"std_TS_auc_7": 0.006478903858535603,
"avg_TS_f1_8": 0.9844888888888889,
"std_TS_f1_8": 0.0025901999541481494,
"avg_TS_ap_8": 0.9916204427564657,
"std_TS_ap_8": 0.0017702633069105315,
"avg_TS_auc_8": 0.9617400999999999,
"std_TS_auc_8": 0.006805798428174154,
"avg_TS_f1_9": 0.9782666666666667,
"std_TS_f1_9": 0.003948808227776235,
"avg_TS_ap_9": 0.9976464608895222,
"std_TS_ap_9": 0.0004113348228070879,
"avg_TS_auc_9": 0.9812201,
"std_TS_auc_9": 0.0036166287793543608,
"avg_TS_f1_all": 0.9608447559432314,
"std_TS_f1_all": 0.00027004079994886484,
"avg_TS_ap_all": 0.9768803623274783,
"std_TS_ap_all": 0.0015507500310290331,
"avg_TS_auc_all": 0.8941899688888888,
"std_TS_auc_all": 0.0026547977176774006
}