{
"avg_TS_f1_0": 0.9481193399633312,
"std_TS_f1_0": 0.0010003024554632628,
"avg_TS_ap_0": 0.9804292317189205,
"std_TS_ap_0": 0.0009033974738732233,
"avg_TS_auc_0": 0.8635855777777778,
"std_TS_auc_0": 0.0036323845491751995,
"avg_TS_f1_1": 0.984110749362619,
"std_TS_f1_1": 0.0008799760367621965,
"avg_TS_ap_1": 0.9938843528914554,
"std_TS_ap_1": 0.00028053917366023697,
"avg_TS_auc_1": 0.9645648,
"std_TS_auc_1": 0.0009444845596710182,
"avg_TS_f1_2": 0.9520211480884742,
"std_TS_f1_2": 0.0010653426708285409,
"avg_TS_ap_2": 0.9876551907591269,
"std_TS_ap_2": 0.0009049308810938013,
"avg_TS_auc_2": 0.9064171999999999,
"std_TS_auc_2": 0.004541643402264628,
"avg_TS_f1_3": 0.9309746961250933,
"std_TS_f1_3": 0.0009970385315144535,
"avg_TS_ap_3": 0.9723257668956314,
"std_TS_ap_3": 0.0009271475720674796,
"avg_TS_auc_3": 0.8019465222222223,
"std_TS_auc_3": 0.005434589678833549,
"avg_TS_f1_4": 0.9412418381268095,
"std_TS_f1_4": 0.00048320553807523466,
"avg_TS_ap_4": 0.9863948450673415,
"std_TS_ap_4": 0.00038301988274280936,
"avg_TS_auc_4": 0.8926738777777776,
"std_TS_auc_4": 0.002106076083239826,
"avg_TS_f1_5": 0.9433203338457072,
"std_TS_f1_5": 0.00154097589798173,
"avg_TS_ap_5": 0.9861992428775734,
"std_TS_ap_5": 0.0008644360455649108,
"avg_TS_auc_5": 0.8898907222222222,
"std_TS_auc_5": 0.006758940433617171,
"avg_TS_f1_6": 0.9260959398089919,
"std_TS_f1_6": 0.0013940298123496534,
"avg_TS_ap_6": 0.9726846029773245,
"std_TS_ap_6": 0.0009485365088649243,
"avg_TS_auc_6": 0.8016904333333332,
"std_TS_auc_6": 0.0036934334493718,
"avg_TS_f1_7": 0.9718107993653969,
"std_TS_f1_7": 0.0008688952669603923,
"avg_TS_ap_7": 0.9967365222760023,
"std_TS_ap_7": 0.00010805329100867844,
"avg_TS_auc_7": 0.9727185,
"std_TS_auc_7": 0.0008888342823505117,
"avg_TS_f1_8": 0.9316844156356925,
"std_TS_f1_8": 0.002580069352190729,
"avg_TS_ap_8": 0.9620270934045401,
"std_TS_ap_8": 0.0021905264854622034,
"avg_TS_auc_8": 0.7711888444444444,
"std_TS_auc_8": 0.01242566146603052,
"avg_TS_f1_9": 0.9770217209598064,
"std_TS_f1_9": 0.0004584769292788232,
"avg_TS_ap_9": 0.9962475430323938,
"std_TS_ap_9": 0.000335070271673244,
"avg_TS_auc_9": 0.9710322666666666,
"std_TS_auc_9": 0.002081614818735694,
"avg_TS_f1_all": 0.9506400981281921,
"std_TS_f1_all": 0.0003550381347492644,
"avg_TS_ap_all": 0.9834584391900311,
"std_TS_ap_all": 0.0004447246482326789,
"avg_TS_auc_all": 0.8835708744444444,
"std_TS_auc_all": 0.0021966772202203096
}