{
"avg_TS_f1_0": 0.9595555555555556,
"std_TS_f1_0": 0.0037862649760860415,
"avg_TS_ap_0": 0.980889068313553,
"std_TS_ap_0": 0.0014484069413304853,
"avg_TS_auc_0": 0.8814752666666668,
"std_TS_auc_0": 0.012063731579213298,
"avg_TS_f1_1": 0.9744222222222222,
"std_TS_f1_1": 0.0022513644696735965,
"avg_TS_ap_1": 0.9788082028290155,
"std_TS_ap_1": 0.005096456346491274,
"avg_TS_auc_1": 0.9043487444444445,
"std_TS_auc_1": 0.017829578921223808,
"avg_TS_f1_2": 0.9538328154033249,
"std_TS_f1_2": 0.0011409189380218623,
"avg_TS_ap_2": 0.98164243490901,
"std_TS_ap_2": 0.0021199211920957597,
"avg_TS_auc_2": 0.8784512222222223,
"std_TS_auc_2": 0.008518446887581268,
"avg_TS_f1_3": 0.9406000000000001,
"std_TS_f1_3": 0.0007652966825654544,
"avg_TS_ap_3": 0.9093449761862296,
"std_TS_ap_3": 0.0038575541240079983,
"avg_TS_auc_3": 0.668393,
"std_TS_auc_3": 0.0043418363491402635,
"avg_TS_f1_4": 0.9432771314455742,
"std_TS_f1_4": 0.0008473005580187646,
"avg_TS_ap_4": 0.968491434577507,
"std_TS_ap_4": 0.0010231211442332396,
"avg_TS_auc_4": 0.8234295444444444,
"std_TS_auc_4": 0.001907281778336719,
"avg_TS_f1_5": 0.954277156138304,
"std_TS_f1_5": 0.01051350076205591,
"avg_TS_ap_5": 0.9344172965582322,
"std_TS_ap_5": 0.04177169034283746,
"avg_TS_auc_5": 0.780540011111111,
"std_TS_auc_5": 0.11659541944552658,
"avg_TS_f1_6": 0.9278753757924824,
"std_TS_f1_6": 0.0010117971740122762,
"avg_TS_ap_6": 0.9366134404993399,
"std_TS_ap_6": 0.007029617938593307,
"avg_TS_auc_6": 0.7128060888888889,
"std_TS_auc_6": 0.012471886450100361,
"avg_TS_f1_7": 0.9553111111111111,
"std_TS_f1_7": 0.0013097921802925714,
"avg_TS_ap_7": 0.9474053560320865,
"std_TS_ap_7": 0.0061424962359034625,
"avg_TS_auc_7": 0.7716644666666665,
"std_TS_auc_7": 0.017196430271059302,
"avg_TS_f1_8": 0.9648444444444445,
"std_TS_f1_8": 0.0029343432604878057,
"avg_TS_ap_8": 0.9611920890225816,
"std_TS_ap_8": 0.018378408828074653,
"avg_TS_auc_8": 0.8482865666666667,
"std_TS_auc_8": 0.055334503881164177,
"avg_TS_f1_9": 0.9629884067633387,
"std_TS_f1_9": 0.003369320932847811,
"avg_TS_ap_9": 0.9541327510332828,
"std_TS_ap_9": 0.01052191610127868,
"avg_TS_auc_9": 0.815911088888889,
"std_TS_auc_9": 0.03391995993778575,
"avg_TS_f1_all": 0.9536984218876358,
"std_TS_f1_all": 0.0010492055570421313,
"avg_TS_ap_all": 0.9552937049960837,
"std_TS_ap_all": 0.0026514092329901267,
"avg_TS_auc_all": 0.8085306000000001,
"std_TS_auc_all": 0.010376169355668112
}