{
"avg_TS_f1_0": 0.9353111111111112,
"std_TS_f1_0": 0.006975583519111418,
"avg_TS_ap_0": 0.9762931739472652,
"std_TS_ap_0": 0.0035262727543022673,
"avg_TS_auc_0": 0.8313765666666667,
"std_TS_auc_0": 0.02872421176860481,
"avg_TS_f1_1": 0.9642,
"std_TS_f1_1": 0.00675986704522624,
"avg_TS_ap_1": 0.9888341738034564,
"std_TS_ap_1": 0.0023382159954284387,
"avg_TS_auc_1": 0.9287688777777777,
"std_TS_auc_1": 0.018250737424147727,
"avg_TS_f1_2": 0.9284547573630633,
"std_TS_f1_2": 0.0058439348762148475,
"avg_TS_ap_2": 0.9801139025190659,
"std_TS_ap_2": 0.0027050492807098887,
"avg_TS_auc_2": 0.8468541999999999,
"std_TS_auc_2": 0.019294206294387193,
"avg_TS_f1_3": 0.9237880808193047,
"std_TS_f1_3": 0.003999665866654625,
"avg_TS_ap_3": 0.9628761022216178,
"std_TS_ap_3": 0.010041981217913892,
"avg_TS_auc_3": 0.7586882666666666,
"std_TS_auc_3": 0.03910879764143251,
"avg_TS_f1_4": 0.9261539147236576,
"std_TS_f1_4": 0.004859320918942021,
"avg_TS_ap_4": 0.9766386948400985,
"std_TS_ap_4": 0.0037689823277537505,
"avg_TS_auc_4": 0.822988311111111,
"std_TS_auc_4": 0.02718467536162222,
"avg_TS_f1_5": 0.944,
"std_TS_f1_5": 0.015887412518821614,
"avg_TS_ap_5": 0.983492211327027,
"std_TS_ap_5": 0.004351253358585309,
"avg_TS_auc_5": 0.8850949888888889,
"std_TS_auc_5": 0.030063743634919662,
"avg_TS_f1_6": 0.9093434450062041,
"std_TS_f1_6": 0.0019062120292945032,
"avg_TS_ap_6": 0.9576290575389154,
"std_TS_ap_6": 0.005378905167968148,
"avg_TS_auc_6": 0.7142880333333333,
"std_TS_auc_6": 0.01883785311562017,
"avg_TS_f1_7": 0.9382327005821312,
"std_TS_f1_7": 0.00452884557890373,
"avg_TS_ap_7": 0.9845638053582835,
"std_TS_ap_7": 0.006004322285251026,
"avg_TS_auc_7": 0.8770401333333334,
"std_TS_auc_7": 0.041048961112274636,
"avg_TS_f1_8": 0.9430666666666665,
"std_TS_f1_8": 0.008394766153111842,
"avg_TS_ap_8": 0.9756016079163718,
"std_TS_ap_8": 0.010651972302031921,
"avg_TS_auc_8": 0.8423551999999999,
"std_TS_auc_8": 0.0576341297639806,
"avg_TS_f1_9": 0.9381999999999999,
"std_TS_f1_9": 0.013237694029168221,
"avg_TS_ap_9": 0.980803925395916,
"std_TS_ap_9": 0.007338275908473334,
"avg_TS_auc_9": 0.8548272666666668,
"std_TS_auc_9": 0.05266618240547876,
"avg_TS_f1_all": 0.9350750676272138,
"std_TS_f1_all": 0.0013272405150071625,
"avg_TS_ap_all": 0.9766846654868019,
"std_TS_ap_all": 0.0007901685223129194,
"avg_TS_auc_all": 0.8362281844444445,
"std_TS_auc_all": 0.0032136095826706076
}