{
"avg_TS_f1_0": 0.950565006697903,
"std_TS_f1_0": 0.002437061341820643,
"avg_TS_ap_0": 0.9816215527518685,
"std_TS_ap_0": 0.00046042878025695077,
"avg_TS_auc_0": 0.8769620111111109,
"std_TS_auc_0": 0.004943318509305646,
"avg_TS_f1_1": 0.9858444444444444,
"std_TS_f1_1": 0.001600308612212314,
"avg_TS_ap_1": 0.9935797774109133,
"std_TS_ap_1": 0.000467509803292639,
"avg_TS_auc_1": 0.9662911333333334,
"std_TS_auc_1": 0.0015660139040424622,
"avg_TS_f1_2": 0.9519872820094945,
"std_TS_f1_2": 0.0005396856796522711,
"avg_TS_ap_2": 0.9886562659773146,
"std_TS_ap_2": 0.00040802819065083686,
"avg_TS_auc_2": 0.9176697444444445,
"std_TS_auc_2": 0.00235137550645279,
"avg_TS_f1_3": 0.9347422721015365,
"std_TS_f1_3": 0.002506005844968062,
"avg_TS_ap_3": 0.9700437564522699,
"std_TS_ap_3": 0.0022334375275787095,
"avg_TS_auc_3": 0.8067819555555555,
"std_TS_auc_3": 0.013700577230716039,
"avg_TS_f1_4": 0.939531977702465,
"std_TS_f1_4": 0.0015201701286167674,
"avg_TS_ap_4": 0.9853029620710453,
"std_TS_ap_4": 0.0009153647747026213,
"avg_TS_auc_4": 0.8915368444444445,
"std_TS_auc_4": 0.00405721516231688,
"avg_TS_f1_5": 0.949821140680655,
"std_TS_f1_5": 0.0023351299754774298,
"avg_TS_ap_5": 0.9877170749108671,
"std_TS_ap_5": 0.0005733997687315423,
"avg_TS_auc_5": 0.9077518222222223,
"std_TS_auc_5": 0.004680759728009775,
"avg_TS_f1_6": 0.9258427986740004,
"std_TS_f1_6": 0.0016152146187938085,
"avg_TS_ap_6": 0.971004256621295,
"std_TS_ap_6": 0.0018706364194262977,
"avg_TS_auc_6": 0.7999481888888889,
"std_TS_auc_6": 0.00916887521587014,
"avg_TS_f1_7": 0.9736222222222223,
"std_TS_f1_7": 0.0018252008176338622,
"avg_TS_ap_7": 0.9968814517887481,
"std_TS_ap_7": 0.0003194005900220121,
"avg_TS_auc_7": 0.9756733666666667,
"std_TS_auc_7": 0.002565555696212849,
"avg_TS_f1_8": 0.9453543517849757,
"std_TS_f1_8": 0.002049970208611699,
"avg_TS_ap_8": 0.9726769482561448,
"std_TS_ap_8": 0.002203982905871882,
"avg_TS_auc_8": 0.8401495999999999,
"std_TS_auc_8": 0.012397121205324421,
"avg_TS_f1_9": 0.9778217370100808,
"std_TS_f1_9": 0.0010214571641924631,
"avg_TS_ap_9": 0.996530041671396,
"std_TS_ap_9": 0.000301123105861306,
"avg_TS_auc_9": 0.9737726222222222,
"std_TS_auc_9": 0.0019958609322765254,
"avg_TS_f1_all": 0.9535133233327777,
"std_TS_f1_all": 0.0007023519347287921,
"avg_TS_ap_all": 0.9844014087911864,
"std_TS_ap_all": 0.0007168102533800692,
"avg_TS_auc_all": 0.8956537288888891,
"std_TS_auc_all": 0.003524301222610835
}