{
"avg_TS_f1_0": 0.9590328771351494,
"std_TS_f1_0": 0.001603878927281858,
"avg_TS_ap_0": 0.986862367804043,
"std_TS_ap_0": 0.0005537027819443181,
"avg_TS_auc_0": 0.9022032777777778,
"std_TS_auc_0": 0.004221267697952564,
"avg_TS_f1_1": 0.9864222222222223,
"std_TS_f1_1": 0.003164931298378645,
"avg_TS_ap_1": 0.9960303035447076,
"std_TS_ap_1": 0.000977594232864964,
"avg_TS_auc_1": 0.9758762888888889,
"std_TS_auc_1": 0.006162371696648552,
"avg_TS_f1_2": 0.9532327870066857,
"std_TS_f1_2": 0.0026523981892606404,
"avg_TS_ap_2": 0.9898521894422228,
"std_TS_ap_2": 0.0014662441655470468,
"avg_TS_auc_2": 0.921537111111111,
"std_TS_auc_2": 0.010931977057702097,
"avg_TS_f1_3": 0.9453216178676593,
"std_TS_f1_3": 0.002305687638909034,
"avg_TS_ap_3": 0.9650951499852498,
"std_TS_ap_3": 0.014282840251072414,
"avg_TS_auc_3": 0.8205792777777778,
"std_TS_auc_3": 0.042111921014096776,
"avg_TS_f1_4": 0.9414653147397077,
"std_TS_f1_4": 0.00223486991918665,
"avg_TS_ap_4": 0.9869622713439883,
"std_TS_ap_4": 0.0009673323467702574,
"avg_TS_auc_4": 0.8967812555555555,
"std_TS_auc_4": 0.006337007331092568,
"avg_TS_f1_5": 0.9631555555555555,
"std_TS_f1_5": 0.0145982579715002,
"avg_TS_ap_5": 0.9883838778355518,
"std_TS_ap_5": 0.011501596660793674,
"avg_TS_auc_5": 0.9234750555555558,
"std_TS_auc_5": 0.06266431909593205,
"avg_TS_f1_6": 0.9285539641091172,
"std_TS_f1_6": 0.00048614534768643775,
"avg_TS_ap_6": 0.9671241824423353,
"std_TS_ap_6": 0.004851334145972525,
"avg_TS_auc_6": 0.7871444666666666,
"std_TS_auc_6": 0.0125726253640672,
"avg_TS_f1_7": 0.9737777777777777,
"std_TS_f1_7": 0.0036514837167011486,
"avg_TS_ap_7": 0.997739509915489,
"std_TS_ap_7": 0.0005314060781631439,
"avg_TS_auc_7": 0.9799798222222222,
"std_TS_auc_7": 0.004643067371527472,
"avg_TS_f1_8": 0.9687218907223241,
"std_TS_f1_8": 0.007090527905810213,
"avg_TS_ap_8": 0.9819603604013059,
"std_TS_ap_8": 0.005568608322346096,
"avg_TS_auc_8": 0.8989917555555555,
"std_TS_auc_8": 0.0304205615968038,
"avg_TS_f1_9": 0.9765555555555556,
"std_TS_f1_9": 0.0029756211095592097,
"avg_TS_ap_9": 0.9980633022203953,
"std_TS_ap_9": 0.0003778281384977942,
"avg_TS_auc_9": 0.9832878111111111,
"std_TS_auc_9": 0.003192637533721659,
"avg_TS_f1_all": 0.9596239562691753,
"std_TS_f1_all": 0.0018684839079222935,
"avg_TS_ap_all": 0.9858073514935288,
"std_TS_ap_all": 0.0015106786245528679,
"avg_TS_auc_all": 0.9089856122222223,
"std_TS_auc_all": 0.007206586642586334
}