{
"avg_TS_f1_0": 0.9430980647072985,
"std_TS_f1_0": 0.01016599174231054,
"avg_TS_ap_0": 0.9738665679374515,
"std_TS_ap_0": 0.005168332714192618,
"avg_TS_auc_0": 0.8358020777777778,
"std_TS_auc_0": 0.03143208220464015,
"avg_TS_f1_1": 0.9770888888888889,
"std_TS_f1_1": 0.006080691968420602,
"avg_TS_ap_1": 0.9844327443541842,
"std_TS_ap_1": 0.0019038511347059437,
"avg_TS_auc_1": 0.9301037222222222,
"std_TS_auc_1": 0.011939355148177832,
"avg_TS_f1_2": 0.9412862430628863,
"std_TS_f1_2": 0.0037096637019377347,
"avg_TS_ap_2": 0.9796745714595956,
"std_TS_ap_2": 0.005982881535657132,
"avg_TS_auc_2": 0.8659596777777778,
"std_TS_auc_2": 0.030374583573071975,
"avg_TS_f1_3": 0.9243538727460168,
"std_TS_f1_3": 0.00629258260405799,
"avg_TS_ap_3": 0.9581876420024532,
"std_TS_ap_3": 0.006161688139268604,
"avg_TS_auc_3": 0.7442883555555555,
"std_TS_auc_3": 0.03289657533649782,
"avg_TS_f1_4": 0.9339541925168682,
"std_TS_f1_4": 0.00476885501749192,
"avg_TS_ap_4": 0.9799408864090896,
"std_TS_ap_4": 0.003575598537088515,
"avg_TS_auc_4": 0.8597278666666666,
"std_TS_auc_4": 0.021230792812101253,
"avg_TS_f1_5": 0.9344653221475268,
"std_TS_f1_5": 0.006994703729580207,
"avg_TS_ap_5": 0.974160877509379,
"std_TS_ap_5": 0.005302041695759196,
"avg_TS_auc_5": 0.8243803222222222,
"std_TS_auc_5": 0.033517614635698044,
"avg_TS_f1_6": 0.9191983454951785,
"std_TS_f1_6": 0.0047610267187501235,
"avg_TS_ap_6": 0.9626917829674074,
"std_TS_ap_6": 0.004147056530450604,
"avg_TS_auc_6": 0.7552726111111111,
"std_TS_auc_6": 0.027611707896814577,
"avg_TS_f1_7": 0.9645440277546283,
"std_TS_f1_7": 0.002593862803998519,
"avg_TS_ap_7": 0.9932305316480798,
"std_TS_ap_7": 0.0008958294706343797,
"avg_TS_auc_7": 0.9497850555555555,
"std_TS_auc_7": 0.0069218372711760704,
"avg_TS_f1_8": 0.9277434857492082,
"std_TS_f1_8": 0.009890473075283632,
"avg_TS_ap_8": 0.9523058382461997,
"std_TS_ap_8": 0.00580096614748062,
"avg_TS_auc_8": 0.7360559666666666,
"std_TS_auc_8": 0.039431242144929976,
"avg_TS_f1_9": 0.9783111111111111,
"std_TS_f1_9": 0.0009359750972734507,
"avg_TS_ap_9": 0.9951806074926273,
"std_TS_ap_9": 0.0010211559501228855,
"avg_TS_auc_9": 0.9663470000000001,
"std_TS_auc_9": 0.005824981098787806,
"avg_TS_f1_all": 0.9444043554179611,
"std_TS_f1_all": 0.0018993068782895107,
"avg_TS_ap_all": 0.9753672050026466,
"std_TS_ap_all": 0.001726894955806605,
"avg_TS_auc_all": 0.8467722655555555,
"std_TS_auc_all": 0.010482879143947547
}