{
"avg_TS_f1_0": 0.93310965794396,
"std_TS_f1_0": 0.009688198146115597,
"avg_TS_ap_0": 0.9688695035669787,
"std_TS_ap_0": 0.012395113010914284,
"avg_TS_auc_0": 0.8030393111111112,
"std_TS_auc_0": 0.05762335802185011,
"avg_TS_f1_1": 0.956188670975548,
"std_TS_f1_1": 0.01878142821451127,
"avg_TS_ap_1": 0.9869397940005932,
"std_TS_ap_1": 0.004716036101408897,
"avg_TS_auc_1": 0.9138795,
"std_TS_auc_1": 0.03969829990483935,
"avg_TS_f1_2": 0.9408222222222221,
"std_TS_f1_2": 0.007157694642312752,
"avg_TS_ap_2": 0.9794951170299653,
"std_TS_ap_2": 0.004328922109138823,
"avg_TS_auc_2": 0.8626377999999999,
"std_TS_auc_2": 0.023404510976046955,
"avg_TS_f1_3": 0.9070544462346672,
"std_TS_f1_3": 0.00950986388552832,
"avg_TS_ap_3": 0.9519993103297665,
"std_TS_ap_3": 0.008000844436192235,
"avg_TS_auc_3": 0.6817808111111112,
"std_TS_auc_3": 0.05024625309823459,
"avg_TS_f1_4": 0.9216444444444445,
"std_TS_f1_4": 0.008651382534201465,
"avg_TS_ap_4": 0.9666695891989399,
"std_TS_ap_4": 0.016750030378811117,
"avg_TS_auc_4": 0.7754663111111111,
"std_TS_auc_4": 0.0775186381600477,
"avg_TS_f1_5": 0.9197333333333333,
"std_TS_f1_5": 0.012633015729419212,
"avg_TS_ap_5": 0.9682609886648883,
"std_TS_ap_5": 0.009349025837804094,
"avg_TS_auc_5": 0.7717803555555556,
"std_TS_auc_5": 0.06509215425734861,
"avg_TS_f1_6": 0.9106666666666665,
"std_TS_f1_6": 0.006527056697762237,
"avg_TS_ap_6": 0.9484874622712359,
"std_TS_ap_6": 0.008961955776706254,
"avg_TS_auc_6": 0.6809613222222223,
"std_TS_auc_6": 0.048493110385838166,
"avg_TS_f1_7": 0.9274307473872005,
"std_TS_f1_7": 0.009299172932767443,
"avg_TS_ap_7": 0.9729819538700484,
"std_TS_ap_7": 0.011423837454280595,
"avg_TS_auc_7": 0.8053197666666666,
"std_TS_auc_7": 0.06963677991851007,
"avg_TS_f1_8": 0.9062666666666667,
"std_TS_f1_8": 0.009467709906001412,
"avg_TS_ap_8": 0.9383853606463939,
"std_TS_ap_8": 0.031428904621660564,
"avg_TS_auc_8": 0.6454983111111111,
"std_TS_auc_8": 0.10744253244275213,
"avg_TS_f1_9": 0.9392000000000001,
"std_TS_f1_9": 0.010993915264340825,
"avg_TS_ap_9": 0.9861812067019772,
"std_TS_ap_9": 0.005599481194617981,
"avg_TS_auc_9": 0.8876280444444443,
"std_TS_auc_9": 0.04282440096982037,
"avg_TS_f1_all": 0.9262116855874709,
"std_TS_f1_all": 0.0034926488576951017,
"avg_TS_ap_all": 0.9668270286280787,
"std_TS_ap_all": 0.005254035260065293,
"avg_TS_auc_all": 0.7827991533333333,
"std_TS_auc_all": 0.024703095799309998
}