{
"avg_TS_f1_0": 0.9585777777777779,
"std_TS_f1_0": 0.0016988013203214718,
"avg_TS_ap_0": 0.9895539795404641,
"std_TS_ap_0": 0.0004913009139816301,
"avg_TS_auc_0": 0.9204456000000001,
"std_TS_auc_0": 0.003248351410625669,
"avg_TS_f1_1": 0.9919777777777778,
"std_TS_f1_1": 0.0005769224438109905,
"avg_TS_ap_1": 0.9983645581172912,
"std_TS_ap_1": 0.00010649708850988079,
"avg_TS_auc_1": 0.9886856111111111,
"std_TS_auc_1": 0.0009168036813426705,
"avg_TS_f1_2": 0.9527322863615881,
"std_TS_f1_2": 0.000995760454914103,
"avg_TS_ap_2": 0.9921757443274822,
"std_TS_ap_2": 0.0003018718996320277,
"avg_TS_auc_2": 0.9349570555555555,
"std_TS_auc_2": 0.0015303204001647997,
"avg_TS_f1_3": 0.9464315387891921,
"std_TS_f1_3": 0.0013967882495697042,
"avg_TS_ap_3": 0.9853851995019326,
"std_TS_ap_3": 0.0013241421487632462,
"avg_TS_auc_3": 0.8875097555555556,
"std_TS_auc_3": 0.009228884551233729,
"avg_TS_f1_4": 0.9418771474958486,
"std_TS_f1_4": 0.001971704723245544,
"avg_TS_ap_4": 0.9897056093461449,
"std_TS_ap_4": 0.00036706531079006997,
"avg_TS_auc_4": 0.9129775222222222,
"std_TS_auc_4": 0.002655684358708022,
"avg_TS_f1_5": 0.965311111111111,
"std_TS_f1_5": 0.0032067829346751064,
"avg_TS_ap_5": 0.996285384064227,
"std_TS_ap_5": 0.0004195801695862544,
"avg_TS_auc_5": 0.9670473444444443,
"std_TS_auc_5": 0.004073365417737461,
"avg_TS_f1_6": 0.9278547635362457,
"std_TS_f1_6": 0.001316790916464523,
"avg_TS_ap_6": 0.9793122372282751,
"std_TS_ap_6": 0.00039047984821312707,
"avg_TS_auc_6": 0.8355917777777776,
"std_TS_auc_6": 0.002463138706790306,
"avg_TS_f1_7": 0.9780000000000001,
"std_TS_f1_7": 0.0010012338067616965,
"avg_TS_ap_7": 0.998446710368001,
"std_TS_ap_7": 0.00013128804964083254,
"avg_TS_auc_7": 0.9859929666666666,
"std_TS_auc_7": 0.0012043543373427832,
"avg_TS_f1_8": 0.9821333333333333,
"std_TS_f1_8": 0.0013079056861832956,
"avg_TS_ap_8": 0.9958214745920058,
"std_TS_ap_8": 0.0002404282181974173,
"avg_TS_auc_8": 0.9721468111111111,
"std_TS_auc_8": 0.0010943302222403526,
"avg_TS_f1_9": 0.9802553314690323,
"std_TS_f1_9": 0.0018357739437873642,
"avg_TS_ap_9": 0.9985651656925325,
"std_TS_ap_9": 0.00018887818530911548,
"avg_TS_auc_9": 0.9872693666666666,
"std_TS_auc_9": 0.0017473275352822067,
"avg_TS_f1_all": 0.9625151067651906,
"std_TS_f1_all": 0.00015155491942185035,
"avg_TS_ap_all": 0.9923616062778355,
"std_TS_ap_all": 0.0002140958968902098,
"avg_TS_auc_all": 0.9392623811111112,
"std_TS_auc_all": 0.0014100911113790837
}