{
"avg_TS_f1_0": 0.9498327351519528,
"std_TS_f1_0": 0.006780468897142092,
"avg_TS_ap_0": 0.9838767424391313,
"std_TS_ap_0": 0.003039248307370206,
"avg_TS_auc_0": 0.8792907222222223,
"std_TS_auc_0": 0.02237169718215128,
"avg_TS_f1_1": 0.9896444444444444,
"std_TS_f1_1": 0.002040818039807776,
"avg_TS_ap_1": 0.9983635004665674,
"std_TS_ap_1": 0.0007698934096854158,
"avg_TS_auc_1": 0.9883952333333333,
"std_TS_auc_1": 0.0053355288303277995,
"avg_TS_f1_2": 0.9462433011710527,
"std_TS_f1_2": 0.003860282434271661,
"avg_TS_ap_2": 0.9888613805711841,
"std_TS_ap_2": 0.0017695576639741245,
"avg_TS_auc_2": 0.9103407444444445,
"std_TS_auc_2": 0.012860690683053785,
"avg_TS_f1_3": 0.9267966898486029,
"std_TS_f1_3": 0.0039572247293571654,
"avg_TS_ap_3": 0.925260620782818,
"std_TS_ap_3": 0.008017856960547414,
"avg_TS_auc_3": 0.6906707777777777,
"std_TS_auc_3": 0.02462486679974005,
"avg_TS_f1_4": 0.942575152794755,
"std_TS_f1_4": 0.003925996316643438,
"avg_TS_ap_4": 0.9881200770434122,
"std_TS_ap_4": 0.0011514211589342578,
"avg_TS_auc_4": 0.9036632000000001,
"std_TS_auc_4": 0.0086934373135255,
"avg_TS_f1_5": 0.9641555555555555,
"std_TS_f1_5": 0.005642256793907482,
"avg_TS_ap_5": 0.9961663004740291,
"std_TS_ap_5": 0.0009216175807920627,
"avg_TS_auc_5": 0.9658489222222222,
"std_TS_auc_5": 0.008207124362902534,
"avg_TS_f1_6": 0.922731651758431,
"std_TS_f1_6": 0.003438175979640576,
"avg_TS_ap_6": 0.960159366840615,
"std_TS_ap_6": 0.011928189431421203,
"avg_TS_auc_6": 0.7603302222222222,
"std_TS_auc_6": 0.03889999157613604,
"avg_TS_f1_7": 0.9759663326974956,
"std_TS_f1_7": 0.0035612555984915954,
"avg_TS_ap_7": 0.9979988553955945,
"std_TS_ap_7": 0.0005580237704194984,
"avg_TS_auc_7": 0.9820047666666667,
"std_TS_auc_7": 0.005001424584512671,
"avg_TS_f1_8": 0.987010922829046,
"std_TS_f1_8": 0.0037610096205461926,
"avg_TS_ap_8": 0.9985902483271849,
"std_TS_ap_8": 0.0004110088853411855,
"avg_TS_auc_8": 0.9887634444444444,
"std_TS_auc_8": 0.0034515663327514064,
"avg_TS_f1_9": 0.9787111111111111,
"std_TS_f1_9": 0.003288288233438928,
"avg_TS_ap_9": 0.9984691982759021,
"std_TS_ap_9": 0.0003550160520333267,
"avg_TS_auc_9": 0.9862303444444445,
"std_TS_auc_9": 0.0032239978935752513,
"avg_TS_f1_all": 0.9583667897362446,
"std_TS_f1_all": 0.0012155348005777487,
"avg_TS_ap_all": 0.9835866290616438,
"std_TS_ap_all": 0.0020106908173131753,
"avg_TS_auc_all": 0.9055538377777778,
"std_TS_auc_all": 0.006716395060574414
}