{
"avg_TS_f1_0": 0.9404862405936132,
"std_TS_f1_0": 0.0004256087301598845,
"avg_TS_ap_0": 0.970577423859708,
"std_TS_ap_0": 0.0003754262032303497,
"avg_TS_auc_0": 0.8157362888888888,
"std_TS_auc_0": 0.001599609032247971,
"avg_TS_f1_1": 0.975043881450204,
"std_TS_f1_1": 0.0009106889613966237,
"avg_TS_ap_1": 0.9889418597508393,
"std_TS_ap_1": 0.00042442713367642763,
"avg_TS_auc_1": 0.9390919555555556,
"std_TS_auc_1": 0.0018704709073676727,
"avg_TS_f1_2": 0.947464334373576,
"std_TS_f1_2": 0.00097650738779055,
"avg_TS_ap_2": 0.9822016216328608,
"std_TS_ap_2": 0.0007385223786250062,
"avg_TS_auc_2": 0.8769430555555555,
"std_TS_auc_2": 0.0033656268997610435,
"avg_TS_f1_3": 0.9194733126155732,
"std_TS_f1_3": 0.0005549977436907219,
"avg_TS_ap_3": 0.9589729072666904,
"std_TS_ap_3": 0.0015846623941077592,
"avg_TS_auc_3": 0.7327041777777777,
"std_TS_auc_3": 0.00507820140846523,
"avg_TS_f1_4": 0.9358534116092869,
"std_TS_f1_4": 0.0009970544592653589,
"avg_TS_ap_4": 0.980433744037747,
"std_TS_ap_4": 0.00045394463318891744,
"avg_TS_auc_4": 0.860088788888889,
"std_TS_auc_4": 0.003246771238220073,
"avg_TS_f1_5": 0.9231162309575286,
"std_TS_f1_5": 0.0019529580082811328,
"avg_TS_ap_5": 0.9691787863857801,
"std_TS_ap_5": 0.000983209466108126,
"avg_TS_auc_5": 0.7813470555555556,
"std_TS_auc_5": 0.006926638827520417,
"avg_TS_f1_6": 0.9222187467204968,
"std_TS_f1_6": 0.0010854774742016747,
"avg_TS_ap_6": 0.963302087661489,
"std_TS_ap_6": 0.001458759003520386,
"avg_TS_auc_6": 0.7589943555555555,
"std_TS_auc_6": 0.006659990477285341,
"avg_TS_f1_7": 0.9620756695887716,
"std_TS_f1_7": 0.0012779349074983997,
"avg_TS_ap_7": 0.9928053110161974,
"std_TS_ap_7": 0.00011580346881385556,
"avg_TS_auc_7": 0.9447615111111111,
"std_TS_auc_7": 0.0009928334663234298,
"avg_TS_f1_8": 0.9177056057632715,
"std_TS_f1_8": 0.001159561070391253,
"avg_TS_ap_8": 0.9418043210118998,
"std_TS_ap_8": 0.0009071491633815015,
"avg_TS_auc_8": 0.6756617333333332,
"std_TS_auc_8": 0.006974012629738589,
"avg_TS_f1_9": 0.9678537696538697,
"std_TS_f1_9": 0.0010480427688250523,
"avg_TS_ap_9": 0.9912388761488253,
"std_TS_ap_9": 0.00023942960310936729,
"avg_TS_auc_9": 0.9392877000000001,
"std_TS_auc_9": 0.0017206940699096786,
"avg_TS_f1_all": 0.9411291203326192,
"std_TS_f1_all": 0.0005810055236771248,
"avg_TS_ap_all": 0.9739456938772039,
"std_TS_ap_all": 0.00012965578580758632,
"avg_TS_auc_all": 0.8324616622222223,
"std_TS_auc_all": 0.001258044605969825
}