{
"avg_TS_f1_0": 0.9329377356327839,
"std_TS_f1_0": 0.00042354265363487377,
"avg_TS_ap_0": 0.9594652761249878,
"std_TS_ap_0": 0.0009477357703383666,
"avg_TS_auc_0": 0.7684858111111111,
"std_TS_auc_0": 0.003789603341828141,
"avg_TS_f1_1": 0.9652199306969684,
"std_TS_f1_1": 0.0015156729921855486,
"avg_TS_ap_1": 0.9821857322752635,
"std_TS_ap_1": 0.0005090085200723973,
"avg_TS_auc_1": 0.9025622111111111,
"std_TS_auc_1": 0.0025916898804248627,
"avg_TS_f1_2": 0.9422536153243083,
"std_TS_f1_2": 0.0013680951799154946,
"avg_TS_ap_2": 0.9760295128298223,
"std_TS_ap_2": 0.0005606792112952095,
"avg_TS_auc_2": 0.8465244777777778,
"std_TS_auc_2": 0.003225230849542299,
"avg_TS_f1_3": 0.9133275797151731,
"std_TS_f1_3": 0.0007180312887134286,
"avg_TS_ap_3": 0.9483000974677364,
"std_TS_ap_3": 0.0008386356387410083,
"avg_TS_auc_3": 0.6855461444444446,
"std_TS_auc_3": 0.0026875074386575304,
"avg_TS_f1_4": 0.9300413195794828,
"std_TS_f1_4": 0.0009217575436738189,
"avg_TS_ap_4": 0.9728556040064327,
"std_TS_ap_4": 0.0008642679097765075,
"avg_TS_auc_4": 0.8240724777777777,
"std_TS_auc_4": 0.00449749551082344,
"avg_TS_f1_5": 0.9075816715898226,
"std_TS_f1_5": 0.002191928763611449,
"avg_TS_ap_5": 0.9475006829761409,
"std_TS_ap_5": 0.003691632760027943,
"avg_TS_auc_5": 0.6638273,
"std_TS_auc_5": 0.018631226052629967,
"avg_TS_f1_6": 0.9192937506912033,
"std_TS_f1_6": 0.0011161688340894514,
"avg_TS_ap_6": 0.9523366281707574,
"std_TS_ap_6": 0.0009697080438678837,
"avg_TS_auc_6": 0.7170364222222222,
"std_TS_auc_6": 0.0050725910402115585,
"avg_TS_f1_7": 0.9478198825860696,
"std_TS_f1_7": 0.0016466637083452098,
"avg_TS_ap_7": 0.9847494564519723,
"std_TS_ap_7": 0.001002357636902407,
"avg_TS_auc_7": 0.8915092666666666,
"std_TS_auc_7": 0.006209287530489789,
"avg_TS_f1_8": 0.9090605575678629,
"std_TS_f1_8": 0.002154517084600556,
"avg_TS_ap_8": 0.9208430550409092,
"std_TS_ap_8": 0.0017552444861653608,
"avg_TS_auc_8": 0.5983885666666666,
"std_TS_auc_8": 0.011009505753609726,
"avg_TS_f1_9": 0.9529968380347537,
"std_TS_f1_9": 0.0013307568482397417,
"avg_TS_ap_9": 0.9817038097147373,
"std_TS_ap_9": 0.00046050184242297447,
"avg_TS_auc_9": 0.885648988888889,
"std_TS_auc_9": 0.0026370464586701805,
"avg_TS_f1_all": 0.9320532881418429,
"std_TS_f1_all": 0.0005865701306892068,
"avg_TS_ap_all": 0.9625969855058758,
"std_TS_ap_all": 0.000601819037243924,
"avg_TS_auc_all": 0.7783601666666666,
"std_TS_auc_all": 0.0031374904389800495
}