{
"avg_TS_f1_0": 0.9420444444444444,
"std_TS_f1_0": 0.008574034877120221,
"avg_TS_ap_0": 0.964899285421296,
"std_TS_ap_0": 0.010567348579853777,
"avg_TS_auc_0": 0.7985172555555555,
"std_TS_auc_0": 0.04382889891793736,
"avg_TS_f1_1": 0.9659333333333333,
"std_TS_f1_1": 0.00699121141412822,
"avg_TS_ap_1": 0.9837838256605472,
"std_TS_ap_1": 0.004231330198286901,
"avg_TS_auc_1": 0.9038181111111111,
"std_TS_auc_1": 0.025333562260125484,
"avg_TS_f1_2": 0.9437437870005125,
"std_TS_f1_2": 0.003944163042547059,
"avg_TS_ap_2": 0.9794396233756612,
"std_TS_ap_2": 0.004065406863063157,
"avg_TS_auc_2": 0.8716002444444445,
"std_TS_auc_2": 0.01111953760993534,
"avg_TS_f1_3": 0.9114000000000001,
"std_TS_f1_3": 0.005302969119416154,
"avg_TS_ap_3": 0.9542130829768325,
"std_TS_ap_3": 0.005113320376731102,
"avg_TS_auc_3": 0.7103145,
"std_TS_auc_3": 0.028714097979632775,
"avg_TS_f1_4": 0.9256444444444444,
"std_TS_f1_4": 0.002730169804333388,
"avg_TS_ap_4": 0.9710096512185993,
"std_TS_ap_4": 0.006286358235843073,
"avg_TS_auc_4": 0.8015649777777778,
"std_TS_auc_4": 0.03139322150894012,
"avg_TS_f1_5": 0.9190222222222222,
"std_TS_f1_5": 0.011123415409413199,
"avg_TS_ap_5": 0.9706971206941735,
"std_TS_ap_5": 0.013065131959161251,
"avg_TS_auc_5": 0.7952135,
"std_TS_auc_5": 0.07077918086264959,
"avg_TS_f1_6": 0.9184990684667665,
"std_TS_f1_6": 0.005304962038605339,
"avg_TS_ap_6": 0.9480836136657509,
"std_TS_ap_6": 0.010797346609570952,
"avg_TS_auc_6": 0.6963510111111111,
"std_TS_auc_6": 0.05972898355361001,
"avg_TS_f1_7": 0.9587660339154646,
"std_TS_f1_7": 0.010246017358208246,
"avg_TS_ap_7": 0.989326323365734,
"std_TS_ap_7": 0.004946155752982551,
"avg_TS_auc_7": 0.9211549666666666,
"std_TS_auc_7": 0.03443517130910145,
"avg_TS_f1_8": 0.9168546264915953,
"std_TS_f1_8": 0.009840349359513296,
"avg_TS_ap_8": 0.9550358930170054,
"std_TS_ap_8": 0.009030995891046657,
"avg_TS_auc_8": 0.7318626111111112,
"std_TS_auc_8": 0.05084461633022614,
"avg_TS_f1_9": 0.9154666666666665,
"std_TS_f1_9": 0.007906053314539765,
"avg_TS_ap_9": 0.9758220724752039,
"std_TS_ap_9": 0.002009244031711082,
"avg_TS_auc_9": 0.8073926333333332,
"std_TS_auc_9": 0.013746977119370443,
"avg_TS_f1_all": 0.931737462698545,
"std_TS_f1_all": 0.002354374360597339,
"avg_TS_ap_all": 0.9692310491870805,
"std_TS_ap_all": 0.003394265108547852,
"avg_TS_auc_all": 0.8037789811111111,
"std_TS_auc_all": 0.017616562555392765
}