{
"avg_TS_f1_0": 0.9516878048780487,
"std_TS_f1_0": 0.000854501312411474,
"avg_TS_ap_0": 0.9802178150325265,
"std_TS_ap_0": 0.0008329174828235883,
"avg_TS_auc_0": 0.8733224777777778,
"std_TS_auc_0": 0.002764771053991175,
"avg_TS_f1_1": 0.9857777777777776,
"std_TS_f1_1": 0.001133115447465101,
"avg_TS_ap_1": 0.9929603661688468,
"std_TS_ap_1": 0.0006872314387109584,
"avg_TS_auc_1": 0.9641248555555556,
"std_TS_auc_1": 0.0016996987607466824,
"avg_TS_f1_2": 0.9535884018247927,
"std_TS_f1_2": 0.0018769448478003648,
"avg_TS_ap_2": 0.9891503134668334,
"std_TS_ap_2": 0.000802099082156806,
"avg_TS_auc_2": 0.9200735555555555,
"std_TS_auc_2": 0.004083831020766323,
"avg_TS_f1_3": 0.9320547894636121,
"std_TS_f1_3": 0.0019929638486045256,
"avg_TS_ap_3": 0.9698185872860116,
"std_TS_ap_3": 0.0025258528785635304,
"avg_TS_auc_3": 0.8031952444444445,
"std_TS_auc_3": 0.013398473551836355,
"avg_TS_f1_4": 0.9406091412485879,
"std_TS_f1_4": 0.0009054823443522343,
"avg_TS_ap_4": 0.9862945893816374,
"std_TS_ap_4": 0.0003162462712924749,
"avg_TS_auc_4": 0.8963487777777777,
"std_TS_auc_4": 0.0020702748708180565,
"avg_TS_f1_5": 0.9512328154033248,
"std_TS_f1_5": 0.00186739147883917,
"avg_TS_ap_5": 0.9872999627293142,
"std_TS_ap_5": 0.001014504923467884,
"avg_TS_auc_5": 0.9055987999999999,
"std_TS_auc_5": 0.007024236566979303,
"avg_TS_f1_6": 0.9256530597378868,
"std_TS_f1_6": 0.0009266744800215127,
"avg_TS_ap_6": 0.972560983410356,
"std_TS_ap_6": 0.0007938849773805823,
"avg_TS_auc_6": 0.8073521444444444,
"std_TS_auc_6": 0.0023770041450697633,
"avg_TS_f1_7": 0.9722329857831609,
"std_TS_f1_7": 0.0018520516673940638,
"avg_TS_ap_7": 0.996895468827848,
"std_TS_ap_7": 0.00016092409855738817,
"avg_TS_auc_7": 0.9748817888888889,
"std_TS_auc_7": 0.001639546755119295,
"avg_TS_f1_8": 0.9466328092301424,
"std_TS_f1_8": 0.005120804431106346,
"avg_TS_ap_8": 0.9721352100053702,
"std_TS_ap_8": 0.0023483756900331025,
"avg_TS_auc_8": 0.8396200333333332,
"std_TS_auc_8": 0.014883883558059537,
"avg_TS_f1_9": 0.9766883740454716,
"std_TS_f1_9": 0.0014317803171490894,
"avg_TS_ap_9": 0.996637556927697,
"std_TS_ap_9": 0.0003766125157376176,
"avg_TS_auc_9": 0.9741385999999999,
"std_TS_auc_9": 0.0028377679116247485,
"avg_TS_f1_all": 0.9536157959392806,
"std_TS_f1_all": 0.0006728574503237034,
"avg_TS_ap_all": 0.9843970853236442,
"std_TS_ap_all": 0.0004432613915010845,
"avg_TS_auc_all": 0.8958656277777777,
"std_TS_auc_all": 0.0021341589203526337
}