{
"avg_TS_f1_0": 0.9576985894278078,
"std_TS_f1_0": 0.0008184946950933431,
"avg_TS_ap_0": 0.9870682080674126,
"std_TS_ap_0": 0.0015430256101084368,
"avg_TS_auc_0": 0.9061443555555556,
"std_TS_auc_0": 0.007595893840201052,
"avg_TS_f1_1": 0.9912666666666666,
"std_TS_f1_1": 0.00011331154474649094,
"avg_TS_ap_1": 0.9963597277362972,
"std_TS_ap_1": 0.0004016401465409133,
"avg_TS_auc_1": 0.9793053,
"std_TS_auc_1": 0.0016049190843800748,
"avg_TS_f1_2": 0.9536772907136817,
"std_TS_f1_2": 0.0014377781754224732,
"avg_TS_ap_2": 0.9886623708744487,
"std_TS_ap_2": 0.0015272733016855305,
"avg_TS_auc_2": 0.9188564777777778,
"std_TS_auc_2": 0.004915004648855567,
"avg_TS_f1_3": 0.9405084455309245,
"std_TS_f1_3": 0.0027507766016669427,
"avg_TS_ap_3": 0.9454175819966222,
"std_TS_ap_3": 0.0269924150238642,
"avg_TS_auc_3": 0.7773933222222222,
"std_TS_auc_3": 0.05368776522673698,
"avg_TS_f1_4": 0.9431974726991005,
"std_TS_f1_4": 0.0004992247737371631,
"avg_TS_ap_4": 0.9877809861720873,
"std_TS_ap_4": 0.0006970194704914314,
"avg_TS_auc_4": 0.9026158555555556,
"std_TS_auc_4": 0.0037722329804461096,
"avg_TS_f1_5": 0.9683326456408071,
"std_TS_f1_5": 0.0015690674088980035,
"avg_TS_ap_5": 0.9970820976629238,
"std_TS_ap_5": 0.00018290865516542933,
"avg_TS_auc_5": 0.9737406888888888,
"std_TS_auc_5": 0.00168075623066331,
"avg_TS_f1_6": 0.9269642040923982,
"std_TS_f1_6": 0.00105816710330994,
"avg_TS_ap_6": 0.9673171440786282,
"std_TS_ap_6": 0.013077462767591991,
"avg_TS_auc_6": 0.7999248888888889,
"std_TS_auc_6": 0.033609654874605946,
"avg_TS_f1_7": 0.9794,
"std_TS_f1_7": 0.0015309159688577803,
"avg_TS_ap_7": 0.9984877534694414,
"std_TS_ap_7": 0.0001792543819616707,
"avg_TS_auc_7": 0.9864175777777777,
"std_TS_auc_7": 0.001599013569611749,
"avg_TS_f1_8": 0.9783777777777777,
"std_TS_f1_8": 0.00847322580576935,
"avg_TS_ap_8": 0.9919236621077172,
"std_TS_ap_8": 0.004703398929181466,
"avg_TS_auc_8": 0.9576635333333334,
"std_TS_auc_8": 0.022227106112921266,
"avg_TS_f1_9": 0.9783555555555555,
"std_TS_f1_9": 0.0012908031761295785,
"avg_TS_ap_9": 0.998283021875565,
"std_TS_ap_9": 0.0001982287322104827,
"avg_TS_auc_9": 0.9848108,
"std_TS_auc_9": 0.001733212434743821,
"avg_TS_f1_all": 0.9617778648104721,
"std_TS_f1_all": 0.0009872150634624346,
"avg_TS_ap_all": 0.9858382554041144,
"std_TS_ap_all": 0.004076890272147598,
"avg_TS_auc_all": 0.91868728,
"std_TS_auc_all": 0.009642220953358682
}