{
"avg_TS_f1_0": 0.9431984517658387,
"std_TS_f1_0": 0.011023194093001405,
"avg_TS_ap_0": 0.9752457719359553,
"std_TS_ap_0": 0.009604215672546802,
"avg_TS_auc_0": 0.8387813888888889,
"std_TS_auc_0": 0.057563815343999104,
"avg_TS_f1_1": 0.9792109783876881,
"std_TS_f1_1": 0.010639461742388178,
"avg_TS_ap_1": 0.9893484742559198,
"std_TS_ap_1": 0.0028229398777737283,
"avg_TS_auc_1": 0.9501593222222222,
"std_TS_auc_1": 0.016958786685373508,
"avg_TS_f1_2": 0.9480539831897319,
"std_TS_f1_2": 0.005330799572809753,
"avg_TS_ap_2": 0.9866213881222986,
"std_TS_ap_2": 0.0030200422001845015,
"avg_TS_auc_2": 0.8990279555555555,
"std_TS_auc_2": 0.019699516466159608,
"avg_TS_f1_3": 0.9216,
"std_TS_f1_3": 0.0077094138381847655,
"avg_TS_ap_3": 0.95403955388887,
"std_TS_ap_3": 0.01068542928242418,
"avg_TS_auc_3": 0.7203412111111112,
"std_TS_auc_3": 0.049426444026731846,
"avg_TS_f1_4": 0.927097443685143,
"std_TS_f1_4": 0.005391537791252519,
"avg_TS_ap_4": 0.9756149521461934,
"std_TS_ap_4": 0.00787843869776498,
"avg_TS_auc_4": 0.8249689444444444,
"std_TS_auc_4": 0.04301437235862187,
"avg_TS_f1_5": 0.9369881450204023,
"std_TS_f1_5": 0.005551458680829845,
"avg_TS_ap_5": 0.9746820576156562,
"std_TS_ap_5": 0.006987905724984448,
"avg_TS_auc_5": 0.8317409111111111,
"std_TS_auc_5": 0.03681964422628392,
"avg_TS_f1_6": 0.9186870431073333,
"std_TS_f1_6": 0.008189820720590558,
"avg_TS_ap_6": 0.9614601269438765,
"std_TS_ap_6": 0.0031424666771398464,
"avg_TS_auc_6": 0.7415361222222222,
"std_TS_auc_6": 0.021445733759496533,
"avg_TS_f1_7": 0.9576995042934484,
"std_TS_f1_7": 0.004253314861430651,
"avg_TS_ap_7": 0.9916200743807128,
"std_TS_ap_7": 0.0025683824270951844,
"avg_TS_auc_7": 0.9351542111111112,
"std_TS_auc_7": 0.017054492568119643,
"avg_TS_f1_8": 0.9216545573519517,
"std_TS_f1_8": 0.013651436038685757,
"avg_TS_ap_8": 0.9459730046210915,
"std_TS_ap_8": 0.011730447814955169,
"avg_TS_auc_8": 0.6945785444444444,
"std_TS_auc_8": 0.07021311839946319,
"avg_TS_f1_9": 0.9588444444444445,
"std_TS_f1_9": 0.006300930756250352,
"avg_TS_ap_9": 0.9895380299002461,
"std_TS_ap_9": 0.004485919168592051,
"avg_TS_auc_9": 0.9232813666666665,
"std_TS_auc_9": 0.02714824529169471,
"avg_TS_f1_all": 0.941303455124598,
"std_TS_f1_all": 0.0031550046410384917,
"avg_TS_ap_all": 0.9744143433810819,
"std_TS_ap_all": 0.0030949560381610956,
"avg_TS_auc_all": 0.8359569977777779,
"std_TS_auc_all": 0.018111190391524343
}