{
"avg_TS_f1_0": 0.9404064877959935,
"std_TS_f1_0": 0.0009352825227726538,
"avg_TS_ap_0": 0.9742532308073655,
"std_TS_ap_0": 0.0006869448965316078,
"avg_TS_auc_0": 0.8283237222222223,
"std_TS_auc_0": 0.004073317723950197,
"avg_TS_f1_1": 0.9760769832891951,
"std_TS_f1_1": 0.0005947462523123528,
"avg_TS_ap_1": 0.9905260295695454,
"std_TS_ap_1": 0.0002712274706082112,
"avg_TS_auc_1": 0.9450421666666665,
"std_TS_auc_1": 0.000673937778752338,
"avg_TS_f1_2": 0.9469181002579559,
"std_TS_f1_2": 0.0011397384181304087,
"avg_TS_ap_2": 0.9841943500255634,
"std_TS_ap_2": 0.0003967662188107395,
"avg_TS_auc_2": 0.8849203111111112,
"std_TS_auc_2": 0.002740365575008472,
"avg_TS_f1_3": 0.9196594917928985,
"std_TS_f1_3": 0.001206239451020854,
"avg_TS_ap_3": 0.9637967310052998,
"std_TS_ap_3": 0.001599165908064863,
"avg_TS_auc_3": 0.7478474777777777,
"std_TS_auc_3": 0.007868902611663961,
"avg_TS_f1_4": 0.9354741930107228,
"std_TS_f1_4": 0.0005087181795548954,
"avg_TS_ap_4": 0.9826790243165384,
"std_TS_ap_4": 0.0005204763431633047,
"avg_TS_auc_4": 0.8688307999999999,
"std_TS_auc_4": 0.0032056883642043177,
"avg_TS_f1_5": 0.9278277285237186,
"std_TS_f1_5": 0.002139120018462875,
"avg_TS_ap_5": 0.9772849642422784,
"std_TS_ap_5": 0.0012796408576447632,
"avg_TS_auc_5": 0.8255937,
"std_TS_auc_5": 0.00902031044253759,
"avg_TS_f1_6": 0.9224410047471773,
"std_TS_f1_6": 0.0010825035232966272,
"avg_TS_ap_6": 0.9673356379618889,
"std_TS_ap_6": 0.0010848374476201156,
"avg_TS_auc_6": 0.7733350888888888,
"std_TS_auc_6": 0.005410173821013521,
"avg_TS_f1_7": 0.9646758202175792,
"std_TS_f1_7": 0.0010477538977534803,
"avg_TS_ap_7": 0.9946808077854061,
"std_TS_ap_7": 0.0003585434688510542,
"avg_TS_auc_7": 0.9569227555555555,
"std_TS_auc_7": 0.0025647364682083906,
"avg_TS_f1_8": 0.918081633563871,
"std_TS_f1_8": 0.0016087537687453494,
"avg_TS_ap_8": 0.9455779455186952,
"std_TS_ap_8": 0.0020549760784593428,
"avg_TS_auc_8": 0.6876974444444445,
"std_TS_auc_8": 0.010159015190678885,
"avg_TS_f1_9": 0.9706437925563766,
"std_TS_f1_9": 0.0010485746059500582,
"avg_TS_ap_9": 0.9930808176000653,
"std_TS_ap_9": 0.0002424883438120034,
"avg_TS_auc_9": 0.9503365333333333,
"std_TS_auc_9": 0.001893830569357224,
"avg_TS_f1_all": 0.9422205235755488,
"std_TS_f1_all": 0.0005051318017160959,
"avg_TS_ap_all": 0.9773409538832647,
"std_TS_ap_all": 0.0004017686044330016,
"avg_TS_auc_all": 0.846885,
"std_TS_auc_all": 0.002094335089712276
}