{
"avg_TS_f1_0": 0.9430102968683445,
"std_TS_f1_0": 0.008745784761477613,
"avg_TS_ap_0": 0.982233588443002,
"std_TS_ap_0": 0.003492529237841893,
"avg_TS_auc_0": 0.8716113222222223,
"std_TS_auc_0": 0.025696667486305072,
"avg_TS_f1_1": 0.9763111111111111,
"std_TS_f1_1": 0.005345541582928263,
"avg_TS_ap_1": 0.9933222711243126,
"std_TS_ap_1": 0.0019184586621061076,
"avg_TS_auc_1": 0.958233511111111,
"std_TS_auc_1": 0.013877426125933482,
"avg_TS_f1_2": 0.9228888888888889,
"std_TS_f1_2": 0.004096972685433119,
"avg_TS_ap_2": 0.9730288478299961,
"std_TS_ap_2": 0.006103882755525356,
"avg_TS_auc_2": 0.8022924222222223,
"std_TS_auc_2": 0.03555164298572838,
"avg_TS_f1_3": 0.9343333333333333,
"std_TS_f1_3": 0.004858999541388118,
"avg_TS_ap_3": 0.9728632911032717,
"std_TS_ap_3": 0.004693598353625856,
"avg_TS_auc_3": 0.8151166999999999,
"std_TS_auc_3": 0.02342011687743234,
"avg_TS_f1_4": 0.9266769289651895,
"std_TS_f1_4": 0.006028801166100462,
"avg_TS_ap_4": 0.979995899963316,
"std_TS_ap_4": 0.0048256095608106035,
"avg_TS_auc_4": 0.8441613,
"std_TS_auc_4": 0.031408699752008974,
"avg_TS_f1_5": 0.9328,
"std_TS_f1_5": 0.006081910031365929,
"avg_TS_ap_5": 0.9860780057410994,
"std_TS_ap_5": 0.0027176185110381413,
"avg_TS_auc_5": 0.8851964444444445,
"std_TS_auc_5": 0.020141999975881134,
"avg_TS_f1_6": 0.9084444444444444,
"std_TS_f1_6": 0.000583730023847245,
"avg_TS_ap_6": 0.9632233813729822,
"std_TS_ap_6": 0.00399158132219495,
"avg_TS_auc_6": 0.7276570777777778,
"std_TS_auc_6": 0.023181179527707478,
"avg_TS_f1_7": 0.9325212400688926,
"std_TS_f1_7": 0.017513129979207363,
"avg_TS_ap_7": 0.9852920742198311,
"std_TS_ap_7": 0.007726556475409371,
"avg_TS_auc_7": 0.8797143999999999,
"std_TS_auc_7": 0.05739512375240234,
"avg_TS_f1_8": 0.9434444444444445,
"std_TS_f1_8": 0.019137449550779794,
"avg_TS_ap_8": 0.9782186099112469,
"std_TS_ap_8": 0.007861321416738908,
"avg_TS_auc_8": 0.8577056444444444,
"std_TS_auc_8": 0.0627649442159425,
"avg_TS_f1_9": 0.9588222222222221,
"std_TS_f1_9": 0.0071694137715130135,
"avg_TS_ap_9": 0.990456862954883,
"std_TS_ap_9": 0.0025009889504071948,
"avg_TS_auc_9": 0.9280139000000002,
"std_TS_auc_9": 0.018017428851641145,
"avg_TS_f1_all": 0.9379252910346871,
"std_TS_f1_all": 0.004913560376178441,
"avg_TS_ap_all": 0.980471283266394,
"std_TS_ap_all": 0.0022766168809209447,
"avg_TS_auc_all": 0.8569702722222223,
"std_TS_auc_all": 0.01674745691668209
}