{
"avg_TS_f1_0": 0.9389333333333333,
"std_TS_f1_0": 0.010509631091480445,
"avg_TS_ap_0": 0.9714220929937831,
"std_TS_ap_0": 0.004721111874621573,
"avg_TS_auc_0": 0.8196807555555555,
"std_TS_auc_0": 0.031424979221765514,
"avg_TS_f1_1": 0.9793441314640937,
"std_TS_f1_1": 0.005927151238604734,
"avg_TS_ap_1": 0.9853945349762558,
"std_TS_ap_1": 0.0016401658960015697,
"avg_TS_auc_1": 0.9367266555555555,
"std_TS_auc_1": 0.009127396880968584,
"avg_TS_f1_2": 0.9444993981147102,
"std_TS_f1_2": 0.003201215259502769,
"avg_TS_ap_2": 0.9793462267532789,
"std_TS_ap_2": 0.00520901648181839,
"avg_TS_auc_2": 0.8668160888888888,
"std_TS_auc_2": 0.02887776538507278,
"avg_TS_f1_3": 0.9270205702785959,
"std_TS_f1_3": 0.005461277884579824,
"avg_TS_ap_3": 0.9598945801986843,
"std_TS_ap_3": 0.005012286817377931,
"avg_TS_auc_3": 0.7547432111111112,
"std_TS_auc_3": 0.029106725924580426,
"avg_TS_f1_4": 0.9315985381903932,
"std_TS_f1_4": 0.004978685665370173,
"avg_TS_ap_4": 0.9787155949105676,
"std_TS_ap_4": 0.0029137711986859244,
"avg_TS_auc_4": 0.8519975222222221,
"std_TS_auc_4": 0.017620927779927787,
"avg_TS_f1_5": 0.9330429394225606,
"std_TS_f1_5": 0.009478471369058687,
"avg_TS_ap_5": 0.9725465043116277,
"std_TS_ap_5": 0.008709075707279211,
"avg_TS_auc_5": 0.8164418111111111,
"std_TS_auc_5": 0.05427152800326688,
"avg_TS_f1_6": 0.9192888888888889,
"std_TS_f1_6": 0.0045098520410428765,
"avg_TS_ap_6": 0.9621370624487986,
"std_TS_ap_6": 0.0037301101759657754,
"avg_TS_auc_6": 0.7529099777777779,
"std_TS_auc_6": 0.026010670205565918,
"avg_TS_f1_7": 0.9645548407010265,
"std_TS_f1_7": 0.005248782192521583,
"avg_TS_ap_7": 0.9940383092185255,
"std_TS_ap_7": 0.0013553101737065244,
"avg_TS_auc_7": 0.9544258555555556,
"std_TS_auc_7": 0.01074455777778904,
"avg_TS_f1_8": 0.9280205826249606,
"std_TS_f1_8": 0.008109356335273973,
"avg_TS_ap_8": 0.9496719262477183,
"std_TS_ap_8": 0.005454796838810038,
"avg_TS_auc_8": 0.7276277555555556,
"std_TS_auc_8": 0.03616714535898596,
"avg_TS_f1_9": 0.9779994987375842,
"std_TS_f1_9": 0.0014946492596914435,
"avg_TS_ap_9": 0.9948279673689063,
"std_TS_ap_9": 0.0014261957092249237,
"avg_TS_auc_9": 0.9644116555555555,
"std_TS_auc_9": 0.007724485297280421,
"avg_TS_f1_all": 0.9444302721756147,
"std_TS_f1_all": 0.00173608930498558,
"avg_TS_ap_all": 0.9747994799428147,
"std_TS_ap_all": 0.0015439117578701967,
"avg_TS_auc_all": 0.8445781288888888,
"std_TS_auc_all": 0.009612754482544112
}