{
"avg_TS_f1_0": 0.9547777777777778,
"std_TS_f1_0": 0.0015475986974648954,
"avg_TS_ap_0": 0.9853924787491166,
"std_TS_ap_0": 0.0006251512680630355,
"avg_TS_auc_0": 0.8976603111111112,
"std_TS_auc_0": 0.0027477245561633563,
"avg_TS_f1_1": 0.9883333333333333,
"std_TS_f1_1": 0.0009269623828717551,
"avg_TS_ap_1": 0.994694749082923,
"std_TS_ap_1": 0.0009047391717443851,
"avg_TS_auc_1": 0.9725800666666666,
"std_TS_auc_1": 0.003049215471535608,
"avg_TS_f1_2": 0.9532211530270199,
"std_TS_f1_2": 0.0017775524041353814,
"avg_TS_ap_2": 0.9907496286248204,
"std_TS_ap_2": 0.0006491259770450839,
"avg_TS_auc_2": 0.9273382888888889,
"std_TS_auc_2": 0.0035655763242358335,
"avg_TS_f1_3": 0.9381083097209103,
"std_TS_f1_3": 0.0036605856315729043,
"avg_TS_ap_3": 0.9775878137318251,
"std_TS_ap_3": 0.0022792379834769,
"avg_TS_auc_3": 0.8421057555555554,
"std_TS_auc_3": 0.013777504469269473,
"avg_TS_f1_4": 0.9402888888888888,
"std_TS_f1_4": 0.0008905539959783817,
"avg_TS_ap_4": 0.9878335892664,
"std_TS_ap_4": 0.0005528798714239153,
"avg_TS_auc_4": 0.9012651333333335,
"std_TS_auc_4": 0.0031261626508004335,
"avg_TS_f1_5": 0.9597769209400522,
"std_TS_f1_5": 0.0021837470431455633,
"avg_TS_ap_5": 0.9937587223220199,
"std_TS_ap_5": 0.0005513361827865565,
"avg_TS_auc_5": 0.9479329333333334,
"std_TS_auc_5": 0.0049832339838232365,
"avg_TS_f1_6": 0.9254308608822475,
"std_TS_f1_6": 0.0006134369593682512,
"avg_TS_ap_6": 0.976512988609181,
"std_TS_ap_6": 0.0005665571137237393,
"avg_TS_auc_6": 0.8214796888888889,
"std_TS_auc_6": 0.0029230613891417854,
"avg_TS_f1_7": 0.9732660740411504,
"std_TS_f1_7": 0.0008220484327937449,
"avg_TS_ap_7": 0.9976301765970088,
"std_TS_ap_7": 0.00012474501970182516,
"avg_TS_auc_7": 0.9795586111111112,
"std_TS_auc_7": 0.0010717800648488243,
"avg_TS_f1_8": 0.9555768517489597,
"std_TS_f1_8": 0.003074681351702627,
"avg_TS_ap_8": 0.9809660405813642,
"std_TS_ap_8": 0.0023548381576974087,
"avg_TS_auc_8": 0.8830812333333334,
"std_TS_auc_8": 0.013870101191180248,
"avg_TS_f1_9": 0.9784884345174156,
"std_TS_f1_9": 0.0014270817650721334,
"avg_TS_ap_9": 0.9979663239195041,
"std_TS_ap_9": 9.547807641056543e-05,
"avg_TS_auc_9": 0.9833291,
"std_TS_auc_9": 0.0009765774686862382,
"avg_TS_f1_all": 0.9567268604877756,
"std_TS_f1_all": 0.0008819093208334172,
"avg_TS_ap_all": 0.9883092511484163,
"std_TS_ap_all": 0.0005733730991447728,
"avg_TS_auc_all": 0.9156331122222221,
"std_TS_auc_all": 0.003339294626160041
}