{
"avg_TS_f1_0": 0.9267524417276872,
"std_TS_f1_0": 0.011765201385973301,
"avg_TS_ap_0": 0.9657168582674156,
"std_TS_ap_0": 0.013135648286095536,
"avg_TS_auc_0": 0.7704107222222222,
"std_TS_auc_0": 0.0793997623284918,
"avg_TS_f1_1": 0.9738444444444445,
"std_TS_f1_1": 0.010501169834891464,
"avg_TS_ap_1": 0.9913479727589326,
"std_TS_ap_1": 0.0015092298802326038,
"avg_TS_auc_1": 0.9513305444444444,
"std_TS_auc_1": 0.01469284552470487,
"avg_TS_f1_2": 0.9395762418899816,
"std_TS_f1_2": 0.012673724726726024,
"avg_TS_ap_2": 0.9842409786068907,
"std_TS_ap_2": 0.005367534528292116,
"avg_TS_auc_2": 0.8780867888888888,
"std_TS_auc_2": 0.04073410933846502,
"avg_TS_f1_3": 0.9315555555555555,
"std_TS_f1_3": 0.008001543061061687,
"avg_TS_ap_3": 0.9737515708979085,
"std_TS_ap_3": 0.006890353612256411,
"avg_TS_auc_3": 0.8138753444444445,
"std_TS_auc_3": 0.0389400653913259,
"avg_TS_f1_4": 0.9296222222222223,
"std_TS_f1_4": 0.0060146323635893156,
"avg_TS_ap_4": 0.9719896188601019,
"std_TS_ap_4": 0.008422194589904841,
"avg_TS_auc_4": 0.8151856000000001,
"std_TS_auc_4": 0.02599524836498555,
"avg_TS_f1_5": 0.9451765752418344,
"std_TS_f1_5": 0.009057162108195849,
"avg_TS_ap_5": 0.9784995013697069,
"std_TS_ap_5": 0.006712069328663713,
"avg_TS_auc_5": 0.8651829333333334,
"std_TS_auc_5": 0.029943747689840722,
"avg_TS_f1_6": 0.9169657882228025,
"std_TS_f1_6": 0.008294572210665116,
"avg_TS_ap_6": 0.9653471991437057,
"std_TS_ap_6": 0.005355859902641927,
"avg_TS_auc_6": 0.7591978444444443,
"std_TS_auc_6": 0.03431515384137573,
"avg_TS_f1_7": 0.9504655530245507,
"std_TS_f1_7": 0.0050763638669959095,
"avg_TS_ap_7": 0.9921436313064695,
"std_TS_ap_7": 0.0030731487170647357,
"avg_TS_auc_7": 0.934138011111111,
"std_TS_auc_7": 0.020993571111952217,
"avg_TS_f1_8": 0.9442982227407695,
"std_TS_f1_8": 0.010001228956371337,
"avg_TS_ap_8": 0.9744311579907741,
"std_TS_ap_8": 0.007445461261321361,
"avg_TS_auc_8": 0.8419433000000002,
"std_TS_auc_8": 0.04176805846613381,
"avg_TS_f1_9": 0.9518770647752035,
"std_TS_f1_9": 0.0107441016841821,
"avg_TS_ap_9": 0.9870532970068183,
"std_TS_ap_9": 0.0037643007028477543,
"avg_TS_auc_9": 0.9056407555555556,
"std_TS_auc_9": 0.02515537211845667,
"avg_TS_f1_all": 0.9410134109845052,
"std_TS_f1_all": 0.002058959060278645,
"avg_TS_ap_all": 0.9784521786208724,
"std_TS_ap_all": 0.00329207642374356,
"avg_TS_auc_all": 0.8534991844444445,
"std_TS_auc_all": 0.014616291675927276
}