{
"avg_TS_f1_0": 0.9450431974615874,
"std_TS_f1_0": 0.006164329400633889,
"avg_TS_ap_0": 0.9762885318562449,
"std_TS_ap_0": 0.003020051652871144,
"avg_TS_auc_0": 0.848232788888889,
"std_TS_auc_0": 0.01785298094742546,
"avg_TS_f1_1": 0.9832000000000001,
"std_TS_f1_1": 0.0036020570254806836,
"avg_TS_ap_1": 0.9897673013262388,
"std_TS_ap_1": 0.002051919983096123,
"avg_TS_auc_1": 0.9532274111111112,
"std_TS_auc_1": 0.005805945236108548,
"avg_TS_f1_2": 0.9483777777777778,
"std_TS_f1_2": 0.0019252705437591536,
"avg_TS_ap_2": 0.9843714366031687,
"std_TS_ap_2": 0.001810938101221246,
"avg_TS_auc_2": 0.8944829777777779,
"std_TS_auc_2": 0.011631664958398923,
"avg_TS_f1_3": 0.931042790031545,
"std_TS_f1_3": 0.007894991481691472,
"avg_TS_ap_3": 0.962232857734751,
"std_TS_ap_3": 0.00534809346229008,
"avg_TS_auc_3": 0.7719147777777777,
"std_TS_auc_3": 0.02735209924441895,
"avg_TS_f1_4": 0.9350756251890537,
"std_TS_f1_4": 0.005274202268077987,
"avg_TS_ap_4": 0.9825147949911717,
"std_TS_ap_4": 0.0020372349529376105,
"avg_TS_auc_4": 0.8720279222222223,
"std_TS_auc_4": 0.015033708544984986,
"avg_TS_f1_5": 0.9450209801779111,
"std_TS_f1_5": 0.0020307676317568462,
"avg_TS_ap_5": 0.9839040210934963,
"std_TS_ap_5": 0.0010538883520142166,
"avg_TS_auc_5": 0.8831563444444445,
"std_TS_auc_5": 0.006894103971036187,
"avg_TS_f1_6": 0.9191760171861401,
"std_TS_f1_6": 0.006100277398334718,
"avg_TS_ap_6": 0.9620799887093392,
"std_TS_ap_6": 0.00786624993959561,
"avg_TS_auc_6": 0.7513033555555555,
"std_TS_auc_6": 0.04361796413253839,
"avg_TS_f1_7": 0.9698215826805192,
"std_TS_f1_7": 0.002591047135971089,
"avg_TS_ap_7": 0.995787531532524,
"std_TS_ap_7": 0.0009930291815356063,
"avg_TS_auc_7": 0.9672387888888888,
"std_TS_auc_7": 0.0074473148148249705,
"avg_TS_f1_8": 0.938665051762135,
"std_TS_f1_8": 0.00947164133758101,
"avg_TS_ap_8": 0.9663624470506088,
"std_TS_ap_8": 0.0073599214410993334,
"avg_TS_auc_8": 0.8052931555555555,
"std_TS_auc_8": 0.04359368357765141,
"avg_TS_f1_9": 0.9788553450500336,
"std_TS_f1_9": 0.0038162825137244448,
"avg_TS_ap_9": 0.9957628735860327,
"std_TS_ap_9": 0.001575793910215301,
"avg_TS_auc_9": 0.9696910000000001,
"std_TS_auc_9": 0.009778948258098514,
"avg_TS_f1_all": 0.9494278367316704,
"std_TS_f1_all": 0.0012656536968736543,
"avg_TS_ap_all": 0.9799071784483575,
"std_TS_ap_all": 0.0011123849320557498,
"avg_TS_auc_all": 0.8716568522222223,
"std_TS_auc_all": 0.006809938795959263
}