{
"avg_TS_f1_0": 0.9507216487335715,
"std_TS_f1_0": 0.0055044503714923665,
"avg_TS_ap_0": 0.9831287113450806,
"std_TS_ap_0": 0.0023378132303589557,
"avg_TS_auc_0": 0.8815097444444444,
"std_TS_auc_0": 0.01599979224319588,
"avg_TS_f1_1": 0.9869111111111112,
"std_TS_f1_1": 0.0019160143817600114,
"avg_TS_ap_1": 0.9918659877336232,
"std_TS_ap_1": 0.0012320511273852086,
"avg_TS_auc_1": 0.9635992444444446,
"std_TS_auc_1": 0.0039444532733234035,
"avg_TS_f1_2": 0.9502655283318209,
"std_TS_f1_2": 0.0050667336759776735,
"avg_TS_ap_2": 0.9884069273519686,
"std_TS_ap_2": 0.0018558479078031125,
"avg_TS_auc_2": 0.9122152111111111,
"std_TS_auc_2": 0.010756405562911239,
"avg_TS_f1_3": 0.9381883203387842,
"std_TS_f1_3": 0.00699098157764116,
"avg_TS_ap_3": 0.9755426589679791,
"std_TS_ap_3": 0.0053403322672454625,
"avg_TS_auc_3": 0.8290603000000001,
"std_TS_auc_3": 0.032865408116437504,
"avg_TS_f1_4": 0.935420735637293,
"std_TS_f1_4": 0.004071456337582886,
"avg_TS_ap_4": 0.9855792779026136,
"std_TS_ap_4": 0.0020892104896658853,
"avg_TS_auc_4": 0.8863812444444443,
"std_TS_auc_4": 0.014681534361045759,
"avg_TS_f1_5": 0.9542774005963295,
"std_TS_f1_5": 0.011038362054134544,
"avg_TS_ap_5": 0.9905037762324476,
"std_TS_ap_5": 0.003483940115745085,
"avg_TS_auc_5": 0.9258237444444445,
"std_TS_auc_5": 0.027724616785573704,
"avg_TS_f1_6": 0.9229435511849424,
"std_TS_f1_6": 0.001964759334537326,
"avg_TS_ap_6": 0.9713996893753801,
"std_TS_ap_6": 0.0023692707035232207,
"avg_TS_auc_6": 0.7936834111111111,
"std_TS_auc_6": 0.010131693977932297,
"avg_TS_f1_7": 0.9731777777777779,
"std_TS_f1_7": 0.0024237507918997117,
"avg_TS_ap_7": 0.9970401723278893,
"std_TS_ap_7": 0.0002524664032465412,
"avg_TS_auc_7": 0.9759746555555555,
"std_TS_auc_7": 0.002770416419962904,
"avg_TS_f1_8": 0.9490000000000001,
"std_TS_f1_8": 0.006953815898882815,
"avg_TS_ap_8": 0.9801429440116367,
"std_TS_ap_8": 0.00345273491838556,
"avg_TS_auc_8": 0.8724823,
"std_TS_auc_8": 0.02121715655169223,
"avg_TS_f1_9": 0.9772222222222222,
"std_TS_f1_9": 0.004910558038238975,
"avg_TS_ap_9": 0.9973423449510841,
"std_TS_ap_9": 0.000890221982546183,
"avg_TS_auc_9": 0.9787240777777779,
"std_TS_auc_9": 0.0070658691769259555,
"avg_TS_f1_all": 0.9538128295933854,
"std_TS_f1_all": 0.0016874529796833515,
"avg_TS_ap_all": 0.9860952490199703,
"std_TS_ap_all": 0.001137822228069236,
"avg_TS_auc_all": 0.9019453933333335,
"std_TS_auc_all": 0.0077261800101730855
}