{
"avg_TS_f1_0": 0.934465117197869,
"std_TS_f1_0": 0.009287140966496849,
"avg_TS_ap_0": 0.9698214180307728,
"std_TS_ap_0": 0.011122015068631159,
"avg_TS_auc_0": 0.8078370111111111,
"std_TS_auc_0": 0.05336303209560241,
"avg_TS_f1_1": 0.9664996228185515,
"std_TS_f1_1": 0.013337697065159197,
"avg_TS_ap_1": 0.9904608612285888,
"std_TS_ap_1": 0.0032993186327292573,
"avg_TS_auc_1": 0.9386934333333332,
"std_TS_auc_1": 0.02647195537781794,
"avg_TS_f1_2": 0.9413437894697854,
"std_TS_f1_2": 0.006422828490998562,
"avg_TS_ap_2": 0.978333406615487,
"std_TS_ap_2": 0.004936818562884245,
"avg_TS_auc_2": 0.8586413888888889,
"std_TS_auc_2": 0.025538378714141503,
"avg_TS_f1_3": 0.9090222222222222,
"std_TS_f1_3": 0.007087600022156594,
"avg_TS_ap_3": 0.956313825922275,
"std_TS_ap_3": 0.009785629962143837,
"avg_TS_auc_3": 0.7006369555555556,
"std_TS_auc_3": 0.04892709325483338,
"avg_TS_f1_4": 0.9216444444444445,
"std_TS_f1_4": 0.008651382534201465,
"avg_TS_ap_4": 0.9666695891989399,
"std_TS_ap_4": 0.016750030378811117,
"avg_TS_auc_4": 0.7754663111111111,
"std_TS_auc_4": 0.0775186381600477,
"avg_TS_f1_5": 0.9170101338963276,
"std_TS_f1_5": 0.006548041661284761,
"avg_TS_ap_5": 0.9586505831908145,
"std_TS_ap_5": 0.01749746838529845,
"avg_TS_auc_5": 0.7290764333333334,
"std_TS_auc_5": 0.07941104071774786,
"avg_TS_f1_6": 0.9095777777777778,
"std_TS_f1_6": 0.005319147801418329,
"avg_TS_ap_6": 0.9516704940299773,
"std_TS_ap_6": 0.012488996817262565,
"avg_TS_auc_6": 0.6887630666666666,
"std_TS_auc_6": 0.061497164054169474,
"avg_TS_f1_7": 0.9411318060879926,
"std_TS_f1_7": 0.00909629558664348,
"avg_TS_ap_7": 0.9834935037443,
"std_TS_ap_7": 0.007121341296835968,
"avg_TS_auc_7": 0.8766121444444444,
"std_TS_auc_7": 0.047008167408448695,
"avg_TS_f1_8": 0.9059877696909087,
"std_TS_f1_8": 0.015189850899343733,
"avg_TS_ap_8": 0.9423913236086779,
"std_TS_ap_8": 0.022106432632728414,
"avg_TS_auc_8": 0.6468985666666667,
"std_TS_auc_8": 0.10651782900378468,
"avg_TS_f1_9": 0.9392000000000001,
"std_TS_f1_9": 0.010993915264340825,
"avg_TS_ap_9": 0.9861812067019772,
"std_TS_ap_9": 0.005599481194617981,
"avg_TS_auc_9": 0.8876280444444443,
"std_TS_auc_9": 0.04282440096982037,
"avg_TS_f1_all": 0.9285882683605878,
"std_TS_f1_all": 0.0033072006005902097,
"avg_TS_ap_all": 0.9683986212271811,
"std_TS_ap_all": 0.0035873867777332204,
"avg_TS_auc_all": 0.7910253355555554,
"std_TS_auc_all": 0.01939585148046142
}