{
"avg_TS_f1_0": 0.9008988869752024,
"std_TS_f1_0": 0.008824931526376567,
"avg_TS_ap_0": 0.8319458431505883,
"std_TS_ap_0": 0.06478973541814011,
"avg_TS_auc_0": 0.3491990777777778,
"std_TS_auc_0": 0.2061278714370281,
"avg_TS_f1_1": 0.9480109783876882,
"std_TS_f1_1": 0.03219853132957633,
"avg_TS_ap_1": 0.8917419341262797,
"std_TS_ap_1": 0.08286938037501004,
"avg_TS_auc_1": 0.6292255777777779,
"std_TS_auc_1": 0.27975259701546257,
"avg_TS_f1_2": 0.9356444444444445,
"std_TS_f1_2": 0.0060129079261530965,
"avg_TS_ap_2": 0.9820426515667225,
"std_TS_ap_2": 0.003103997828997295,
"avg_TS_auc_2": 0.8624330666666665,
"std_TS_auc_2": 0.01720946140990507,
"avg_TS_f1_3": 0.915165694390429,
"std_TS_f1_3": 0.004924391708525631,
"avg_TS_ap_3": 0.9354033233513102,
"std_TS_ap_3": 0.018391289157877872,
"avg_TS_auc_3": 0.646552,
"std_TS_auc_3": 0.038737325262211485,
"avg_TS_f1_4": 0.9148,
"std_TS_f1_4": 0.008849747154091927,
"avg_TS_ap_4": 0.9115978292322335,
"std_TS_ap_4": 0.061704805974638614,
"avg_TS_auc_4": 0.6165945333333334,
"std_TS_auc_4": 0.20511929245380334,
"avg_TS_f1_5": 0.9246871270626146,
"std_TS_f1_5": 0.010535155775464497,
"avg_TS_ap_5": 0.9377742066743074,
"std_TS_ap_5": 0.06576715997130182,
"avg_TS_auc_5": 0.7262002999999998,
"std_TS_auc_5": 0.20664266705729023,
"avg_TS_f1_6": 0.9081637978878,
"std_TS_f1_6": 0.005743824935568587,
"avg_TS_ap_6": 0.9290909698988872,
"std_TS_ap_6": 0.03430814509183734,
"avg_TS_auc_6": 0.6246359888888888,
"std_TS_auc_6": 0.10982887226310052,
"avg_TS_f1_7": 0.9515882746572342,
"std_TS_f1_7": 0.009629970830264761,
"avg_TS_ap_7": 0.9939980204037413,
"std_TS_ap_7": 0.0015500276094282568,
"avg_TS_auc_7": 0.9460846333333335,
"std_TS_auc_7": 0.014255001037045703,
"avg_TS_f1_8": 0.917632105487342,
"std_TS_f1_8": 0.022331718161427195,
"avg_TS_ap_8": 0.8966029150039636,
"std_TS_ap_8": 0.09755028083572369,
"avg_TS_auc_8": 0.5599059555555554,
"std_TS_auc_8": 0.33361129238029563,
"avg_TS_f1_9": 0.9456773450376872,
"std_TS_f1_9": 0.010326378793873882,
"avg_TS_ap_9": 0.9896733530558375,
"std_TS_ap_9": 0.0045123047930345364,
"avg_TS_auc_9": 0.9177017777777777,
"std_TS_auc_9": 0.02433808657705239,
"avg_TS_f1_all": 0.9262268654330443,
"std_TS_f1_all": 0.0034136109144751402,
"avg_TS_ap_all": 0.9299871046463872,
"std_TS_ap_all": 0.018820637367391285,
"avg_TS_auc_all": 0.687853291111111,
"std_TS_auc_all": 0.06001458767431149
}