{
"avg_TS_f1_0": 0.9445555555555556,
"std_TS_f1_0": 0.0,
"avg_TS_ap_0": 0.9876682777374031,
"std_TS_ap_0": 0.0,
"avg_TS_auc_0": 0.8977472777777777,
"std_TS_auc_0": 0.0,
"avg_TS_f1_1": 0.9591111111111111,
"std_TS_f1_1": 0.0,
"avg_TS_ap_1": 0.9957177370805446,
"std_TS_ap_1": 0.0,
"avg_TS_auc_1": 0.9614743333333334,
"std_TS_auc_1": 0.0,
"avg_TS_f1_2": 0.9361111111111111,
"std_TS_f1_2": 0.0,
"avg_TS_ap_2": 0.9811715575083342,
"std_TS_ap_2": 0.0,
"avg_TS_auc_2": 0.8528027222222222,
"std_TS_auc_2": 0.0,
"avg_TS_f1_3": 0.9455555555555556,
"std_TS_f1_3": 0.0,
"avg_TS_ap_3": 0.9822547961030985,
"std_TS_ap_3": 0.0,
"avg_TS_auc_3": 0.8687168333333334,
"std_TS_auc_3": 0.0,
"avg_TS_f1_4": 0.9587777777777777,
"std_TS_f1_4": 0.0,
"avg_TS_ap_4": 0.9915561202771936,
"std_TS_ap_4": 0.0,
"avg_TS_auc_4": 0.9316909444444444,
"std_TS_auc_4": 0.0,
"avg_TS_f1_5": 0.963,
"std_TS_f1_5": 0.0,
"avg_TS_ap_5": 0.9941879569941761,
"std_TS_ap_5": 0.0,
"avg_TS_auc_5": 0.9511426111111111,
"std_TS_auc_5": 0.0,
"avg_TS_f1_6": 0.9726095894216344,
"std_TS_f1_6": 0.0,
"avg_TS_ap_6": 0.9972294588299512,
"std_TS_ap_6": 0.0,
"avg_TS_auc_6": 0.9762058333333332,
"std_TS_auc_6": 0.0,
"avg_TS_f1_7": 0.9535555555555556,
"std_TS_f1_7": 0.0,
"avg_TS_ap_7": 0.9937489559173124,
"std_TS_ap_7": 0.0,
"avg_TS_auc_7": 0.9452336666666666,
"std_TS_auc_7": 0.0,
"avg_TS_f1_8": 0.947052614034113,
"std_TS_f1_8": 0.0,
"avg_TS_ap_8": 0.9911645893634751,
"std_TS_ap_8": 0.0,
"avg_TS_auc_8": 0.9241445,
"std_TS_auc_8": 0.0,
"avg_TS_f1_9": 0.9674444444444444,
"std_TS_f1_9": 0.0,
"avg_TS_ap_9": 0.9953814402045578,
"std_TS_ap_9": 0.0,
"avg_TS_auc_9": 0.9606307222222222,
"std_TS_auc_9": 0.0,
"avg_TS_f1_all": 0.9547773314566859,
"std_TS_f1_all": 0.0,
"avg_TS_ap_all": 0.9910080890016045,
"std_TS_ap_all": 0.0,
"avg_TS_auc_all": 0.9269789444444445,
"std_TS_auc_all": 0.0
}