{
"avg_TS_f1_0": 0.9484,
"std_TS_f1_0": 0.005647505731529138,
"avg_TS_ap_0": 0.9822205524277399,
"std_TS_ap_0": 0.0027656394493913573,
"avg_TS_auc_0": 0.8749982222222222,
"std_TS_auc_0": 0.017835956703029638,
"avg_TS_f1_1": 0.9864553808544919,
"std_TS_f1_1": 0.0021513752260490667,
"avg_TS_ap_1": 0.9918844885497433,
"std_TS_ap_1": 0.0012544689184110726,
"avg_TS_auc_1": 0.9628651222222222,
"std_TS_auc_1": 0.005168376412256123,
"avg_TS_f1_2": 0.9494222222222224,
"std_TS_f1_2": 0.005890943037964574,
"avg_TS_ap_2": 0.9891168307862005,
"std_TS_ap_2": 0.0015283958336248012,
"avg_TS_auc_2": 0.9137362333333334,
"std_TS_auc_2": 0.012465662899202066,
"avg_TS_f1_3": 0.9350310869122358,
"std_TS_f1_3": 0.00735596159036131,
"avg_TS_ap_3": 0.9735703777976475,
"std_TS_ap_3": 0.005775158717049262,
"avg_TS_auc_3": 0.8151162888888888,
"std_TS_auc_3": 0.034643095119087176,
"avg_TS_f1_4": 0.9376222222222221,
"std_TS_f1_4": 0.003851951565660908,
"avg_TS_ap_4": 0.9861733394062338,
"std_TS_ap_4": 0.002026885192139116,
"avg_TS_auc_4": 0.8910275333333333,
"std_TS_auc_4": 0.014557085144974056,
"avg_TS_f1_5": 0.9518326832972204,
"std_TS_f1_5": 0.00835145311327272,
"avg_TS_ap_5": 0.9897860283252534,
"std_TS_ap_5": 0.0029698854088767964,
"avg_TS_auc_5": 0.920358388888889,
"std_TS_auc_5": 0.023394925616519246,
"avg_TS_f1_6": 0.9229658079769862,
"std_TS_f1_6": 0.004053643754883653,
"avg_TS_ap_6": 0.9713723338416347,
"std_TS_ap_6": 0.003437184103748792,
"avg_TS_auc_6": 0.7940118333333333,
"std_TS_auc_6": 0.01921374305038386,
"avg_TS_f1_7": 0.973344222827194,
"std_TS_f1_7": 0.003644375124067067,
"avg_TS_ap_7": 0.9969695973565159,
"std_TS_ap_7": 0.0003673127095613057,
"avg_TS_auc_7": 0.9755499444444446,
"std_TS_auc_7": 0.0033532838178363124,
"avg_TS_f1_8": 0.9514434937743455,
"std_TS_f1_8": 0.008004328171070536,
"avg_TS_ap_8": 0.981016218766564,
"std_TS_ap_8": 0.0036432131843280565,
"avg_TS_auc_8": 0.8797468333333333,
"std_TS_auc_8": 0.024946587973157137,
"avg_TS_f1_9": 0.975621230809119,
"std_TS_f1_9": 0.005616154519849384,
"avg_TS_ap_9": 0.9971628763168445,
"std_TS_ap_9": 0.001039175316105078,
"avg_TS_auc_9": 0.9770472888888889,
"std_TS_auc_9": 0.008131915709819153,
"avg_TS_f1_all": 0.9532138350896038,
"std_TS_f1_all": 0.002047110385428113,
"avg_TS_ap_all": 0.9859272643574378,
"std_TS_ap_all": 0.0011715187578588049,
"avg_TS_auc_all": 0.9004457688888889,
"std_TS_auc_all": 0.007983709245027108
}