{
"avg_TS_f1_0": 0.9522994746621727,
"std_TS_f1_0": 0.009769266596371961,
"avg_TS_ap_0": 0.9851992988408442,
"std_TS_ap_0": 0.003298223992657593,
"avg_TS_auc_0": 0.8918054444444443,
"std_TS_auc_0": 0.02347505253087111,
"avg_TS_f1_1": 0.9900666666666667,
"std_TS_f1_1": 0.0007999999999999995,
"avg_TS_ap_1": 0.9955087040816817,
"std_TS_ap_1": 0.0009324800957916146,
"avg_TS_auc_1": 0.9766428000000001,
"std_TS_auc_1": 0.003805621038301144,
"avg_TS_f1_2": 0.9509322666074042,
"std_TS_f1_2": 0.003251162161346688,
"avg_TS_ap_2": 0.9893271785368312,
"std_TS_ap_2": 0.0008743776575970499,
"avg_TS_auc_2": 0.9176084666666666,
"std_TS_auc_2": 0.006445292893247951,
"avg_TS_f1_3": 0.9370326178614862,
"std_TS_f1_3": 0.0013020639388501914,
"avg_TS_ap_3": 0.9514946930497787,
"std_TS_ap_3": 0.012259785280351756,
"avg_TS_auc_3": 0.7587872444444446,
"std_TS_auc_3": 0.03192201277824322,
"avg_TS_f1_4": 0.9361659289713625,
"std_TS_f1_4": 0.003650647806837308,
"avg_TS_ap_4": 0.9848023082214115,
"std_TS_ap_4": 0.0007024631071779762,
"avg_TS_auc_4": 0.8793792999999999,
"std_TS_auc_4": 0.006312068049770889,
"avg_TS_f1_5": 0.9506106438011989,
"std_TS_f1_5": 0.010474687246917025,
"avg_TS_ap_5": 0.978413885807743,
"std_TS_ap_5": 0.016714536071724517,
"avg_TS_auc_5": 0.8772672555555555,
"std_TS_auc_5": 0.06264133196986449,
"avg_TS_f1_6": 0.9260753140606577,
"std_TS_f1_6": 0.0008274464244925177,
"avg_TS_ap_6": 0.9736714506322774,
"std_TS_ap_6": 0.0028852503782963532,
"avg_TS_auc_6": 0.8084760333333332,
"std_TS_auc_6": 0.010723051971268143,
"avg_TS_f1_7": 0.9647555555555556,
"std_TS_f1_7": 0.004385948382035156,
"avg_TS_ap_7": 0.9964542219025546,
"std_TS_ap_7": 0.0008086400856061968,
"avg_TS_auc_7": 0.9684769222222223,
"std_TS_auc_7": 0.006761505583452695,
"avg_TS_f1_8": 0.9693333333333334,
"std_TS_f1_8": 0.006861234816698556,
"avg_TS_ap_8": 0.9907062134000777,
"std_TS_ap_8": 0.002402375584892421,
"avg_TS_auc_8": 0.9407056111111111,
"std_TS_auc_8": 0.016984895090406,
"avg_TS_f1_9": 0.9716775117136137,
"std_TS_f1_9": 0.004979527631708521,
"avg_TS_ap_9": 0.9974420499672565,
"std_TS_ap_9": 0.0006570813327337776,
"avg_TS_auc_9": 0.9774747555555555,
"std_TS_auc_9": 0.0060607870709388474,
"avg_TS_f1_all": 0.9548949313233452,
"std_TS_f1_all": 0.0011109783593115125,
"avg_TS_ap_all": 0.9843020004440456,
"std_TS_ap_all": 0.0010500805357509355,
"avg_TS_auc_all": 0.8996623833333335,
"std_TS_auc_all": 0.005020046163413486
}