{
"avg_TS_f1_0": 0.9519989382126168,
"std_TS_f1_0": 0.0008976498183013806,
"avg_TS_ap_0": 0.9826143311385025,
"std_TS_ap_0": 0.0011423399143370404,
"avg_TS_auc_0": 0.8831446666666667,
"std_TS_auc_0": 0.0031428258686635145,
"avg_TS_f1_1": 0.9864109586335044,
"std_TS_f1_1": 0.0008430053603882932,
"avg_TS_ap_1": 0.9932030186968781,
"std_TS_ap_1": 0.0008092819922014982,
"avg_TS_auc_1": 0.9658342111111111,
"std_TS_auc_1": 0.002854729892176102,
"avg_TS_f1_2": 0.952510056731547,
"std_TS_f1_2": 0.0018228897491113464,
"avg_TS_ap_2": 0.9899249125131041,
"std_TS_ap_2": 0.0008349736566755735,
"avg_TS_auc_2": 0.9228061999999999,
"std_TS_auc_2": 0.004828129944270943,
"avg_TS_f1_3": 0.9335748134155601,
"std_TS_f1_3": 0.0029714021401133508,
"avg_TS_ap_3": 0.9719397194319102,
"std_TS_ap_3": 0.0013015501663873274,
"avg_TS_auc_3": 0.8117447111111111,
"std_TS_auc_3": 0.008594138015753943,
"avg_TS_f1_4": 0.9394,
"std_TS_f1_4": 0.0008905539959783861,
"avg_TS_ap_4": 0.9864559888239327,
"std_TS_ap_4": 0.0007174831634269541,
"avg_TS_auc_4": 0.8936168777777779,
"std_TS_auc_4": 0.0038051669069020235,
"avg_TS_f1_5": 0.9571777777777777,
"std_TS_f1_5": 0.0027366736590337757,
"avg_TS_ap_5": 0.9913526237109572,
"std_TS_ap_5": 0.0012063174375673883,
"avg_TS_auc_5": 0.9313205777777778,
"std_TS_auc_5": 0.009703230805061532,
"avg_TS_f1_6": 0.9244991660030495,
"std_TS_f1_6": 0.000610000785043633,
"avg_TS_ap_6": 0.9736406802131677,
"std_TS_ap_6": 0.001261001365632648,
"avg_TS_auc_6": 0.808683488888889,
"std_TS_auc_6": 0.005326109404563767,
"avg_TS_f1_7": 0.9713663623287714,
"std_TS_f1_7": 0.0008656594966094787,
"avg_TS_ap_7": 0.9970737958145672,
"std_TS_ap_7": 0.00018109471877746655,
"avg_TS_auc_7": 0.9758418222222222,
"std_TS_auc_7": 0.001545119040282064,
"avg_TS_f1_8": 0.9491860090350628,
"std_TS_f1_8": 0.002382429652915725,
"avg_TS_ap_8": 0.9736404154787378,
"std_TS_ap_8": 0.002680010324784425,
"avg_TS_auc_8": 0.846782288888889,
"std_TS_auc_8": 0.01381966876710845,
"avg_TS_f1_9": 0.977566426529869,
"std_TS_f1_9": 0.0016681772134827506,
"avg_TS_ap_9": 0.9971178349198361,
"std_TS_ap_9": 0.00013113062913247523,
"avg_TS_auc_9": 0.9774257333333333,
"std_TS_auc_9": 0.0009938530708408502,
"avg_TS_f1_all": 0.9543690508667758,
"std_TS_f1_all": 0.0007504824859616314,
"avg_TS_ap_all": 0.9856963320741594,
"std_TS_ap_all": 0.0004958839255514512,
"avg_TS_auc_all": 0.9017200577777779,
"std_TS_auc_all": 0.0031874643165672838
}