{
"avg_TS_f1_0": 0.9531100703125481,
"std_TS_f1_0": 0.0009182099845434268,
"avg_TS_ap_0": 0.9861720977573938,
"std_TS_ap_0": 0.000635562140228858,
"avg_TS_auc_0": 0.8957287333333334,
"std_TS_auc_0": 0.0033553737184726846,
"avg_TS_f1_1": 0.9924444444444445,
"std_TS_f1_1": 0.00012171612389002352,
"avg_TS_ap_1": 0.9991863032370801,
"std_TS_ap_1": 5.7986552188746676e-05,
"avg_TS_auc_1": 0.9942160555555557,
"std_TS_auc_1": 0.0002738990937923385,
"avg_TS_f1_2": 0.9532994993549024,
"std_TS_f1_2": 0.0010124332586151459,
"avg_TS_ap_2": 0.9918013298445743,
"std_TS_ap_2": 0.00017450825351685066,
"avg_TS_auc_2": 0.9327491444444445,
"std_TS_auc_2": 0.0015660945403719018,
"avg_TS_f1_3": 0.9349748813205672,
"std_TS_f1_3": 0.002335121701226665,
"avg_TS_ap_3": 0.9695237697822063,
"std_TS_ap_3": 0.00816444914133385,
"avg_TS_auc_3": 0.7982359111111111,
"std_TS_auc_3": 0.031641465855186575,
"avg_TS_f1_4": 0.9421215857671104,
"std_TS_f1_4": 0.0011427618040663883,
"avg_TS_ap_4": 0.9894133413470783,
"std_TS_ap_4": 0.0002682540094143753,
"avg_TS_auc_4": 0.91023,
"std_TS_auc_4": 0.0020924658213649096,
"avg_TS_f1_5": 0.9670996265224613,
"std_TS_f1_5": 0.001389924368693682,
"avg_TS_ap_5": 0.9970328743915182,
"std_TS_ap_5": 0.0001950078760598823,
"avg_TS_auc_5": 0.9731402555555556,
"std_TS_auc_5": 0.0017248021645723708,
"avg_TS_f1_6": 0.9268189590779734,
"std_TS_f1_6": 0.0011395045315690468,
"avg_TS_ap_6": 0.9794275812314549,
"std_TS_ap_6": 0.0009058792568339502,
"avg_TS_auc_6": 0.8356941222222222,
"std_TS_auc_6": 0.005236456419076647,
"avg_TS_f1_7": 0.9821996147934143,
"std_TS_f1_7": 0.0011937669442950787,
"avg_TS_ap_7": 0.9988274472335433,
"std_TS_ap_7": 0.0001051863389409957,
"avg_TS_auc_7": 0.9893956111111113,
"std_TS_auc_7": 0.0009508005561266854,
"avg_TS_f1_8": 0.9807885586236272,
"std_TS_f1_8": 0.014563103391209574,
"avg_TS_ap_8": 0.9960364262769115,
"std_TS_ap_8": 0.004218745962155687,
"avg_TS_auc_8": 0.9709501555555555,
"std_TS_auc_8": 0.02985257405187554,
"avg_TS_f1_9": 0.9783664302337783,
"std_TS_f1_9": 0.0004380991428663928,
"avg_TS_ap_9": 0.9983050678160265,
"std_TS_ap_9": 0.00011036232254290238,
"avg_TS_auc_9": 0.9851031444444445,
"std_TS_auc_9": 0.0008703591011406448,
"avg_TS_f1_all": 0.9611223670450828,
"std_TS_f1_all": 0.0015780243896180316,
"avg_TS_ap_all": 0.9905726238917787,
"std_TS_ap_all": 0.0010978686802169996,
"avg_TS_auc_all": 0.9285443133333334,
"std_TS_auc_all": 0.005286984041724712
}