{
"avg_TS_f1_0": 0.951742830157231,
"std_TS_f1_0": 0.0011743864496432895,
"avg_TS_ap_0": 0.9850292628995352,
"std_TS_ap_0": 0.0007812534786272437,
"avg_TS_auc_0": 0.8908743555555555,
"std_TS_auc_0": 0.004315175160686701,
"avg_TS_f1_1": 0.9881887549308296,
"std_TS_f1_1": 0.0009568809319562278,
"avg_TS_ap_1": 0.9958446872986529,
"std_TS_ap_1": 0.00028999840921584483,
"avg_TS_auc_1": 0.9761961555555555,
"std_TS_auc_1": 0.0010766764621730233,
"avg_TS_f1_2": 0.9532762560323247,
"std_TS_f1_2": 0.0010746036564843328,
"avg_TS_ap_2": 0.991120384061281,
"std_TS_ap_2": 0.0006682197209574649,
"avg_TS_auc_2": 0.9288912555555555,
"std_TS_auc_2": 0.003787442472300765,
"avg_TS_f1_3": 0.9351867066688889,
"std_TS_f1_3": 0.001061646385883035,
"avg_TS_ap_3": 0.9773743691823922,
"std_TS_ap_3": 0.001407743485195835,
"avg_TS_auc_3": 0.8309798,
"std_TS_auc_3": 0.007277220958139139,
"avg_TS_f1_4": 0.9426863442322849,
"std_TS_f1_4": 0.0007571673716774375,
"avg_TS_ap_4": 0.9889044930300758,
"std_TS_ap_4": 0.0002271049342055442,
"avg_TS_auc_4": 0.908268788888889,
"std_TS_auc_4": 0.0012310674548015287,
"avg_TS_f1_5": 0.9564772796019531,
"std_TS_f1_5": 0.0017237122334207255,
"avg_TS_ap_5": 0.9943862790738194,
"std_TS_ap_5": 0.00044913815141165803,
"avg_TS_auc_5": 0.9501472444444443,
"std_TS_auc_5": 0.003923613023260074,
"avg_TS_f1_6": 0.9261641881339088,
"std_TS_f1_6": 0.0006984019481710437,
"avg_TS_ap_6": 0.9780849155574615,
"std_TS_ap_6": 0.001014252148383014,
"avg_TS_auc_6": 0.8289417777777779,
"std_TS_auc_6": 0.0059239718579744815,
"avg_TS_f1_7": 0.9743435882240371,
"std_TS_f1_7": 0.0012229976695090513,
"avg_TS_ap_7": 0.998141494968879,
"std_TS_ap_7": 0.00010954337472905026,
"avg_TS_auc_7": 0.9831564333333332,
"std_TS_auc_7": 0.0009944453559275366,
"avg_TS_f1_8": 0.9419203658798528,
"std_TS_f1_8": 0.0027810652377774194,
"avg_TS_ap_8": 0.9770515086094115,
"std_TS_ap_8": 0.002389129858007299,
"avg_TS_auc_8": 0.8511019222222223,
"std_TS_auc_8": 0.012796783075580255,
"avg_TS_f1_9": 0.9785333333333334,
"std_TS_f1_9": 0.0007931808132255387,
"avg_TS_ap_9": 0.9984341883655137,
"std_TS_ap_9": 6.0524274575468406e-05,
"avg_TS_auc_9": 0.9861386888888888,
"std_TS_auc_9": 0.000515286748169912,
"avg_TS_f1_all": 0.9548519647194643,
"std_TS_f1_all": 0.0005458869856167738,
"avg_TS_ap_all": 0.9884371583047022,
"std_TS_ap_all": 0.00048008731639060314,
"avg_TS_auc_all": 0.9134696422222224,
"std_TS_auc_all": 0.0024570918914481065
}