{
"avg_TS_f1_0": 0.9338859145658891,
"std_TS_f1_0": 0.0010005820317414192,
"avg_TS_ap_0": 0.9605108545564212,
"std_TS_ap_0": 0.0005753084330879426,
"avg_TS_auc_0": 0.7737439333333334,
"std_TS_auc_0": 0.0034751612500823733,
"avg_TS_f1_1": 0.9658873875300298,
"std_TS_f1_1": 0.0005965246867235824,
"avg_TS_ap_1": 0.9832464530996553,
"std_TS_ap_1": 0.00026989512465705804,
"avg_TS_auc_1": 0.9064273555555555,
"std_TS_auc_1": 0.0018702402448830223,
"avg_TS_f1_2": 0.9427085591174817,
"std_TS_f1_2": 0.0009806839382914079,
"avg_TS_ap_2": 0.977044501898949,
"std_TS_ap_2": 0.00047954887515272253,
"avg_TS_auc_2": 0.8506145666666667,
"std_TS_auc_2": 0.0026804860150795315,
"avg_TS_f1_3": 0.9137053315620175,
"std_TS_f1_3": 0.001105139622418785,
"avg_TS_ap_3": 0.9479031116875836,
"std_TS_ap_3": 0.0010545460129367402,
"avg_TS_auc_3": 0.6832271999999999,
"std_TS_auc_3": 0.005142719364305265,
"avg_TS_f1_4": 0.9311628373554266,
"std_TS_f1_4": 0.0009133051238288534,
"avg_TS_ap_4": 0.9740547687485284,
"std_TS_ap_4": 0.0004891920041048951,
"avg_TS_auc_4": 0.8298596,
"std_TS_auc_4": 0.0029254623126044573,
"avg_TS_f1_5": 0.9082848219962838,
"std_TS_f1_5": 0.0018470208269071049,
"avg_TS_ap_5": 0.9484001430514739,
"std_TS_ap_5": 0.00257920052556464,
"avg_TS_auc_5": 0.6701996888888889,
"std_TS_auc_5": 0.014781592703389235,
"avg_TS_f1_6": 0.9192955126148874,
"std_TS_f1_6": 0.0012625779659932593,
"avg_TS_ap_6": 0.9537949079892497,
"std_TS_ap_6": 0.0012707157240002237,
"avg_TS_auc_6": 0.7225835111111112,
"std_TS_auc_6": 0.005091249937774457,
"avg_TS_f1_7": 0.9493510724049621,
"std_TS_f1_7": 0.0007462759764316436,
"avg_TS_ap_7": 0.9856890764122438,
"std_TS_ap_7": 0.0007590512893286982,
"avg_TS_auc_7": 0.8968992888888888,
"std_TS_auc_7": 0.004698272340518239,
"avg_TS_f1_8": 0.907450413911884,
"std_TS_f1_8": 0.0015310010244701901,
"avg_TS_ap_8": 0.921227321621318,
"std_TS_ap_8": 0.0025276940919775562,
"avg_TS_auc_8": 0.5920851111111111,
"std_TS_auc_8": 0.013093708244896458,
"avg_TS_f1_9": 0.9554753163671373,
"std_TS_f1_9": 0.001259923898883604,
"avg_TS_ap_9": 0.9833572418224137,
"std_TS_ap_9": 0.0003120788239103933,
"avg_TS_auc_9": 0.8947609444444444,
"std_TS_auc_9": 0.0021129371041686824,
"avg_TS_f1_all": 0.9327207167425999,
"std_TS_f1_all": 0.0004511087161145072,
"avg_TS_ap_all": 0.9635228380887837,
"std_TS_ap_all": 0.00047930958759518624,
"avg_TS_auc_all": 0.7820401200000001,
"std_TS_auc_all": 0.0027199495704262012
}