{
"avg_TS_f1_0": 0.9349777777777778,
"std_TS_f1_0": 0.007944063704940213,
"avg_TS_ap_0": 0.9728540003472611,
"std_TS_ap_0": 0.008182053747397293,
"avg_TS_auc_0": 0.8228472666666666,
"std_TS_auc_0": 0.04509319835991252,
"avg_TS_f1_1": 0.9595438215703342,
"std_TS_f1_1": 0.010147805365824065,
"avg_TS_ap_1": 0.9885120212416654,
"std_TS_ap_1": 0.00258927450741653,
"avg_TS_auc_1": 0.9250591444444444,
"std_TS_auc_1": 0.01834908511308289,
"avg_TS_f1_2": 0.9236666666666666,
"std_TS_f1_2": 0.013169737100969102,
"avg_TS_ap_2": 0.9753452848888411,
"std_TS_ap_2": 0.009869453498295733,
"avg_TS_auc_2": 0.8117529555555556,
"std_TS_auc_2": 0.06800992914933837,
"avg_TS_f1_3": 0.9267555555555557,
"std_TS_f1_3": 0.008816762934432051,
"avg_TS_ap_3": 0.9678025836866532,
"std_TS_ap_3": 0.005822546774522746,
"avg_TS_auc_3": 0.7845365888888889,
"std_TS_auc_3": 0.03583109223271923,
"avg_TS_f1_4": 0.9265436376094968,
"std_TS_f1_4": 0.005232295056119301,
"avg_TS_ap_4": 0.977445955771514,
"std_TS_ap_4": 0.0028808271278727986,
"avg_TS_auc_4": 0.8325028,
"std_TS_auc_4": 0.019924570906469076,
"avg_TS_f1_5": 0.9245777777777778,
"std_TS_f1_5": 0.009954315398947765,
"avg_TS_ap_5": 0.9660909897633093,
"std_TS_ap_5": 0.01802562588968263,
"avg_TS_auc_5": 0.781359111111111,
"std_TS_auc_5": 0.09646931930928884,
"avg_TS_f1_6": 0.9070444444444444,
"std_TS_f1_6": 0.002099500234476731,
"avg_TS_ap_6": 0.9585121825910381,
"std_TS_ap_6": 0.00392810872099427,
"avg_TS_auc_6": 0.7012004111111111,
"std_TS_auc_6": 0.021073259774573715,
"avg_TS_f1_7": 0.927454736374243,
"std_TS_f1_7": 0.005021431251893891,
"avg_TS_ap_7": 0.984394295335316,
"std_TS_ap_7": 0.0036347472753260972,
"avg_TS_auc_7": 0.8700070999999999,
"std_TS_auc_7": 0.02590189627593666,
"avg_TS_f1_8": 0.9454551734355613,
"std_TS_f1_8": 0.013316559981542552,
"avg_TS_ap_8": 0.9793306587730214,
"std_TS_ap_8": 0.0029542419126795732,
"avg_TS_auc_8": 0.8657384222222223,
"std_TS_auc_8": 0.034293925843237635,
"avg_TS_f1_9": 0.9441555555555554,
"std_TS_f1_9": 0.013655478708761269,
"avg_TS_ap_9": 0.9873606073851562,
"std_TS_ap_9": 0.0058232274870696965,
"avg_TS_auc_9": 0.8999889,
"std_TS_auc_9": 0.04415387667332518,
"avg_TS_f1_all": 0.9320175146767413,
"std_TS_f1_all": 0.004360387679494059,
"avg_TS_ap_all": 0.9757648579783776,
"std_TS_ap_all": 0.0016830681286172603,
"avg_TS_auc_all": 0.82949927,
"std_TS_auc_all": 0.012949906468639149
}