{
"avg_TS_f1_0": 0.9269434178442012,
"std_TS_f1_0": 0.013360997067394102,
"avg_TS_ap_0": 0.923812511906213,
"std_TS_ap_0": 0.045072376359659556,
"avg_TS_auc_0": 0.679618311111111,
"std_TS_auc_0": 0.1346446021809496,
"avg_TS_f1_1": 0.9671777777777777,
"std_TS_f1_1": 0.014776290651990386,
"avg_TS_ap_1": 0.9657375916059164,
"std_TS_ap_1": 0.03317170317379342,
"avg_TS_auc_1": 0.8773115666666668,
"std_TS_auc_1": 0.09434970924593174,
"avg_TS_f1_2": 0.9443777777777778,
"std_TS_f1_2": 0.0017883021812205254,
"avg_TS_ap_2": 0.9739715774083963,
"std_TS_ap_2": 0.024199041780601192,
"avg_TS_auc_2": 0.8619957222222222,
"std_TS_auc_2": 0.06496458428146983,
"avg_TS_f1_3": 0.9333777777777776,
"std_TS_f1_3": 0.0068589312776557755,
"avg_TS_ap_3": 0.9432375965608444,
"std_TS_ap_3": 0.016152156813549586,
"avg_TS_auc_3": 0.7276265777777778,
"std_TS_auc_3": 0.04997453096657472,
"avg_TS_f1_4": 0.9336993474946139,
"std_TS_f1_4": 0.007415831515472021,
"avg_TS_ap_4": 0.9457463048689387,
"std_TS_ap_4": 0.04534640539480223,
"avg_TS_auc_4": 0.7626042333333334,
"std_TS_auc_4": 0.1285549754408855,
"avg_TS_f1_5": 0.9519437400843256,
"std_TS_f1_5": 0.0092794408298428,
"avg_TS_ap_5": 0.9647920456002526,
"std_TS_ap_5": 0.011964019090792097,
"avg_TS_auc_5": 0.8317142777777778,
"std_TS_auc_5": 0.030366295145834818,
"avg_TS_f1_6": 0.9163111111111111,
"std_TS_f1_6": 0.008916180325954521,
"avg_TS_ap_6": 0.9487291214129361,
"std_TS_ap_6": 0.014813316832761226,
"avg_TS_auc_6": 0.716079688888889,
"std_TS_auc_6": 0.03373902942705603,
"avg_TS_f1_7": 0.943888888888889,
"std_TS_f1_7": 0.01335017454918949,
"avg_TS_ap_7": 0.9556257113272253,
"std_TS_ap_7": 0.03133129135889116,
"avg_TS_auc_7": 0.8257296999999999,
"std_TS_auc_7": 0.10136438347341939,
"avg_TS_f1_8": 0.9486550684914594,
"std_TS_f1_8": 0.0049678564536511875,
"avg_TS_ap_8": 0.9534549394634846,
"std_TS_ap_8": 0.032327095794291466,
"avg_TS_auc_8": 0.7947407222222221,
"std_TS_auc_8": 0.07177311946009689,
"avg_TS_f1_9": 0.9532222222222222,
"std_TS_f1_9": 0.012069142369317888,
"avg_TS_ap_9": 0.9633768763571405,
"std_TS_ap_9": 0.0435900975904485,
"avg_TS_auc_9": 0.8533547777777777,
"std_TS_auc_9": 0.12469839569897254,
"avg_TS_f1_all": 0.9419597129470155,
"std_TS_f1_all": 0.004639732439254818,
"avg_TS_ap_all": 0.9538484276511345,
"std_TS_ap_all": 0.009463656925635765,
"avg_TS_auc_all": 0.7930775577777778,
"std_TS_auc_all": 0.031022288606337746
}