{
"avg_TS_f1_0": 0.9609769048897778,
"std_TS_f1_0": 0.0017417096150719254,
"avg_TS_ap_0": 0.9887161510311134,
"std_TS_ap_0": 0.0009242273391794519,
"avg_TS_auc_0": 0.9175062333333333,
"std_TS_auc_0": 0.006626928692598837,
"avg_TS_f1_1": 0.9913555555555555,
"std_TS_f1_1": 0.0002757705254664522,
"avg_TS_ap_1": 0.9962211834423689,
"std_TS_ap_1": 0.00036362712420883803,
"avg_TS_auc_1": 0.9806912666666667,
"std_TS_auc_1": 0.0016995932288943986,
"avg_TS_f1_2": 0.9553873992999611,
"std_TS_f1_2": 0.0005721948798318977,
"avg_TS_ap_2": 0.99119188297538,
"std_TS_ap_2": 0.0005138560124707352,
"avg_TS_auc_2": 0.9322801999999999,
"std_TS_auc_2": 0.0025136331240302365,
"avg_TS_f1_3": 0.9441098628936174,
"std_TS_f1_3": 0.002031797049207661,
"avg_TS_ap_3": 0.973635984688831,
"std_TS_ap_3": 0.004461231723282329,
"avg_TS_auc_3": 0.8327341777777777,
"std_TS_auc_3": 0.02251836450986747,
"avg_TS_f1_4": 0.9442302350130563,
"std_TS_f1_4": 0.0007048725607935569,
"avg_TS_ap_4": 0.9886197432505778,
"std_TS_ap_4": 0.000291374046313156,
"avg_TS_auc_4": 0.9102595888888889,
"std_TS_auc_4": 0.0009572446593101425,
"avg_TS_f1_5": 0.9683555555555555,
"std_TS_f1_5": 0.0012598255807162958,
"avg_TS_ap_5": 0.9968478534368022,
"std_TS_ap_5": 0.00025030084934225615,
"avg_TS_auc_5": 0.9720885555555554,
"std_TS_auc_5": 0.002247619135391443,
"avg_TS_f1_6": 0.9271539258353858,
"std_TS_f1_6": 0.000927445768396737,
"avg_TS_ap_6": 0.9758393103654963,
"std_TS_ap_6": 0.000585784977772288,
"avg_TS_auc_6": 0.8192557,
"std_TS_auc_6": 0.0028507492938775253,
"avg_TS_f1_7": 0.9774997302319266,
"std_TS_f1_7": 0.0014084301600911986,
"avg_TS_ap_7": 0.9983862247985578,
"std_TS_ap_7": 0.00016602414455063876,
"avg_TS_auc_7": 0.9855919777777779,
"std_TS_auc_7": 0.00147145960482846,
"avg_TS_f1_8": 0.9782,
"std_TS_f1_8": 0.008442514399319409,
"avg_TS_ap_8": 0.9918477850116911,
"std_TS_ap_8": 0.002295233914383277,
"avg_TS_auc_8": 0.9514792222222223,
"std_TS_auc_8": 0.015562914139821504,
"avg_TS_f1_9": 0.981488888888889,
"std_TS_f1_9": 0.0005333333333333218,
"avg_TS_ap_9": 0.9985971064904293,
"std_TS_ap_9": 5.191257734285675e-05,
"avg_TS_auc_9": 0.9881850777777779,
"std_TS_auc_9": 0.00039220755496654434,
"avg_TS_f1_all": 0.9628758058163726,
"std_TS_f1_all": 0.00077062096258271,
"avg_TS_ap_all": 0.9899903225491247,
"std_TS_ap_all": 0.0007129741646935235,
"avg_TS_auc_all": 0.9290072,
"std_TS_auc_all": 0.0037247465863539117
}