{
"avg_TS_f1_0": 0.9613555555555557,
"std_TS_f1_0": 0.0008296957645597885,
"avg_TS_ap_0": 0.989029644314898,
"std_TS_ap_0": 0.00045864117080375236,
"avg_TS_auc_0": 0.9175361555555555,
"std_TS_auc_0": 0.0029952623429280747,
"avg_TS_f1_1": 0.9906666666666668,
"std_TS_f1_1": 0.0004274529791482762,
"avg_TS_ap_1": 0.9967088021236179,
"std_TS_ap_1": 0.0005424718510845197,
"avg_TS_auc_1": 0.9811355111111112,
"std_TS_auc_1": 0.0023153729466276873,
"avg_TS_f1_2": 0.9559777777777778,
"std_TS_f1_2": 0.001703156111676411,
"avg_TS_ap_2": 0.9914272873743604,
"std_TS_ap_2": 0.0008841449893099636,
"avg_TS_auc_2": 0.9329398888888889,
"std_TS_auc_2": 0.005931255279460125,
"avg_TS_f1_3": 0.9468877036378565,
"std_TS_f1_3": 0.0008145804886239406,
"avg_TS_ap_3": 0.9725438732089369,
"std_TS_ap_3": 0.007255020314591708,
"avg_TS_auc_3": 0.8366966333333332,
"std_TS_auc_3": 0.0233529966015837,
"avg_TS_f1_4": 0.9439098579550717,
"std_TS_f1_4": 0.0009007921000051934,
"avg_TS_ap_4": 0.9889447678480157,
"std_TS_ap_4": 0.0004597197059640309,
"avg_TS_auc_4": 0.9100848777777777,
"std_TS_auc_4": 0.0030569863796204807,
"avg_TS_f1_5": 0.9685777777777778,
"std_TS_f1_5": 0.001483073218974536,
"avg_TS_ap_5": 0.9968967832956857,
"std_TS_ap_5": 0.00014414961851011272,
"avg_TS_auc_5": 0.9724277555555556,
"std_TS_auc_5": 0.0014179275432914813,
"avg_TS_f1_6": 0.9276206283065109,
"std_TS_f1_6": 0.0006123396338387514,
"avg_TS_ap_6": 0.9723768800536474,
"std_TS_ap_6": 0.004688728325612107,
"avg_TS_auc_6": 0.8058623888888888,
"std_TS_auc_6": 0.01641665780368248,
"avg_TS_f1_7": 0.9771777777777778,
"std_TS_f1_7": 0.0021182335990742344,
"avg_TS_ap_7": 0.9982764062837808,
"std_TS_ap_7": 0.00027045379554792754,
"avg_TS_auc_7": 0.9845976888888888,
"std_TS_auc_7": 0.0023855460385361236,
"avg_TS_f1_8": 0.981311111111111,
"std_TS_f1_8": 0.001711832459784056,
"avg_TS_ap_8": 0.9941589294281161,
"std_TS_ap_8": 0.0011487185335875255,
"avg_TS_auc_8": 0.9625023777777777,
"std_TS_auc_8": 0.005624780144883085,
"avg_TS_f1_9": 0.9806108969016798,
"std_TS_f1_9": 0.0016223598080817333,
"avg_TS_ap_9": 0.9985716879348067,
"std_TS_ap_9": 0.0001979734662282432,
"avg_TS_auc_9": 0.9877229333333334,
"std_TS_auc_9": 0.001772911088479717,
"avg_TS_f1_all": 0.9634095753467784,
"std_TS_f1_all": 0.0003713623856648507,
"avg_TS_ap_all": 0.9898935061865867,
"std_TS_ap_all": 0.00089296943780017,
"avg_TS_auc_all": 0.9291506211111111,
"std_TS_auc_all": 0.003701425236792066
}