{
"avg_TS_f1_0": 0.951398925866252,
"std_TS_f1_0": 0.0019331936075928234,
"avg_TS_ap_0": 0.9808321306771367,
"std_TS_ap_0": 0.0005019833042723489,
"avg_TS_auc_0": 0.8757223222222222,
"std_TS_auc_0": 0.004129806415873788,
"avg_TS_f1_1": 0.9870886049224957,
"std_TS_f1_1": 0.00034163526929501973,
"avg_TS_ap_1": 0.9942448884687135,
"std_TS_ap_1": 0.0002681619095207796,
"avg_TS_auc_1": 0.969986511111111,
"std_TS_auc_1": 0.001609815846917757,
"avg_TS_f1_2": 0.9539545246340847,
"std_TS_f1_2": 0.0003617183711377927,
"avg_TS_ap_2": 0.9885554503522093,
"std_TS_ap_2": 0.00027973141969209463,
"avg_TS_auc_2": 0.9160707777777779,
"std_TS_auc_2": 0.0011139626985797585,
"avg_TS_f1_3": 0.9371971602555333,
"std_TS_f1_3": 0.0013183193483807486,
"avg_TS_ap_3": 0.9729019482414791,
"std_TS_ap_3": 0.0009030173500300376,
"avg_TS_auc_3": 0.8196786000000001,
"std_TS_auc_3": 0.005612829706271602,
"avg_TS_f1_4": 0.9427543036341526,
"std_TS_f1_4": 0.0011313560352761186,
"avg_TS_ap_4": 0.9858649310825489,
"std_TS_ap_4": 0.0004989189765261151,
"avg_TS_auc_4": 0.8969863888888888,
"std_TS_auc_4": 0.0024002569826408297,
"avg_TS_f1_5": 0.949131094873988,
"std_TS_f1_5": 0.0018267307475901468,
"avg_TS_ap_5": 0.9869640431642968,
"std_TS_ap_5": 0.0010073768739927063,
"avg_TS_auc_5": 0.9004365555555556,
"std_TS_auc_5": 0.006543620355679179,
"avg_TS_f1_6": 0.9270292794044114,
"std_TS_f1_6": 0.0012735417551547955,
"avg_TS_ap_6": 0.971279263101818,
"std_TS_ap_6": 0.0008915359350675802,
"avg_TS_auc_6": 0.8035843111111112,
"std_TS_auc_6": 0.004184079450889747,
"avg_TS_f1_7": 0.9737441475143681,
"std_TS_f1_7": 0.0006571776211036521,
"avg_TS_ap_7": 0.9970288494219817,
"std_TS_ap_7": 0.0001275422526715642,
"avg_TS_auc_7": 0.9762061555555557,
"std_TS_auc_7": 0.0008073204737943304,
"avg_TS_f1_8": 0.9421764727670056,
"std_TS_f1_8": 0.002810812435960244,
"avg_TS_ap_8": 0.9686146922682666,
"std_TS_ap_8": 0.0006761974022723007,
"avg_TS_auc_8": 0.8168548111111111,
"std_TS_auc_8": 0.005242101582451521,
"avg_TS_f1_9": 0.9779219845546976,
"std_TS_f1_9": 0.0006752548179802674,
"avg_TS_ap_9": 0.9965911703596738,
"std_TS_ap_9": 0.00014342831351585246,
"avg_TS_auc_9": 0.9748939111111111,
"std_TS_auc_9": 0.0007391792968147922,
"avg_TS_f1_all": 0.9542396498426988,
"std_TS_f1_all": 0.0005916074613972343,
"avg_TS_ap_all": 0.9842877367138124,
"std_TS_ap_all": 0.0003306250985815254,
"avg_TS_auc_all": 0.8950420344444444,
"std_TS_auc_all": 0.0019233930717547376
}