{
"avg_TS_f1_0": 0.9425634744388323,
"std_TS_f1_0": 0.0029922406612509834,
"avg_TS_ap_0": 0.9726760690956627,
"std_TS_ap_0": 0.0012934855057039937,
"avg_TS_auc_0": 0.831662611111111,
"std_TS_auc_0": 0.0063428628455752065,
"avg_TS_f1_1": 0.9764325709452993,
"std_TS_f1_1": 0.002201820940472313,
"avg_TS_ap_1": 0.9883215087960492,
"std_TS_ap_1": 0.0008341489082116999,
"avg_TS_auc_1": 0.9375495888888888,
"std_TS_auc_1": 0.0047596480376930995,
"avg_TS_f1_2": 0.9508539363297961,
"std_TS_f1_2": 0.000910251673425956,
"avg_TS_ap_2": 0.984471457018756,
"std_TS_ap_2": 0.0007923400662376301,
"avg_TS_auc_2": 0.8960947777777777,
"std_TS_auc_2": 0.0036606009344416343,
"avg_TS_f1_3": 0.9239983036094598,
"std_TS_f1_3": 0.0027338613597226507,
"avg_TS_ap_3": 0.9575281401697273,
"std_TS_ap_3": 0.003493456867809393,
"avg_TS_auc_3": 0.7411485777777778,
"std_TS_auc_3": 0.019487858148423732,
"avg_TS_f1_4": 0.9371659734182762,
"std_TS_f1_4": 0.0010289047384676266,
"avg_TS_ap_4": 0.981020345921839,
"std_TS_ap_4": 0.0008061524257195242,
"avg_TS_auc_4": 0.8686451000000002,
"std_TS_auc_4": 0.003802450415485005,
"avg_TS_f1_5": 0.9307747726725559,
"std_TS_f1_5": 0.004291663259893142,
"avg_TS_ap_5": 0.9725273237525067,
"std_TS_ap_5": 0.002315955710580373,
"avg_TS_auc_5": 0.8112607222222221,
"std_TS_auc_5": 0.015299229530911219,
"avg_TS_f1_6": 0.9233436042743115,
"std_TS_f1_6": 0.0018408870376638489,
"avg_TS_ap_6": 0.9625832883904787,
"std_TS_ap_6": 0.0024274304257370337,
"avg_TS_auc_6": 0.7621766333333333,
"std_TS_auc_6": 0.011093625651563879,
"avg_TS_f1_7": 0.9680207085167236,
"std_TS_f1_7": 0.003639974094784171,
"avg_TS_ap_7": 0.9938481765474613,
"std_TS_ap_7": 0.0011887616739833327,
"avg_TS_auc_7": 0.954706088888889,
"std_TS_auc_7": 0.008161665364478456,
"avg_TS_f1_8": 0.9280087436956375,
"std_TS_f1_8": 0.004450860165424259,
"avg_TS_ap_8": 0.950701484769793,
"std_TS_ap_8": 0.0054164590094491925,
"avg_TS_auc_8": 0.7285016555555555,
"std_TS_auc_8": 0.028215141203397406,
"avg_TS_f1_9": 0.9728444444444444,
"std_TS_f1_9": 0.0010900220860827286,
"avg_TS_ap_9": 0.9926553506247442,
"std_TS_ap_9": 0.001072035793699948,
"avg_TS_auc_9": 0.9496789666666666,
"std_TS_auc_9": 0.006010780030377127,
"avg_TS_f1_all": 0.9454006532345336,
"std_TS_f1_all": 0.0010014642488964081,
"avg_TS_ap_all": 0.9756333145087017,
"std_TS_ap_all": 0.0012139419173251523,
"avg_TS_auc_all": 0.8481424722222222,
"std_TS_auc_all": 0.006265879157952341
}