{
"avg_TS_f1_0": 0.9365186954046056,
"std_TS_f1_0": 0.001182553162236322,
"avg_TS_ap_0": 0.9763432714600114,
"std_TS_ap_0": 0.00026977567957329465,
"avg_TS_auc_0": 0.8257098444444443,
"std_TS_auc_0": 0.0024118852071244685,
"avg_TS_f1_1": 0.9721771802137156,
"std_TS_f1_1": 0.0015131722221229434,
"avg_TS_ap_1": 0.9895665729796643,
"std_TS_ap_1": 0.002161873253163852,
"avg_TS_auc_1": 0.9329106444444445,
"std_TS_auc_1": 0.006223292127618494,
"avg_TS_f1_2": 0.945142606688026,
"std_TS_f1_2": 0.0007178960121895744,
"avg_TS_ap_2": 0.985337939487127,
"std_TS_ap_2": 0.0002330617358175681,
"avg_TS_auc_2": 0.8853281222222222,
"std_TS_auc_2": 0.0016792329206302323,
"avg_TS_f1_3": 0.9158953275181954,
"std_TS_f1_3": 0.0007653392014099859,
"avg_TS_ap_3": 0.967309389840245,
"std_TS_ap_3": 0.00042795206500162523,
"avg_TS_auc_3": 0.7520027222222222,
"std_TS_auc_3": 0.0031509370387588437,
"avg_TS_f1_4": 0.9333199967899451,
"std_TS_f1_4": 0.0007550158973891341,
"avg_TS_ap_4": 0.9830889815833332,
"std_TS_ap_4": 0.00043851068515584214,
"avg_TS_auc_4": 0.8647534777777779,
"std_TS_auc_4": 0.003558633717844199,
"avg_TS_f1_5": 0.9225622015011694,
"std_TS_f1_5": 0.0051389761838423476,
"avg_TS_ap_5": 0.9760343892895941,
"std_TS_ap_5": 0.004117741661238263,
"avg_TS_auc_5": 0.8122962333333333,
"std_TS_auc_5": 0.028799258406377135,
"avg_TS_f1_6": 0.9209297998036927,
"std_TS_f1_6": 0.0010925802651762602,
"avg_TS_ap_6": 0.9717102848136262,
"std_TS_ap_6": 0.0009290374324666548,
"avg_TS_auc_6": 0.7855686444444444,
"std_TS_auc_6": 0.006369621647542328,
"avg_TS_f1_7": 0.9624534424277289,
"std_TS_f1_7": 0.002440289648891301,
"avg_TS_ap_7": 0.9917496805787854,
"std_TS_ap_7": 0.0004928682368510658,
"avg_TS_auc_7": 0.9393848,
"std_TS_auc_7": 0.002415628305047837,
"avg_TS_f1_8": 0.9133619951142867,
"std_TS_f1_8": 0.002516530906095303,
"avg_TS_ap_8": 0.9404919174553719,
"std_TS_ap_8": 0.0036117633591676423,
"avg_TS_auc_8": 0.6585264444444444,
"std_TS_auc_8": 0.015674493734868906,
"avg_TS_f1_9": 0.9686652493039738,
"std_TS_f1_9": 0.0026057334345011515,
"avg_TS_ap_9": 0.9893436011082877,
"std_TS_ap_9": 0.0023541307754093637,
"avg_TS_auc_9": 0.9306631111111111,
"std_TS_auc_9": 0.009182908698188167,
"avg_TS_f1_all": 0.9391026494765338,
"std_TS_f1_all": 0.0006489680958852519,
"avg_TS_ap_all": 0.9770976028596046,
"std_TS_ap_all": 0.0004281803694364428,
"avg_TS_auc_all": 0.8387144044444443,
"std_TS_auc_all": 0.002644275206894144
}