{
"avg_TS_f1_0": 0.9196100561142286,
"std_TS_f1_0": 0.012724084309757423,
"avg_TS_ap_0": 0.9480065283251925,
"std_TS_ap_0": 0.024513354566439435,
"avg_TS_auc_0": 0.6935851666666667,
"std_TS_auc_0": 0.11319201309773266,
"avg_TS_f1_1": 0.9700771795963974,
"std_TS_f1_1": 0.014483654998486254,
"avg_TS_ap_1": 0.9887653362168383,
"std_TS_ap_1": 0.004189262705936707,
"avg_TS_auc_1": 0.9332373777777777,
"std_TS_auc_1": 0.03423909565526836,
"avg_TS_f1_2": 0.9354666666666667,
"std_TS_f1_2": 0.014382671329342877,
"avg_TS_ap_2": 0.9782571184074662,
"std_TS_ap_2": 0.007801898306616926,
"avg_TS_auc_2": 0.8412775555555555,
"std_TS_auc_2": 0.05703112859123621,
"avg_TS_f1_3": 0.9281658956361772,
"std_TS_f1_3": 0.008178785312737845,
"avg_TS_ap_3": 0.970625822598244,
"std_TS_ap_3": 0.0048959389628100815,
"avg_TS_auc_3": 0.7938365777777778,
"std_TS_auc_3": 0.028620460436927387,
"avg_TS_f1_4": 0.9281760962028756,
"std_TS_f1_4": 0.005916236624694234,
"avg_TS_ap_4": 0.956853746156963,
"std_TS_ap_4": 0.023458032095837338,
"avg_TS_auc_4": 0.7762789999999999,
"std_TS_auc_4": 0.06057349780795336,
"avg_TS_f1_5": 0.9456551030612811,
"std_TS_f1_5": 0.011830929073425636,
"avg_TS_ap_5": 0.9709737293319796,
"std_TS_ap_5": 0.012926694625543507,
"avg_TS_auc_5": 0.8455906777777777,
"std_TS_auc_5": 0.04731166000252288,
"avg_TS_f1_6": 0.9157315887919699,
"std_TS_f1_6": 0.006033007428019471,
"avg_TS_ap_6": 0.9595970304867224,
"std_TS_ap_6": 0.008702184912068358,
"avg_TS_auc_6": 0.7376657555555555,
"std_TS_auc_6": 0.028732654545166127,
"avg_TS_f1_7": 0.9415882635455055,
"std_TS_f1_7": 0.006111862588167944,
"avg_TS_ap_7": 0.9826770365259938,
"std_TS_ap_7": 0.007599275057206361,
"avg_TS_auc_7": 0.8818747777777778,
"std_TS_auc_7": 0.034502228767156966,
"avg_TS_f1_8": 0.9374104845330914,
"std_TS_f1_8": 0.013279302930648995,
"avg_TS_ap_8": 0.9603754628511775,
"std_TS_ap_8": 0.01805631174205013,
"avg_TS_auc_8": 0.7880100111111111,
"std_TS_auc_8": 0.07701328496745397,
"avg_TS_f1_9": 0.9442,
"std_TS_f1_9": 0.008595835914076554,
"avg_TS_ap_9": 0.9738381908166804,
"std_TS_ap_9": 0.007721339195370558,
"avg_TS_auc_9": 0.8423296555555554,
"std_TS_auc_9": 0.038147653001482006,
"avg_TS_f1_all": 0.9366081334148193,
"std_TS_f1_all": 0.0031125062472801054,
"avg_TS_ap_all": 0.9689970001717259,
"std_TS_ap_all": 0.0068027125989167945,
"avg_TS_auc_all": 0.8133686555555556,
"std_TS_auc_all": 0.026341527787776656
}