{
"avg_TS_f1_0": 0.9616,
"std_TS_f1_0": 0.0012304771733250878,
"avg_TS_ap_0": 0.9863667787139038,
"std_TS_ap_0": 0.004335379060484725,
"avg_TS_auc_0": 0.9118355222222222,
"std_TS_auc_0": 0.014144438128941542,
"avg_TS_f1_1": 0.9884000000000001,
"std_TS_f1_1": 0.00022879178091082434,
"avg_TS_ap_1": 0.9888279516610773,
"std_TS_ap_1": 0.0014057164999416465,
"avg_TS_auc_1": 0.9550812222222221,
"std_TS_auc_1": 0.0021970630643297485,
"avg_TS_f1_2": 0.9549883833052455,
"std_TS_f1_2": 0.0010308819491740655,
"avg_TS_ap_2": 0.9836911350581851,
"std_TS_ap_2": 0.003179943239543052,
"avg_TS_auc_2": 0.9069852777777777,
"std_TS_auc_2": 0.008349805121848037,
"avg_TS_f1_3": 0.9440444444444444,
"std_TS_f1_3": 0.002095969088453626,
"avg_TS_ap_3": 0.928470554213305,
"std_TS_ap_3": 0.01673607072975899,
"avg_TS_auc_3": 0.7588121555555555,
"std_TS_auc_3": 0.03290685037290399,
"avg_TS_f1_4": 0.9442759005129915,
"std_TS_f1_4": 0.0010297027718561614,
"avg_TS_ap_4": 0.9851641135879129,
"std_TS_ap_4": 0.002089054190866163,
"avg_TS_auc_4": 0.8980965666666666,
"std_TS_auc_4": 0.006731409239060107,
"avg_TS_f1_5": 0.9683218623256847,
"std_TS_f1_5": 0.0012094356506972663,
"avg_TS_ap_5": 0.9968767106181234,
"std_TS_ap_5": 0.0001653566754559446,
"avg_TS_auc_5": 0.9722686555555555,
"std_TS_auc_5": 0.0014976933842858057,
"avg_TS_f1_6": 0.9274309091245809,
"std_TS_f1_6": 0.00042457800690448946,
"avg_TS_ap_6": 0.9536955185766407,
"std_TS_ap_6": 0.019472530291225212,
"avg_TS_auc_6": 0.7749495888888889,
"std_TS_auc_6": 0.044067259007597906,
"avg_TS_f1_7": 0.9766775240599788,
"std_TS_f1_7": 0.0008890272559464562,
"avg_TS_ap_7": 0.9981789968522776,
"std_TS_ap_7": 0.0001699474271417623,
"avg_TS_auc_7": 0.9837663666666666,
"std_TS_auc_7": 0.001424960053414558,
"avg_TS_f1_8": 0.9799111111111112,
"std_TS_f1_8": 0.0007111111111111325,
"avg_TS_ap_8": 0.9855785712417644,
"std_TS_ap_8": 0.002945820588562182,
"avg_TS_auc_8": 0.9389680111111112,
"std_TS_auc_8": 0.0067038138137837005,
"avg_TS_f1_9": 0.9811111111111112,
"std_TS_f1_9": 0.0006285393610547207,
"avg_TS_ap_9": 0.9985705893071352,
"std_TS_ap_9": 0.00011712186829460598,
"avg_TS_auc_9": 0.9879152999999998,
"std_TS_auc_9": 0.0008954064051425165,
"avg_TS_f1_all": 0.9626761245995148,
"std_TS_f1_all": 0.0004326861470200935,
"avg_TS_ap_all": 0.9805420919830323,
"std_TS_ap_all": 0.0025079682290740377,
"avg_TS_auc_all": 0.9088678666666666,
"std_TS_auc_all": 0.006464825274695766
}