{
"avg_TS_f1_0": 0.953288888888889,
"std_TS_f1_0": 0.005840091323486887,
"avg_TS_ap_0": 0.9711380970507602,
"std_TS_ap_0": 0.011318443462088094,
"avg_TS_auc_0": 0.8461343000000001,
"std_TS_auc_0": 0.03794838755052305,
"avg_TS_f1_1": 0.9665111111111111,
"std_TS_f1_1": 0.007510190607631952,
"avg_TS_ap_1": 0.9765890600992428,
"std_TS_ap_1": 0.030417107375832045,
"avg_TS_auc_1": 0.9037480666666667,
"std_TS_auc_1": 0.08771978461317588,
"avg_TS_f1_2": 0.9486888888888888,
"std_TS_f1_2": 0.004260296170079019,
"avg_TS_ap_2": 0.9739811390318609,
"std_TS_ap_2": 0.012541040842440308,
"avg_TS_auc_2": 0.8557433333333332,
"std_TS_auc_2": 0.036013229207601756,
"avg_TS_f1_3": 0.9292768659987283,
"std_TS_f1_3": 0.007437537671396878,
"avg_TS_ap_3": 0.9023934016542444,
"std_TS_ap_3": 0.025921766760143964,
"avg_TS_auc_3": 0.6289109444444445,
"std_TS_auc_3": 0.07632045774600185,
"avg_TS_f1_4": 0.930111111111111,
"std_TS_f1_4": 0.00318716562032131,
"avg_TS_ap_4": 0.9636497762058719,
"std_TS_ap_4": 0.00925212452945983,
"avg_TS_auc_4": 0.7845346,
"std_TS_auc_4": 0.03416242619393486,
"avg_TS_f1_5": 0.9465882314449567,
"std_TS_f1_5": 0.015155316526611935,
"avg_TS_ap_5": 0.9530763551189514,
"std_TS_ap_5": 0.038958411956573784,
"avg_TS_auc_5": 0.7962095444444445,
"std_TS_auc_5": 0.1160860080982604,
"avg_TS_f1_6": 0.9212082954137933,
"std_TS_f1_6": 0.004806083088504929,
"avg_TS_ap_6": 0.9311721538083338,
"std_TS_ap_6": 0.01596896245001244,
"avg_TS_auc_6": 0.6947266333333333,
"std_TS_auc_6": 0.03981999126919186,
"avg_TS_f1_7": 0.9528444444444444,
"std_TS_f1_7": 0.00896842196780417,
"avg_TS_ap_7": 0.9675373636264009,
"std_TS_ap_7": 0.02205666070913112,
"avg_TS_auc_7": 0.834147611111111,
"std_TS_auc_7": 0.09102395856657534,
"avg_TS_f1_8": 0.9331437635424191,
"std_TS_f1_8": 0.01286163060488859,
"avg_TS_ap_8": 0.9116142099120269,
"std_TS_ap_8": 0.03512000413816741,
"avg_TS_auc_8": 0.6640851999999999,
"std_TS_auc_8": 0.08256233706972907,
"avg_TS_f1_9": 0.9640888888888888,
"std_TS_f1_9": 0.009357481986934434,
"avg_TS_ap_9": 0.9700366517321332,
"std_TS_ap_9": 0.014321170599590522,
"avg_TS_auc_9": 0.8426728222222224,
"std_TS_auc_9": 0.07174366149302959,
"avg_TS_f1_all": 0.9445750489733232,
"std_TS_f1_all": 0.002395960668890158,
"avg_TS_ap_all": 0.9521188208239826,
"std_TS_ap_all": 0.009991885486947924,
"avg_TS_auc_all": 0.7850913055555557,
"std_TS_auc_all": 0.02923033351329719
}