{
"avg_TS_f1_0": 0.9568772870097721,
"std_TS_f1_0": 0.0009021450157373571,
"avg_TS_ap_0": 0.9862172531285504,
"std_TS_ap_0": 0.0008010433099818049,
"avg_TS_auc_0": 0.9035389444444444,
"std_TS_auc_0": 0.00389429774236287,
"avg_TS_f1_1": 0.9892888888888889,
"std_TS_f1_1": 0.0008061492065429558,
"avg_TS_ap_1": 0.9962345721890797,
"std_TS_ap_1": 0.0004499252418291119,
"avg_TS_auc_1": 0.9785255888888889,
"std_TS_auc_1": 0.0016071209714237501,
"avg_TS_f1_2": 0.9535217326888532,
"std_TS_f1_2": 0.002110432594909739,
"avg_TS_ap_2": 0.9916545479481123,
"std_TS_ap_2": 0.0004102405982038042,
"avg_TS_auc_2": 0.933243,
"std_TS_auc_2": 0.0026701759911018598,
"avg_TS_f1_3": 0.9428654023988987,
"std_TS_f1_3": 0.0015048432449150141,
"avg_TS_ap_3": 0.980496484087683,
"std_TS_ap_3": 0.002299915419212504,
"avg_TS_auc_3": 0.8616587333333335,
"std_TS_auc_3": 0.013450318793844554,
"avg_TS_f1_4": 0.9431882647801422,
"std_TS_f1_4": 0.0008527006425385155,
"avg_TS_ap_4": 0.9890450357696107,
"std_TS_ap_4": 0.000573943603254469,
"avg_TS_auc_4": 0.9110640111111111,
"std_TS_auc_4": 0.0036110482769576287,
"avg_TS_f1_5": 0.9594319499231438,
"std_TS_f1_5": 0.002567114575299752,
"avg_TS_ap_5": 0.9931248192502709,
"std_TS_ap_5": 0.0007996144172085879,
"avg_TS_auc_5": 0.9444297333333334,
"std_TS_auc_5": 0.006667406288453422,
"avg_TS_f1_6": 0.9260856182458594,
"std_TS_f1_6": 0.0004803203315733156,
"avg_TS_ap_6": 0.9774251183306621,
"std_TS_ap_6": 0.0004498432555632757,
"avg_TS_auc_6": 0.8274203666666666,
"std_TS_auc_6": 0.0022231454867061057,
"avg_TS_f1_7": 0.9745333333333333,
"std_TS_f1_7": 0.0014913743764944486,
"avg_TS_ap_7": 0.9978396102932848,
"std_TS_ap_7": 0.00015182016238564429,
"avg_TS_auc_7": 0.9814273888888889,
"std_TS_auc_7": 0.0015085737393845382,
"avg_TS_f1_8": 0.9639325481045242,
"std_TS_f1_8": 0.0023639455776524126,
"avg_TS_ap_8": 0.9858860485572623,
"std_TS_ap_8": 0.0007338484689793574,
"avg_TS_auc_8": 0.913100888888889,
"std_TS_auc_8": 0.0051449640523525495,
"avg_TS_f1_9": 0.9786444444444445,
"std_TS_f1_9": 0.001869046102516824,
"avg_TS_ap_9": 0.9980104161565719,
"std_TS_ap_9": 0.00018549050865710365,
"avg_TS_auc_9": 0.9835259000000001,
"std_TS_auc_9": 0.0015561933364765079,
"avg_TS_f1_all": 0.9588369469817861,
"std_TS_f1_all": 0.000582287771466517,
"avg_TS_ap_all": 0.9895933905711087,
"std_TS_ap_all": 0.00030103784396453615,
"avg_TS_auc_all": 0.9237934555555556,
"std_TS_auc_all": 0.001436627115280077
}