{
"avg_TS_f1_0": 0.9490760547801284,
"std_TS_f1_0": 0.0017176899131952682,
"avg_TS_ap_0": 0.9763966716046684,
"std_TS_ap_0": 0.001701499347613425,
"avg_TS_auc_0": 0.8757765111111112,
"std_TS_auc_0": 0.0047142221918963795,
"avg_TS_f1_1": 0.992822222222222,
"std_TS_f1_1": 0.0002060804110110105,
"avg_TS_ap_1": 0.9995799543831303,
"std_TS_ap_1": 5.826279239593e-05,
"avg_TS_auc_1": 0.9965572444444444,
"std_TS_auc_1": 0.0002987230489935412,
"avg_TS_f1_2": 0.9534984388021556,
"std_TS_f1_2": 0.000910774652669949,
"avg_TS_ap_2": 0.9893170004763958,
"std_TS_ap_2": 0.001628377499153886,
"avg_TS_auc_2": 0.9298874444444445,
"std_TS_auc_2": 0.004526173989034506,
"avg_TS_f1_3": 0.9272205789210511,
"std_TS_f1_3": 0.0015548057312542618,
"avg_TS_ap_3": 0.9608602202606971,
"std_TS_ap_3": 0.0020718659712202795,
"avg_TS_auc_3": 0.7596824,
"std_TS_auc_3": 0.005841359882407736,
"avg_TS_f1_4": 0.9408313535937183,
"std_TS_f1_4": 0.000820816066106549,
"avg_TS_ap_4": 0.9870042351402241,
"std_TS_ap_4": 0.0022413406225179583,
"avg_TS_auc_4": 0.9069472666666666,
"std_TS_auc_4": 0.007338266612477531,
"avg_TS_f1_5": 0.9621876128920743,
"std_TS_f1_5": 0.0006020219471952865,
"avg_TS_ap_5": 0.9963302445973312,
"std_TS_ap_5": 0.00018958255814991522,
"avg_TS_auc_5": 0.9678865333333333,
"std_TS_auc_5": 0.0008295457351265459,
"avg_TS_f1_6": 0.9255744701866153,
"std_TS_f1_6": 0.0007111266932786778,
"avg_TS_ap_6": 0.9712160757524553,
"std_TS_ap_6": 0.0036060203565142375,
"avg_TS_auc_6": 0.8206532333333334,
"std_TS_auc_6": 0.0057771503009060995,
"avg_TS_f1_7": 0.9806998067793888,
"std_TS_f1_7": 0.001821341897772528,
"avg_TS_ap_7": 0.9989036619002227,
"std_TS_ap_7": 0.00015232074745511286,
"avg_TS_auc_7": 0.9899800888888889,
"std_TS_auc_7": 0.001380215945083101,
"avg_TS_f1_8": 0.9461087406090462,
"std_TS_f1_8": 0.0034905256818247104,
"avg_TS_ap_8": 0.9832908556580986,
"std_TS_ap_8": 0.004589414757311647,
"avg_TS_auc_8": 0.8925096,
"std_TS_auc_8": 0.02286915706699337,
"avg_TS_f1_9": 0.9781328579982839,
"std_TS_f1_9": 0.0006742607900475034,
"avg_TS_ap_9": 0.9981520790317712,
"std_TS_ap_9": 0.00012141332593672088,
"avg_TS_auc_9": 0.9840165666666666,
"std_TS_auc_9": 0.0004454445447742827,
"avg_TS_f1_all": 0.9556152136784686,
"std_TS_f1_all": 0.0004619385290879538,
"avg_TS_ap_all": 0.9861050998804994,
"std_TS_ap_all": 0.00048464178265114356,
"avg_TS_auc_all": 0.9123896888888889,
"std_TS_auc_all": 0.0015657261615858054
}