{
"avg_TS_f1_0": 0.9530550191059997,
"std_TS_f1_0": 0.0012348637468906666,
"avg_TS_ap_0": 0.9848986571063116,
"std_TS_ap_0": 0.00040906124086636326,
"avg_TS_auc_0": 0.8924008000000001,
"std_TS_auc_0": 0.00269989978794367,
"avg_TS_f1_1": 0.9867887376459187,
"std_TS_f1_1": 0.0005583243001568196,
"avg_TS_ap_1": 0.9950396663677576,
"std_TS_ap_1": 0.00032744789283992143,
"avg_TS_auc_1": 0.9724875444444445,
"std_TS_auc_1": 0.0012914094455475466,
"avg_TS_f1_2": 0.9529883758974262,
"std_TS_f1_2": 0.0010108663197686196,
"avg_TS_ap_2": 0.9905212480549304,
"std_TS_ap_2": 0.0005422778494706377,
"avg_TS_auc_2": 0.9253627666666666,
"std_TS_auc_2": 0.0028040599717526365,
"avg_TS_f1_3": 0.9398091647066813,
"std_TS_f1_3": 0.002428989556144778,
"avg_TS_ap_3": 0.9784301828680292,
"std_TS_ap_3": 0.0013291871457495644,
"avg_TS_auc_3": 0.8443331888888889,
"std_TS_auc_3": 0.007921398116369683,
"avg_TS_f1_4": 0.9422444444444444,
"std_TS_f1_4": 0.0012016449630751558,
"avg_TS_ap_4": 0.9879044245472185,
"std_TS_ap_4": 0.0003538677592621166,
"avg_TS_auc_4": 0.9035692666666666,
"std_TS_auc_4": 0.002945438592631524,
"avg_TS_f1_5": 0.9591999999999998,
"std_TS_f1_5": 0.0007646511348482043,
"avg_TS_ap_5": 0.9927457800231876,
"std_TS_ap_5": 0.00028993603681365995,
"avg_TS_auc_5": 0.9408511888888889,
"std_TS_auc_5": 0.002198726223448252,
"avg_TS_f1_6": 0.9262736818712151,
"std_TS_f1_6": 0.0006921456304193707,
"avg_TS_ap_6": 0.9771296413444792,
"std_TS_ap_6": 0.0006898045096551724,
"avg_TS_auc_6": 0.8253864111111111,
"std_TS_auc_6": 0.003405844186173788,
"avg_TS_f1_7": 0.9737219191189634,
"std_TS_f1_7": 0.000553876713276669,
"avg_TS_ap_7": 0.9977562034503219,
"std_TS_ap_7": 5.9317507018068705e-05,
"avg_TS_auc_7": 0.9805571777777777,
"std_TS_auc_7": 0.000529666085588116,
"avg_TS_f1_8": 0.9501555555555555,
"std_TS_f1_8": 0.003117137021350926,
"avg_TS_ap_8": 0.9768799015367164,
"std_TS_ap_8": 0.0009452815617976479,
"avg_TS_auc_8": 0.8598467444444445,
"std_TS_auc_8": 0.007543792235480707,
"avg_TS_f1_9": 0.9784661938008903,
"std_TS_f1_9": 0.0005402428644284977,
"avg_TS_ap_9": 0.9976816008301439,
"std_TS_ap_9": 0.00015195096112171543,
"avg_TS_auc_9": 0.9812474555555555,
"std_TS_auc_9": 0.0010933130663207846,
"avg_TS_f1_all": 0.9562703092147095,
"std_TS_f1_all": 0.0004075013921068264,
"avg_TS_ap_all": 0.9878987306129098,
"std_TS_ap_all": 0.00010858666745132357,
"avg_TS_auc_all": 0.9126042544444445,
"std_TS_auc_all": 0.0009005231001856166
}