{
"avg_TS_f1_0": 0.9386756967979704,
"std_TS_f1_0": 0.0025457641146216315,
"avg_TS_ap_0": 0.9668856613080331,
"std_TS_ap_0": 0.000611260058027156,
"avg_TS_auc_0": 0.8031185555555554,
"std_TS_auc_0": 0.005702215137693673,
"avg_TS_f1_1": 0.9706552117092926,
"std_TS_f1_1": 0.0019567204966347484,
"avg_TS_ap_1": 0.9833707991778837,
"std_TS_ap_1": 0.0016844278735921858,
"avg_TS_auc_1": 0.911280011111111,
"std_TS_auc_1": 0.007906904809386071,
"avg_TS_f1_2": 0.9488094462038015,
"std_TS_f1_2": 0.0016730525158929717,
"avg_TS_ap_2": 0.9815724955852382,
"std_TS_ap_2": 0.0007481667359388981,
"avg_TS_auc_2": 0.8798685555555557,
"std_TS_auc_2": 0.003463161788786204,
"avg_TS_f1_3": 0.9168851837447759,
"std_TS_f1_3": 0.002671782855349757,
"avg_TS_ap_3": 0.9490696609918856,
"std_TS_ap_3": 0.004248076537974352,
"avg_TS_auc_3": 0.6985211111111111,
"std_TS_auc_3": 0.021099096664678112,
"avg_TS_f1_4": 0.9354652456000642,
"std_TS_f1_4": 0.0015199801863629164,
"avg_TS_ap_4": 0.977342906561433,
"std_TS_ap_4": 0.0011309272414906399,
"avg_TS_auc_4": 0.8486162666666667,
"std_TS_auc_4": 0.005312955397288794,
"avg_TS_f1_5": 0.9184546351340506,
"std_TS_f1_5": 0.003632895757706236,
"avg_TS_ap_5": 0.958003793485217,
"std_TS_ap_5": 0.003247838811118446,
"avg_TS_auc_5": 0.7281260555555555,
"std_TS_auc_5": 0.019785290245346192,
"avg_TS_f1_6": 0.9213640696088052,
"std_TS_f1_6": 0.0020023487888703928,
"avg_TS_ap_6": 0.9574677534932492,
"std_TS_ap_6": 0.0026223918171452195,
"avg_TS_auc_6": 0.7381189222222222,
"std_TS_auc_6": 0.012930734694670343,
"avg_TS_f1_7": 0.9583546036508201,
"std_TS_f1_7": 0.0036929121716434057,
"avg_TS_ap_7": 0.9889031146178795,
"std_TS_ap_7": 0.0017133144463105324,
"avg_TS_auc_7": 0.9213559555555555,
"std_TS_auc_7": 0.01134596201572261,
"avg_TS_f1_8": 0.9172101795778778,
"std_TS_f1_8": 0.0023221900491536412,
"avg_TS_ap_8": 0.9361348182950617,
"std_TS_ap_8": 0.0047589837660754,
"avg_TS_auc_8": 0.6590145444444444,
"std_TS_auc_8": 0.019516588257786002,
"avg_TS_f1_9": 0.9658436493385436,
"std_TS_f1_9": 0.0016973141767289768,
"avg_TS_ap_9": 0.9877681338203974,
"std_TS_ap_9": 0.0015530665078901606,
"avg_TS_auc_9": 0.9212014999999999,
"std_TS_auc_9": 0.008260337268321465,
"avg_TS_f1_all": 0.9391717921366002,
"std_TS_f1_all": 0.0012396754464007167,
"avg_TS_ap_all": 0.9686519137336278,
"std_TS_ap_all": 0.0014163321629109215,
"avg_TS_auc_all": 0.8109221477777778,
"std_TS_auc_all": 0.007220094644631762
}