{
"avg_TS_f1_0": 0.9420862997829016,
"std_TS_f1_0": 0.0009750688065789218,
"avg_TS_ap_0": 0.9714573713818101,
"std_TS_ap_0": 0.0007511225373171912,
"avg_TS_auc_0": 0.8230730111111111,
"std_TS_auc_0": 0.004119798948768219,
"avg_TS_f1_1": 0.9764098005444748,
"std_TS_f1_1": 0.0009173739625779355,
"avg_TS_ap_1": 0.9887288595871722,
"std_TS_ap_1": 0.0005136078233298021,
"avg_TS_auc_1": 0.9402862000000001,
"std_TS_auc_1": 0.0017823251094574173,
"avg_TS_f1_2": 0.9487544357402571,
"std_TS_f1_2": 0.0011605944942795399,
"avg_TS_ap_2": 0.9833127482886758,
"std_TS_ap_2": 0.0006550590378969707,
"avg_TS_auc_2": 0.8851922555555556,
"std_TS_auc_2": 0.002922833812764071,
"avg_TS_f1_3": 0.9212204838540412,
"std_TS_f1_3": 0.0006735367492677469,
"avg_TS_ap_3": 0.9590214611854708,
"std_TS_ap_3": 0.0012195053225884521,
"avg_TS_auc_3": 0.7361063555555555,
"std_TS_auc_3": 0.004634216385422017,
"avg_TS_f1_4": 0.9374076386180491,
"std_TS_f1_4": 0.001290153237959336,
"avg_TS_ap_4": 0.980515467987624,
"std_TS_ap_4": 0.0004535792862278153,
"avg_TS_auc_4": 0.8629272888888888,
"std_TS_auc_4": 0.0029957280240905135,
"avg_TS_f1_5": 0.9248052381904739,
"std_TS_f1_5": 0.0019525356494908119,
"avg_TS_ap_5": 0.9690061304944708,
"std_TS_ap_5": 0.0009393536193237831,
"avg_TS_auc_5": 0.7830051555555555,
"std_TS_auc_5": 0.006158370757105715,
"avg_TS_f1_6": 0.923141884425678,
"std_TS_f1_6": 0.0005333134444415647,
"avg_TS_ap_6": 0.9632541134289733,
"std_TS_ap_6": 0.0020297472124450326,
"avg_TS_auc_6": 0.7615689555555556,
"std_TS_auc_6": 0.008411476942095672,
"avg_TS_f1_7": 0.9629325320542499,
"std_TS_f1_7": 0.001184310705909636,
"avg_TS_ap_7": 0.9930800567438272,
"std_TS_ap_7": 0.0004392353094477395,
"avg_TS_auc_7": 0.9466093555555556,
"std_TS_auc_7": 0.002909634589208078,
"avg_TS_f1_8": 0.9198511028390465,
"std_TS_f1_8": 0.0016740031855339728,
"avg_TS_ap_8": 0.9440175327659501,
"std_TS_ap_8": 0.0011293951231373081,
"avg_TS_auc_8": 0.6885335777777778,
"std_TS_auc_8": 0.010394979347042152,
"avg_TS_f1_9": 0.9704330104758906,
"std_TS_f1_9": 0.0003105809207790837,
"avg_TS_ap_9": 0.992187036529599,
"std_TS_ap_9": 0.0005144896575539324,
"avg_TS_auc_9": 0.9452891333333333,
"std_TS_auc_9": 0.0026133593093474426,
"avg_TS_f1_all": 0.9427042426525063,
"std_TS_f1_all": 0.0004722847467823059,
"avg_TS_ap_all": 0.9744580778393575,
"std_TS_ap_all": 0.0001681631352819669,
"avg_TS_auc_all": 0.837259128888889,
"std_TS_auc_all": 0.0005770480941763867
}