{
"avg_TS_f1_0": 0.9663999999999999,
"std_TS_f1_0": 0.0003624334762288746,
"avg_TS_ap_0": 0.968519912190334,
"std_TS_ap_0": 0.0012385214113193811,
"avg_TS_auc_0": 0.8629511222222221,
"std_TS_auc_0": 0.0049968375688411995,
"avg_TS_f1_1": 0.976888888888889,
"std_TS_f1_1": 0.00123927497720879,
"avg_TS_ap_1": 0.9424237150656296,
"std_TS_ap_1": 0.004966889421386249,
"avg_TS_auc_1": 0.8379899888888888,
"std_TS_auc_1": 0.009555533052066542,
"avg_TS_f1_2": 0.9553217154039422,
"std_TS_f1_2": 0.0009409524603788195,
"avg_TS_ap_2": 0.9624923161320662,
"std_TS_ap_2": 0.0029643122847338743,
"avg_TS_auc_2": 0.8473384111111113,
"std_TS_auc_2": 0.009618821960004884,
"avg_TS_f1_3": 0.9315198769433597,
"std_TS_f1_3": 0.0032023772456727974,
"avg_TS_ap_3": 0.9456736878368706,
"std_TS_ap_3": 0.010080962076384314,
"avg_TS_auc_3": 0.7196885,
"std_TS_auc_3": 0.03521712846593851,
"avg_TS_f1_4": 0.9421438005815139,
"std_TS_f1_4": 0.0006626676908058244,
"avg_TS_ap_4": 0.9594089536133067,
"std_TS_ap_4": 0.0036778238364375414,
"avg_TS_auc_4": 0.8164229777777777,
"std_TS_auc_4": 0.009920730849570982,
"avg_TS_f1_5": 0.9638888888888889,
"std_TS_f1_5": 0.012654770241949982,
"avg_TS_ap_5": 0.9590596881502558,
"std_TS_ap_5": 0.012142900255603214,
"avg_TS_auc_5": 0.852693988888889,
"std_TS_auc_5": 0.04612682107524756,
"avg_TS_f1_6": 0.9264086449247181,
"std_TS_f1_6": 0.0009546486768881806,
"avg_TS_ap_6": 0.9433413432296351,
"std_TS_ap_6": 0.0030864342070843513,
"avg_TS_auc_6": 0.7319514,
"std_TS_auc_6": 0.004967847986581105,
"avg_TS_f1_7": 0.9603884166404306,
"std_TS_f1_7": 0.0029431256680579098,
"avg_TS_ap_7": 0.967135076219509,
"std_TS_ap_7": 0.00410513215970113,
"avg_TS_auc_7": 0.8645046444444444,
"std_TS_auc_7": 0.017341927636479394,
"avg_TS_f1_8": 0.9802888888888889,
"std_TS_f1_8": 0.0007187094057242948,
"avg_TS_ap_8": 0.974052562049369,
"std_TS_ap_8": 0.0007772382648769305,
"avg_TS_auc_8": 0.9117825333333334,
"std_TS_auc_8": 0.0032496213442472343,
"avg_TS_f1_9": 0.9776888888888889,
"std_TS_f1_9": 0.0017907857438138567,
"avg_TS_ap_9": 0.9632639402168357,
"std_TS_ap_9": 0.0034156665002061186,
"avg_TS_auc_9": 0.8853346999999999,
"std_TS_auc_9": 0.012991997066218947,
"avg_TS_f1_all": 0.958093801004952,
"std_TS_f1_all": 0.0013971687851174106,
"avg_TS_ap_all": 0.9585371194703812,
"std_TS_ap_all": 0.0004697406477121502,
"avg_TS_auc_all": 0.8330658266666667,
"std_TS_auc_all": 0.004371890499757394
}