{
"avg_TS_f1_0": 0.9515767024093931,
"std_TS_f1_0": 0.0006597599059687599,
"avg_TS_ap_0": 0.9801932124000151,
"std_TS_ap_0": 0.0011419826213733483,
"avg_TS_auc_0": 0.8744556000000001,
"std_TS_auc_0": 0.003960335815415685,
"avg_TS_f1_1": 0.9859997012179689,
"std_TS_f1_1": 0.0009741941795976915,
"avg_TS_ap_1": 0.9929796611498194,
"std_TS_ap_1": 0.00043219995695759756,
"avg_TS_auc_1": 0.9646444888888889,
"std_TS_auc_1": 0.0018845825510844254,
"avg_TS_f1_2": 0.9528328203418708,
"std_TS_f1_2": 0.002014505976405916,
"avg_TS_ap_2": 0.9891601309286406,
"std_TS_ap_2": 0.000822600430722909,
"avg_TS_auc_2": 0.9201298888888889,
"std_TS_auc_2": 0.004885131269702174,
"avg_TS_f1_3": 0.9340859466646544,
"std_TS_f1_3": 0.0030474879355437932,
"avg_TS_ap_3": 0.970036410769292,
"std_TS_ap_3": 0.0014576719771818257,
"avg_TS_auc_3": 0.8068866222222223,
"std_TS_auc_3": 0.008766558400077853,
"avg_TS_f1_4": 0.9393215511972887,
"std_TS_f1_4": 0.0009801029293517558,
"avg_TS_ap_4": 0.9856391815399167,
"std_TS_ap_4": 0.0005639466100266919,
"avg_TS_auc_4": 0.8906060777777778,
"std_TS_auc_4": 0.0035334963408590577,
"avg_TS_f1_5": 0.954886902358773,
"std_TS_f1_5": 0.0023869786465144254,
"avg_TS_ap_5": 0.988583301379834,
"std_TS_ap_5": 0.0009350684350705614,
"avg_TS_auc_5": 0.9145575777777779,
"std_TS_auc_5": 0.007917437510744432,
"avg_TS_f1_6": 0.9245316554623406,
"std_TS_f1_6": 0.0006485651829148485,
"avg_TS_ap_6": 0.9713572124625831,
"std_TS_ap_6": 0.0015039483843115938,
"avg_TS_auc_6": 0.8010081555555557,
"std_TS_auc_6": 0.005789048955176655,
"avg_TS_f1_7": 0.9711104691001353,
"std_TS_f1_7": 0.0011183486233034903,
"avg_TS_ap_7": 0.9966609121721692,
"std_TS_ap_7": 0.00027584638935064043,
"avg_TS_auc_7": 0.9733291888888889,
"std_TS_auc_7": 0.002359724336432178,
"avg_TS_f1_8": 0.9461099011673488,
"std_TS_f1_8": 0.0019071340170729824,
"avg_TS_ap_8": 0.9709888765205429,
"std_TS_ap_8": 0.002354769164128309,
"avg_TS_auc_8": 0.8334078999999999,
"std_TS_auc_8": 0.012835129626349124,
"avg_TS_f1_9": 0.9771886524560006,
"std_TS_f1_9": 0.0017627885043001907,
"avg_TS_ap_9": 0.9966684793476694,
"std_TS_ap_9": 0.00021711429066931728,
"avg_TS_auc_9": 0.9744294888888888,
"std_TS_auc_9": 0.0017764801838758737,
"avg_TS_f1_all": 0.9537644302375774,
"std_TS_f1_all": 0.0007265298371198608,
"avg_TS_ap_all": 0.9842267378670482,
"std_TS_ap_all": 0.00041139042001644884,
"avg_TS_auc_all": 0.8953454988888888,
"std_TS_auc_all": 0.0025864339845264807
}