{
"avg_TS_f1_0": 0.9590995363939973,
"std_TS_f1_0": 0.0013531026165180182,
"avg_TS_ap_0": 0.9899258966153518,
"std_TS_ap_0": 0.0005952199184626997,
"avg_TS_auc_0": 0.9221018333333333,
"std_TS_auc_0": 0.00478935593314182,
"avg_TS_f1_1": 0.9921999999999999,
"std_TS_f1_1": 0.0002845832994414621,
"avg_TS_ap_1": 0.9984394492237365,
"std_TS_ap_1": 9.07811858599504e-05,
"avg_TS_auc_1": 0.9892198000000001,
"std_TS_auc_1": 0.0005697792388177169,
"avg_TS_f1_2": 0.9534994820699916,
"std_TS_f1_2": 0.0006814056790397537,
"avg_TS_ap_2": 0.9922521904051933,
"std_TS_ap_2": 0.00031683057583286743,
"avg_TS_auc_2": 0.9357623111111112,
"std_TS_auc_2": 0.0023685041506934,
"avg_TS_f1_3": 0.9472526720022101,
"std_TS_f1_3": 0.0031422675811757068,
"avg_TS_ap_3": 0.9855901441135678,
"std_TS_ap_3": 0.0017661640264529106,
"avg_TS_auc_3": 0.8890453555555556,
"std_TS_auc_3": 0.012907765465958704,
"avg_TS_f1_4": 0.942298085696119,
"std_TS_f1_4": 0.0023486729727076813,
"avg_TS_ap_4": 0.9896110730626736,
"std_TS_ap_4": 0.000420051568946553,
"avg_TS_auc_4": 0.9124752222222222,
"std_TS_auc_4": 0.0029634003162867244,
"avg_TS_f1_5": 0.9662107623263021,
"std_TS_f1_5": 0.002750318571628744,
"avg_TS_ap_5": 0.9964676553507468,
"std_TS_ap_5": 0.0003453601222189481,
"avg_TS_auc_5": 0.9687348111111111,
"std_TS_auc_5": 0.003219903305924923,
"avg_TS_f1_6": 0.9277761715157016,
"std_TS_f1_6": 0.0017324726144244023,
"avg_TS_ap_6": 0.979546463645816,
"std_TS_ap_6": 0.00088962797047925,
"avg_TS_auc_6": 0.8368974222222223,
"std_TS_auc_6": 0.006448479699151644,
"avg_TS_f1_7": 0.976532823428462,
"std_TS_f1_7": 0.0007098867202061575,
"avg_TS_ap_7": 0.9983197710327861,
"std_TS_ap_7": 7.890283130594861e-05,
"avg_TS_auc_7": 0.9848383444444446,
"std_TS_auc_7": 0.0007128510739139036,
"avg_TS_f1_8": 0.9816997771481132,
"std_TS_f1_8": 0.0015048210392241536,
"avg_TS_ap_8": 0.9959239738314996,
"std_TS_ap_8": 0.0003493887473950639,
"avg_TS_auc_8": 0.9727743222222223,
"std_TS_auc_8": 0.002734775606476277,
"avg_TS_f1_9": 0.9813442290003765,
"std_TS_f1_9": 0.000732538372096524,
"avg_TS_ap_9": 0.9986314769936071,
"std_TS_ap_9": 0.00011493017768558327,
"avg_TS_auc_9": 0.9879570555555557,
"std_TS_auc_9": 0.0010110948722749525,
"avg_TS_f1_all": 0.9627913539581273,
"std_TS_f1_all": 0.0008053246611964409,
"avg_TS_ap_all": 0.992470809427498,
"std_TS_ap_all": 0.00039723994059695755,
"avg_TS_auc_all": 0.9399806477777778,
"std_TS_auc_all": 0.0029351619661359663
}