{
"avg_TS_f1_0": 0.9420444444444446,
"std_TS_f1_0": 0.004713835690133892,
"avg_TS_ap_0": 0.9732746246086202,
"std_TS_ap_0": 0.0029942652663079174,
"avg_TS_auc_0": 0.8315864888888889,
"std_TS_auc_0": 0.012909492570112022,
"avg_TS_f1_1": 0.9760997487514738,
"std_TS_f1_1": 0.004743790691050775,
"avg_TS_ap_1": 0.9935222678490861,
"std_TS_ap_1": 0.0009074468499969169,
"avg_TS_auc_1": 0.9614655666666666,
"std_TS_auc_1": 0.006163640560357527,
"avg_TS_f1_2": 0.9393881882326796,
"std_TS_f1_2": 0.0044384370774327294,
"avg_TS_ap_2": 0.9819172989331497,
"std_TS_ap_2": 0.0022499405235932874,
"avg_TS_auc_2": 0.8663682333333333,
"std_TS_auc_2": 0.01520367785740848,
"avg_TS_f1_3": 0.9094888888888889,
"std_TS_f1_3": 0.004332250576978255,
"avg_TS_ap_3": 0.9488760330619421,
"std_TS_ap_3": 0.009218410216595346,
"avg_TS_auc_3": 0.6698462111111112,
"std_TS_auc_3": 0.041959232109089445,
"avg_TS_f1_4": 0.9340992339080566,
"std_TS_f1_4": 0.002148263802860309,
"avg_TS_ap_4": 0.9832143335004819,
"std_TS_ap_4": 0.00264907572805925,
"avg_TS_auc_4": 0.8689691777777778,
"std_TS_auc_4": 0.01553106805265015,
"avg_TS_f1_5": 0.9443111111111111,
"std_TS_f1_5": 0.004310996562052072,
"avg_TS_ap_5": 0.98713519658938,
"std_TS_ap_5": 0.00347557392402675,
"avg_TS_auc_5": 0.8980534222222222,
"std_TS_auc_5": 0.021726239061359835,
"avg_TS_f1_6": 0.9200991635337765,
"std_TS_f1_6": 0.004499950453481491,
"avg_TS_ap_6": 0.9712151845002067,
"std_TS_ap_6": 0.003414590234578089,
"avg_TS_auc_6": 0.7833104666666667,
"std_TS_auc_6": 0.022380326785326962,
"avg_TS_f1_7": 0.9617111111111111,
"std_TS_f1_7": 0.006077930121998862,
"avg_TS_ap_7": 0.9955477424490734,
"std_TS_ap_7": 0.0011112528788880386,
"avg_TS_auc_7": 0.9606648333333332,
"std_TS_auc_7": 0.00970763980031158,
"avg_TS_f1_8": 0.9176426714079342,
"std_TS_f1_8": 0.0035357444577279497,
"avg_TS_ap_8": 0.927268501852933,
"std_TS_ap_8": 0.0148764055525392,
"avg_TS_auc_8": 0.6222549111111111,
"std_TS_auc_8": 0.03668042500942896,
"avg_TS_f1_9": 0.9587333333333333,
"std_TS_f1_9": 0.007084185133968891,
"avg_TS_ap_9": 0.9939298037332975,
"std_TS_ap_9": 0.0013108975856150659,
"avg_TS_auc_9": 0.9486324555555555,
"std_TS_auc_9": 0.010788987883365526,
"avg_TS_f1_all": 0.940361789472281,
"std_TS_f1_all": 0.0025018619028577514,
"avg_TS_ap_all": 0.9755900987078171,
"std_TS_ap_all": 0.0014454763812659919,
"avg_TS_auc_all": 0.8411151766666667,
"std_TS_auc_all": 0.006373410164092515
}