{
"avg_TS_f1_0": 0.9609217561469464,
"std_TS_f1_0": 0.0017942862528804752,
"avg_TS_ap_0": 0.9899194711521764,
"std_TS_ap_0": 0.0008037127624634523,
"avg_TS_auc_0": 0.9248892666666666,
"std_TS_auc_0": 0.005500547502535927,
"avg_TS_f1_1": 0.9914666666666667,
"std_TS_f1_1": 0.00030951973949297875,
"avg_TS_ap_1": 0.997175266913807,
"std_TS_ap_1": 0.00033110534871148985,
"avg_TS_auc_1": 0.9833307111111111,
"std_TS_auc_1": 0.001275054139446039,
"avg_TS_f1_2": 0.9534762400380268,
"std_TS_f1_2": 0.0013013136149152861,
"avg_TS_ap_2": 0.99209004486336,
"std_TS_ap_2": 0.0003304170127365177,
"avg_TS_auc_2": 0.9353387111111111,
"std_TS_auc_2": 0.002338112799029942,
"avg_TS_f1_3": 0.945987091810443,
"std_TS_f1_3": 0.0016682469365778931,
"avg_TS_ap_3": 0.9833960253539935,
"std_TS_ap_3": 0.0010406805507181993,
"avg_TS_auc_3": 0.8767886444444445,
"std_TS_auc_3": 0.007280564927850155,
"avg_TS_f1_4": 0.9416418417585533,
"std_TS_f1_4": 0.0006473711130677806,
"avg_TS_ap_4": 0.9892040416721676,
"std_TS_ap_4": 0.0001821688801974486,
"avg_TS_auc_4": 0.9098954555555554,
"std_TS_auc_4": 0.0015662239994786889,
"avg_TS_f1_5": 0.9681441080060005,
"std_TS_f1_5": 0.0021235715402388848,
"avg_TS_ap_5": 0.9967816896165432,
"std_TS_ap_5": 0.0003591256093691181,
"avg_TS_auc_5": 0.9714968777777777,
"std_TS_auc_5": 0.0032095715545001546,
"avg_TS_f1_6": 0.9268102857566161,
"std_TS_f1_6": 0.001281905474284135,
"avg_TS_ap_6": 0.9791811500028608,
"std_TS_ap_6": 0.0006158259590102319,
"avg_TS_auc_6": 0.8342073555555556,
"std_TS_auc_6": 0.004739936535309836,
"avg_TS_f1_7": 0.974910493792865,
"std_TS_f1_7": 0.0027651556819405934,
"avg_TS_ap_7": 0.9980155963625602,
"std_TS_ap_7": 0.0003324121168464852,
"avg_TS_auc_7": 0.9821175111111111,
"std_TS_auc_7": 0.003060001011336908,
"avg_TS_f1_8": 0.9776222222222222,
"std_TS_f1_8": 0.0032995323275044437,
"avg_TS_ap_8": 0.9944713833478911,
"std_TS_ap_8": 0.0005106346196252238,
"avg_TS_auc_8": 0.9613981222222222,
"std_TS_auc_8": 0.004492190162086415,
"avg_TS_f1_9": 0.9793773160237297,
"std_TS_f1_9": 0.0014017341113914967,
"avg_TS_ap_9": 0.9984633214455864,
"std_TS_ap_9": 9.655803114031493e-05,
"avg_TS_auc_9": 0.9864826666666666,
"std_TS_auc_9": 0.0009723571842832365,
"avg_TS_f1_all": 0.9620358022222069,
"std_TS_f1_all": 0.000592531913405835,
"avg_TS_ap_all": 0.9918697990730946,
"std_TS_ap_all": 0.00023561612472039608,
"avg_TS_auc_all": 0.9365945322222222,
"std_TS_auc_all": 0.0014744925207534944
}