{
"avg_TS_f1_0": 0.9360846280794661,
"std_TS_f1_0": 0.000906526428250092,
"avg_TS_ap_0": 0.9628083062844135,
"std_TS_ap_0": 0.0007325241709476113,
"avg_TS_auc_0": 0.7840365222222222,
"std_TS_auc_0": 0.001849817393924145,
"avg_TS_f1_1": 0.9680437357630979,
"std_TS_f1_1": 0.0007160788734798525,
"avg_TS_ap_1": 0.9839596883419223,
"std_TS_ap_1": 0.00040945780315886033,
"avg_TS_auc_1": 0.9119077222222224,
"std_TS_auc_1": 0.0028780009550955173,
"avg_TS_f1_2": 0.9443648363180671,
"std_TS_f1_2": 0.0012173909681471495,
"avg_TS_ap_2": 0.9786011021561908,
"std_TS_ap_2": 0.00048296443416776864,
"avg_TS_auc_2": 0.8588103,
"std_TS_auc_2": 0.0027836493392578115,
"avg_TS_f1_3": 0.9151536368238448,
"std_TS_f1_3": 0.0014601876714526636,
"avg_TS_ap_3": 0.9493483429262393,
"std_TS_ap_3": 0.002277632191920438,
"avg_TS_auc_3": 0.6933229666666667,
"std_TS_auc_3": 0.007844672514751872,
"avg_TS_f1_4": 0.9322517917662093,
"std_TS_f1_4": 0.002073342526085351,
"avg_TS_ap_4": 0.9750595419106396,
"std_TS_ap_4": 0.000614985738192144,
"avg_TS_auc_4": 0.8335547,
"std_TS_auc_4": 0.0054122710522216365,
"avg_TS_f1_5": 0.9105617570272304,
"std_TS_f1_5": 0.0019171442246833726,
"avg_TS_ap_5": 0.9506357750367493,
"std_TS_ap_5": 0.002130395642269148,
"avg_TS_auc_5": 0.6838126666666666,
"std_TS_auc_5": 0.01160947999026849,
"avg_TS_f1_6": 0.9203537764443703,
"std_TS_f1_6": 0.0012966445375963266,
"avg_TS_ap_6": 0.9554920726862409,
"std_TS_ap_6": 0.0020768844394097384,
"avg_TS_auc_6": 0.7301404444444445,
"std_TS_auc_6": 0.008283003932119502,
"avg_TS_f1_7": 0.951808433801878,
"std_TS_f1_7": 0.00023728158791112285,
"avg_TS_ap_7": 0.9866218759297285,
"std_TS_ap_7": 0.0007179871739263322,
"avg_TS_auc_7": 0.9036181333333333,
"std_TS_auc_7": 0.004305362833478896,
"avg_TS_f1_8": 0.9103192881085986,
"std_TS_f1_8": 0.0021371300162020663,
"avg_TS_ap_8": 0.9254041579380164,
"std_TS_ap_8": 0.0017134757423282534,
"avg_TS_auc_8": 0.6090395888888889,
"std_TS_auc_8": 0.013080029348307745,
"avg_TS_f1_9": 0.959364412686482,
"std_TS_f1_9": 0.0006289252243483327,
"avg_TS_ap_9": 0.9858826254199554,
"std_TS_ap_9": 0.0009460019745515511,
"avg_TS_auc_9": 0.9080723111111111,
"std_TS_auc_9": 0.004151149214612229,
"avg_TS_f1_all": 0.9348306296819244,
"std_TS_f1_all": 0.0004003415472485189,
"avg_TS_ap_all": 0.9653813488630096,
"std_TS_ap_all": 0.0002874358651953186,
"avg_TS_auc_all": 0.7916315355555555,
"std_TS_auc_all": 0.0009633246093965629
}