{
"avg_TS_f1_0": 0.9480328079955059,
"std_TS_f1_0": 0.006018655199044435,
"avg_TS_ap_0": 0.9819680945249083,
"std_TS_ap_0": 0.0027553150786467687,
"avg_TS_auc_0": 0.8736058777777778,
"std_TS_auc_0": 0.017669054030565994,
"avg_TS_f1_1": 0.9854888888888891,
"std_TS_f1_1": 0.002022832630706714,
"avg_TS_ap_1": 0.9916358955425016,
"std_TS_ap_1": 0.0013794771792528123,
"avg_TS_auc_1": 0.9616077666666667,
"std_TS_auc_1": 0.004839360750357251,
"avg_TS_f1_2": 0.9509765875881993,
"std_TS_f1_2": 0.0047223795403153615,
"avg_TS_ap_2": 0.9893856650954976,
"std_TS_ap_2": 0.0010529745753098823,
"avg_TS_auc_2": 0.9159674222222222,
"std_TS_auc_2": 0.008752942574181268,
"avg_TS_f1_3": 0.9366088153045539,
"std_TS_f1_3": 0.007616938857052303,
"avg_TS_ap_3": 0.9739319065627854,
"std_TS_ap_3": 0.006362939611534311,
"avg_TS_auc_3": 0.8192547333333333,
"std_TS_auc_3": 0.03846394602190216,
"avg_TS_f1_4": 0.9366327005821311,
"std_TS_f1_4": 0.005108576443215668,
"avg_TS_ap_4": 0.985957079808343,
"std_TS_ap_4": 0.0021951531237690875,
"avg_TS_auc_4": 0.8892488666666667,
"std_TS_auc_4": 0.016386216090097133,
"avg_TS_f1_5": 0.951911111111111,
"std_TS_f1_5": 0.00875662711998852,
"avg_TS_ap_5": 0.9897999766643346,
"std_TS_ap_5": 0.0030395048198132036,
"avg_TS_auc_5": 0.920557288888889,
"std_TS_auc_5": 0.024185146272357114,
"avg_TS_f1_6": 0.9223333333333334,
"std_TS_f1_6": 0.004102393158831731,
"avg_TS_ap_6": 0.9709063173556984,
"std_TS_ap_6": 0.0037783963095417558,
"avg_TS_auc_6": 0.7915821111111111,
"std_TS_auc_6": 0.020318432038969506,
"avg_TS_f1_7": 0.97329972899729,
"std_TS_f1_7": 0.0033961826071335376,
"avg_TS_ap_7": 0.9970825621215524,
"std_TS_ap_7": 0.0003930051672254979,
"avg_TS_auc_7": 0.9762422111111111,
"std_TS_auc_7": 0.0032505553885185984,
"avg_TS_f1_8": 0.9534444444444444,
"std_TS_f1_8": 0.008074040095069549,
"avg_TS_ap_8": 0.9822861479653895,
"std_TS_ap_8": 0.004169544331533961,
"avg_TS_auc_8": 0.8858975333333333,
"std_TS_auc_8": 0.0257949892423526,
"avg_TS_f1_9": 0.9754888888888888,
"std_TS_f1_9": 0.005691926272480877,
"avg_TS_ap_9": 0.997248640080991,
"std_TS_ap_9": 0.0009147522006470595,
"avg_TS_auc_9": 0.9774646,
"std_TS_auc_9": 0.007488941058456654,
"avg_TS_f1_all": 0.9534217307134348,
"std_TS_f1_all": 0.0017027081941813852,
"avg_TS_ap_all": 0.9860202285722004,
"std_TS_ap_all": 0.0011609289709067405,
"avg_TS_auc_all": 0.901142841111111,
"std_TS_auc_all": 0.007787555190778065
}