{
"avg_TS_f1_0": 0.9487437388496891,
"std_TS_f1_0": 0.006293598333898478,
"avg_TS_ap_0": 0.9819895677459201,
"std_TS_ap_0": 0.002967787228234597,
"avg_TS_auc_0": 0.8741410666666667,
"std_TS_auc_0": 0.01934574905111303,
"avg_TS_f1_1": 0.9862666666666666,
"std_TS_f1_1": 0.0013381394859844312,
"avg_TS_ap_1": 0.9919946917985343,
"std_TS_ap_1": 0.0013715567513598289,
"avg_TS_auc_1": 0.9630793555555556,
"std_TS_auc_1": 0.003412374489999571,
"avg_TS_f1_2": 0.9505777777777779,
"std_TS_f1_2": 0.00441288797126252,
"avg_TS_ap_2": 0.9892526376789167,
"std_TS_ap_2": 0.0011631390245755936,
"avg_TS_auc_2": 0.9155152111111111,
"std_TS_auc_2": 0.009066950984880326,
"avg_TS_f1_3": 0.935676935138372,
"std_TS_f1_3": 0.008381351716328816,
"avg_TS_ap_3": 0.975455761118921,
"std_TS_ap_3": 0.005179409300667329,
"avg_TS_auc_3": 0.8239629333333334,
"std_TS_auc_3": 0.03723711757284429,
"avg_TS_f1_4": 0.9367541147347692,
"std_TS_f1_4": 0.003618993050812954,
"avg_TS_ap_4": 0.985929374871397,
"std_TS_ap_4": 0.002450951220840157,
"avg_TS_auc_4": 0.8887610333333333,
"std_TS_auc_4": 0.016724415204177626,
"avg_TS_f1_5": 0.9507438042854233,
"std_TS_f1_5": 0.00852883753967189,
"avg_TS_ap_5": 0.989371866519887,
"std_TS_ap_5": 0.0035550702744940195,
"avg_TS_auc_5": 0.9174191555555555,
"std_TS_auc_5": 0.026944136649408073,
"avg_TS_f1_6": 0.9241212734040779,
"std_TS_f1_6": 0.005284851669525209,
"avg_TS_ap_6": 0.9717457384953772,
"std_TS_ap_6": 0.0030994099482514743,
"avg_TS_auc_6": 0.7971941888888889,
"std_TS_auc_6": 0.018564396624861982,
"avg_TS_f1_7": 0.9717111111111112,
"std_TS_f1_7": 0.003883233983787152,
"avg_TS_ap_7": 0.9967379831938775,
"std_TS_ap_7": 0.00046143945762122256,
"avg_TS_auc_7": 0.9733419999999999,
"std_TS_auc_7": 0.0039222891695577635,
"avg_TS_f1_8": 0.9523659598372749,
"std_TS_f1_8": 0.009175107036123726,
"avg_TS_ap_8": 0.9815203925410447,
"std_TS_ap_8": 0.004740378461977391,
"avg_TS_auc_8": 0.8813651555555555,
"std_TS_auc_8": 0.03159074389211634,
"avg_TS_f1_9": 0.9750444444444444,
"std_TS_f1_9": 0.00576605648666463,
"avg_TS_ap_9": 0.996945088119426,
"std_TS_ap_9": 0.0011119401648942429,
"avg_TS_auc_9": 0.9753697333333333,
"std_TS_auc_9": 0.008535481976338282,
"avg_TS_f1_all": 0.9532005826249608,
"std_TS_f1_all": 0.00205094265740539,
"avg_TS_ap_all": 0.98609431020833,
"std_TS_ap_all": 0.0011782259728015548,
"avg_TS_auc_all": 0.9010149833333333,
"std_TS_auc_all": 0.008460530600291494
}