{
"avg_TS_f1_0": 0.9299333333333333,
"std_TS_f1_0": 0.010959544011420895,
"avg_TS_ap_0": 0.9660052103152192,
"std_TS_ap_0": 0.009675044707173234,
"avg_TS_auc_0": 0.7778527888888889,
"std_TS_auc_0": 0.05638903947148368,
"avg_TS_f1_1": 0.9733663425745874,
"std_TS_f1_1": 0.012499724955700361,
"avg_TS_ap_1": 0.9901925416931331,
"std_TS_ap_1": 0.0029868508054833485,
"avg_TS_auc_1": 0.9472054777777779,
"std_TS_auc_1": 0.023370985635633584,
"avg_TS_f1_2": 0.942,
"std_TS_f1_2": 0.011876109434854586,
"avg_TS_ap_2": 0.9855372909565198,
"std_TS_ap_2": 0.004254470199613814,
"avg_TS_auc_2": 0.8868294666666667,
"std_TS_auc_2": 0.03295548844575469,
"avg_TS_f1_3": 0.923675181954553,
"std_TS_f1_3": 0.005416132025126223,
"avg_TS_ap_3": 0.9620522136861844,
"std_TS_ap_3": 0.008217974897022515,
"avg_TS_auc_3": 0.7514075555555555,
"std_TS_auc_3": 0.041822694191264734,
"avg_TS_f1_4": 0.9284309671524961,
"std_TS_f1_4": 0.004991401952082903,
"avg_TS_ap_4": 0.9673866315440435,
"std_TS_ap_4": 0.01059976249069982,
"avg_TS_auc_4": 0.7978628999999999,
"std_TS_auc_4": 0.03810252619481317,
"avg_TS_f1_5": 0.9375555555555556,
"std_TS_f1_5": 0.004769243022990726,
"avg_TS_ap_5": 0.971700127683705,
"std_TS_ap_5": 0.01046943926734497,
"avg_TS_auc_5": 0.8257193222222222,
"std_TS_auc_5": 0.04099060594803294,
"avg_TS_f1_6": 0.9166444444444446,
"std_TS_f1_6": 0.009082991838636693,
"avg_TS_ap_6": 0.9596982685112607,
"std_TS_ap_6": 0.008548892974949238,
"avg_TS_auc_6": 0.7317640222222221,
"std_TS_auc_6": 0.05173018746117827,
"avg_TS_f1_7": 0.9482666666666667,
"std_TS_f1_7": 0.007286246133369984,
"avg_TS_ap_7": 0.992850430614531,
"std_TS_ap_7": 0.002524141256134479,
"avg_TS_auc_7": 0.9375825333333333,
"std_TS_auc_7": 0.019511466565656024,
"avg_TS_f1_8": 0.9228666666666665,
"std_TS_f1_8": 0.013183116774922192,
"avg_TS_ap_8": 0.9505324662414839,
"std_TS_ap_8": 0.01810046854610224,
"avg_TS_auc_8": 0.7205849555555556,
"std_TS_auc_8": 0.0826336384043298,
"avg_TS_f1_9": 0.9474106079967406,
"std_TS_f1_9": 0.006072366261737492,
"avg_TS_ap_9": 0.9857190211674514,
"std_TS_ap_9": 0.0045712066282038565,
"avg_TS_auc_9": 0.8952853222222222,
"std_TS_auc_9": 0.02738025356512637,
"avg_TS_f1_all": 0.9370149766345044,
"std_TS_f1_all": 0.0026650208755834475,
"avg_TS_ap_all": 0.9731674202413532,
"std_TS_ap_all": 0.005043902438211945,
"avg_TS_auc_all": 0.8272094344444444,
"std_TS_auc_all": 0.020854405371319103
}