{
"avg_TS_f1_0": 0.9556096375724576,
"std_TS_f1_0": 0.001345632646506409,
"avg_TS_ap_0": 0.9849999262323923,
"std_TS_ap_0": 0.0001534715951580085,
"avg_TS_auc_0": 0.8984768777777777,
"std_TS_auc_0": 0.0023118240626808124,
"avg_TS_f1_1": 0.9901221166608021,
"std_TS_f1_1": 0.0006189750912586579,
"avg_TS_ap_1": 0.9960780107325192,
"std_TS_ap_1": 0.00034173868732389275,
"avg_TS_auc_1": 0.9790141333333333,
"std_TS_auc_1": 0.001195089215430995,
"avg_TS_f1_2": 0.9548985115904183,
"std_TS_f1_2": 0.0006078859466560626,
"avg_TS_ap_2": 0.990548923870687,
"std_TS_ap_2": 0.00024934609530119267,
"avg_TS_auc_2": 0.9275792888888889,
"std_TS_auc_2": 0.0011446146849648188,
"avg_TS_f1_3": 0.9443975282577428,
"std_TS_f1_3": 0.000913898747604485,
"avg_TS_ap_3": 0.9796086884671439,
"std_TS_ap_3": 0.000576367426992306,
"avg_TS_auc_3": 0.8576328666666667,
"std_TS_auc_3": 0.004383754185063481,
"avg_TS_f1_4": 0.9435072896254431,
"std_TS_f1_4": 0.0009432210750596205,
"avg_TS_ap_4": 0.9878741360147615,
"std_TS_ap_4": 0.0003602727058875817,
"avg_TS_auc_4": 0.9083694333333334,
"std_TS_auc_4": 0.0015242591361294057,
"avg_TS_f1_5": 0.9574328437999642,
"std_TS_f1_5": 0.001999870838708788,
"avg_TS_ap_5": 0.9911030193141143,
"std_TS_ap_5": 0.000962039730601655,
"avg_TS_auc_5": 0.9302745444444444,
"std_TS_auc_5": 0.006683085134524957,
"avg_TS_f1_6": 0.9281880931656697,
"std_TS_f1_6": 0.00036063085528620896,
"avg_TS_ap_6": 0.9753787686269118,
"std_TS_ap_6": 0.0004967062655237227,
"avg_TS_auc_6": 0.8222656222222223,
"std_TS_auc_6": 0.002557168573410755,
"avg_TS_f1_7": 0.9765772530572686,
"std_TS_f1_7": 0.0007575112776766547,
"avg_TS_ap_7": 0.9978800838246314,
"std_TS_ap_7": 9.294286568797574e-05,
"avg_TS_auc_7": 0.9824453666666667,
"std_TS_auc_7": 0.0009164008399746666,
"avg_TS_f1_8": 0.9558095338629924,
"std_TS_f1_8": 0.004108826229126862,
"avg_TS_ap_8": 0.9794914352210329,
"std_TS_ap_8": 0.0011331923675464207,
"avg_TS_auc_8": 0.8787814222222222,
"std_TS_auc_8": 0.009546803996244822,
"avg_TS_f1_9": 0.9795111111111112,
"std_TS_f1_9": 0.000430904876214777,
"avg_TS_ap_9": 0.9974986680479108,
"std_TS_ap_9": 0.00017833004461294085,
"avg_TS_auc_9": 0.9810230333333333,
"std_TS_auc_9": 0.001246995497135611,
"avg_TS_f1_all": 0.958605391870387,
"std_TS_f1_all": 0.0007516169572734073,
"avg_TS_ap_all": 0.9880461660352106,
"std_TS_ap_all": 0.00026627648306253325,
"avg_TS_auc_all": 0.9165862588888889,
"std_TS_auc_all": 0.0018600153016580948
}