{
"avg_TS_f1_0": 0.9559883820706089,
"std_TS_f1_0": 0.0009413114736364185,
"avg_TS_ap_0": 0.9859369090078328,
"std_TS_ap_0": 0.00038871485621065947,
"avg_TS_auc_0": 0.9000257222222222,
"std_TS_auc_0": 0.002737838520024215,
"avg_TS_f1_1": 0.9917777777777779,
"std_TS_f1_1": 0.00043319085976928324,
"avg_TS_ap_1": 0.9963853061773911,
"std_TS_ap_1": 0.0007076678047958905,
"avg_TS_auc_1": 0.9817126111111112,
"std_TS_auc_1": 0.0022979534636253076,
"avg_TS_f1_2": 0.9526550425640931,
"std_TS_f1_2": 0.0015110384234677664,
"avg_TS_ap_2": 0.9908925527761486,
"std_TS_ap_2": 0.0008566690618793587,
"avg_TS_auc_2": 0.9283560111111111,
"std_TS_auc_2": 0.005339705834178103,
"avg_TS_f1_3": 0.9352547548937904,
"std_TS_f1_3": 0.005008028753292091,
"avg_TS_ap_3": 0.9704098094870399,
"std_TS_ap_3": 0.006760864375164213,
"avg_TS_auc_3": 0.8085979111111111,
"std_TS_auc_3": 0.032027410372656134,
"avg_TS_f1_4": 0.9398208937533568,
"std_TS_f1_4": 0.0012543967486515198,
"avg_TS_ap_4": 0.9877658365688733,
"std_TS_ap_4": 0.00029392844105709536,
"avg_TS_auc_4": 0.9001801,
"std_TS_auc_4": 0.0014886459861561262,
"avg_TS_f1_5": 0.9597440092350809,
"std_TS_f1_5": 0.003828553042658136,
"avg_TS_ap_5": 0.995354834923736,
"std_TS_ap_5": 0.0007397604818620164,
"avg_TS_auc_5": 0.9585483444444446,
"std_TS_auc_5": 0.006901250655881797,
"avg_TS_f1_6": 0.9266444444444444,
"std_TS_f1_6": 0.0026306831483780928,
"avg_TS_ap_6": 0.9777247323557422,
"std_TS_ap_6": 0.001032293683968237,
"avg_TS_auc_6": 0.8282332666666667,
"std_TS_auc_6": 0.007857349222335002,
"avg_TS_f1_7": 0.9741885857856302,
"std_TS_f1_7": 0.0025628688764324672,
"avg_TS_ap_7": 0.997966206380681,
"std_TS_ap_7": 0.0003358839094245212,
"avg_TS_auc_7": 0.9816288999999999,
"std_TS_auc_7": 0.003048017866227115,
"avg_TS_f1_8": 0.9716330018334352,
"std_TS_f1_8": 0.004586128844411311,
"avg_TS_ap_8": 0.990669410235905,
"std_TS_ap_8": 0.002238798081654269,
"avg_TS_auc_8": 0.9410772111111111,
"std_TS_auc_8": 0.013264242899308333,
"avg_TS_f1_9": 0.9784553314690323,
"std_TS_f1_9": 0.0012352337718348162,
"avg_TS_ap_9": 0.9983361596367131,
"std_TS_ap_9": 0.0001704255408034541,
"avg_TS_auc_9": 0.9853942555555555,
"std_TS_auc_9": 0.001365338899095222,
"avg_TS_f1_all": 0.958616222382725,
"std_TS_f1_all": 0.001745661296332911,
"avg_TS_ap_all": 0.9891441757550063,
"std_TS_ap_all": 0.0011559193047522907,
"avg_TS_auc_all": 0.9213754333333334,
"std_TS_auc_all": 0.00658659773993126
}