{
"avg_TS_f1_0": 0.9509100258656347,
"std_TS_f1_0": 0.001259171747475234,
"avg_TS_ap_0": 0.9788103926661652,
"std_TS_ap_0": 0.0011032998289683454,
"avg_TS_auc_0": 0.8663492777777778,
"std_TS_auc_0": 0.0052464119757938115,
"avg_TS_f1_1": 0.9855664993734219,
"std_TS_f1_1": 0.0006926142302440706,
"avg_TS_ap_1": 0.9931132222184917,
"std_TS_ap_1": 0.0003725193488628403,
"avg_TS_auc_1": 0.9650751333333332,
"std_TS_auc_1": 0.0012265823957566828,
"avg_TS_f1_2": 0.9531100394466361,
"std_TS_f1_2": 0.0011755351769925939,
"avg_TS_ap_2": 0.98769464075103,
"std_TS_ap_2": 0.0003776348036337505,
"avg_TS_auc_2": 0.9112050222222223,
"std_TS_auc_2": 0.0017342210962323504,
"avg_TS_f1_3": 0.9339970898813906,
"std_TS_f1_3": 0.0010449925222933381,
"avg_TS_ap_3": 0.9688777821598353,
"std_TS_ap_3": 0.0009080733016689732,
"avg_TS_auc_3": 0.7991530555555556,
"std_TS_auc_3": 0.004757657725274463,
"avg_TS_f1_4": 0.9421777777777779,
"std_TS_f1_4": 0.00063479363809269,
"avg_TS_ap_4": 0.9848820106104166,
"std_TS_ap_4": 0.0002469535657902469,
"avg_TS_auc_4": 0.8912447111111111,
"std_TS_auc_4": 0.0015264528296788516,
"avg_TS_f1_5": 0.9465742810968605,
"std_TS_f1_5": 0.0014590063698796695,
"avg_TS_ap_5": 0.9838441318930116,
"std_TS_ap_5": 0.0008856273315884636,
"avg_TS_auc_5": 0.8815991000000001,
"std_TS_auc_5": 0.006376904752326691,
"avg_TS_f1_6": 0.9260975350482432,
"std_TS_f1_6": 0.0003576141839713037,
"avg_TS_ap_6": 0.9701149593112621,
"std_TS_ap_6": 0.0016947299330347504,
"avg_TS_auc_6": 0.7981448222222223,
"std_TS_auc_6": 0.007122877576920924,
"avg_TS_f1_7": 0.971321908007235,
"std_TS_f1_7": 0.0005118312662945412,
"avg_TS_ap_7": 0.996494560861386,
"std_TS_ap_7": 8.959954209118462e-05,
"avg_TS_auc_7": 0.9718522777777778,
"std_TS_auc_7": 0.0004528535601202453,
"avg_TS_f1_8": 0.9351214919347373,
"std_TS_f1_8": 0.0005593214156191056,
"avg_TS_ap_8": 0.9630338952062969,
"std_TS_ap_8": 0.0007626019023253516,
"avg_TS_auc_8": 0.7843388444444445,
"std_TS_auc_8": 0.004334634739962393,
"avg_TS_f1_9": 0.9768775215907057,
"std_TS_f1_9": 0.0002287176933761985,
"avg_TS_ap_9": 0.996115989615719,
"std_TS_ap_9": 0.00038281710518570816,
"avg_TS_auc_9": 0.9712257222222223,
"std_TS_auc_9": 0.0024521326110093127,
"avg_TS_f1_all": 0.9521754170022643,
"std_TS_f1_all": 0.00025494142391172474,
"avg_TS_ap_all": 0.9822981585293615,
"std_TS_ap_all": 0.0002799625322667324,
"avg_TS_auc_all": 0.8840187966666667,
"std_TS_auc_all": 0.0013085591902462109
}