{
"avg_TS_f1_0": 0.9257093270613799,
"std_TS_f1_0": 0.01646679897554026,
"avg_TS_ap_0": 0.9328403497589065,
"std_TS_ap_0": 0.06009037584950539,
"avg_TS_auc_0": 0.6900567,
"std_TS_auc_0": 0.1885209447957435,
"avg_TS_f1_1": 0.9774888888888889,
"std_TS_f1_1": 0.011374565518767761,
"avg_TS_ap_1": 0.9768236309717769,
"std_TS_ap_1": 0.02790827639709714,
"avg_TS_auc_1": 0.9174117,
"std_TS_auc_1": 0.07990421870941006,
"avg_TS_f1_2": 0.9437215684821997,
"std_TS_f1_2": 0.004015203801292788,
"avg_TS_ap_2": 0.978112662077214,
"std_TS_ap_2": 0.018096804254692133,
"avg_TS_auc_2": 0.8750765111111111,
"std_TS_auc_2": 0.051012802908141974,
"avg_TS_f1_3": 0.9247094320054817,
"std_TS_f1_3": 0.007101144259915247,
"avg_TS_ap_3": 0.932708350615998,
"std_TS_ap_3": 0.02311765402341154,
"avg_TS_auc_3": 0.6802409333333334,
"std_TS_auc_3": 0.06773878090715946,
"avg_TS_f1_4": 0.9275555555555556,
"std_TS_f1_4": 0.005200664724845009,
"avg_TS_ap_4": 0.9363431007969133,
"std_TS_ap_4": 0.05343156402609397,
"avg_TS_auc_4": 0.7204354222222222,
"std_TS_auc_4": 0.15462710260683507,
"avg_TS_f1_5": 0.9457320912890224,
"std_TS_f1_5": 0.009569154970290854,
"avg_TS_ap_5": 0.9649018651296158,
"std_TS_ap_5": 0.035195067915714966,
"avg_TS_auc_5": 0.8353120444444444,
"std_TS_auc_5": 0.11387579523459586,
"avg_TS_f1_6": 0.9122989746343932,
"std_TS_f1_6": 0.00663503677344215,
"avg_TS_ap_6": 0.9517747505504393,
"std_TS_ap_6": 0.01942722570635593,
"avg_TS_auc_6": 0.7183161222222222,
"std_TS_auc_6": 0.05345433548187778,
"avg_TS_f1_7": 0.9549333333333333,
"std_TS_f1_7": 0.008388292841223628,
"avg_TS_ap_7": 0.9947583994947079,
"std_TS_ap_7": 0.001677207281692488,
"avg_TS_auc_7": 0.9529715111111111,
"std_TS_auc_7": 0.014722578546061156,
"avg_TS_f1_8": 0.9371435240229395,
"std_TS_f1_8": 0.01909713284880692,
"avg_TS_ap_8": 0.9266166059778633,
"std_TS_ap_8": 0.06555451803092342,
"avg_TS_auc_8": 0.7062649555555557,
"std_TS_auc_8": 0.19786118322086257,
"avg_TS_f1_9": 0.9558888888888889,
"std_TS_f1_9": 0.007821780290546428,
"avg_TS_ap_9": 0.9938142769860523,
"std_TS_ap_9": 0.0015783817076004808,
"avg_TS_auc_9": 0.9477210111111113,
"std_TS_auc_9": 0.012337346948149386,
"avg_TS_f1_all": 0.9405181584162083,
"std_TS_f1_all": 0.005627825070874169,
"avg_TS_ap_all": 0.9588693992359488,
"std_TS_ap_all": 0.016719804098306836,
"avg_TS_auc_all": 0.8043806911111112,
"std_TS_auc_all": 0.05211228130968531
}