{
"avg_TS_f1_0": 0.9481649572490582,
"std_TS_f1_0": 0.0005670653029804775,
"avg_TS_ap_0": 0.9803211657527899,
"std_TS_ap_0": 0.0007121809687304768,
"avg_TS_auc_0": 0.8652037777777777,
"std_TS_auc_0": 0.004018740096775567,
"avg_TS_f1_1": 0.9833886981375508,
"std_TS_f1_1": 0.000648047203446751,
"avg_TS_ap_1": 0.9926191238875471,
"std_TS_ap_1": 0.0007882453096807892,
"avg_TS_auc_1": 0.9613002888888887,
"std_TS_auc_1": 0.003335299932909969,
"avg_TS_f1_2": 0.9517978208054014,
"std_TS_f1_2": 0.0009960148614898024,
"avg_TS_ap_2": 0.9883613741462417,
"std_TS_ap_2": 0.000711820136299386,
"avg_TS_auc_2": 0.9113062111111112,
"std_TS_auc_2": 0.0031884542050620375,
"avg_TS_f1_3": 0.9299302318407168,
"std_TS_f1_3": 0.00034059538900828816,
"avg_TS_ap_3": 0.9711700792253944,
"std_TS_ap_3": 0.00159782494773189,
"avg_TS_auc_3": 0.7966178,
"std_TS_auc_3": 0.005867729901191195,
"avg_TS_f1_4": 0.9414758214962561,
"std_TS_f1_4": 0.0008686463702584989,
"avg_TS_ap_4": 0.986460668197188,
"std_TS_ap_4": 0.0002356337623283979,
"avg_TS_auc_4": 0.8940423777777777,
"std_TS_auc_4": 0.0024161747653657613,
"avg_TS_f1_5": 0.9439752838120636,
"std_TS_f1_5": 0.0020716617519877622,
"avg_TS_ap_5": 0.9863717085050819,
"std_TS_ap_5": 0.0013178746003947948,
"avg_TS_auc_5": 0.8917390555555557,
"std_TS_auc_5": 0.009348485525659036,
"avg_TS_f1_6": 0.9252189293566964,
"std_TS_f1_6": 0.001342321882772745,
"avg_TS_ap_6": 0.9726082572776132,
"std_TS_ap_6": 0.0018541070172258345,
"avg_TS_auc_6": 0.8024795555555556,
"std_TS_auc_6": 0.009881448895547033,
"avg_TS_f1_7": 0.9710660135439625,
"std_TS_f1_7": 0.0005138651924515884,
"avg_TS_ap_7": 0.9967673017690923,
"std_TS_ap_7": 0.0001715569392898426,
"avg_TS_auc_7": 0.9729655555555554,
"std_TS_auc_7": 0.0015328397993976217,
"avg_TS_f1_8": 0.9318207295467031,
"std_TS_f1_8": 0.0010697791115212788,
"avg_TS_ap_8": 0.9619820095774969,
"std_TS_ap_8": 0.0008690393394423905,
"avg_TS_auc_8": 0.7730777111111112,
"std_TS_auc_8": 0.0020912793453993495,
"avg_TS_f1_9": 0.9768444444444444,
"std_TS_f1_9": 0.0005862624870343581,
"avg_TS_ap_9": 0.996636628563024,
"std_TS_ap_9": 0.0003398986556128512,
"avg_TS_auc_9": 0.9736680222222223,
"std_TS_auc_9": 0.0022438846126887593,
"avg_TS_f1_all": 0.9503682930232852,
"std_TS_f1_all": 0.0003320619264965555,
"avg_TS_ap_all": 0.9833298316901468,
"std_TS_ap_all": 0.00029044943332711336,
"avg_TS_auc_all": 0.8842400355555556,
"std_TS_auc_all": 0.0015763488483005452
}