{
"avg_TS_f1_0": 0.9341822887286695,
"std_TS_f1_0": 0.0012135483086025657,
"avg_TS_ap_0": 0.9654210070495072,
"std_TS_ap_0": 0.0007524549321161875,
"avg_TS_auc_0": 0.7856062444444445,
"std_TS_auc_0": 0.004153680765832213,
"avg_TS_f1_1": 0.9671755899614405,
"std_TS_f1_1": 0.0008347668545534923,
"avg_TS_ap_1": 0.9850623565498063,
"std_TS_ap_1": 0.0007874021791766877,
"avg_TS_auc_1": 0.9144531222222222,
"std_TS_auc_1": 0.003944217685719933,
"avg_TS_f1_2": 0.9425399817096679,
"std_TS_f1_2": 0.000904672388355426,
"avg_TS_ap_2": 0.979011161440211,
"std_TS_ap_2": 0.00046950468377738685,
"avg_TS_auc_2": 0.8566528555555555,
"std_TS_auc_2": 0.0028392129322780046,
"avg_TS_f1_3": 0.914693412288903,
"std_TS_f1_3": 0.001069975100109678,
"avg_TS_ap_3": 0.9540374021604986,
"std_TS_ap_3": 0.0010724123555884832,
"avg_TS_auc_3": 0.7014327999999999,
"std_TS_auc_3": 0.005155699959735344,
"avg_TS_f1_4": 0.9310072324135881,
"std_TS_f1_4": 0.0016317304626893387,
"avg_TS_ap_4": 0.9769586098931411,
"std_TS_ap_4": 0.0006193268209991295,
"avg_TS_auc_4": 0.8376548444444445,
"std_TS_auc_4": 0.004154064420882224,
"avg_TS_f1_5": 0.9114364645326647,
"std_TS_f1_5": 0.0033737495767009315,
"avg_TS_ap_5": 0.957197830427798,
"std_TS_ap_5": 0.003501464793451921,
"avg_TS_auc_5": 0.7074761333333333,
"std_TS_auc_5": 0.021423565252408364,
"avg_TS_f1_6": 0.9200168858283817,
"std_TS_f1_6": 0.0011833392536023273,
"avg_TS_ap_6": 0.958710072933876,
"std_TS_ap_6": 0.0004788994232872505,
"avg_TS_auc_6": 0.7360458777777777,
"std_TS_auc_6": 0.0033248812804202053,
"avg_TS_f1_7": 0.9521195621978998,
"std_TS_f1_7": 0.0010246917613999245,
"avg_TS_ap_7": 0.9880211237114163,
"std_TS_ap_7": 0.0008015680408887668,
"avg_TS_auc_7": 0.9108078555555557,
"std_TS_auc_7": 0.005282094025532709,
"avg_TS_f1_8": 0.9095111755461932,
"std_TS_f1_8": 0.0020621374791070686,
"avg_TS_ap_8": 0.9270108980857398,
"std_TS_ap_8": 0.002556081946923102,
"avg_TS_auc_8": 0.6130120333333333,
"std_TS_auc_8": 0.014608318125094059,
"avg_TS_f1_9": 0.956830904130333,
"std_TS_f1_9": 0.0010950640655669438,
"avg_TS_ap_9": 0.9852550939535728,
"std_TS_ap_9": 0.0004697554249718678,
"avg_TS_auc_9": 0.9028851555555555,
"std_TS_auc_9": 0.002379239760932064,
"avg_TS_f1_all": 0.9339513497337741,
"std_TS_f1_all": 0.0008745825623760641,
"avg_TS_ap_all": 0.9676685556205566,
"std_TS_ap_all": 0.0007657696392959994,
"avg_TS_auc_all": 0.7966026922222221,
"std_TS_auc_all": 0.004811880239612965
}