{
"avg_TS_f1_0": 0.9576995302208147,
"std_TS_f1_0": 0.0009898146746309573,
"avg_TS_ap_0": 0.9873805888944629,
"std_TS_ap_0": 0.0008475266964183064,
"avg_TS_auc_0": 0.9089760222222221,
"std_TS_auc_0": 0.004456631310366972,
"avg_TS_f1_1": 0.9917221351803495,
"std_TS_f1_1": 0.0003477216042649958,
"avg_TS_ap_1": 0.9962526610671313,
"std_TS_ap_1": 0.000631289128037957,
"avg_TS_auc_1": 0.9804372444444445,
"std_TS_auc_1": 0.0019224219631611159,
"avg_TS_f1_2": 0.9534,
"std_TS_f1_2": 0.001591024206192778,
"avg_TS_ap_2": 0.9912186230951047,
"std_TS_ap_2": 0.0005581019129018999,
"avg_TS_auc_2": 0.930616211111111,
"std_TS_auc_2": 0.0032783626814103716,
"avg_TS_f1_3": 0.9409097678266075,
"std_TS_f1_3": 0.0026165802844454423,
"avg_TS_ap_3": 0.9771093616643725,
"std_TS_ap_3": 0.0018160082194248687,
"avg_TS_auc_3": 0.8422735222222222,
"std_TS_auc_3": 0.01259218436809113,
"avg_TS_f1_4": 0.9400653419017105,
"std_TS_f1_4": 0.0010845372523103135,
"avg_TS_ap_4": 0.9881743588404877,
"std_TS_ap_4": 0.0005237778000146757,
"avg_TS_auc_4": 0.9033211111111111,
"std_TS_auc_4": 0.003522681938453463,
"avg_TS_f1_5": 0.9632657666166639,
"std_TS_f1_5": 0.004916502851769742,
"avg_TS_ap_5": 0.9954259624251426,
"std_TS_ap_5": 0.0011540813329265333,
"avg_TS_auc_5": 0.9607658666666665,
"std_TS_auc_5": 0.009185447052340917,
"avg_TS_f1_6": 0.9260514669666733,
"std_TS_f1_6": 0.0009004221386139018,
"avg_TS_ap_6": 0.9776145551310771,
"std_TS_ap_6": 0.0013324844957979818,
"avg_TS_auc_6": 0.8259527444444444,
"std_TS_auc_6": 0.006463688274172844,
"avg_TS_f1_7": 0.9738222222222224,
"std_TS_f1_7": 0.0033939670513543725,
"avg_TS_ap_7": 0.9978803522764668,
"std_TS_ap_7": 0.0003908004223714058,
"avg_TS_auc_7": 0.9809383444444444,
"std_TS_auc_7": 0.0035706756170537737,
"avg_TS_f1_8": 0.970921917884327,
"std_TS_f1_8": 0.005780636860084123,
"avg_TS_ap_8": 0.9904140349764047,
"std_TS_ap_8": 0.001720973184762358,
"avg_TS_auc_8": 0.9390749666666668,
"std_TS_auc_8": 0.011897845554459816,
"avg_TS_f1_9": 0.97917733701255,
"std_TS_f1_9": 0.0017415510800377772,
"avg_TS_ap_9": 0.9983713973582848,
"std_TS_ap_9": 0.00016985064707670023,
"avg_TS_auc_9": 0.9859067777777778,
"std_TS_auc_9": 0.00151631318876406,
"avg_TS_f1_all": 0.9597035485831918,
"std_TS_f1_all": 0.001209527504324068,
"avg_TS_ap_all": 0.9899841895728935,
"std_TS_ap_all": 0.0005035900394197308,
"avg_TS_auc_all": 0.9258262811111111,
"std_TS_auc_all": 0.0033168310932304725
}