{
"avg_TS_f1_0": 0.9647333333333334,
"std_TS_f1_0": 0.0017938165396098442,
"avg_TS_ap_0": 0.9768128117134612,
"std_TS_ap_0": 0.002077964838685617,
"avg_TS_auc_0": 0.8916175888888889,
"std_TS_auc_0": 0.0066270323788347445,
"avg_TS_f1_1": 0.9854444444444445,
"std_TS_f1_1": 0.0006666666666666376,
"avg_TS_ap_1": 0.9689444801194945,
"std_TS_ap_1": 0.006289725885351137,
"avg_TS_auc_1": 0.9170958444444445,
"std_TS_auc_1": 0.008945024888371164,
"avg_TS_f1_2": 0.9553777777777777,
"std_TS_f1_2": 0.0026167551294317784,
"avg_TS_ap_2": 0.9814112397067548,
"std_TS_ap_2": 0.001573317538356815,
"avg_TS_auc_2": 0.8987742777777779,
"std_TS_auc_2": 0.006292621078260467,
"avg_TS_f1_3": 0.9321436573636805,
"std_TS_f1_3": 0.002341097897123441,
"avg_TS_ap_3": 0.9467322893808637,
"std_TS_ap_3": 0.009476555677413907,
"avg_TS_auc_3": 0.7091896,
"std_TS_auc_3": 0.020967706935018843,
"avg_TS_f1_4": 0.9429869807581903,
"std_TS_f1_4": 0.0005330126940528658,
"avg_TS_ap_4": 0.9724051378508916,
"std_TS_ap_4": 0.0024716868986062635,
"avg_TS_auc_4": 0.8572873555555557,
"std_TS_auc_4": 0.005653138284174512,
"avg_TS_f1_5": 0.9601333333333333,
"std_TS_f1_5": 0.010130603920915525,
"avg_TS_ap_5": 0.9825077513486773,
"std_TS_ap_5": 0.009222510843289953,
"avg_TS_auc_5": 0.9157284888888888,
"std_TS_auc_5": 0.038974006099212824,
"avg_TS_f1_6": 0.9266872468223543,
"std_TS_f1_6": 0.0006593615467374959,
"avg_TS_ap_6": 0.9594411436221868,
"std_TS_ap_6": 0.001948145083990294,
"avg_TS_auc_6": 0.7636454999999999,
"std_TS_auc_6": 0.008996440687266637,
"avg_TS_f1_7": 0.9674107030637504,
"std_TS_f1_7": 0.0048486134997410375,
"avg_TS_ap_7": 0.9869511100909844,
"std_TS_ap_7": 0.00482881350950834,
"avg_TS_auc_7": 0.9347891555555556,
"std_TS_auc_7": 0.022118571672552097,
"avg_TS_f1_8": 0.9719658944015409,
"std_TS_f1_8": 0.02075308930191702,
"avg_TS_ap_8": 0.9626389539664503,
"std_TS_ap_8": 0.055242135786341864,
"avg_TS_auc_8": 0.8700829444444445,
"std_TS_auc_8": 0.1732767392520978,
"avg_TS_f1_9": 0.9757999999999999,
"std_TS_f1_9": 0.00865423609968763,
"avg_TS_ap_9": 0.9833144375378042,
"std_TS_ap_9": 0.0037647837375270215,
"avg_TS_auc_9": 0.9396093000000001,
"std_TS_auc_9": 0.015781123908112857,
"avg_TS_f1_all": 0.9582683371298405,
"std_TS_f1_all": 0.0016746079768528935,
"avg_TS_ap_all": 0.972115935533757,
"std_TS_ap_all": 0.006154850144146686,
"avg_TS_auc_all": 0.8697820055555556,
"std_TS_auc_all": 0.01764161567164909
}