{
"avg_TS_f1_0": 0.9425869560654604,
"std_TS_f1_0": 0.001132274796214422,
"avg_TS_ap_0": 0.9807239842720966,
"std_TS_ap_0": 0.0005796145807105188,
"avg_TS_auc_0": 0.8543815888888888,
"std_TS_auc_0": 0.00428561936397052,
"avg_TS_f1_1": 0.9794775709761654,
"std_TS_f1_1": 0.001769061926479502,
"avg_TS_ap_1": 0.9948131485463062,
"std_TS_ap_1": 0.00029073782645678523,
"avg_TS_auc_1": 0.9616096666666667,
"std_TS_auc_1": 0.0023326635194690602,
"avg_TS_f1_2": 0.9485076577669881,
"std_TS_f1_2": 0.0010401028925940408,
"avg_TS_ap_2": 0.9873315134497529,
"std_TS_ap_2": 0.00023782547638803866,
"avg_TS_auc_2": 0.8992621666666667,
"std_TS_auc_2": 0.0017542967111116605,
"avg_TS_f1_3": 0.9210733929662759,
"std_TS_f1_3": 0.001189318354153841,
"avg_TS_ap_3": 0.9729053332064682,
"std_TS_ap_3": 0.00062923717069323,
"avg_TS_auc_3": 0.7887394666666667,
"std_TS_auc_3": 0.004740778219519097,
"avg_TS_f1_4": 0.9362652517732467,
"std_TS_f1_4": 0.0007159985990122951,
"avg_TS_ap_4": 0.9850964300965821,
"std_TS_ap_4": 0.00037330383908348446,
"avg_TS_auc_4": 0.8787161666666666,
"std_TS_auc_4": 0.00287483906302102,
"avg_TS_f1_5": 0.9392966275904217,
"std_TS_f1_5": 0.002919150668875499,
"avg_TS_ap_5": 0.9884277520168672,
"std_TS_ap_5": 0.0014030999324054863,
"avg_TS_auc_5": 0.9015115777777776,
"std_TS_auc_5": 0.010914572268902073,
"avg_TS_f1_6": 0.9228170810054394,
"std_TS_f1_6": 0.0011369667621194206,
"avg_TS_ap_6": 0.974066822332319,
"std_TS_ap_6": 0.0004397785599851852,
"avg_TS_auc_6": 0.799934288888889,
"std_TS_auc_6": 0.0032483294655165605,
"avg_TS_f1_7": 0.9718216345352519,
"std_TS_f1_7": 0.0015467011114218665,
"avg_TS_ap_7": 0.9970227550559692,
"std_TS_ap_7": 0.00023539425885639887,
"avg_TS_auc_7": 0.9745048000000001,
"std_TS_auc_7": 0.0020262247698675734,
"avg_TS_f1_8": 0.920553830768376,
"std_TS_f1_8": 0.0017263194995987311,
"avg_TS_ap_8": 0.949360834098275,
"std_TS_ap_8": 0.001993062259914709,
"avg_TS_auc_8": 0.7138752444444444,
"std_TS_auc_8": 0.0029926985259807314,
"avg_TS_f1_9": 0.9772661641696143,
"std_TS_f1_9": 0.0008814652466379389,
"avg_TS_ap_9": 0.99241529173132,
"std_TS_ap_9": 0.0021675402410139826,
"avg_TS_auc_9": 0.952328411111111,
"std_TS_auc_9": 0.009024185575413747,
"avg_TS_f1_all": 0.945966616761724,
"std_TS_f1_all": 0.00026996625687064017,
"avg_TS_ap_all": 0.9822163864805956,
"std_TS_ap_all": 0.00048018099562125577,
"avg_TS_auc_all": 0.8724863377777778,
"std_TS_auc_all": 0.001791169433343307
}