{
"avg_TS_f1_0": 0.960953848005954,
"std_TS_f1_0": 0.0011153864546804431,
"avg_TS_ap_0": 0.9910120751498706,
"std_TS_ap_0": 0.0003089995789560515,
"avg_TS_auc_0": 0.9299277444444444,
"std_TS_auc_0": 0.002579522103456777,
"avg_TS_f1_1": 0.9931777777777778,
"std_TS_f1_1": 0.00022879178091083082,
"avg_TS_ap_1": 0.9989002867885036,
"std_TS_ap_1": 0.00014218167294174732,
"avg_TS_auc_1": 0.9921279888888888,
"std_TS_auc_1": 0.0007475330517487306,
"avg_TS_f1_2": 0.9555651844855578,
"std_TS_f1_2": 0.0006952072177058159,
"avg_TS_ap_2": 0.9931748913668843,
"std_TS_ap_2": 6.595377605613306e-05,
"avg_TS_auc_2": 0.9422514999999999,
"std_TS_auc_2": 0.0004969009402732011,
"avg_TS_f1_3": 0.9526539721342544,
"std_TS_f1_3": 0.0007871254347699936,
"avg_TS_ap_3": 0.9890536516251146,
"std_TS_ap_3": 0.000333229609610471,
"avg_TS_auc_3": 0.9134957555555555,
"std_TS_auc_3": 0.0024554485468387976,
"avg_TS_f1_4": 0.9456444444444445,
"std_TS_f1_4": 0.0007678734463631466,
"avg_TS_ap_4": 0.991020788865638,
"std_TS_ap_4": 5.7755293462186076e-05,
"avg_TS_auc_4": 0.9232896333333332,
"std_TS_auc_4": 0.00042291496620711067,
"avg_TS_f1_5": 0.9666100091980419,
"std_TS_f1_5": 0.0004848461648310595,
"avg_TS_ap_5": 0.9965494455276778,
"std_TS_ap_5": 0.00016695329440333668,
"avg_TS_auc_5": 0.9694180555555556,
"std_TS_auc_5": 0.001404481056133198,
"avg_TS_f1_6": 0.9283491795379722,
"std_TS_f1_6": 0.0006387213466710335,
"avg_TS_ap_6": 0.9811717202265197,
"std_TS_ap_6": 0.0002986306104638396,
"avg_TS_auc_6": 0.8476295777777777,
"std_TS_auc_6": 0.002227015302768535,
"avg_TS_f1_7": 0.978977291331,
"std_TS_f1_7": 0.0008098798645116988,
"avg_TS_ap_7": 0.998593782167941,
"std_TS_ap_7": 5.3277583366605224e-05,
"avg_TS_auc_7": 0.9872736444444443,
"std_TS_auc_7": 0.0004946482309133626,
"avg_TS_f1_8": 0.9857665104851504,
"std_TS_f1_8": 0.0012051100552967207,
"avg_TS_ap_8": 0.9972951144833674,
"std_TS_ap_8": 0.0005083552906326289,
"avg_TS_auc_8": 0.9806600333333334,
"std_TS_auc_8": 0.003310343570919923,
"avg_TS_f1_9": 0.9811333333333334,
"std_TS_f1_9": 0.0005038126243891174,
"avg_TS_ap_9": 0.9987089767887743,
"std_TS_ap_9": 5.442878672086935e-05,
"avg_TS_auc_9": 0.9885697,
"std_TS_auc_9": 0.00041759970880033667,
"avg_TS_f1_all": 0.9648831550733487,
"std_TS_f1_all": 0.0002680613913351278,
"avg_TS_ap_all": 0.993548073299029,
"std_TS_ap_all": 0.00014087574073976534,
"avg_TS_auc_all": 0.9474643633333333,
"std_TS_auc_all": 0.001006114875001303
}