{
"avg_TS_f1_0": 0.9539555555555556,
"std_TS_f1_0": 0.005693227512244086,
"avg_TS_ap_0": 0.9854460849456317,
"std_TS_ap_0": 0.0018577860625282054,
"avg_TS_auc_0": 0.8948002777777777,
"std_TS_auc_0": 0.011295500969549167,
"avg_TS_f1_1": 0.9908888888888889,
"std_TS_f1_1": 0.00042745297914822424,
"avg_TS_ap_1": 0.9959364745071196,
"std_TS_ap_1": 0.0009939725882608839,
"avg_TS_auc_1": 0.9794071555555556,
"std_TS_auc_1": 0.0038604666099026027,
"avg_TS_f1_2": 0.9522222222222222,
"std_TS_f1_2": 0.00403870166156289,
"avg_TS_ap_2": 0.989722852017391,
"std_TS_ap_2": 0.0014176202937727842,
"avg_TS_auc_2": 0.9206631,
"std_TS_auc_2": 0.010200762461904392,
"avg_TS_f1_3": 0.9333881586014037,
"std_TS_f1_3": 0.00440103103997088,
"avg_TS_ap_3": 0.9524271499792798,
"std_TS_ap_3": 0.005830722525464624,
"avg_TS_auc_3": 0.7467097777777778,
"std_TS_auc_3": 0.016529597425396638,
"avg_TS_f1_4": 0.9378771005796619,
"std_TS_f1_4": 0.0025669094141701873,
"avg_TS_ap_4": 0.9861104093487297,
"std_TS_ap_4": 0.00024557063042292244,
"avg_TS_auc_4": 0.8891025888888887,
"std_TS_auc_4": 0.001895189630109358,
"avg_TS_f1_5": 0.9505659832953682,
"std_TS_f1_5": 0.00936527339414989,
"avg_TS_ap_5": 0.98741982828007,
"std_TS_ap_5": 0.007440347658772052,
"avg_TS_auc_5": 0.9080231,
"std_TS_auc_5": 0.039866766832284614,
"avg_TS_f1_6": 0.9257863449203969,
"std_TS_f1_6": 0.0030559157934719338,
"avg_TS_ap_6": 0.9751487891187525,
"std_TS_ap_6": 0.0014260128252229073,
"avg_TS_auc_6": 0.8142054555555557,
"std_TS_auc_6": 0.007416843132266019,
"avg_TS_f1_7": 0.9709777777777777,
"std_TS_f1_7": 0.004592747906573296,
"avg_TS_ap_7": 0.9974772055817709,
"std_TS_ap_7": 0.0006921542743214389,
"avg_TS_auc_7": 0.9772488222222222,
"std_TS_auc_7": 0.006171382903569403,
"avg_TS_f1_8": 0.965544152452914,
"std_TS_f1_8": 0.02073288471505974,
"avg_TS_ap_8": 0.9699210643248841,
"std_TS_ap_8": 0.046607425086293834,
"avg_TS_auc_8": 0.8804401777777777,
"std_TS_auc_8": 0.15224971777956528,
"avg_TS_f1_9": 0.9755555555555555,
"std_TS_f1_9": 0.0039157800414902355,
"avg_TS_ap_9": 0.9979575974962007,
"std_TS_ap_9": 0.0004760255385012958,
"avg_TS_auc_9": 0.9819118777777778,
"std_TS_auc_9": 0.004370563066727991,
"avg_TS_f1_all": 0.9556761739849744,
"std_TS_f1_all": 0.0024155895008245365,
"avg_TS_ap_all": 0.9837567455599829,
"std_TS_ap_all": 0.003960011792269555,
"avg_TS_auc_all": 0.8992512333333333,
"std_TS_auc_all": 0.012628972029793052
}