{
"avg_TS_f1_0": 0.9590657604434814,
"std_TS_f1_0": 0.0011370297191724526,
"avg_TS_ap_0": 0.9875122278600399,
"std_TS_ap_0": 0.0007146156774832883,
"avg_TS_auc_0": 0.9087797555555556,
"std_TS_auc_0": 0.004942405222755997,
"avg_TS_f1_1": 0.9913777777777778,
"std_TS_f1_1": 0.00025915341754867747,
"avg_TS_ap_1": 0.9965718584801777,
"std_TS_ap_1": 0.00039682029708215313,
"avg_TS_auc_1": 0.982172488888889,
"std_TS_auc_1": 0.0013642341832202952,
"avg_TS_f1_2": 0.9549333333333333,
"std_TS_f1_2": 0.001103529690483115,
"avg_TS_ap_2": 0.9911244350643663,
"std_TS_ap_2": 0.0007707914140127457,
"avg_TS_auc_2": 0.9314086999999999,
"std_TS_auc_2": 0.0036343694306943384,
"avg_TS_f1_3": 0.9390771240377551,
"std_TS_f1_3": 0.0017516796625171615,
"avg_TS_ap_3": 0.9683260526537343,
"std_TS_ap_3": 0.008865804423608075,
"avg_TS_auc_3": 0.8090160444444445,
"std_TS_auc_3": 0.03074280025432028,
"avg_TS_f1_4": 0.9427987085702293,
"std_TS_f1_4": 0.0012395626603017144,
"avg_TS_ap_4": 0.9890377374783963,
"std_TS_ap_4": 0.0003577645513627109,
"avg_TS_auc_4": 0.9098673666666667,
"std_TS_auc_4": 0.002719313357548756,
"avg_TS_f1_5": 0.965787715366903,
"std_TS_f1_5": 0.002668898024862771,
"avg_TS_ap_5": 0.9965473348745979,
"std_TS_ap_5": 0.0005129592483477231,
"avg_TS_auc_5": 0.9690634333333333,
"std_TS_auc_5": 0.0046002010140459675,
"avg_TS_f1_6": 0.926465041885043,
"std_TS_f1_6": 0.0006060313808308303,
"avg_TS_ap_6": 0.9745450876726569,
"std_TS_ap_6": 0.003287195244700023,
"avg_TS_auc_6": 0.8133613777777777,
"std_TS_auc_6": 0.01510389035467927,
"avg_TS_f1_7": 0.9779219722083325,
"std_TS_f1_7": 0.0006419215097812333,
"avg_TS_ap_7": 0.9985065986524633,
"std_TS_ap_7": 7.64046740532706e-05,
"avg_TS_auc_7": 0.9865408333333334,
"std_TS_auc_7": 0.0006865519609335306,
"avg_TS_f1_8": 0.9728222222222221,
"std_TS_f1_8": 0.014413916457865323,
"avg_TS_ap_8": 0.9917629223685747,
"std_TS_ap_8": 0.005632244470613818,
"avg_TS_auc_8": 0.9466621777777778,
"std_TS_auc_8": 0.03654065323759449,
"avg_TS_f1_9": 0.9806444444444444,
"std_TS_f1_9": 0.0008731947868617288,
"avg_TS_ap_9": 0.9985617003161913,
"std_TS_ap_9": 0.00010509000615765198,
"avg_TS_auc_9": 0.9875632111111111,
"std_TS_auc_9": 0.0009181267868819527,
"avg_TS_f1_all": 0.9610894100289522,
"std_TS_f1_all": 0.0015233547545563735,
"avg_TS_ap_all": 0.9892495955421199,
"std_TS_ap_all": 0.0014759275887876692,
"avg_TS_auc_all": 0.924443538888889,
"std_TS_auc_all": 0.006628653323207495
}