{
"avg_TS_f1_0": 0.9555091652710412,
"std_TS_f1_0": 0.00135412398480872,
"avg_TS_ap_0": 0.9849211147679586,
"std_TS_ap_0": 0.00014698046660346987,
"avg_TS_auc_0": 0.8973024444444444,
"std_TS_auc_0": 0.002526490323172973,
"avg_TS_f1_1": 0.9899111111111111,
"std_TS_f1_1": 0.0005370242654930663,
"avg_TS_ap_1": 0.9960957376384361,
"std_TS_ap_1": 0.00024095531344043127,
"avg_TS_auc_1": 0.9787863555555557,
"std_TS_auc_1": 0.0011186556242557158,
"avg_TS_f1_2": 0.9547197066503694,
"std_TS_f1_2": 0.0005211862614393481,
"avg_TS_ap_2": 0.9905170414185138,
"std_TS_ap_2": 0.00017959308133206183,
"avg_TS_auc_2": 0.9275104222222224,
"std_TS_auc_2": 0.0008249525752175539,
"avg_TS_f1_3": 0.9450981597743086,
"std_TS_f1_3": 0.0008849659075112175,
"avg_TS_ap_3": 0.9799609558564875,
"std_TS_ap_3": 0.0007351592813953239,
"avg_TS_auc_3": 0.8598184999999999,
"std_TS_auc_3": 0.004842819008275418,
"avg_TS_f1_4": 0.9436981153273948,
"std_TS_f1_4": 0.0008716107828801691,
"avg_TS_ap_4": 0.9880476501052641,
"std_TS_ap_4": 0.00034439841853448744,
"avg_TS_auc_4": 0.9090447000000001,
"std_TS_auc_4": 0.001722169506935172,
"avg_TS_f1_5": 0.9582879283416978,
"std_TS_f1_5": 0.0013903361283980208,
"avg_TS_ap_5": 0.9914657004837345,
"std_TS_ap_5": 0.0007366832636832807,
"avg_TS_auc_5": 0.9329632111111111,
"std_TS_auc_5": 0.004955652019913161,
"avg_TS_f1_6": 0.9276309128284904,
"std_TS_f1_6": 0.0008267137233754618,
"avg_TS_ap_6": 0.9759018610451671,
"std_TS_ap_6": 0.0008137099678111388,
"avg_TS_auc_6": 0.8244576444444445,
"std_TS_auc_6": 0.004481235163255214,
"avg_TS_f1_7": 0.9763772456494497,
"std_TS_f1_7": 0.0010759676209967774,
"avg_TS_ap_7": 0.9978547971790601,
"std_TS_ap_7": 0.00011618183875961435,
"avg_TS_auc_7": 0.9821891666666666,
"std_TS_auc_7": 0.001129235869138111,
"avg_TS_f1_8": 0.9561767690797636,
"std_TS_f1_8": 0.0036845336503231138,
"avg_TS_ap_8": 0.9799003369592881,
"std_TS_ap_8": 0.0007783667556366313,
"avg_TS_auc_8": 0.8811462555555556,
"std_TS_auc_8": 0.00812957554846941,
"avg_TS_f1_9": 0.9792104228012667,
"std_TS_f1_9": 0.00034650107429911583,
"avg_TS_ap_9": 0.9976115661555554,
"std_TS_ap_9": 0.00010690089334309756,
"avg_TS_auc_9": 0.9816296333333334,
"std_TS_auc_9": 0.0008061865364820516,
"avg_TS_f1_all": 0.9586619536834892,
"std_TS_f1_all": 0.0007086420146041531,
"avg_TS_ap_all": 0.9882276761609466,
"std_TS_ap_all": 0.0002769898398229773,
"avg_TS_auc_all": 0.9174848333333333,
"std_TS_auc_all": 0.0018651392153449199
}