{
"avg_TS_f1_0": 0.9609769209400524,
"std_TS_f1_0": 0.0009309507464533286,
"avg_TS_ap_0": 0.9903074167311436,
"std_TS_ap_0": 0.00042787086333834836,
"avg_TS_auc_0": 0.926274611111111,
"std_TS_auc_0": 0.0030076839567931253,
"avg_TS_f1_1": 0.9917555555555555,
"std_TS_f1_1": 0.0003610683735393786,
"avg_TS_ap_1": 0.9964835592810293,
"std_TS_ap_1": 0.0007365233920829979,
"avg_TS_auc_1": 0.9819707333333334,
"std_TS_auc_1": 0.001954588449435504,
"avg_TS_f1_2": 0.9554646690248223,
"std_TS_f1_2": 0.0010523166140041598,
"avg_TS_ap_2": 0.9924476998428663,
"std_TS_ap_2": 0.0004493822686315642,
"avg_TS_auc_2": 0.9385524444444444,
"std_TS_auc_2": 0.0025116208789357987,
"avg_TS_f1_3": 0.9503544468519856,
"std_TS_f1_3": 0.0008337521482408172,
"avg_TS_ap_3": 0.9873933419898568,
"std_TS_ap_3": 0.0007151951528848163,
"avg_TS_auc_3": 0.9026390444444445,
"std_TS_auc_3": 0.004661663128006134,
"avg_TS_f1_4": 0.9455543505503392,
"std_TS_f1_4": 0.0010259593981178671,
"avg_TS_ap_4": 0.9902872339494703,
"std_TS_ap_4": 0.00017515672162519863,
"avg_TS_auc_4": 0.9192779888888889,
"std_TS_auc_4": 0.0009916899520452788,
"avg_TS_f1_5": 0.9684437419362804,
"std_TS_f1_5": 0.0005698937924254667,
"avg_TS_ap_5": 0.9967825561312657,
"std_TS_ap_5": 8.936412329532906e-05,
"avg_TS_auc_5": 0.9714168888888889,
"std_TS_auc_5": 0.0008215853171359004,
"avg_TS_f1_6": 0.9283285601407114,
"std_TS_f1_6": 0.0008530972520095832,
"avg_TS_ap_6": 0.9808504457880703,
"std_TS_ap_6": 0.00011639899003707212,
"avg_TS_auc_6": 0.8456264555555556,
"std_TS_auc_6": 0.0007753508727037874,
"avg_TS_f1_7": 0.9780217209598063,
"std_TS_f1_7": 0.0008542345407470301,
"avg_TS_ap_7": 0.9984481806372283,
"std_TS_ap_7": 8.529035329470949e-05,
"avg_TS_auc_7": 0.986025688888889,
"std_TS_auc_7": 0.0007806268837318708,
"avg_TS_f1_8": 0.9833555555555555,
"std_TS_f1_8": 0.0009092121131323874,
"avg_TS_ap_8": 0.9960158697219675,
"std_TS_ap_8": 0.00020916048213366823,
"avg_TS_auc_8": 0.9729603666666666,
"std_TS_auc_8": 0.0012257053064548197,
"avg_TS_f1_9": 0.980844029606583,
"std_TS_f1_9": 0.000732896046604247,
"avg_TS_ap_9": 0.9986642207887956,
"std_TS_ap_9": 9.142458644609862e-05,
"avg_TS_auc_9": 0.9882971000000002,
"std_TS_auc_9": 0.0008327355236481841,
"avg_TS_f1_all": 0.9643099551121692,
"std_TS_f1_all": 0.00028195160599093415,
"avg_TS_ap_all": 0.9927680524861693,
"std_TS_ap_all": 0.00014540059725556945,
"avg_TS_auc_all": 0.9433041322222223,
"std_TS_auc_all": 0.0007926004447885466
}