{
"avg_TS_f1_0": 0.909951779946201,
"std_TS_f1_0": 0.012212945779627631,
"avg_TS_ap_0": 0.895189797677121,
"std_TS_ap_0": 0.04776229181649681,
"avg_TS_auc_0": 0.5392897333333334,
"std_TS_auc_0": 0.1584573895562798,
"avg_TS_f1_1": 0.9578105092258212,
"std_TS_f1_1": 0.020931436578255087,
"avg_TS_ap_1": 0.9636753191410621,
"std_TS_ap_1": 0.01563886714318039,
"avg_TS_auc_1": 0.8379828111111112,
"std_TS_auc_1": 0.07459646917876885,
"avg_TS_f1_2": 0.9307555555555554,
"std_TS_f1_2": 0.018383889887817726,
"avg_TS_ap_2": 0.9549086395060566,
"std_TS_ap_2": 0.015131668179200823,
"avg_TS_auc_2": 0.7466283555555556,
"std_TS_auc_2": 0.08423150588188699,
"avg_TS_f1_3": 0.9067877820372738,
"std_TS_f1_3": 0.007052876114752468,
"avg_TS_ap_3": 0.90554960701382,
"std_TS_ap_3": 0.024397496737357333,
"avg_TS_auc_3": 0.5524324222222223,
"std_TS_auc_3": 0.0747544455947258,
"avg_TS_f1_4": 0.9140870011296924,
"std_TS_f1_4": 0.00703075484007347,
"avg_TS_ap_4": 0.9261477910469518,
"std_TS_ap_4": 0.03716647236109365,
"avg_TS_auc_4": 0.6494820111111111,
"std_TS_auc_4": 0.11127500350971424,
"avg_TS_f1_5": 0.9109536764388144,
"std_TS_f1_5": 0.005238729875726937,
"avg_TS_ap_5": 0.8893739936534237,
"std_TS_ap_5": 0.023277699769456407,
"avg_TS_auc_5": 0.5407966000000001,
"std_TS_auc_5": 0.06905026266129853,
"avg_TS_f1_6": 0.9057211240130625,
"std_TS_f1_6": 0.006649617894085229,
"avg_TS_ap_6": 0.9023941561724065,
"std_TS_ap_6": 0.023186335181295002,
"avg_TS_auc_6": 0.5312137333333333,
"std_TS_auc_6": 0.061213321435934304,
"avg_TS_f1_7": 0.9283093332345624,
"std_TS_f1_7": 0.013858152251153447,
"avg_TS_ap_7": 0.9474542152776386,
"std_TS_ap_7": 0.027252373550057198,
"avg_TS_auc_7": 0.7230009222222222,
"std_TS_auc_7": 0.11385475246250491,
"avg_TS_f1_8": 0.8946989104332956,
"std_TS_f1_8": 0.004460362700684482,
"avg_TS_ap_8": 0.8589825034116018,
"std_TS_ap_8": 0.034726028974745665,
"avg_TS_auc_8": 0.3632924888888889,
"std_TS_auc_8": 0.054135914737854014,
"avg_TS_f1_9": 0.9208853084430617,
"std_TS_f1_9": 0.011437290187530518,
"avg_TS_ap_9": 0.9236282402460221,
"std_TS_ap_9": 0.02466645462625665,
"avg_TS_auc_9": 0.6451466222222223,
"std_TS_auc_9": 0.10167490349406609,
"avg_TS_f1_all": 0.917996098045734,
"std_TS_f1_all": 0.0065110154623325665,
"avg_TS_ap_all": 0.9167304263146103,
"std_TS_ap_all": 0.00902388395305677,
"avg_TS_auc_all": 0.61292657,
"std_TS_auc_all": 0.03923852919537027
}