{
"avg_TS_f1_0": 0.9528751584385626,
"std_TS_f1_0": 0.0004913033612120944,
"avg_TS_ap_0": 0.9872056404531436,
"std_TS_ap_0": 0.0002543404356759519,
"avg_TS_auc_0": 0.9008443222222222,
"std_TS_auc_0": 0.0012105133945032036,
"avg_TS_f1_1": 0.9907777777777778,
"std_TS_f1_1": 0.000894427190999925,
"avg_TS_ap_1": 0.997586062174747,
"std_TS_ap_1": 0.000477107691122047,
"avg_TS_auc_1": 0.982840088888889,
"std_TS_auc_1": 0.0031258171503673283,
"avg_TS_f1_2": 0.9533534751930663,
"std_TS_f1_2": 0.0010785444791444323,
"avg_TS_ap_2": 0.9924267238055886,
"std_TS_ap_2": 0.00035362017365494445,
"avg_TS_auc_2": 0.9363453666666667,
"std_TS_auc_2": 0.0024017067949972477,
"avg_TS_f1_3": 0.9381972590297455,
"std_TS_f1_3": 0.0013287432587009444,
"avg_TS_ap_3": 0.9807136209412312,
"std_TS_ap_3": 0.0009347307890284313,
"avg_TS_auc_3": 0.8514302555555554,
"std_TS_auc_3": 0.007134259569460979,
"avg_TS_f1_4": 0.9434419134396356,
"std_TS_f1_4": 0.0013294853192353092,
"avg_TS_ap_4": 0.9900971089882574,
"std_TS_ap_4": 0.00024438379657689985,
"avg_TS_auc_4": 0.9152430666666668,
"std_TS_auc_4": 0.002043380884408353,
"avg_TS_f1_5": 0.9614978609922773,
"std_TS_f1_5": 0.0011504798360392986,
"avg_TS_ap_5": 0.9961850197388697,
"std_TS_ap_5": 0.0002310097156034395,
"avg_TS_auc_5": 0.9655485777777779,
"std_TS_auc_5": 0.002013265928047508,
"avg_TS_f1_6": 0.9267729315634377,
"std_TS_f1_6": 0.0011915125346996637,
"avg_TS_ap_6": 0.9802431668162137,
"std_TS_ap_6": 0.0009780592383484307,
"avg_TS_auc_6": 0.8404254999999999,
"std_TS_auc_6": 0.005783069909573276,
"avg_TS_f1_7": 0.9788108882592242,
"std_TS_f1_7": 0.0007990665888318404,
"avg_TS_ap_7": 0.9986711170396392,
"std_TS_ap_7": 6.259078462422712e-05,
"avg_TS_auc_7": 0.9878945777777778,
"std_TS_auc_7": 0.0005716450040166893,
"avg_TS_f1_8": 0.9494983758356945,
"std_TS_f1_8": 0.0038855944278131365,
"avg_TS_ap_8": 0.9848047416300348,
"std_TS_ap_8": 0.0031004917417671385,
"avg_TS_auc_8": 0.8908441,
"std_TS_auc_8": 0.014093245783147234,
"avg_TS_f1_9": 0.9769555555555556,
"std_TS_f1_9": 0.0005286834334831009,
"avg_TS_ap_9": 0.9982094178387546,
"std_TS_ap_9": 0.00010293449226635499,
"avg_TS_auc_9": 0.9840042555555556,
"std_TS_auc_9": 0.0009152676756144768,
"avg_TS_f1_all": 0.9572181196084978,
"std_TS_f1_all": 0.00021883756440199356,
"avg_TS_ap_all": 0.9906142619426479,
"std_TS_ap_all": 0.0004363421874528563,
"avg_TS_auc_all": 0.9255420111111112,
"std_TS_auc_all": 0.002180342835721957
}