{
"avg_TS_f1_0": 0.9577101542678298,
"std_TS_f1_0": 0.0009445319958740135,
"avg_TS_ap_0": 0.9881682447165636,
"std_TS_ap_0": 0.0006144818505142146,
"avg_TS_auc_0": 0.9120522,
"std_TS_auc_0": 0.004319279678972487,
"avg_TS_f1_1": 0.9924666666666667,
"std_TS_f1_1": 0.0003744955454744851,
"avg_TS_ap_1": 0.9971458017001448,
"std_TS_ap_1": 0.00013349095165832132,
"avg_TS_auc_1": 0.9843252444444444,
"std_TS_auc_1": 0.0007966064308546701,
"avg_TS_f1_2": 0.9543333333333333,
"std_TS_f1_2": 0.0009081251885201455,
"avg_TS_ap_2": 0.9919099816527375,
"std_TS_ap_2": 0.0003808103818528816,
"avg_TS_auc_2": 0.9347563888888889,
"std_TS_auc_2": 0.0020131197099692495,
"avg_TS_f1_3": 0.9457543085726984,
"std_TS_f1_3": 0.0016459384227842043,
"avg_TS_ap_3": 0.9831110338281339,
"std_TS_ap_3": 0.0011189051375637958,
"avg_TS_auc_3": 0.8737714444444444,
"std_TS_auc_3": 0.00836660048417095,
"avg_TS_f1_4": 0.9447203844658038,
"std_TS_f1_4": 0.0008724929381327552,
"avg_TS_ap_4": 0.9897645214839134,
"std_TS_ap_4": 0.00023322742416460925,
"avg_TS_auc_4": 0.9160444777777779,
"std_TS_auc_4": 0.0016624015851684042,
"avg_TS_f1_5": 0.9651325555123433,
"std_TS_f1_5": 0.0011540493335093342,
"avg_TS_ap_5": 0.9960631413445908,
"std_TS_ap_5": 0.0002865511408798525,
"avg_TS_auc_5": 0.9652031666666667,
"std_TS_auc_5": 0.002537151178724575,
"avg_TS_f1_6": 0.9276650431196796,
"std_TS_f1_6": 0.0009486272503175727,
"avg_TS_ap_6": 0.9800081818114069,
"std_TS_ap_6": 0.0003324833231066509,
"avg_TS_auc_6": 0.8409396000000001,
"std_TS_auc_6": 0.0018975006076545416,
"avg_TS_f1_7": 0.9779106308375157,
"std_TS_f1_7": 0.001194789383694991,
"avg_TS_ap_7": 0.9984304924785157,
"std_TS_ap_7": 0.00013808812220801863,
"avg_TS_auc_7": 0.9859153666666668,
"std_TS_auc_7": 0.0012280301744593777,
"avg_TS_f1_8": 0.96216625368076,
"std_TS_f1_8": 0.0053459982181005405,
"avg_TS_ap_8": 0.9877086265478395,
"std_TS_ap_8": 0.0008531774906871331,
"avg_TS_auc_8": 0.9189072111111111,
"std_TS_auc_8": 0.006488421250976435,
"avg_TS_f1_9": 0.9809442203579211,
"std_TS_f1_9": 0.0006347970594712483,
"avg_TS_ap_9": 0.9986216790500706,
"std_TS_ap_9": 5.6286998277264505e-05,
"avg_TS_auc_9": 0.9880726777777777,
"std_TS_auc_9": 0.0004739248565222488,
"avg_TS_f1_all": 0.9608803550814551,
"std_TS_f1_all": 0.00045746615930559244,
"avg_TS_ap_all": 0.9910931704613916,
"std_TS_ap_all": 0.0002455154707524437,
"avg_TS_auc_all": 0.9319987777777777,
"std_TS_auc_all": 0.0013384094039678594
}