{
"avg_TS_f1_0": 0.9556222222222222,
"std_TS_f1_0": 0.0031845305098085167,
"avg_TS_ap_0": 0.9873055645959985,
"std_TS_ap_0": 0.000989361427118583,
"avg_TS_auc_0": 0.9061424333333333,
"std_TS_auc_0": 0.006868376701077285,
"avg_TS_f1_1": 0.9902222222222223,
"std_TS_f1_1": 0.0005533288710217081,
"avg_TS_ap_1": 0.9959710952140327,
"std_TS_ap_1": 0.0004608174790223919,
"avg_TS_auc_1": 0.9774662333333332,
"std_TS_auc_1": 0.001608132434737386,
"avg_TS_f1_2": 0.9530666666666667,
"std_TS_f1_2": 0.0021552118855474064,
"avg_TS_ap_2": 0.9910314267890274,
"std_TS_ap_2": 0.0009815974554426962,
"avg_TS_auc_2": 0.9272769888888888,
"std_TS_auc_2": 0.006566376602486241,
"avg_TS_f1_3": 0.9417438549055195,
"std_TS_f1_3": 0.005830807373756122,
"avg_TS_ap_3": 0.9809978089643883,
"std_TS_ap_3": 0.003683143609714007,
"avg_TS_auc_3": 0.8588859777777778,
"std_TS_auc_3": 0.025411431843372613,
"avg_TS_f1_4": 0.9365083233019119,
"std_TS_f1_4": 0.0022774240082005332,
"avg_TS_ap_4": 0.9880270792135578,
"std_TS_ap_4": 0.0012411338032375474,
"avg_TS_auc_4": 0.8995489888888889,
"std_TS_auc_4": 0.008810257974488428,
"avg_TS_f1_5": 0.9617111111111111,
"std_TS_f1_5": 0.003497865310213495,
"avg_TS_ap_5": 0.9955309121157427,
"std_TS_ap_5": 0.0006387815176515755,
"avg_TS_auc_5": 0.9610227333333332,
"std_TS_auc_5": 0.005534779117387763,
"avg_TS_f1_6": 0.9253333333333333,
"std_TS_f1_6": 0.001876429496229754,
"avg_TS_ap_6": 0.9775780546339441,
"std_TS_ap_6": 0.001181545823995932,
"avg_TS_auc_6": 0.8231165111111111,
"std_TS_auc_6": 0.008753549256835913,
"avg_TS_f1_7": 0.9737441475143681,
"std_TS_f1_7": 0.00213085062850218,
"avg_TS_ap_7": 0.9976961169631358,
"std_TS_ap_7": 0.00021643474581161632,
"avg_TS_auc_7": 0.9795927777777779,
"std_TS_auc_7": 0.0021613537375941906,
"avg_TS_f1_8": 0.9721886166515423,
"std_TS_f1_8": 0.003516476203197505,
"avg_TS_ap_8": 0.9924103533866886,
"std_TS_ap_8": 0.001271530189336035,
"avg_TS_auc_8": 0.9488384333333333,
"std_TS_auc_8": 0.009861992446023886,
"avg_TS_f1_9": 0.9766666666666666,
"std_TS_f1_9": 0.005392266982436642,
"avg_TS_ap_9": 0.9980230590330267,
"std_TS_ap_9": 0.00064192480387319,
"avg_TS_auc_9": 0.9828553222222223,
"std_TS_auc_9": 0.0058349838802870665,
"avg_TS_f1_all": 0.9586807164595564,
"std_TS_f1_all": 0.001024035802473877,
"avg_TS_ap_all": 0.9904571470909543,
"std_TS_ap_all": 0.000587327285936413,
"avg_TS_auc_all": 0.9264746399999998,
"std_TS_auc_all": 0.0038316023857373157
}