{
"avg_TS_f1_0": 0.9502876283250303,
"std_TS_f1_0": 0.0075911678124426125,
"avg_TS_ap_0": 0.9836239812396528,
"std_TS_ap_0": 0.0023204054470157926,
"avg_TS_auc_0": 0.884345611111111,
"std_TS_auc_0": 0.018422640007023854,
"avg_TS_f1_1": 0.9896776697470846,
"std_TS_f1_1": 0.00046916662651034206,
"avg_TS_ap_1": 0.9955729091435804,
"std_TS_ap_1": 0.0004974126433099492,
"avg_TS_auc_1": 0.9761348000000002,
"std_TS_auc_1": 0.0021087015601731767,
"avg_TS_f1_2": 0.9524994610811712,
"std_TS_f1_2": 0.0026889976997054696,
"avg_TS_ap_2": 0.9903302225952111,
"std_TS_ap_2": 0.0006769942690833812,
"avg_TS_auc_2": 0.9251281,
"std_TS_auc_2": 0.0038125772195216063,
"avg_TS_f1_3": 0.9324,
"std_TS_f1_3": 0.0032897896664350105,
"avg_TS_ap_3": 0.9701462225940419,
"std_TS_ap_3": 0.0037474525291950134,
"avg_TS_auc_3": 0.8050453888888889,
"std_TS_auc_3": 0.018372455437689214,
"avg_TS_f1_4": 0.9364090066732104,
"std_TS_f1_4": 0.004080342520200511,
"avg_TS_ap_4": 0.9850461903414324,
"std_TS_ap_4": 0.0025460534536329775,
"avg_TS_auc_4": 0.8849406444444444,
"std_TS_auc_4": 0.016745292007694656,
"avg_TS_f1_5": 0.955966333932132,
"std_TS_f1_5": 0.007676162076796261,
"avg_TS_ap_5": 0.9925728074620315,
"std_TS_ap_5": 0.0008585931184652385,
"avg_TS_auc_5": 0.9392548222222221,
"std_TS_auc_5": 0.0099312634146722,
"avg_TS_f1_6": 0.9245197597397385,
"std_TS_f1_6": 0.0030636526698089536,
"avg_TS_ap_6": 0.9730306213423064,
"std_TS_ap_6": 0.0023957891941536152,
"avg_TS_auc_6": 0.8063404111111112,
"std_TS_auc_6": 0.012381871941164965,
"avg_TS_f1_7": 0.9725879104394689,
"std_TS_f1_7": 0.003651191974019674,
"avg_TS_ap_7": 0.9972641362827954,
"std_TS_ap_7": 0.0005377949645134635,
"avg_TS_auc_7": 0.9771384777777777,
"std_TS_auc_7": 0.004995022670347423,
"avg_TS_f1_8": 0.9460875678278423,
"std_TS_f1_8": 0.009680735370587583,
"avg_TS_ap_8": 0.9778907259226232,
"std_TS_ap_8": 0.004217642922210897,
"avg_TS_auc_8": 0.8601207888888889,
"std_TS_auc_8": 0.03251041422797575,
"avg_TS_f1_9": 0.9794666666666668,
"std_TS_f1_9": 0.0034328838253026746,
"avg_TS_ap_9": 0.9976712532624139,
"std_TS_ap_9": 0.00030978200426793007,
"avg_TS_auc_9": 0.9814161222222223,
"std_TS_auc_9": 0.0027130202770990954,
"avg_TS_f1_all": 0.9539902004432346,
"std_TS_f1_all": 0.0013051964798244167,
"avg_TS_ap_all": 0.986314907018609,
"std_TS_ap_all": 0.0011848330673472404,
"avg_TS_auc_all": 0.9039865166666667,
"std_TS_auc_all": 0.006962473026379491
}