{
"avg_TS_f1_0": 0.9610880098277065,
"std_TS_f1_0": 0.0008857807634510042,
"avg_TS_ap_0": 0.9909705686652124,
"std_TS_ap_0": 0.00025030351650173196,
"avg_TS_auc_0": 0.9297244777777779,
"std_TS_auc_0": 0.001875522787891747,
"avg_TS_f1_1": 0.9934222222222221,
"std_TS_f1_1": 0.00021545243810740686,
"avg_TS_ap_1": 0.9989653596559644,
"std_TS_ap_1": 0.00014173584602330955,
"avg_TS_auc_1": 0.9926065,
"std_TS_auc_1": 0.00073512901278083,
"avg_TS_f1_2": 0.9555758011247539,
"std_TS_f1_2": 0.0005856207501491758,
"avg_TS_ap_2": 0.9931108695837777,
"std_TS_ap_2": 5.60807599035224e-05,
"avg_TS_auc_2": 0.9418176444444445,
"std_TS_auc_2": 0.0001378168475070481,
"avg_TS_f1_3": 0.952452915226834,
"std_TS_f1_3": 0.0012607318969599223,
"avg_TS_ap_3": 0.9894404244017505,
"std_TS_ap_3": 0.0005781316443221888,
"avg_TS_auc_3": 0.9160810666666667,
"std_TS_auc_3": 0.0041706430256504955,
"avg_TS_f1_4": 0.9454092770586019,
"std_TS_f1_4": 0.0012648901471619294,
"avg_TS_ap_4": 0.9910661048412763,
"std_TS_ap_4": 0.00010620636407752149,
"avg_TS_auc_4": 0.9236290666666666,
"std_TS_auc_4": 0.0008493713328030305,
"avg_TS_f1_5": 0.9662436752659099,
"std_TS_f1_5": 0.0009646069450422983,
"avg_TS_ap_5": 0.9964433397864643,
"std_TS_ap_5": 0.00020209700755094317,
"avg_TS_auc_5": 0.9684876333333333,
"std_TS_auc_5": 0.0017117081889731274,
"avg_TS_f1_6": 0.9285833532219361,
"std_TS_f1_6": 0.0009152382586843858,
"avg_TS_ap_6": 0.9813227030099382,
"std_TS_ap_6": 0.00028816353253476723,
"avg_TS_auc_6": 0.8489322555555555,
"std_TS_auc_6": 0.0021208145996698745,
"avg_TS_f1_7": 0.9791659660104575,
"std_TS_f1_7": 0.0005996161899313666,
"avg_TS_ap_7": 0.9986040513155949,
"std_TS_ap_7": 4.8809333044264936e-05,
"avg_TS_auc_7": 0.9873731222222222,
"std_TS_auc_7": 0.00044353644943264704,
"avg_TS_f1_8": 0.9865887265341902,
"std_TS_f1_8": 0.001133069524273143,
"avg_TS_ap_8": 0.9974958685062758,
"std_TS_ap_8": 0.0003981716422569976,
"avg_TS_auc_8": 0.9819858888888889,
"std_TS_auc_8": 0.002459405712869204,
"avg_TS_f1_9": 0.9812888888888889,
"std_TS_f1_9": 0.00044776537065798855,
"avg_TS_ap_9": 0.998729800653801,
"std_TS_ap_9": 4.191516794950295e-05,
"avg_TS_auc_9": 0.9887116333333335,
"std_TS_auc_9": 0.00029598686490707037,
"avg_TS_f1_all": 0.9649818835381501,
"std_TS_f1_all": 0.0003886169735260014,
"avg_TS_ap_all": 0.9936149090420056,
"std_TS_ap_all": 0.00013653286679313285,
"avg_TS_auc_all": 0.9479349288888891,
"std_TS_auc_all": 0.0009576402834630303
}