{
"avg_TS_f1_0": 0.94312014988487,
"std_TS_f1_0": 0.00820557463775682,
"avg_TS_ap_0": 0.9844116168403113,
"std_TS_ap_0": 0.0030593946977176636,
"avg_TS_auc_0": 0.8779764333333334,
"std_TS_auc_0": 0.023532807875977176,
"avg_TS_f1_1": 0.9905111111111111,
"std_TS_f1_1": 0.0011581168196262359,
"avg_TS_ap_1": 0.9993749195669809,
"std_TS_ap_1": 0.00012156947335331438,
"avg_TS_auc_1": 0.9947953444444444,
"std_TS_auc_1": 0.0010766324311722811,
"avg_TS_f1_2": 0.9491883129309654,
"std_TS_f1_2": 0.001618013894978649,
"avg_TS_ap_2": 0.9898751560085126,
"std_TS_ap_2": 0.0006530367464668137,
"avg_TS_auc_2": 0.9166854888888889,
"std_TS_auc_2": 0.005203601466790646,
"avg_TS_f1_3": 0.9271865078924139,
"std_TS_f1_3": 0.0033281276793940755,
"avg_TS_ap_3": 0.9166737070613185,
"std_TS_ap_3": 0.025999357852884302,
"avg_TS_auc_3": 0.6710323,
"std_TS_auc_3": 0.06127344144620268,
"avg_TS_f1_4": 0.9376888888888889,
"std_TS_f1_4": 0.0046536325914597375,
"avg_TS_ap_4": 0.9882606453474114,
"std_TS_ap_4": 0.001309936856884296,
"avg_TS_auc_4": 0.9009700111111112,
"std_TS_auc_4": 0.009707948096212988,
"avg_TS_f1_5": 0.9648774487471528,
"std_TS_f1_5": 0.004691660945374422,
"avg_TS_ap_5": 0.99657268763359,
"std_TS_ap_5": 0.0008124469538033653,
"avg_TS_auc_5": 0.9690459333333333,
"std_TS_auc_5": 0.007313824707774306,
"avg_TS_f1_6": 0.9191418448251139,
"std_TS_f1_6": 0.005224667477818627,
"avg_TS_ap_6": 0.9742431143266275,
"std_TS_ap_6": 0.005719224388126921,
"avg_TS_auc_6": 0.7997269222222221,
"std_TS_auc_6": 0.03799758033117632,
"avg_TS_f1_7": 0.9792435110592563,
"std_TS_f1_7": 0.0028172008087328287,
"avg_TS_ap_7": 0.9982479822550889,
"std_TS_ap_7": 0.0006053401929911512,
"avg_TS_auc_7": 0.9844267111111111,
"std_TS_auc_7": 0.005177857639632106,
"avg_TS_f1_8": 0.9758444444444445,
"std_TS_f1_8": 0.02247342463477284,
"avg_TS_ap_8": 0.9957991015603873,
"std_TS_ap_8": 0.006129958148684533,
"avg_TS_auc_8": 0.9650234666666666,
"std_TS_auc_8": 0.050909833492536305,
"avg_TS_f1_9": 0.9767441635646424,
"std_TS_f1_9": 0.0017063861234430683,
"avg_TS_ap_9": 0.9976472262359615,
"std_TS_ap_9": 0.0005340578052929058,
"avg_TS_auc_9": 0.9794653666666665,
"std_TS_auc_9": 0.004210807290359277,
"avg_TS_f1_all": 0.9563546383348859,
"std_TS_f1_all": 0.0026595812261100637,
"avg_TS_ap_all": 0.984110615683619,
"std_TS_ap_all": 0.002432805351751437,
"avg_TS_auc_all": 0.9059147977777778,
"std_TS_auc_all": 0.007720188489446034
}