{
"avg_TS_f1_0": 0.9529777777777777,
"std_TS_f1_0": 0.003706783904354301,
"avg_TS_ap_0": 0.9644358390734131,
"std_TS_ap_0": 0.007771959833464294,
"avg_TS_auc_0": 0.8266833222222221,
"std_TS_auc_0": 0.009257261554285077,
"avg_TS_f1_1": 0.9545999999999999,
"std_TS_f1_1": 0.004454765793125938,
"avg_TS_ap_1": 0.9446356972823015,
"std_TS_ap_1": 0.017273630057627658,
"avg_TS_auc_1": 0.7639847222222222,
"std_TS_auc_1": 0.05430588411733517,
"avg_TS_f1_2": 0.9455777777777777,
"std_TS_f1_2": 0.0026381811916546026,
"avg_TS_ap_2": 0.9628387736306024,
"std_TS_ap_2": 0.006295258808212853,
"avg_TS_auc_2": 0.8034300444444444,
"std_TS_auc_2": 0.020820749298473315,
"avg_TS_f1_3": 0.9337111111111112,
"std_TS_f1_3": 0.0034402124539619715,
"avg_TS_ap_3": 0.8942092471041846,
"std_TS_ap_3": 0.014397841968709135,
"avg_TS_auc_3": 0.6185443777777777,
"std_TS_auc_3": 0.030196741425385715,
"avg_TS_f1_4": 0.9358548956423505,
"std_TS_f1_4": 0.0025226180403173865,
"avg_TS_ap_4": 0.925085130334249,
"std_TS_ap_4": 0.011535591238773816,
"avg_TS_auc_4": 0.6885651111111111,
"std_TS_auc_4": 0.02737548575294833,
"avg_TS_f1_5": 0.9369985851065801,
"std_TS_f1_5": 0.013670324758886396,
"avg_TS_ap_5": 0.8842263016616343,
"std_TS_ap_5": 0.019273727504082228,
"avg_TS_auc_5": 0.6056180777777778,
"std_TS_auc_5": 0.057378971978703466,
"avg_TS_f1_6": 0.9233213931638178,
"std_TS_f1_6": 0.0013107469077187884,
"avg_TS_ap_6": 0.9150891276676214,
"std_TS_ap_6": 0.011638602421097252,
"avg_TS_auc_6": 0.6501440111111111,
"std_TS_auc_6": 0.03835446182345884,
"avg_TS_f1_7": 0.9475333333333331,
"std_TS_f1_7": 0.003062638255886535,
"avg_TS_ap_7": 0.9242256527264543,
"std_TS_ap_7": 0.012932131486837316,
"avg_TS_auc_7": 0.6791385111111111,
"std_TS_auc_7": 0.04037072087631499,
"avg_TS_f1_8": 0.9429882561376866,
"std_TS_f1_8": 0.0026709070360391024,
"avg_TS_ap_8": 0.8565848889909384,
"std_TS_ap_8": 0.006553721021055606,
"avg_TS_auc_8": 0.5628568777777778,
"std_TS_auc_8": 0.01946129924007144,
"avg_TS_f1_9": 0.9494432666012308,
"std_TS_f1_9": 0.003734672058007801,
"avg_TS_ap_9": 0.9291443946073243,
"std_TS_ap_9": 0.018980293020132932,
"avg_TS_auc_9": 0.6881385,
"std_TS_auc_9": 0.06732099275244918,
"avg_TS_f1_all": 0.9423006396651665,
"std_TS_f1_all": 0.0011369135671756305,
"avg_TS_ap_all": 0.9200475053078725,
"std_TS_ap_all": 0.005449417497378543,
"avg_TS_auc_all": 0.6887103555555555,
"std_TS_auc_all": 0.018077818502639093
}