{
"avg_TS_f1_0": 0.9428222222222221,
"std_TS_f1_0": 0.0017618733015924318,
"avg_TS_ap_0": 0.9713919046311613,
"std_TS_ap_0": 0.0015864879883746867,
"avg_TS_auc_0": 0.8280459666666667,
"std_TS_auc_0": 0.009251183526259915,
"avg_TS_f1_1": 0.9784444444444444,
"std_TS_f1_1": 0.001920648038785043,
"avg_TS_ap_1": 0.9882647587677434,
"std_TS_ap_1": 0.00038423198193652,
"avg_TS_auc_1": 0.9392842333333334,
"std_TS_auc_1": 0.003560817982978244,
"avg_TS_f1_2": 0.9511766838898457,
"std_TS_f1_2": 0.0020136010000863158,
"avg_TS_ap_2": 0.9850073644280926,
"std_TS_ap_2": 0.0009418901875416059,
"avg_TS_auc_2": 0.8963750666666666,
"std_TS_auc_2": 0.004782635401450745,
"avg_TS_f1_3": 0.9232958050420027,
"std_TS_f1_3": 0.0022549438123633373,
"avg_TS_ap_3": 0.9575210454389531,
"std_TS_ap_3": 0.002716167657210228,
"avg_TS_auc_3": 0.7432632555555556,
"std_TS_auc_3": 0.014448994372312226,
"avg_TS_f1_4": 0.9391097270836035,
"std_TS_f1_4": 0.0013798029475378555,
"avg_TS_ap_4": 0.9823153470149372,
"std_TS_ap_4": 0.0006965781041622813,
"avg_TS_auc_4": 0.8760996666666667,
"std_TS_auc_4": 0.005237135041057496,
"avg_TS_f1_5": 0.9359214869961912,
"std_TS_f1_5": 0.0032784537450433523,
"avg_TS_ap_5": 0.9741601883649238,
"std_TS_ap_5": 0.0018364093387737437,
"avg_TS_auc_5": 0.8235041222222221,
"std_TS_auc_5": 0.012412858386177915,
"avg_TS_f1_6": 0.9226752202282842,
"std_TS_f1_6": 0.0014431488199561373,
"avg_TS_ap_6": 0.9639950163627885,
"std_TS_ap_6": 0.0017161272094269428,
"avg_TS_auc_6": 0.7707928333333334,
"std_TS_auc_6": 0.005932732711381073,
"avg_TS_f1_7": 0.9685885672660828,
"std_TS_f1_7": 0.0021523214944167393,
"avg_TS_ap_7": 0.9944452014108437,
"std_TS_ap_7": 0.00037266798941447085,
"avg_TS_auc_7": 0.9585366555555556,
"std_TS_auc_7": 0.002293921818175481,
"avg_TS_f1_8": 0.9309420980177912,
"std_TS_f1_8": 0.00403614788392074,
"avg_TS_ap_8": 0.9512141170599916,
"std_TS_ap_8": 0.0028458122525029396,
"avg_TS_auc_8": 0.7385093111111111,
"std_TS_auc_8": 0.016402334541931254,
"avg_TS_f1_9": 0.9707993801780445,
"std_TS_f1_9": 0.0023275814669030622,
"avg_TS_ap_9": 0.9925829271427528,
"std_TS_ap_9": 0.0010712062677997035,
"avg_TS_auc_9": 0.9481806444444445,
"std_TS_auc_9": 0.006160714449970373,
"avg_TS_f1_all": 0.9463775635368512,
"std_TS_f1_all": 0.0009070881893953335,
"avg_TS_ap_all": 0.9760897870622186,
"std_TS_ap_all": 0.0007207351100488955,
"avg_TS_auc_all": 0.8522591755555556,
"std_TS_auc_all": 0.003357874428816367
}