{
"avg_TS_f1_0": 0.9601555555555554,
"std_TS_f1_0": 0.0022766663955316804,
"avg_TS_ap_0": 0.9676213750444319,
"std_TS_ap_0": 0.003447137840185156,
"avg_TS_auc_0": 0.8610231666666666,
"std_TS_auc_0": 0.010269074121174372,
"avg_TS_f1_1": 0.9718222222222221,
"std_TS_f1_1": 0.0005470459388929565,
"avg_TS_ap_1": 0.9457588061726666,
"std_TS_ap_1": 0.003841565601299087,
"avg_TS_auc_1": 0.8455537111111111,
"std_TS_auc_1": 0.0068519520473014515,
"avg_TS_f1_2": 0.9543217079961233,
"std_TS_f1_2": 0.0036036505298625344,
"avg_TS_ap_2": 0.9661359938058084,
"std_TS_ap_2": 0.0019373323321161516,
"avg_TS_auc_2": 0.8540632444444445,
"std_TS_auc_2": 0.0024834348879558283,
"avg_TS_f1_3": 0.9353763678229038,
"std_TS_f1_3": 0.0035188368599364576,
"avg_TS_ap_3": 0.935675396379286,
"std_TS_ap_3": 0.002184684209877695,
"avg_TS_auc_3": 0.6837038888888889,
"std_TS_auc_3": 0.007692323213662869,
"avg_TS_f1_4": 0.9403882228025016,
"std_TS_f1_4": 0.002826759503223806,
"avg_TS_ap_4": 0.957658790715578,
"std_TS_ap_4": 0.003649323609038563,
"avg_TS_auc_4": 0.7986321222222222,
"std_TS_auc_4": 0.016345777506004522,
"avg_TS_f1_5": 0.9450888888888889,
"std_TS_f1_5": 0.014782271664245531,
"avg_TS_ap_5": 0.9152374708840878,
"std_TS_ap_5": 0.05576119664225671,
"avg_TS_auc_5": 0.7016771888888889,
"std_TS_auc_5": 0.1603753848278808,
"avg_TS_f1_6": 0.9278769894623776,
"std_TS_f1_6": 0.00073442503561991,
"avg_TS_ap_6": 0.9533346688195629,
"std_TS_ap_6": 0.0014492798831233545,
"avg_TS_auc_6": 0.7505828111111111,
"std_TS_auc_6": 0.00286797522386282,
"avg_TS_f1_7": 0.9564,
"std_TS_f1_7": 0.007832379768595615,
"avg_TS_ap_7": 0.9676213525181525,
"std_TS_ap_7": 0.008606787376072551,
"avg_TS_auc_7": 0.8549414444444444,
"std_TS_auc_7": 0.03558108662392852,
"avg_TS_f1_8": 0.9648666666666668,
"std_TS_f1_8": 0.0137905675404031,
"avg_TS_ap_8": 0.9490386819601795,
"std_TS_ap_8": 0.053443680379719014,
"avg_TS_auc_8": 0.8245275666666666,
"std_TS_auc_8": 0.15859127463827985,
"avg_TS_f1_9": 0.9623333333333333,
"std_TS_f1_9": 0.011064792344623072,
"avg_TS_ap_9": 0.9600209135735787,
"std_TS_ap_9": 0.012266776276550947,
"avg_TS_auc_9": 0.8419393333333334,
"std_TS_auc_9": 0.039456456363633374,
"avg_TS_f1_all": 0.9518629954750573,
"std_TS_f1_all": 0.0018189713206159049,
"avg_TS_ap_all": 0.951810344987333,
"std_TS_ap_all": 0.005808170907895492,
"avg_TS_auc_all": 0.8016644477777779,
"std_TS_auc_all": 0.01803099575260236
}