{
"avg_TS_f1_0": 0.9588995709638191,
"std_TS_f1_0": 0.002428907878982261,
"avg_TS_ap_0": 0.9750189070621198,
"std_TS_ap_0": 0.0025595311356271604,
"avg_TS_auc_0": 0.8647874111111111,
"std_TS_auc_0": 0.01084296997880351,
"avg_TS_f1_1": 0.9816666666666667,
"std_TS_f1_1": 0.0006740333728046203,
"avg_TS_ap_1": 0.9815463487120413,
"std_TS_ap_1": 0.00525986992681345,
"avg_TS_auc_1": 0.9340670222222223,
"std_TS_auc_1": 0.009602969784574804,
"avg_TS_f1_2": 0.9553429597940626,
"std_TS_f1_2": 0.001458563033382806,
"avg_TS_ap_2": 0.9814345052708522,
"std_TS_ap_2": 0.00128791041805626,
"avg_TS_auc_2": 0.8806940000000001,
"std_TS_auc_2": 0.0040862622076451895,
"avg_TS_f1_3": 0.944521604286658,
"std_TS_f1_3": 0.0004550603151687814,
"avg_TS_ap_3": 0.9156051857839504,
"std_TS_ap_3": 0.0012710106501578012,
"avg_TS_auc_3": 0.7314505222222223,
"std_TS_auc_3": 0.0024716100124872412,
"avg_TS_f1_4": 0.9435660647813767,
"std_TS_f1_4": 0.0013194607254934762,
"avg_TS_ap_4": 0.9666904533666203,
"std_TS_ap_4": 0.0035093580475005926,
"avg_TS_auc_4": 0.828582511111111,
"std_TS_auc_4": 0.006045547228587831,
"avg_TS_f1_5": 0.9702107919575779,
"std_TS_f1_5": 0.0015618321121570738,
"avg_TS_ap_5": 0.997180241538269,
"std_TS_ap_5": 0.0002608101728828612,
"avg_TS_auc_5": 0.9750481555555556,
"std_TS_auc_5": 0.00229889340915735,
"avg_TS_f1_6": 0.9276650431196796,
"std_TS_f1_6": 0.000770532816003907,
"avg_TS_ap_6": 0.9186958926851567,
"std_TS_ap_6": 0.0013680270499461795,
"avg_TS_auc_6": 0.7097727555555556,
"std_TS_auc_6": 0.0023274216607998832,
"avg_TS_f1_7": 0.9628773512108697,
"std_TS_f1_7": 0.0016492706599231515,
"avg_TS_ap_7": 0.968102350413182,
"std_TS_ap_7": 0.008877789732842792,
"avg_TS_auc_7": 0.8584643,
"std_TS_auc_7": 0.031082687711765835,
"avg_TS_f1_8": 0.9720000000000001,
"std_TS_f1_8": 0.0008225224677031902,
"avg_TS_ap_8": 0.9802778635095665,
"std_TS_ap_8": 0.0023750133076724887,
"avg_TS_auc_8": 0.8937833666666666,
"std_TS_auc_8": 0.008277037607892628,
"avg_TS_f1_9": 0.9791777777777778,
"std_TS_f1_9": 0.0013045031219057238,
"avg_TS_ap_9": 0.9889264110777949,
"std_TS_ap_9": 0.007596886837363553,
"avg_TS_auc_9": 0.9465076222222223,
"std_TS_auc_9": 0.027116163608832795,
"avg_TS_f1_all": 0.9595927830558487,
"std_TS_f1_all": 0.0005617436876090664,
"avg_TS_ap_all": 0.9673478159419553,
"std_TS_ap_all": 0.0013968168251453704,
"avg_TS_auc_all": 0.8623157666666665,
"std_TS_auc_all": 0.005369206232958139
}