{
"avg_TS_f1_0": 0.956021233278392,
"std_TS_f1_0": 0.0010502426731694586,
"avg_TS_ap_0": 0.9881311590315345,
"std_TS_ap_0": 0.0005189967302038571,
"avg_TS_auc_0": 0.9099324444444445,
"std_TS_auc_0": 0.0032460604242339104,
"avg_TS_f1_1": 0.9912666666666669,
"std_TS_f1_1": 0.0002685121327465391,
"avg_TS_ap_1": 0.9976831916978804,
"std_TS_ap_1": 0.00012627440129847294,
"avg_TS_auc_1": 0.9847930222222221,
"std_TS_auc_1": 0.0008509112606965671,
"avg_TS_f1_2": 0.9541206869517442,
"std_TS_f1_2": 0.0012211981665970605,
"avg_TS_ap_2": 0.9920177429875862,
"std_TS_ap_2": 0.00038908014560410823,
"avg_TS_auc_2": 0.934763911111111,
"std_TS_auc_2": 0.0023162537512644824,
"avg_TS_f1_3": 0.9442864307276331,
"std_TS_f1_3": 0.0015157339200215145,
"avg_TS_ap_3": 0.983820031618434,
"std_TS_ap_3": 0.0012460222372637825,
"avg_TS_auc_3": 0.8758123222222223,
"std_TS_auc_3": 0.008943221794103035,
"avg_TS_f1_4": 0.9444314918730055,
"std_TS_f1_4": 0.0004587062376425522,
"avg_TS_ap_4": 0.990071820893435,
"std_TS_ap_4": 0.00013021317182586144,
"avg_TS_auc_4": 0.9165861,
"std_TS_auc_4": 0.0010949983935948427,
"avg_TS_f1_5": 0.9633325209425216,
"std_TS_f1_5": 0.0009381454558192059,
"avg_TS_ap_5": 0.9960019495546554,
"std_TS_ap_5": 0.0001811603917683861,
"avg_TS_auc_5": 0.964291388888889,
"std_TS_auc_5": 0.0015784417597393037,
"avg_TS_f1_6": 0.9277317196634381,
"std_TS_f1_6": 0.000865187748959978,
"avg_TS_ap_6": 0.9800937474216432,
"std_TS_ap_6": 0.000351970914894208,
"avg_TS_auc_6": 0.8407739888888889,
"std_TS_auc_6": 0.002095550114697802,
"avg_TS_f1_7": 0.9785659585764339,
"std_TS_f1_7": 0.0006423143276279003,
"avg_TS_ap_7": 0.9986122654523969,
"std_TS_ap_7": 3.477742357649553e-05,
"avg_TS_auc_7": 0.9873958222222221,
"std_TS_auc_7": 0.00031716313596446427,
"avg_TS_f1_8": 0.9580203813792124,
"std_TS_f1_8": 0.001909088791484104,
"avg_TS_ap_8": 0.9854823585530814,
"std_TS_ap_8": 0.0012920860376933498,
"avg_TS_auc_8": 0.9047548777777779,
"std_TS_auc_8": 0.004515178897567302,
"avg_TS_f1_9": 0.9793106333067886,
"std_TS_f1_9": 0.00068243261028673,
"avg_TS_ap_9": 0.998572476840525,
"std_TS_ap_9": 8.728972712355521e-05,
"avg_TS_auc_9": 0.9872065888888889,
"std_TS_auc_9": 0.000789549915231379,
"avg_TS_f1_all": 0.9597087723365835,
"std_TS_f1_all": 0.00036127542848502024,
"avg_TS_ap_all": 0.9910486744051171,
"std_TS_ap_all": 0.0003016808026832776,
"avg_TS_auc_all": 0.9306310466666667,
"std_TS_auc_all": 0.001502522333186291
}