{
"avg_TS_f1_0": 0.942631373347902,
"std_TS_f1_0": 0.007103665418990835,
"avg_TS_ap_0": 0.9849601243748914,
"std_TS_ap_0": 0.00303674790151374,
"avg_TS_auc_0": 0.8795321666666667,
"std_TS_auc_0": 0.02409951773985996,
"avg_TS_f1_1": 0.9793440734361786,
"std_TS_f1_1": 0.008233179905939282,
"avg_TS_ap_1": 0.9932289668930423,
"std_TS_ap_1": 0.0032827645928783455,
"avg_TS_auc_1": 0.9516785333333333,
"std_TS_auc_1": 0.02302671013964134,
"avg_TS_f1_2": 0.9473988024026025,
"std_TS_f1_2": 0.005224287523228387,
"avg_TS_ap_2": 0.9892445659547093,
"std_TS_ap_2": 0.0027492944237228058,
"avg_TS_auc_2": 0.9105877333333334,
"std_TS_auc_2": 0.02123730891531913,
"avg_TS_f1_3": 0.9298856973535568,
"std_TS_f1_3": 0.008165096470098445,
"avg_TS_ap_3": 0.960365534425202,
"std_TS_ap_3": 0.03290114669303267,
"avg_TS_auc_3": 0.7793382444444444,
"std_TS_auc_3": 0.08989831729927698,
"avg_TS_f1_4": 0.9371082800896346,
"std_TS_f1_4": 0.0032448267783595076,
"avg_TS_ap_4": 0.9866552266083625,
"std_TS_ap_4": 0.0026168593207652356,
"avg_TS_auc_4": 0.8881671000000001,
"std_TS_auc_4": 0.019975890197423175,
"avg_TS_f1_5": 0.9559652918989328,
"std_TS_f1_5": 0.004379390502736459,
"avg_TS_ap_5": 0.9939929419311226,
"std_TS_ap_5": 0.0009179971211540469,
"avg_TS_auc_5": 0.9473248777777776,
"std_TS_auc_5": 0.008133146793732171,
"avg_TS_f1_6": 0.9207743047453254,
"std_TS_f1_6": 0.0041667478476181945,
"avg_TS_ap_6": 0.9785705860545202,
"std_TS_ap_6": 0.0018723798547771336,
"avg_TS_auc_6": 0.8247066777777778,
"std_TS_auc_6": 0.014512289746391181,
"avg_TS_f1_7": 0.974288888888889,
"std_TS_f1_7": 0.003187630413696231,
"avg_TS_ap_7": 0.9975036869752184,
"std_TS_ap_7": 0.0005713762127176011,
"avg_TS_auc_7": 0.9782125666666666,
"std_TS_auc_7": 0.004714885609991939,
"avg_TS_f1_8": 0.9452853218394541,
"std_TS_f1_8": 0.004690412260734158,
"avg_TS_ap_8": 0.984118052911985,
"std_TS_ap_8": 0.005810123877125735,
"avg_TS_auc_8": 0.8797097888888891,
"std_TS_auc_8": 0.0362148753156442,
"avg_TS_f1_9": 0.9681777777777778,
"std_TS_f1_9": 0.004860320570639661,
"avg_TS_ap_9": 0.9961909259576537,
"std_TS_ap_9": 0.000701875007862816,
"avg_TS_auc_9": 0.9672151666666666,
"std_TS_auc_9": 0.006218472668262401,
"avg_TS_f1_all": 0.9500859811780253,
"std_TS_f1_all": 0.0017716925170801713,
"avg_TS_ap_all": 0.9864830612086706,
"std_TS_ap_all": 0.003482074146405204,
"avg_TS_auc_all": 0.9006472855555554,
"std_TS_auc_all": 0.010606630372722614
}