{
"avg_TS_f1_0": 0.9631777777777778,
"std_TS_f1_0": 0.0010100727268767494,
"avg_TS_ap_0": 0.9893626920666989,
"std_TS_ap_0": 0.00041467339006856095,
"avg_TS_auc_0": 0.9211802111111111,
"std_TS_auc_0": 0.0029823321890224005,
"avg_TS_f1_1": 0.991311111111111,
"std_TS_f1_1": 0.0004061259307221556,
"avg_TS_ap_1": 0.9965472724625719,
"std_TS_ap_1": 0.00025295215577523616,
"avg_TS_auc_1": 0.9819966222222224,
"std_TS_auc_1": 0.0012240234063363208,
"avg_TS_f1_2": 0.9556000000000001,
"std_TS_f1_2": 0.001522830373245469,
"avg_TS_ap_2": 0.991342225925545,
"std_TS_ap_2": 0.0003276338760117335,
"avg_TS_auc_2": 0.9321036444444445,
"std_TS_auc_2": 0.0028316817000015025,
"avg_TS_f1_3": 0.9359200733374076,
"std_TS_f1_3": 0.001840621208428395,
"avg_TS_ap_3": 0.963707850789131,
"std_TS_ap_3": 0.006894809113804225,
"avg_TS_auc_3": 0.7846198111111111,
"std_TS_auc_3": 0.020161453837097987,
"avg_TS_f1_4": 0.9429752541807879,
"std_TS_f1_4": 0.0006944435084928279,
"avg_TS_ap_4": 0.9885219262466786,
"std_TS_ap_4": 0.00011484945479669219,
"avg_TS_auc_4": 0.9068464333333333,
"std_TS_auc_4": 0.001013489784097066,
"avg_TS_f1_5": 0.9651440326931743,
"std_TS_f1_5": 0.0028177278366660714,
"avg_TS_ap_5": 0.9966432685008002,
"std_TS_ap_5": 0.00047187688670803743,
"avg_TS_auc_5": 0.9696917777777779,
"std_TS_auc_5": 0.0042517606991939,
"avg_TS_f1_6": 0.9265848077074139,
"std_TS_f1_6": 0.0005078649290504035,
"avg_TS_ap_6": 0.9727994440552117,
"std_TS_ap_6": 0.0061006300565907045,
"avg_TS_auc_6": 0.806808622222222,
"std_TS_auc_6": 0.02022245062936944,
"avg_TS_f1_7": 0.9778,
"std_TS_f1_7": 0.0018410946824184943,
"avg_TS_ap_7": 0.9984531633101348,
"std_TS_ap_7": 0.00018822936694907455,
"avg_TS_auc_7": 0.9860654444444444,
"std_TS_auc_7": 0.0017118789251348411,
"avg_TS_f1_8": 0.9676222222222222,
"std_TS_f1_8": 0.019120230382412843,
"avg_TS_ap_8": 0.9894025673580655,
"std_TS_ap_8": 0.007700253482006856,
"avg_TS_auc_8": 0.9298307888888889,
"std_TS_auc_8": 0.05100541546391104,
"avg_TS_f1_9": 0.9810553524578525,
"std_TS_f1_9": 0.0010828521940829609,
"avg_TS_ap_9": 0.9985537022759301,
"std_TS_ap_9": 0.00012603315530144272,
"avg_TS_auc_9": 0.9876697222222223,
"std_TS_auc_9": 0.0009288689611099946,
"avg_TS_f1_all": 0.9607190631487746,
"std_TS_f1_all": 0.0018127678058782952,
"avg_TS_ap_all": 0.9885334112990767,
"std_TS_ap_all": 0.001257796328750983,
"avg_TS_auc_all": 0.9206813077777778,
"std_TS_auc_all": 0.005307397915711513
}