{
"avg_TS_f1_0": 0.9543651400386441,
"std_TS_f1_0": 0.0023251225298718337,
"avg_TS_ap_0": 0.984292928121324,
"std_TS_ap_0": 0.0006894135260053767,
"avg_TS_auc_0": 0.8921033444444445,
"std_TS_auc_0": 0.004413025292819188,
"avg_TS_f1_1": 0.9885111111111111,
"std_TS_f1_1": 0.0012738587242637016,
"avg_TS_ap_1": 0.9950335036493009,
"std_TS_ap_1": 0.0003855884268973619,
"avg_TS_auc_1": 0.973531988888889,
"std_TS_auc_1": 0.0013580702555509533,
"avg_TS_f1_2": 0.9527217042922137,
"std_TS_f1_2": 0.0005036183945366867,
"avg_TS_ap_2": 0.9898812937489649,
"std_TS_ap_2": 0.0005303967706818638,
"avg_TS_auc_2": 0.9236615222222222,
"std_TS_auc_2": 0.0031354300724163128,
"avg_TS_f1_3": 0.9403215400855602,
"std_TS_f1_3": 0.003082465821991185,
"avg_TS_ap_3": 0.9754232981858262,
"std_TS_ap_3": 0.0029451887488649207,
"avg_TS_auc_3": 0.8360366444444445,
"std_TS_auc_3": 0.01772831379184089,
"avg_TS_f1_4": 0.9400209084960058,
"std_TS_f1_4": 0.0008132856089763889,
"avg_TS_ap_4": 0.9864605655491643,
"std_TS_ap_4": 0.0011522388994905388,
"avg_TS_auc_4": 0.8971908777777777,
"std_TS_auc_4": 0.0053891157434954,
"avg_TS_f1_5": 0.9550550623182769,
"std_TS_f1_5": 0.001482222586492619,
"avg_TS_ap_5": 0.9911463214266993,
"std_TS_ap_5": 0.000559611759295567,
"avg_TS_auc_5": 0.9304534666666667,
"std_TS_auc_5": 0.0034262058485721824,
"avg_TS_f1_6": 0.9268531152066648,
"std_TS_f1_6": 0.001966968689726443,
"avg_TS_ap_6": 0.974160545555862,
"std_TS_ap_6": 0.0007934773398463916,
"avg_TS_auc_6": 0.8133082666666667,
"std_TS_auc_6": 0.005042770486743847,
"avg_TS_f1_7": 0.9734552709718441,
"std_TS_f1_7": 0.0012668469519989452,
"avg_TS_ap_7": 0.9972080832094725,
"std_TS_ap_7": 0.0002373124163473921,
"avg_TS_auc_7": 0.9774441444444445,
"std_TS_auc_7": 0.001960774979566426,
"avg_TS_f1_8": 0.9540222222222221,
"std_TS_f1_8": 0.0045701122443465485,
"avg_TS_ap_8": 0.9805056593979679,
"std_TS_ap_8": 0.0013842347587243416,
"avg_TS_auc_8": 0.8820388888888889,
"std_TS_auc_8": 0.010137836301039177,
"avg_TS_f1_9": 0.9782662012087091,
"std_TS_f1_9": 0.0011379031972362731,
"avg_TS_ap_9": 0.9973112752933405,
"std_TS_ap_9": 0.00021790211482034137,
"avg_TS_auc_9": 0.9788711000000001,
"std_TS_auc_9": 0.0015632390326925517,
"avg_TS_f1_all": 0.9563592275951253,
"std_TS_f1_all": 0.0007605156664209584,
"avg_TS_ap_all": 0.9871423474137921,
"std_TS_ap_all": 0.0004955821153731804,
"avg_TS_auc_all": 0.9104640244444445,
"std_TS_auc_all": 0.002677648588443356
}