{
"avg_TS_f1_0": 0.957321749973764,
"std_TS_f1_0": 0.0006994395596196125,
"avg_TS_ap_0": 0.9860356137291311,
"std_TS_ap_0": 0.0011633088082158986,
"avg_TS_auc_0": 0.9008103000000001,
"std_TS_auc_0": 0.005501214408980962,
"avg_TS_f1_1": 0.9910444444444444,
"std_TS_f1_1": 0.00011331154474650402,
"avg_TS_ap_1": 0.9953974748205636,
"std_TS_ap_1": 0.0003497021354920042,
"avg_TS_auc_1": 0.9763101555555556,
"std_TS_auc_1": 0.0012156661144114669,
"avg_TS_f1_2": 0.9533989542628912,
"std_TS_f1_2": 0.0009976360086088219,
"avg_TS_ap_2": 0.9883594249761956,
"std_TS_ap_2": 0.0007759621951832799,
"avg_TS_auc_2": 0.9163822444444445,
"std_TS_auc_2": 0.003769552209644251,
"avg_TS_f1_3": 0.9396653023933428,
"std_TS_f1_3": 0.0017246705225779165,
"avg_TS_ap_3": 0.9235874922856986,
"std_TS_ap_3": 0.018855413118262106,
"avg_TS_auc_3": 0.7330284555555555,
"std_TS_auc_3": 0.03569625957910391,
"avg_TS_f1_4": 0.942843159187856,
"std_TS_f1_4": 0.0007656299099302638,
"avg_TS_ap_4": 0.9866584769577413,
"std_TS_ap_4": 0.0003350662182007415,
"avg_TS_auc_4": 0.8962470444444446,
"std_TS_auc_4": 0.001139343465052576,
"avg_TS_f1_5": 0.9693555555555555,
"std_TS_f1_5": 0.0007742778395637389,
"avg_TS_ap_5": 0.9971596320202106,
"std_TS_ap_5": 0.00012267174364176026,
"avg_TS_auc_5": 0.9744694666666668,
"std_TS_auc_5": 0.0011095777267073742,
"avg_TS_f1_6": 0.9271523121654907,
"std_TS_f1_6": 0.0007626463872539884,
"avg_TS_ap_6": 0.9737298496844977,
"std_TS_ap_6": 0.004361524311971402,
"avg_TS_auc_6": 0.8138690999999998,
"std_TS_auc_6": 0.016650991263244458,
"avg_TS_f1_7": 0.9806222222222223,
"std_TS_f1_7": 0.0007255478985473,
"avg_TS_ap_7": 0.9986198611268573,
"std_TS_ap_7": 0.00010145651633031321,
"avg_TS_auc_7": 0.9875910444444443,
"std_TS_auc_7": 0.0009078629209356765,
"avg_TS_f1_8": 0.9832888888888889,
"std_TS_f1_8": 0.006120840739475654,
"avg_TS_ap_8": 0.9948723764812059,
"std_TS_ap_8": 0.0027434613641852965,
"avg_TS_auc_8": 0.9711454555555555,
"std_TS_auc_8": 0.013308538136896766,
"avg_TS_f1_9": 0.9782666666666667,
"std_TS_f1_9": 0.0009952975856248572,
"avg_TS_ap_9": 0.9981697073311269,
"std_TS_ap_9": 0.00015605677324087463,
"avg_TS_auc_9": 0.9839308555555555,
"std_TS_auc_9": 0.0013250021759125673,
"avg_TS_f1_all": 0.9622959255761122,
"std_TS_f1_all": 0.0006274976400884236,
"avg_TS_ap_all": 0.984258990941323,
"std_TS_ap_all": 0.0022812293538304793,
"avg_TS_auc_all": 0.9153784122222222,
"std_TS_auc_all": 0.005569607443626824
}