{
"avg_TS_f1_0": 0.9426641270194024,
"std_TS_f1_0": 0.001410440274047463,
"avg_TS_ap_0": 0.9796506675058417,
"std_TS_ap_0": 0.000534884444775523,
"avg_TS_auc_0": 0.8499982444444445,
"std_TS_auc_0": 0.004259505864026807,
"avg_TS_f1_1": 0.9769100814242767,
"std_TS_f1_1": 0.0007886413833197183,
"avg_TS_ap_1": 0.9912104137505204,
"std_TS_ap_1": 0.0018594854755819138,
"avg_TS_auc_1": 0.9453609333333333,
"std_TS_auc_1": 0.004522022501513851,
"avg_TS_f1_2": 0.9487743290511164,
"std_TS_f1_2": 0.00106681859515241,
"avg_TS_ap_2": 0.9867054704245568,
"std_TS_ap_2": 0.0003764282743858251,
"avg_TS_auc_2": 0.8964906666666668,
"std_TS_auc_2": 0.0029028263315450244,
"avg_TS_f1_3": 0.9207622645702539,
"std_TS_f1_3": 0.0008421488003331736,
"avg_TS_ap_3": 0.9709549621337071,
"std_TS_ap_3": 0.0008254564819701122,
"avg_TS_auc_3": 0.7788504777777778,
"std_TS_auc_3": 0.005507768091534322,
"avg_TS_f1_4": 0.9367971676655475,
"std_TS_f1_4": 0.0008262758717713598,
"avg_TS_ap_4": 0.9849468243778505,
"std_TS_ap_4": 0.00020165005659108115,
"avg_TS_auc_4": 0.879268888888889,
"std_TS_auc_4": 0.0016873163355012666,
"avg_TS_f1_5": 0.9349171507910754,
"std_TS_f1_5": 0.0017511489230160814,
"avg_TS_ap_5": 0.9822026085131113,
"std_TS_ap_5": 0.0006059908801077804,
"avg_TS_auc_5": 0.860052111111111,
"std_TS_auc_5": 0.005015715251112968,
"avg_TS_f1_6": 0.9228393132013404,
"std_TS_f1_6": 0.0010812238986431136,
"avg_TS_ap_6": 0.9734481545263028,
"std_TS_ap_6": 0.0006617051148672611,
"avg_TS_auc_6": 0.7977848666666667,
"std_TS_auc_6": 0.004493762805830083,
"avg_TS_f1_7": 0.9680881258835369,
"std_TS_f1_7": 0.0024164466705565235,
"avg_TS_ap_7": 0.9944945108539747,
"std_TS_ap_7": 0.0003373428300456998,
"avg_TS_auc_7": 0.9580854222222224,
"std_TS_auc_7": 0.0028053213500923045,
"avg_TS_f1_8": 0.9178065448080449,
"std_TS_f1_8": 0.0014898006122201078,
"avg_TS_ap_8": 0.9465187206453127,
"std_TS_ap_8": 0.0025433109940409464,
"avg_TS_auc_8": 0.6856651888888888,
"std_TS_auc_8": 0.009778370391359557,
"avg_TS_f1_9": 0.9748655715440983,
"std_TS_f1_9": 0.0015415436405847587,
"avg_TS_ap_9": 0.991801870197887,
"std_TS_ap_9": 0.00047665857952170984,
"avg_TS_auc_9": 0.9473306888888888,
"std_TS_auc_9": 0.0032904974911116547,
"avg_TS_f1_all": 0.9444424675958691,
"std_TS_f1_all": 0.00038527936032253736,
"avg_TS_ap_all": 0.9801934202929065,
"std_TS_ap_all": 0.0002318833493763477,
"avg_TS_auc_all": 0.859888748888889,
"std_TS_auc_all": 0.0011764486773336682
}