{
"avg_TS_f1_0": 0.957,
"std_TS_f1_0": 0.0,
"avg_TS_ap_0": 0.9920994279508852,
"std_TS_ap_0": 0.0,
"avg_TS_auc_0": 0.9347608888888888,
"std_TS_auc_0": 0.0,
"avg_TS_f1_1": 0.9674981943441302,
"std_TS_f1_1": 0.0,
"avg_TS_ap_1": 0.9967131888712198,
"std_TS_ap_1": 0.0,
"avg_TS_auc_1": 0.9708052222222222,
"std_TS_auc_1": 0.0,
"avg_TS_f1_2": 0.9473333333333334,
"std_TS_f1_2": 0.0,
"avg_TS_ap_2": 0.9844156224089531,
"std_TS_ap_2": 0.0,
"avg_TS_auc_2": 0.8830994444444444,
"std_TS_auc_2": 0.0,
"avg_TS_f1_3": 0.951714174584653,
"std_TS_f1_3": 0.0,
"avg_TS_ap_3": 0.988218327946015,
"std_TS_ap_3": 0.0,
"avg_TS_auc_3": 0.9075265,
"std_TS_auc_3": 0.0,
"avg_TS_f1_4": 0.963386854825268,
"std_TS_f1_4": 0.0,
"avg_TS_ap_4": 0.9938426719665252,
"std_TS_ap_4": 0.0,
"avg_TS_auc_4": 0.9497847222222222,
"std_TS_auc_4": 0.0,
"avg_TS_f1_5": 0.961053391855103,
"std_TS_f1_5": 0.0,
"avg_TS_ap_5": 0.9935053910096662,
"std_TS_ap_5": 0.0,
"avg_TS_auc_5": 0.9466022222222221,
"std_TS_auc_5": 0.0,
"avg_TS_f1_6": 0.9726666666666667,
"std_TS_f1_6": 0.0,
"avg_TS_ap_6": 0.9973051278007901,
"std_TS_ap_6": 0.0,
"avg_TS_auc_6": 0.9767171666666666,
"std_TS_auc_6": 0.0,
"avg_TS_f1_7": 0.9768320462247901,
"std_TS_f1_7": 0.0,
"avg_TS_ap_7": 0.9970503631459255,
"std_TS_ap_7": 0.0,
"avg_TS_auc_7": 0.9757650555555556,
"std_TS_auc_7": 0.0,
"avg_TS_f1_8": 0.9705555555555555,
"std_TS_f1_8": 0.0,
"avg_TS_ap_8": 0.9953085195202351,
"std_TS_ap_8": 0.0,
"avg_TS_auc_8": 0.9621137777777777,
"std_TS_auc_8": 0.0,
"avg_TS_f1_9": 0.9731111111111111,
"std_TS_f1_9": 0.0,
"avg_TS_ap_9": 0.9969605252231347,
"std_TS_ap_9": 0.0,
"avg_TS_auc_9": 0.973798,
"std_TS_auc_9": 0.0,
"avg_TS_f1_all": 0.964115132850061,
"std_TS_f1_all": 0.0,
"avg_TS_ap_all": 0.9935419165843349,
"std_TS_ap_all": 0.0,
"avg_TS_auc_all": 0.9480973,
"std_TS_auc_all": 0.0
}