{
"avg_TS_f1_0": 0.9425111111111111,
"std_TS_f1_0": 0.009215821071651274,
"avg_TS_ap_0": 0.9765120537604093,
"std_TS_ap_0": 0.007099026911957152,
"avg_TS_auc_0": 0.8507755555555555,
"std_TS_auc_0": 0.036635798191332565,
"avg_TS_f1_1": 0.9742666666666666,
"std_TS_f1_1": 0.009879421185624357,
"avg_TS_ap_1": 0.9912282310664227,
"std_TS_ap_1": 0.004357062503916523,
"avg_TS_auc_1": 0.9465413999999999,
"std_TS_auc_1": 0.03120392847273177,
"avg_TS_f1_2": 0.9448327758949571,
"std_TS_f1_2": 0.0057760131659957345,
"avg_TS_ap_2": 0.9828671749080078,
"std_TS_ap_2": 0.002064840231843577,
"avg_TS_auc_2": 0.8790745333333334,
"std_TS_auc_2": 0.011232306380555397,
"avg_TS_f1_3": 0.9200444444444443,
"std_TS_f1_3": 0.00635011422080611,
"avg_TS_ap_3": 0.9702096964667992,
"std_TS_ap_3": 0.007403581187180744,
"avg_TS_auc_3": 0.7905801888888889,
"std_TS_auc_3": 0.03108067848598045,
"avg_TS_f1_4": 0.9225999999999999,
"std_TS_f1_4": 0.008265232850565914,
"avg_TS_ap_4": 0.9791813316567393,
"std_TS_ap_4": 0.0049077157937425205,
"avg_TS_auc_4": 0.8352092777777778,
"std_TS_auc_4": 0.033063435275426926,
"avg_TS_f1_5": 0.9412772104623096,
"std_TS_f1_5": 0.00626226746540211,
"avg_TS_ap_5": 0.9782509649516282,
"std_TS_ap_5": 0.007305977786418852,
"avg_TS_auc_5": 0.8527746333333333,
"std_TS_auc_5": 0.03925211467617199,
"avg_TS_f1_6": 0.9199111111111111,
"std_TS_f1_6": 0.00552676986902705,
"avg_TS_ap_6": 0.9664541503441992,
"std_TS_ap_6": 0.005650609773858515,
"avg_TS_auc_6": 0.7716843222222222,
"std_TS_auc_6": 0.028522772058899727,
"avg_TS_f1_7": 0.9351097962232469,
"std_TS_f1_7": 0.01808628668422281,
"avg_TS_ap_7": 0.985418767516364,
"std_TS_ap_7": 0.008389122712217877,
"avg_TS_auc_7": 0.8830212555555554,
"std_TS_auc_7": 0.058073493402146334,
"avg_TS_f1_8": 0.9332222222222223,
"std_TS_f1_8": 0.019210079658705956,
"avg_TS_ap_8": 0.9770272566449092,
"std_TS_ap_8": 0.005062533865037981,
"avg_TS_auc_8": 0.8413250777777778,
"std_TS_auc_8": 0.041361571088533985,
"avg_TS_f1_9": 0.9162103042761636,
"std_TS_f1_9": 0.007603750856572685,
"avg_TS_ap_9": 0.9677291929596237,
"std_TS_ap_9": 0.012385416298397364,
"avg_TS_auc_9": 0.7659898,
"std_TS_auc_9": 0.0754841352413804,
"avg_TS_f1_all": 0.9349985642412232,
"std_TS_f1_all": 0.004879559978945728,
"avg_TS_ap_all": 0.9774878820275102,
"std_TS_ap_all": 0.0024306228433786142,
"avg_TS_auc_all": 0.8416976044444444,
"std_TS_auc_all": 0.015856416323003875
}