{
"avg_TS_f1_0": 0.9337066329961992,
"std_TS_f1_0": 0.012873558959101604,
"avg_TS_ap_0": 0.9784478554846731,
"std_TS_ap_0": 0.006194836075396667,
"avg_TS_auc_0": 0.8322952555555556,
"std_TS_auc_0": 0.04845465659706004,
"avg_TS_f1_1": 0.9733877017542092,
"std_TS_f1_1": 0.01495169136790187,
"avg_TS_ap_1": 0.9928847972395444,
"std_TS_ap_1": 0.003415892138149812,
"avg_TS_auc_1": 0.9459281777777777,
"std_TS_auc_1": 0.02923549268517527,
"avg_TS_f1_2": 0.946198672765771,
"std_TS_f1_2": 0.005351075899030037,
"avg_TS_ap_2": 0.9901079701217705,
"std_TS_ap_2": 0.001577212271149905,
"avg_TS_auc_2": 0.9160022,
"std_TS_auc_2": 0.013228395033318737,
"avg_TS_f1_3": 0.9293865412275991,
"std_TS_f1_3": 0.0028610812074332252,
"avg_TS_ap_3": 0.9722428343597572,
"std_TS_ap_3": 0.0029595562266809183,
"avg_TS_auc_3": 0.7972894222222222,
"std_TS_auc_3": 0.017163303931648027,
"avg_TS_f1_4": 0.9365097517763331,
"std_TS_f1_4": 0.003199634152827247,
"avg_TS_ap_4": 0.9869206369050865,
"std_TS_ap_4": 0.0010437853157440984,
"avg_TS_auc_4": 0.8897475888888888,
"std_TS_auc_4": 0.008299383093361224,
"avg_TS_f1_5": 0.9407542752375131,
"std_TS_f1_5": 0.012452410958719512,
"avg_TS_ap_5": 0.9905017271799659,
"std_TS_ap_5": 0.003382109266652473,
"avg_TS_auc_5": 0.9169336333333332,
"std_TS_auc_5": 0.02876114904486578,
"avg_TS_f1_6": 0.9182990697014033,
"std_TS_f1_6": 0.005061187395726945,
"avg_TS_ap_6": 0.9756133487187306,
"std_TS_ap_6": 0.0032880690831478044,
"avg_TS_auc_6": 0.804184588888889,
"std_TS_auc_6": 0.023517998127743425,
"avg_TS_f1_7": 0.9690881468723571,
"std_TS_f1_7": 0.005476030791908507,
"avg_TS_ap_7": 0.9971822398346148,
"std_TS_ap_7": 0.000924146744725867,
"avg_TS_auc_7": 0.9745459555555556,
"std_TS_auc_7": 0.008273222721333585,
"avg_TS_f1_8": 0.9483098875863474,
"std_TS_f1_8": 0.018049349731638967,
"avg_TS_ap_8": 0.9881114323412767,
"std_TS_ap_8": 0.006048343488027277,
"avg_TS_auc_8": 0.9035512444444445,
"std_TS_auc_8": 0.04866625886729958,
"avg_TS_f1_9": 0.9714107944268509,
"std_TS_f1_9": 0.004149007723466663,
"avg_TS_ap_9": 0.9961602463947303,
"std_TS_ap_9": 0.0009235427941372024,
"avg_TS_auc_9": 0.9677692777777779,
"std_TS_auc_9": 0.007518547864784915,
"avg_TS_f1_all": 0.9467051474344583,
"std_TS_f1_all": 0.0031235796553430316,
"avg_TS_ap_all": 0.986817308858015,
"std_TS_ap_all": 0.0012049054865392302,
"avg_TS_auc_all": 0.8948247344444444,
"std_TS_auc_all": 0.009081668612745177
}