{
"avg_TS_f1_0": 0.9545439388608008,
"std_TS_f1_0": 0.004731355511433656,
"avg_TS_ap_0": 0.973162298244144,
"std_TS_ap_0": 0.011570300870237048,
"avg_TS_auc_0": 0.8596451888888887,
"std_TS_auc_0": 0.04027357850613264,
"avg_TS_f1_1": 0.9908222222222223,
"std_TS_f1_1": 0.0003887301263230115,
"avg_TS_ap_1": 0.9923020091809294,
"std_TS_ap_1": 0.0028539226683305806,
"avg_TS_auc_1": 0.9670813222222222,
"std_TS_auc_1": 0.008087672530294706,
"avg_TS_f1_2": 0.9549545900698189,
"std_TS_f1_2": 0.002073085495577582,
"avg_TS_ap_2": 0.9823964671430951,
"std_TS_ap_2": 0.0035129936515774303,
"avg_TS_auc_2": 0.9037494222222223,
"std_TS_auc_2": 0.013016713059840491,
"avg_TS_f1_3": 0.9323540295448514,
"std_TS_f1_3": 0.0028925991917234757,
"avg_TS_ap_3": 0.9288583092172443,
"std_TS_ap_3": 0.01623082006367394,
"avg_TS_auc_3": 0.6954596888888889,
"std_TS_auc_3": 0.0290730479566492,
"avg_TS_f1_4": 0.9411751862045754,
"std_TS_f1_4": 0.0007497167023996987,
"avg_TS_ap_4": 0.979143466823229,
"std_TS_ap_4": 0.002330302927869692,
"avg_TS_auc_4": 0.8755763666666665,
"std_TS_auc_4": 0.004538379949516434,
"avg_TS_f1_5": 0.963255132692557,
"std_TS_f1_5": 0.002725847640363174,
"avg_TS_ap_5": 0.9838326428711133,
"std_TS_ap_5": 0.003664870028086012,
"avg_TS_auc_5": 0.9336858444444445,
"std_TS_auc_5": 0.009274308390333622,
"avg_TS_f1_6": 0.9276189751282479,
"std_TS_f1_6": 0.0015760652783293266,
"avg_TS_ap_6": 0.9597531114906228,
"std_TS_ap_6": 0.003076707840424059,
"avg_TS_auc_6": 0.7796879111111111,
"std_TS_auc_6": 0.01501062829483425,
"avg_TS_f1_7": 0.9723772110796279,
"std_TS_f1_7": 0.0033803134723454165,
"avg_TS_ap_7": 0.9851756456398697,
"std_TS_ap_7": 0.0045132488598147716,
"avg_TS_auc_7": 0.9402565666666668,
"std_TS_auc_7": 0.008871622752752748,
"avg_TS_f1_8": 0.989111111111111,
"std_TS_f1_8": 0.0022900752049756956,
"avg_TS_ap_8": 0.9914362404065568,
"std_TS_ap_8": 0.0028780069690957206,
"avg_TS_auc_8": 0.9693434111111113,
"std_TS_auc_8": 0.009839982411820571,
"avg_TS_f1_9": 0.9793555555555555,
"std_TS_f1_9": 0.004098418845974262,
"avg_TS_ap_9": 0.9848515174670094,
"std_TS_ap_9": 0.005055290546979538,
"avg_TS_auc_9": 0.9492014444444443,
"std_TS_auc_9": 0.011461367373286348,
"avg_TS_f1_all": 0.9605567952469369,
"std_TS_f1_all": 0.0009852482909635822,
"avg_TS_ap_all": 0.9760911708483814,
"std_TS_ap_all": 0.002361905706200447,
"avg_TS_auc_all": 0.8873687166666668,
"std_TS_auc_all": 0.00597538309658064
}