{
"avg_TS_f1_0": 0.9517544554944409,
"std_TS_f1_0": 0.0014049797292114592,
"avg_TS_ap_0": 0.9759066102006191,
"std_TS_ap_0": 0.0020516956110338096,
"avg_TS_auc_0": 0.8760048333333333,
"std_TS_auc_0": 0.005167596861187357,
"avg_TS_f1_1": 0.9925555555555554,
"std_TS_f1_1": 0.00021081851067792723,
"avg_TS_ap_1": 0.9972186356085455,
"std_TS_ap_1": 0.0007092538459116576,
"avg_TS_auc_1": 0.9873740555555555,
"std_TS_auc_1": 0.0016665015125579734,
"avg_TS_f1_2": 0.9544212024124796,
"std_TS_f1_2": 0.0011962771626499173,
"avg_TS_ap_2": 0.9859353777418078,
"std_TS_ap_2": 0.000849022358666356,
"avg_TS_auc_2": 0.9196927555555556,
"std_TS_auc_2": 0.0021392275344036637,
"avg_TS_f1_3": 0.9289745849176706,
"std_TS_f1_3": 0.0015116860744138897,
"avg_TS_ap_3": 0.9546074875613894,
"std_TS_ap_3": 0.0037930615847604917,
"avg_TS_auc_3": 0.7420705222222223,
"std_TS_auc_3": 0.01492761599633626,
"avg_TS_f1_4": 0.9419307529430648,
"std_TS_f1_4": 0.0007604473225784847,
"avg_TS_ap_4": 0.9842784178666951,
"std_TS_ap_4": 0.003519446418354706,
"avg_TS_auc_4": 0.9004560555555556,
"std_TS_auc_4": 0.00793753817574177,
"avg_TS_f1_5": 0.9676996326956436,
"std_TS_f1_5": 0.00225093945206222,
"avg_TS_ap_5": 0.9897795640441824,
"std_TS_ap_5": 0.003522170685714521,
"avg_TS_auc_5": 0.9578811999999999,
"std_TS_auc_5": 0.006737636852143199,
"avg_TS_f1_6": 0.9261864634454999,
"std_TS_f1_6": 0.001480112392446583,
"avg_TS_ap_6": 0.9696617681344628,
"std_TS_ap_6": 0.0016147832258248077,
"avg_TS_auc_6": 0.8091848666666666,
"std_TS_auc_6": 0.004281238352147805,
"avg_TS_f1_7": 0.9797328888641962,
"std_TS_f1_7": 0.002445259209845852,
"avg_TS_ap_7": 0.9944320532974663,
"std_TS_ap_7": 0.002705336390345131,
"avg_TS_auc_7": 0.9733896222222223,
"std_TS_auc_7": 0.009229062442076883,
"avg_TS_f1_8": 0.9849111111111111,
"std_TS_f1_8": 0.010683643896797573,
"avg_TS_ap_8": 0.9953013776602069,
"std_TS_ap_8": 0.0025906599230505647,
"avg_TS_auc_8": 0.9763456222222221,
"std_TS_auc_8": 0.017135179140788482,
"avg_TS_f1_9": 0.9799328839256501,
"std_TS_f1_9": 0.00044378693265368377,
"avg_TS_ap_9": 0.9949833725501719,
"std_TS_ap_9": 0.0012784122448605741,
"avg_TS_auc_9": 0.9788468555555554,
"std_TS_auc_9": 0.001910878001480793,
"avg_TS_f1_all": 0.9608099531365312,
"std_TS_f1_all": 0.0010454605908539164,
"avg_TS_ap_all": 0.9842104664665549,
"std_TS_ap_all": 0.0005941184467547565,
"avg_TS_auc_all": 0.9121246388888888,
"std_TS_auc_all": 0.0016508392184275784
}