{
"avg_TS_f1_0": 0.9657777777777777,
"std_TS_f1_0": 0.001217161238900385,
"avg_TS_ap_0": 0.9705601102204741,
"std_TS_ap_0": 0.004579982126480303,
"avg_TS_auc_0": 0.8717818333333334,
"std_TS_auc_0": 0.009309015040854986,
"avg_TS_f1_1": 0.9815999999999999,
"std_TS_f1_1": 0.0005691665988829051,
"avg_TS_ap_1": 0.9443470217660288,
"std_TS_ap_1": 0.0028741815165758636,
"avg_TS_auc_1": 0.8630584000000001,
"std_TS_auc_1": 0.005930930142570371,
"avg_TS_f1_2": 0.9558888888888889,
"std_TS_f1_2": 0.0034754873536928877,
"avg_TS_ap_2": 0.9665818825440798,
"std_TS_ap_2": 0.002612288185357283,
"avg_TS_auc_2": 0.8635807999999999,
"std_TS_auc_2": 0.007571399683914469,
"avg_TS_f1_3": 0.9307984702853862,
"std_TS_f1_3": 0.002258577672715191,
"avg_TS_ap_3": 0.9406767500931004,
"std_TS_ap_3": 0.004546993846931052,
"avg_TS_auc_3": 0.7018943,
"std_TS_auc_3": 0.012771364254765468,
"avg_TS_f1_4": 0.9420875764702977,
"std_TS_f1_4": 0.0018159956103015707,
"avg_TS_ap_4": 0.9628123831361709,
"std_TS_ap_4": 0.0038900185069809324,
"avg_TS_auc_4": 0.8302954666666666,
"std_TS_auc_4": 0.0034389212394098337,
"avg_TS_f1_5": 0.9514666666666667,
"std_TS_f1_5": 0.017184891440656835,
"avg_TS_ap_5": 0.9584261542970793,
"std_TS_ap_5": 0.011332412748955812,
"avg_TS_auc_5": 0.8436861777777779,
"std_TS_auc_5": 0.05792336317530915,
"avg_TS_f1_6": 0.9269864411314931,
"std_TS_f1_6": 0.00047147577576988676,
"avg_TS_ap_6": 0.9471479662920107,
"std_TS_ap_6": 0.0010482314057656261,
"avg_TS_auc_6": 0.7453159333333332,
"std_TS_auc_6": 0.004406328479682881,
"avg_TS_f1_7": 0.9665555555555556,
"std_TS_f1_7": 0.00904119515752996,
"avg_TS_ap_7": 0.9753399508966532,
"std_TS_ap_7": 0.00833021958990445,
"avg_TS_auc_7": 0.9068739666666665,
"std_TS_auc_7": 0.03392992484272307,
"avg_TS_f1_8": 0.9694444444444444,
"std_TS_f1_8": 0.02118559958154665,
"avg_TS_ap_8": 0.9510612428539746,
"std_TS_ap_8": 0.058948130166084044,
"avg_TS_auc_8": 0.8357259444444445,
"std_TS_auc_8": 0.1885165369156454,
"avg_TS_f1_9": 0.9794444444444445,
"std_TS_f1_9": 0.0010134892667547782,
"avg_TS_ap_9": 0.9668871511635178,
"std_TS_ap_9": 0.0012867555152222712,
"avg_TS_auc_9": 0.9081094777777776,
"std_TS_auc_9": 0.005490763025479782,
"avg_TS_f1_all": 0.9570050265664956,
"std_TS_f1_all": 0.0023533570083930436,
"avg_TS_ap_all": 0.9583840613263088,
"std_TS_ap_all": 0.0055780289748880016,
"avg_TS_auc_all": 0.8370322299999999,
"std_TS_auc_all": 0.017256534514148346
}