{
"avg_TS_f1_0": 0.9415621198291783,
"std_TS_f1_0": 0.0007932061533237106,
"avg_TS_ap_0": 0.9765374857970471,
"std_TS_ap_0": 0.0006766947954786875,
"avg_TS_auc_0": 0.8385083888888889,
"std_TS_auc_0": 0.004369425651439419,
"avg_TS_f1_1": 0.9775106172565142,
"std_TS_f1_1": 0.0003899863815943903,
"avg_TS_ap_1": 0.9916256332462197,
"std_TS_ap_1": 0.00031650271302515457,
"avg_TS_auc_1": 0.9510929777777777,
"std_TS_auc_1": 0.0012287895070322605,
"avg_TS_f1_2": 0.9475520552319978,
"std_TS_f1_2": 0.0009934658494854213,
"avg_TS_ap_2": 0.9859059996494055,
"std_TS_ap_2": 0.0007489064717713294,
"avg_TS_auc_2": 0.8932002333333333,
"std_TS_auc_2": 0.003846991237093123,
"avg_TS_f1_3": 0.9198697600713451,
"std_TS_f1_3": 0.0011607405071526655,
"avg_TS_ap_3": 0.9666887357324965,
"std_TS_ap_3": 0.0027877521825530665,
"avg_TS_auc_3": 0.7594520777777779,
"std_TS_auc_3": 0.012198042419681282,
"avg_TS_f1_4": 0.936086049224957,
"std_TS_f1_4": 0.00047077449245172613,
"avg_TS_ap_4": 0.9844064954137888,
"std_TS_ap_4": 0.0004456704106881383,
"avg_TS_auc_4": 0.8771478555555555,
"std_TS_auc_4": 0.002611127203638356,
"avg_TS_f1_5": 0.9313820208838385,
"std_TS_f1_5": 0.0024549690659808623,
"avg_TS_ap_5": 0.9817800687470836,
"std_TS_ap_5": 0.0013430554608758673,
"avg_TS_auc_5": 0.8543588888888889,
"std_TS_auc_5": 0.009500632591868775,
"avg_TS_f1_6": 0.922750379765521,
"std_TS_f1_6": 0.001263954641637639,
"avg_TS_ap_6": 0.9694775515611743,
"std_TS_ap_6": 0.0010242363002677679,
"avg_TS_auc_6": 0.7819108555555555,
"std_TS_auc_6": 0.005704830898328028,
"avg_TS_f1_7": 0.9667977899183609,
"std_TS_f1_7": 0.0007221871949739108,
"avg_TS_ap_7": 0.9958708979301502,
"std_TS_ap_7": 0.00025940806253833143,
"avg_TS_auc_7": 0.9652766222222222,
"std_TS_auc_7": 0.001934681832839939,
"avg_TS_f1_8": 0.9193724045404332,
"std_TS_f1_8": 0.0012767105849174508,
"avg_TS_ap_8": 0.9477858360884293,
"std_TS_ap_8": 0.0019237124443501157,
"avg_TS_auc_8": 0.6994381222222221,
"std_TS_auc_8": 0.009535960238337813,
"avg_TS_f1_9": 0.9733207400411134,
"std_TS_f1_9": 0.0008333055507195996,
"avg_TS_ap_9": 0.9946822094421217,
"std_TS_ap_9": 0.00038340678921093796,
"avg_TS_auc_9": 0.9608555111111112,
"std_TS_auc_9": 0.0025183907948441277,
"avg_TS_f1_all": 0.943620393676326,
"std_TS_f1_all": 0.0005192358275621024,
"avg_TS_ap_all": 0.9794760913607916,
"std_TS_ap_all": 0.0006615245667436306,
"avg_TS_auc_all": 0.8581241533333334,
"std_TS_auc_all": 0.003207681970559777
}