{
"avg_TS_f1_0": 0.9517533023439574,
"std_TS_f1_0": 0.005725762950051926,
"avg_TS_ap_0": 0.9844982882842057,
"std_TS_ap_0": 0.001623301747053291,
"avg_TS_auc_0": 0.8834790111111112,
"std_TS_auc_0": 0.013507441354305311,
"avg_TS_f1_1": 0.9838331499898143,
"std_TS_f1_1": 0.004313072164858212,
"avg_TS_ap_1": 0.9959747382815222,
"std_TS_ap_1": 0.0006404813833491862,
"avg_TS_auc_1": 0.9704581444444443,
"std_TS_auc_1": 0.004968753360629334,
"avg_TS_f1_2": 0.9458979930179845,
"std_TS_f1_2": 0.005631574701994435,
"avg_TS_ap_2": 0.988248714614936,
"std_TS_ap_2": 0.0016603380856398818,
"avg_TS_auc_2": 0.903943511111111,
"std_TS_auc_2": 0.012931693898975109,
"avg_TS_f1_3": 0.9372874962189257,
"std_TS_f1_3": 0.0024613913055311688,
"avg_TS_ap_3": 0.9815767147229829,
"std_TS_ap_3": 0.000894431832882882,
"avg_TS_auc_3": 0.8563381111111111,
"std_TS_auc_3": 0.006641646326563979,
"avg_TS_f1_4": 0.9430654061028081,
"std_TS_f1_4": 0.0015092845478787088,
"avg_TS_ap_4": 0.9885966599044357,
"std_TS_ap_4": 0.0007575363003016869,
"avg_TS_auc_4": 0.9059043333333332,
"std_TS_auc_4": 0.005948700322313394,
"avg_TS_f1_5": 0.9574752053509077,
"std_TS_f1_5": 0.007797688393742734,
"avg_TS_ap_5": 0.9941853995997867,
"std_TS_ap_5": 0.0015626960890394593,
"avg_TS_auc_5": 0.9491988333333333,
"std_TS_auc_5": 0.013614719782483803,
"avg_TS_f1_6": 0.9232188084523214,
"std_TS_f1_6": 0.0037160643046127905,
"avg_TS_ap_6": 0.9762510835946283,
"std_TS_ap_6": 0.0049099241136144325,
"avg_TS_auc_6": 0.8137688222222221,
"std_TS_auc_6": 0.03056360862194703,
"avg_TS_f1_7": 0.9704552129439291,
"std_TS_f1_7": 0.0032992920590048957,
"avg_TS_ap_7": 0.9968381441183227,
"std_TS_ap_7": 0.00045522464292941365,
"avg_TS_auc_7": 0.9725013,
"std_TS_auc_7": 0.00405370022471467,
"avg_TS_f1_8": 0.9615098764060205,
"std_TS_f1_8": 0.010026172051538775,
"avg_TS_ap_8": 0.9895940420030691,
"std_TS_ap_8": 0.0027361993457017692,
"avg_TS_auc_8": 0.9211715,
"std_TS_auc_8": 0.023264664707461767,
"avg_TS_f1_9": 0.9754547647708822,
"std_TS_f1_9": 0.0016057128453788672,
"avg_TS_ap_9": 0.9973665521215507,
"std_TS_ap_9": 0.00023614885036952218,
"avg_TS_auc_9": 0.9779168777777777,
"std_TS_auc_9": 0.0019790138304809027,
"avg_TS_f1_all": 0.9549951215597551,
"std_TS_f1_all": 0.0013096395469056222,
"avg_TS_ap_all": 0.9893130337245439,
"std_TS_ap_all": 0.000675897023122782,
"avg_TS_auc_all": 0.9154680444444445,
"std_TS_auc_all": 0.004421313841731479
}