{
"avg_TS_f1_0": 0.945588359847152,
"std_TS_f1_0": 0.005006880818896649,
"avg_TS_ap_0": 0.9796527984890432,
"std_TS_ap_0": 0.0025583937865348337,
"avg_TS_auc_0": 0.8616038777777778,
"std_TS_auc_0": 0.01514246820094206,
"avg_TS_f1_1": 0.9867665327086073,
"std_TS_f1_1": 0.0015356441790488674,
"avg_TS_ap_1": 0.990093042805945,
"std_TS_ap_1": 0.002011006188541061,
"avg_TS_auc_1": 0.9587890444444443,
"std_TS_auc_1": 0.004128206554281807,
"avg_TS_f1_2": 0.9491650042286299,
"std_TS_f1_2": 0.004045381032712032,
"avg_TS_ap_2": 0.9870568854696649,
"std_TS_ap_2": 0.001759826563338353,
"avg_TS_auc_2": 0.9045285666666665,
"std_TS_auc_2": 0.008750101456865052,
"avg_TS_f1_3": 0.9376104697174534,
"std_TS_f1_3": 0.004131354424255122,
"avg_TS_ap_3": 0.9722253218755815,
"std_TS_ap_3": 0.0029381023855791374,
"avg_TS_auc_3": 0.8180931222222222,
"std_TS_auc_3": 0.011881570381430605,
"avg_TS_f1_4": 0.9354222222222223,
"std_TS_f1_4": 0.004441332243681553,
"avg_TS_ap_4": 0.983680869919891,
"std_TS_ap_4": 0.002586789893202632,
"avg_TS_auc_4": 0.8778670111111111,
"std_TS_auc_4": 0.01755242523981394,
"avg_TS_f1_5": 0.9534550857763703,
"std_TS_f1_5": 0.005382774721770116,
"avg_TS_ap_5": 0.9896512642296255,
"std_TS_ap_5": 0.0010376299881273976,
"avg_TS_auc_5": 0.9209327,
"std_TS_auc_5": 0.010151083574867797,
"avg_TS_f1_6": 0.9222632453951041,
"std_TS_f1_6": 0.002721941399002651,
"avg_TS_ap_6": 0.966921934393751,
"std_TS_ap_6": 0.002830562604413317,
"avg_TS_auc_6": 0.7739985666666666,
"std_TS_auc_6": 0.01621276306332167,
"avg_TS_f1_7": 0.972344162330006,
"std_TS_f1_7": 0.002497248939085598,
"avg_TS_ap_7": 0.995986517215038,
"std_TS_ap_7": 0.0008571616707008417,
"avg_TS_auc_7": 0.9694454222222223,
"std_TS_auc_7": 0.005152690222868026,
"avg_TS_f1_8": 0.9456770919372064,
"std_TS_f1_8": 0.006257698802057716,
"avg_TS_ap_8": 0.973904840272608,
"std_TS_ap_8": 0.0033141488577690175,
"avg_TS_auc_8": 0.8424022000000001,
"std_TS_auc_8": 0.019727438147099968,
"avg_TS_f1_9": 0.9781663672673174,
"std_TS_f1_9": 0.0027818812617324265,
"avg_TS_ap_9": 0.9961720107055501,
"std_TS_ap_9": 0.0007827811712277211,
"avg_TS_auc_9": 0.9716506444444445,
"std_TS_auc_9": 0.005316319151489451,
"avg_TS_f1_all": 0.9526458541430068,
"std_TS_f1_all": 0.0014800166597733007,
"avg_TS_ap_all": 0.9835345485376699,
"std_TS_ap_all": 0.0005827639096134486,
"avg_TS_auc_all": 0.8899311155555557,
"std_TS_auc_all": 0.004916080638319726
}