{
"avg_TS_f1_0": 0.9523545826619998,
"std_TS_f1_0": 0.006186494026446781,
"avg_TS_ap_0": 0.9564027959273634,
"std_TS_ap_0": 0.011407692701214132,
"avg_TS_auc_0": 0.8182798666666666,
"std_TS_auc_0": 0.040203077196311644,
"avg_TS_f1_1": 0.9847777777777779,
"std_TS_f1_1": 0.002722562337029629,
"avg_TS_ap_1": 0.9827562880871777,
"std_TS_ap_1": 0.0011660134927827185,
"avg_TS_auc_1": 0.9373810555555554,
"std_TS_auc_1": 0.0053131174220734005,
"avg_TS_f1_2": 0.9502994265113495,
"std_TS_f1_2": 0.006627419342684,
"avg_TS_ap_2": 0.9689854332172793,
"std_TS_ap_2": 0.009734391402345884,
"avg_TS_auc_2": 0.8489812777777777,
"std_TS_auc_2": 0.03734593370168452,
"avg_TS_f1_3": 0.938175071380912,
"std_TS_f1_3": 0.003962274662803828,
"avg_TS_ap_3": 0.9154734414287878,
"std_TS_ap_3": 0.005398816650784864,
"avg_TS_auc_3": 0.7182048,
"std_TS_auc_3": 0.021501155402793227,
"avg_TS_f1_4": 0.9395424795204672,
"std_TS_f1_4": 0.0019008133255978784,
"avg_TS_ap_4": 0.9556345862926712,
"std_TS_ap_4": 0.00585860446879985,
"avg_TS_auc_4": 0.8064876111111111,
"std_TS_auc_4": 0.016990102865608248,
"avg_TS_f1_5": 0.9582666666666666,
"std_TS_f1_5": 0.01071807058369355,
"avg_TS_ap_5": 0.9266784006495652,
"std_TS_ap_5": 0.01563323543769593,
"avg_TS_auc_5": 0.7841587666666666,
"std_TS_auc_5": 0.031913550806352387,
"avg_TS_f1_6": 0.9244769623003748,
"std_TS_f1_6": 0.0034052943283363803,
"avg_TS_ap_6": 0.9257244459865153,
"std_TS_ap_6": 0.0026694872913648644,
"avg_TS_auc_6": 0.7060232222222222,
"std_TS_auc_6": 0.012430744383022697,
"avg_TS_f1_7": 0.9619555555555556,
"std_TS_f1_7": 0.00851624446297113,
"avg_TS_ap_7": 0.9609843389003379,
"std_TS_ap_7": 0.009079950044898517,
"avg_TS_auc_7": 0.8449993555555556,
"std_TS_auc_7": 0.02722776647499379,
"avg_TS_f1_8": 0.9604773857806915,
"std_TS_f1_8": 0.005397176345192885,
"avg_TS_ap_8": 0.9564084820912869,
"std_TS_ap_8": 0.001303298924423269,
"avg_TS_auc_8": 0.8186294333333333,
"std_TS_auc_8": 0.010534947052747655,
"avg_TS_f1_9": 0.9732329376323376,
"std_TS_f1_9": 0.005242051020611669,
"avg_TS_ap_9": 0.9648004746307652,
"std_TS_ap_9": 0.004190299936333753,
"avg_TS_auc_9": 0.8623052222222223,
"std_TS_auc_9": 0.009746763393462837,
"avg_TS_f1_all": 0.9543558845788132,
"std_TS_f1_all": 0.0016141968206947123,
"avg_TS_ap_all": 0.951384868721175,
"std_TS_ap_all": 0.0022999996997474037,
"avg_TS_auc_all": 0.814545061111111,
"std_TS_auc_all": 0.006550705805300092
}