{
"avg_TS_f1_0": 0.935431167163608,
"std_TS_f1_0": 0.000903278980022022,
"avg_TS_ap_0": 0.9708510690466052,
"std_TS_ap_0": 0.0010974537905842237,
"avg_TS_auc_0": 0.8030415888888889,
"std_TS_auc_0": 0.00443093089021119,
"avg_TS_f1_1": 0.9684100610527745,
"std_TS_f1_1": 0.00034149041728120185,
"avg_TS_ap_1": 0.9856199337579712,
"std_TS_ap_1": 0.0019363781003351266,
"avg_TS_auc_1": 0.9176512777777779,
"std_TS_auc_1": 0.0026595130030854105,
"avg_TS_f1_2": 0.9442407355285095,
"std_TS_f1_2": 0.0010971126264195067,
"avg_TS_ap_2": 0.9821896958519007,
"std_TS_ap_2": 0.0009570621670882642,
"avg_TS_auc_2": 0.8705138555555557,
"std_TS_auc_2": 0.004553324530738228,
"avg_TS_f1_3": 0.9153517874449815,
"std_TS_f1_3": 0.0006744464894963806,
"avg_TS_ap_3": 0.9611915273879756,
"std_TS_ap_3": 0.002607859634736623,
"avg_TS_auc_3": 0.7268470777777777,
"std_TS_auc_3": 0.010553374947427393,
"avg_TS_f1_4": 0.9327970158835985,
"std_TS_f1_4": 0.0007003960190463743,
"avg_TS_ap_4": 0.9806828029822515,
"std_TS_ap_4": 0.000834170844169945,
"avg_TS_auc_4": 0.8543860555555554,
"std_TS_auc_4": 0.0039366102628693115,
"avg_TS_f1_5": 0.9130729286337461,
"std_TS_f1_5": 0.0020940316767655747,
"avg_TS_ap_5": 0.9618245468443514,
"std_TS_ap_5": 0.001991100246326098,
"avg_TS_auc_5": 0.7295938333333335,
"std_TS_auc_5": 0.011881100871645837,
"avg_TS_f1_6": 0.9198612982678516,
"std_TS_f1_6": 0.0010966122929957083,
"avg_TS_ap_6": 0.9636782107684001,
"std_TS_ap_6": 0.0009376908227969735,
"avg_TS_auc_6": 0.7514899777777778,
"std_TS_auc_6": 0.003423163463202234,
"avg_TS_f1_7": 0.9538868455091064,
"std_TS_f1_7": 0.00023972801029680527,
"avg_TS_ap_7": 0.9895998161114768,
"std_TS_ap_7": 0.0006087620164652719,
"avg_TS_auc_7": 0.9201797444444445,
"std_TS_auc_7": 0.00429094519568187,
"avg_TS_f1_8": 0.9092606415312389,
"std_TS_f1_8": 0.0015749405660752515,
"avg_TS_ap_8": 0.9310925621597349,
"std_TS_ap_8": 0.003172588815524414,
"avg_TS_auc_8": 0.6183813777777777,
"std_TS_auc_8": 0.012301653459194973,
"avg_TS_f1_9": 0.959732446864332,
"std_TS_f1_9": 0.0011626170116789405,
"avg_TS_ap_9": 0.9881607328710171,
"std_TS_ap_9": 0.0005848432018029651,
"avg_TS_auc_9": 0.9169580555555555,
"std_TS_auc_9": 0.002157569933919343,
"avg_TS_f1_all": 0.9352044927879748,
"std_TS_f1_all": 0.00048690981748397266,
"avg_TS_ap_all": 0.9714890897781684,
"std_TS_ap_all": 0.0006953760046161624,
"avg_TS_auc_all": 0.8109042844444444,
"std_TS_auc_all": 0.0035360772846027948
}