{
"avg_TS_f1_0": 0.9573865214734152,
"std_TS_f1_0": 0.0022278946225638093,
"avg_TS_ap_0": 0.9676056308712205,
"std_TS_ap_0": 0.002466575462128351,
"avg_TS_auc_0": 0.8588621999999999,
"std_TS_auc_0": 0.008073266131368495,
"avg_TS_f1_1": 0.9895111111111111,
"std_TS_f1_1": 0.000311111111111135,
"avg_TS_ap_1": 0.9711076577563587,
"std_TS_ap_1": 0.0013186118693142286,
"avg_TS_auc_1": 0.9236802555555557,
"std_TS_auc_1": 0.0025096132972980347,
"avg_TS_f1_2": 0.9558096215221834,
"std_TS_f1_2": 0.0007418686581793932,
"avg_TS_ap_2": 0.9761343539383527,
"std_TS_ap_2": 0.0033678497140209695,
"avg_TS_auc_2": 0.8951939333333334,
"std_TS_auc_2": 0.008465039785545225,
"avg_TS_f1_3": 0.9206973412103141,
"std_TS_f1_3": 0.0007605931326236902,
"avg_TS_ap_3": 0.9394958318352573,
"std_TS_ap_3": 0.0015885229143782296,
"avg_TS_auc_3": 0.6954684999999999,
"std_TS_auc_3": 0.0037367188782819315,
"avg_TS_f1_4": 0.9413986777043168,
"std_TS_f1_4": 0.0012349924525500325,
"avg_TS_ap_4": 0.9676136533043902,
"std_TS_ap_4": 0.0012813504491584876,
"avg_TS_auc_4": 0.8506936555555557,
"std_TS_auc_4": 0.0045105132115267855,
"avg_TS_f1_5": 0.971055235167386,
"std_TS_f1_5": 0.002737021599826109,
"avg_TS_ap_5": 0.979373117654059,
"std_TS_ap_5": 0.008360206709254817,
"avg_TS_auc_5": 0.9317452777777777,
"std_TS_auc_5": 0.012874485507639448,
"avg_TS_f1_6": 0.9241419004759523,
"std_TS_f1_6": 0.0011356096278974093,
"avg_TS_ap_6": 0.9491556102500907,
"std_TS_ap_6": 0.002329364520927068,
"avg_TS_auc_6": 0.7455837888888889,
"std_TS_auc_6": 0.003917999170242955,
"avg_TS_f1_7": 0.9735218981301431,
"std_TS_f1_7": 0.0040158654626480834,
"avg_TS_ap_7": 0.9832247167042603,
"std_TS_ap_7": 0.004254723718909501,
"avg_TS_auc_7": 0.9349011111111112,
"std_TS_auc_7": 0.010502567332047845,
"avg_TS_f1_8": 0.9906,
"std_TS_f1_8": 0.00045324617898601603,
"avg_TS_ap_8": 0.9836580917945691,
"std_TS_ap_8": 0.0015478761626748832,
"avg_TS_auc_8": 0.9543773555555555,
"std_TS_auc_8": 0.0031562838202271555,
"avg_TS_f1_9": 0.986511111111111,
"std_TS_f1_9": 0.0014187457510677801,
"avg_TS_ap_9": 0.976017626521935,
"std_TS_ap_9": 0.0028784284191412193,
"avg_TS_auc_9": 0.9411944222222222,
"std_TS_auc_9": 0.005046811044781521,
"avg_TS_f1_all": 0.9610633417905934,
"std_TS_f1_all": 0.000503054068245562,
"avg_TS_ap_all": 0.9693386290630495,
"std_TS_ap_all": 0.0013321210407726991,
"avg_TS_auc_all": 0.8731700499999999,
"std_TS_auc_all": 0.002637578771929948
}