{
"avg_TS_f1_0": 0.9575661993567545,
"std_TS_f1_0": 0.0023397041898813756,
"avg_TS_ap_0": 0.9822480835816488,
"std_TS_ap_0": 0.002598212003860337,
"avg_TS_auc_0": 0.8875946333333333,
"std_TS_auc_0": 0.010368795304240272,
"avg_TS_f1_1": 0.9888222222222222,
"std_TS_f1_1": 8.888888888889946e-05,
"avg_TS_ap_1": 0.9939281683752516,
"std_TS_ap_1": 0.0006342081288349285,
"avg_TS_auc_1": 0.9684838666666667,
"std_TS_auc_1": 0.0024079255770665816,
"avg_TS_f1_2": 0.95292168453803,
"std_TS_f1_2": 0.001883896336012814,
"avg_TS_ap_2": 0.9862101706572709,
"std_TS_ap_2": 0.0010346895670961982,
"avg_TS_auc_2": 0.9094883777777778,
"std_TS_auc_2": 0.0028208077035654453,
"avg_TS_f1_3": 0.9372743114592701,
"std_TS_f1_3": 0.0009883290768916175,
"avg_TS_ap_3": 0.9117105460604433,
"std_TS_ap_3": 0.0026145103391085733,
"avg_TS_auc_3": 0.6996466555555555,
"std_TS_auc_3": 0.006414868444365681,
"avg_TS_f1_4": 0.9420444444444444,
"std_TS_f1_4": 0.0006977919319159008,
"avg_TS_ap_4": 0.9829334268870632,
"std_TS_ap_4": 0.0007295326478937048,
"avg_TS_auc_4": 0.8788364888888888,
"std_TS_auc_4": 0.0018418664826745695,
"avg_TS_f1_5": 0.9672551796087436,
"std_TS_f1_5": 0.0016623141790164115,
"avg_TS_ap_5": 0.9967192869065171,
"std_TS_ap_5": 0.0004067091979295269,
"avg_TS_auc_5": 0.9707163222222223,
"std_TS_auc_5": 0.003500869818265782,
"avg_TS_f1_6": 0.9275214129180016,
"std_TS_f1_6": 0.0005838022256698605,
"avg_TS_ap_6": 0.9295752359291727,
"std_TS_ap_6": 0.0064329723244540594,
"avg_TS_auc_6": 0.7185758111111111,
"std_TS_auc_6": 0.012598967715287816,
"avg_TS_f1_7": 0.9735777777777777,
"std_TS_f1_7": 0.003972373734484182,
"avg_TS_ap_7": 0.997510945508292,
"std_TS_ap_7": 0.0007645012529862018,
"avg_TS_auc_7": 0.9779994444444444,
"std_TS_auc_7": 0.006546116403573602,
"avg_TS_f1_8": 0.981688888888889,
"std_TS_f1_8": 0.006709639279369583,
"avg_TS_ap_8": 0.9916170400702725,
"std_TS_ap_8": 0.003542714904536983,
"avg_TS_auc_8": 0.9597294000000002,
"std_TS_auc_8": 0.017423183804331093,
"avg_TS_f1_9": 0.9764444444444443,
"std_TS_f1_9": 0.0031071403231354338,
"avg_TS_ap_9": 0.9978400051841911,
"std_TS_ap_9": 0.0005278122515208182,
"avg_TS_auc_9": 0.9811193111111111,
"std_TS_auc_9": 0.0045608743995417525,
"avg_TS_f1_all": 0.9605116565658578,
"std_TS_f1_all": 0.0005644829361999256,
"avg_TS_ap_all": 0.9770292909160124,
"std_TS_ap_all": 0.0009446481516811591,
"avg_TS_auc_all": 0.8952190311111112,
"std_TS_auc_all": 0.002734249293656144
}