{
"avg_TS_f1_0": 0.9562106413319258,
"std_TS_f1_0": 0.0012664964289101311,
"avg_TS_ap_0": 0.9860095827622188,
"std_TS_ap_0": 0.0007673426425685657,
"avg_TS_auc_0": 0.9029322777777778,
"std_TS_auc_0": 0.004123911610397345,
"avg_TS_f1_1": 0.9892332129562753,
"std_TS_f1_1": 0.00034856504374137067,
"avg_TS_ap_1": 0.9957595889062025,
"std_TS_ap_1": 0.00035941531919619804,
"avg_TS_auc_1": 0.9778308222222222,
"std_TS_auc_1": 0.00122740490637667,
"avg_TS_f1_2": 0.9535090332178948,
"std_TS_f1_2": 0.0010745996139460991,
"avg_TS_ap_2": 0.9911055731284761,
"std_TS_ap_2": 0.00041059734625859944,
"avg_TS_auc_2": 0.9306700777777778,
"std_TS_auc_2": 0.002080063316818849,
"avg_TS_f1_3": 0.9455438203356976,
"std_TS_f1_3": 0.0013147460400988993,
"avg_TS_ap_3": 0.9813315524620677,
"std_TS_ap_3": 0.0009859195675188037,
"avg_TS_auc_3": 0.8687939333333332,
"std_TS_auc_3": 0.0061827721382947745,
"avg_TS_f1_4": 0.9430993808297992,
"std_TS_f1_4": 0.0009409870476938427,
"avg_TS_ap_4": 0.9884996211640736,
"std_TS_ap_4": 0.0003081640391225078,
"avg_TS_auc_4": 0.9092951555555556,
"std_TS_auc_4": 0.0021520643943162636,
"avg_TS_f1_5": 0.9633111111111111,
"std_TS_f1_5": 0.0010526861584290988,
"avg_TS_ap_5": 0.9931175683452411,
"std_TS_ap_5": 0.00041243272417945627,
"avg_TS_auc_5": 0.9461387,
"std_TS_auc_5": 0.003178501963830513,
"avg_TS_f1_6": 0.9269420041854177,
"std_TS_f1_6": 0.000513532275184898,
"avg_TS_ap_6": 0.9772448942186521,
"std_TS_ap_6": 0.0009631735192496121,
"avg_TS_auc_6": 0.8280450222222221,
"std_TS_auc_6": 0.003866650858779993,
"avg_TS_f1_7": 0.9754666666666667,
"std_TS_f1_7": 0.001159821186728877,
"avg_TS_ap_7": 0.9978617199760338,
"std_TS_ap_7": 0.00010336354999517731,
"avg_TS_auc_7": 0.9817239888888889,
"std_TS_auc_7": 0.0009350259594996684,
"avg_TS_f1_8": 0.9595991308159096,
"std_TS_f1_8": 0.0029801124902703417,
"avg_TS_ap_8": 0.9830166380057774,
"std_TS_ap_8": 0.0012010556856668652,
"avg_TS_auc_8": 0.8968911444444444,
"std_TS_auc_8": 0.008386924024682848,
"avg_TS_f1_9": 0.9785111111111112,
"std_TS_f1_9": 0.0006762277357645505,
"avg_TS_ap_9": 0.9978433992037941,
"std_TS_ap_9": 0.00022863371032973568,
"avg_TS_auc_9": 0.9825396777777777,
"std_TS_auc_9": 0.0015429074355952067,
"avg_TS_f1_all": 0.9591426112561809,
"std_TS_f1_all": 0.0002982571206564942,
"avg_TS_ap_all": 0.9891790138172538,
"std_TS_ap_all": 0.0002393974973539067,
"avg_TS_auc_all": 0.92248608,
"std_TS_auc_all": 0.0009442103391722602
}