{
"avg_TS_f1_0": 0.9555777777777777,
"std_TS_f1_0": 0.002732881624825494,
"avg_TS_ap_0": 0.9800547009581404,
"std_TS_ap_0": 0.0025148615680553907,
"avg_TS_auc_0": 0.8794492222222221,
"std_TS_auc_0": 0.01116134652160342,
"avg_TS_f1_1": 0.9601111111111111,
"std_TS_f1_1": 0.002553138954016866,
"avg_TS_ap_1": 0.9566840085211427,
"std_TS_ap_1": 0.014067607472814301,
"avg_TS_auc_1": 0.8167852666666666,
"std_TS_auc_1": 0.031008249190433962,
"avg_TS_f1_2": 0.9502666666666666,
"std_TS_f1_2": 0.002233968953219944,
"avg_TS_ap_2": 0.9791048158381408,
"std_TS_ap_2": 0.004158069859031727,
"avg_TS_auc_2": 0.8666985,
"std_TS_auc_2": 0.014456200030855208,
"avg_TS_f1_3": 0.9376874912803798,
"std_TS_f1_3": 0.0014470261787841452,
"avg_TS_ap_3": 0.9125445187276122,
"std_TS_ap_3": 0.004351340058183731,
"avg_TS_auc_3": 0.6361771333333334,
"std_TS_auc_3": 0.0035760499329516022,
"avg_TS_f1_4": 0.9407660092227346,
"std_TS_f1_4": 0.0015533040835303223,
"avg_TS_ap_4": 0.9646991455397085,
"std_TS_ap_4": 0.008392491725523182,
"avg_TS_auc_4": 0.7998118333333333,
"std_TS_auc_4": 0.02278955886341129,
"avg_TS_f1_5": 0.943032800587687,
"std_TS_f1_5": 0.004671930141379429,
"avg_TS_ap_5": 0.8862123849040703,
"std_TS_ap_5": 0.021954896819333058,
"avg_TS_auc_5": 0.6341858555555555,
"std_TS_auc_5": 0.05229763752994094,
"avg_TS_f1_6": 0.9263847991555088,
"std_TS_f1_6": 0.001049455543362822,
"avg_TS_ap_6": 0.954600060808619,
"std_TS_ap_6": 0.010308148734801487,
"avg_TS_auc_6": 0.7339466888888888,
"std_TS_auc_6": 0.023575592945938646,
"avg_TS_f1_7": 0.9457438425591546,
"std_TS_f1_7": 0.0005999120329133854,
"avg_TS_ap_7": 0.9205685916119132,
"std_TS_ap_7": 0.011818111843863225,
"avg_TS_auc_7": 0.6948098666666668,
"std_TS_auc_7": 0.024284299958381408,
"avg_TS_f1_8": 0.9510655308010939,
"std_TS_f1_8": 0.004770202566579164,
"avg_TS_ap_8": 0.8918437183179015,
"std_TS_ap_8": 0.04860775201626886,
"avg_TS_auc_8": 0.6654855333333335,
"std_TS_auc_8": 0.12798754059413966,
"avg_TS_f1_9": 0.9534666666666667,
"std_TS_f1_9": 0.004374110138779421,
"avg_TS_ap_9": 0.9340105427779376,
"std_TS_ap_9": 0.016075656003204448,
"avg_TS_auc_9": 0.7444359888888888,
"std_TS_auc_9": 0.051649026793030316,
"avg_TS_f1_all": 0.9464102695828782,
"std_TS_f1_all": 0.00041456595872412915,
"avg_TS_ap_all": 0.9380322488005188,
"std_TS_ap_all": 0.003659570152311475,
"avg_TS_auc_all": 0.7471785888888889,
"std_TS_auc_all": 0.010620604163848149
}