{
"avg_TS_f1_0": 0.9483649499046244,
"std_TS_f1_0": 0.0006575805672488146,
"avg_TS_ap_0": 0.9828316387885941,
"std_TS_ap_0": 0.0008732194472712497,
"avg_TS_auc_0": 0.8764161333333333,
"std_TS_auc_0": 0.0043362883714355436,
"avg_TS_f1_1": 0.9842109228290461,
"std_TS_f1_1": 0.0010284547793609473,
"avg_TS_ap_1": 0.99460746558314,
"std_TS_ap_1": 0.0006906184289540405,
"avg_TS_auc_1": 0.9679200333333334,
"std_TS_auc_1": 0.0029742255862287865,
"avg_TS_f1_2": 0.9520211505577472,
"std_TS_f1_2": 0.0008657007108777501,
"avg_TS_ap_2": 0.9900221488617416,
"std_TS_ap_2": 0.0007858552425600668,
"avg_TS_auc_2": 0.9207491555555556,
"std_TS_auc_2": 0.004079231759159818,
"avg_TS_f1_3": 0.9300072361194184,
"std_TS_f1_3": 0.000559888268109885,
"avg_TS_ap_3": 0.9741903620183529,
"std_TS_ap_3": 0.001915495237559063,
"avg_TS_auc_3": 0.8088557111111111,
"std_TS_auc_3": 0.008221359834684156,
"avg_TS_f1_4": 0.9418209431388164,
"std_TS_f1_4": 0.0008330471151558585,
"avg_TS_ap_4": 0.9883423070918486,
"std_TS_ap_4": 0.0002584374158406577,
"avg_TS_auc_4": 0.9034081666666667,
"std_TS_auc_4": 0.0021237953529553433,
"avg_TS_f1_5": 0.9492316770684791,
"std_TS_f1_5": 0.0019079653555732813,
"avg_TS_ap_5": 0.9918442983809213,
"std_TS_ap_5": 0.000614102460398326,
"avg_TS_auc_5": 0.9291590333333334,
"std_TS_auc_5": 0.005130293656384657,
"avg_TS_f1_6": 0.9253880413109371,
"std_TS_f1_6": 0.0012738058014520213,
"avg_TS_ap_6": 0.9759821312252747,
"std_TS_ap_6": 0.0020580744988092756,
"avg_TS_auc_6": 0.8169136666666666,
"std_TS_auc_6": 0.01191758102283354,
"avg_TS_f1_7": 0.971843818483743,
"std_TS_f1_7": 0.0005321888041511283,
"avg_TS_ap_7": 0.997651208417555,
"std_TS_ap_7": 0.00013422979418868563,
"avg_TS_auc_7": 0.9788893444444444,
"std_TS_auc_7": 0.0011423482141925704,
"avg_TS_f1_8": 0.9331629534974166,
"std_TS_f1_8": 0.0011200269497954084,
"avg_TS_ap_8": 0.9664944180380857,
"std_TS_ap_8": 0.002497537579857314,
"avg_TS_auc_8": 0.7937500333333334,
"std_TS_auc_8": 0.007244198338236194,
"avg_TS_f1_9": 0.9774666666666667,
"std_TS_f1_9": 0.0008055363982396253,
"avg_TS_ap_9": 0.9978768830863693,
"std_TS_ap_9": 0.00011609214968167068,
"avg_TS_auc_9": 0.9821446888888887,
"std_TS_auc_9": 0.0007427650415263523,
"avg_TS_f1_all": 0.9513518359576894,
"std_TS_f1_all": 0.0003521122273529061,
"avg_TS_ap_all": 0.9859842861491883,
"std_TS_ap_all": 0.0005272803048040625,
"avg_TS_auc_all": 0.8978205966666666,
"std_TS_auc_all": 0.0021989941681119164
}