{
"avg_TS_f1_0": 0.9442982499027724,
"std_TS_f1_0": 0.00742524669732432,
"avg_TS_ap_0": 0.9794065703788636,
"std_TS_ap_0": 0.002106105638601,
"avg_TS_auc_0": 0.8577762,
"std_TS_auc_0": 0.017026378892641945,
"avg_TS_f1_1": 0.985688888888889,
"std_TS_f1_1": 0.0032137052189906987,
"avg_TS_ap_1": 0.990570139485486,
"std_TS_ap_1": 0.0017510471788432008,
"avg_TS_auc_1": 0.9588145444444445,
"std_TS_auc_1": 0.006739164601064961,
"avg_TS_f1_2": 0.9510000000000002,
"std_TS_f1_2": 0.004061867234671581,
"avg_TS_ap_2": 0.9886261733073074,
"std_TS_ap_2": 0.0001375589400305783,
"avg_TS_auc_2": 0.9135317333333333,
"std_TS_auc_2": 0.004401649646200997,
"avg_TS_f1_3": 0.9341213363705391,
"std_TS_f1_3": 0.009547688649524164,
"avg_TS_ap_3": 0.9731554864502815,
"std_TS_ap_3": 0.006636428424542027,
"avg_TS_auc_3": 0.8174039111111112,
"std_TS_auc_3": 0.04240184145879794,
"avg_TS_f1_4": 0.9352992993437909,
"std_TS_f1_4": 0.004640899104358415,
"avg_TS_ap_4": 0.9848767129611506,
"std_TS_ap_4": 0.0022331485757490807,
"avg_TS_auc_4": 0.8839209888888888,
"std_TS_auc_4": 0.014047784541351933,
"avg_TS_f1_5": 0.9518888888888888,
"std_TS_f1_5": 0.010024660949902214,
"avg_TS_ap_5": 0.9884313055890832,
"std_TS_ap_5": 0.003765008409459184,
"avg_TS_auc_5": 0.9121744111111111,
"std_TS_auc_5": 0.02867394252917052,
"avg_TS_f1_6": 0.9226102771141607,
"std_TS_f1_6": 0.004229357967957577,
"avg_TS_ap_6": 0.9682290107050051,
"std_TS_ap_6": 0.004518167323282291,
"avg_TS_auc_6": 0.7808372777777779,
"std_TS_auc_6": 0.02408840405746716,
"avg_TS_f1_7": 0.9720666666666666,
"std_TS_f1_7": 0.004271409401076505,
"avg_TS_ap_7": 0.9966194168652871,
"std_TS_ap_7": 0.0005365754043858138,
"avg_TS_auc_7": 0.9724263555555556,
"std_TS_auc_7": 0.004897663818824521,
"avg_TS_f1_8": 0.945320488175269,
"std_TS_f1_8": 0.00834709685615445,
"avg_TS_ap_8": 0.9746717709709486,
"std_TS_ap_8": 0.0032855489155104263,
"avg_TS_auc_8": 0.8430807888888889,
"std_TS_auc_8": 0.024366119256768473,
"avg_TS_f1_9": 0.9767664351723244,
"std_TS_f1_9": 0.004398021458021709,
"avg_TS_ap_9": 0.9968578528404259,
"std_TS_ap_9": 0.0008051426402344012,
"avg_TS_auc_9": 0.9751745444444445,
"std_TS_auc_9": 0.006287481889859313,
"avg_TS_f1_all": 0.9519060530523301,
"std_TS_f1_all": 0.0019767158156173597,
"avg_TS_ap_all": 0.9841444439553839,
"std_TS_ap_all": 0.001527895572565173,
"avg_TS_auc_all": 0.8915140755555555,
"std_TS_auc_all": 0.009450742592344822
}