{
"avg_TS_f1_0": 0.9434431986962238,
"std_TS_f1_0": 0.011045687228861387,
"avg_TS_ap_0": 0.9843213953576179,
"std_TS_ap_0": 0.0035322860941645468,
"avg_TS_auc_0": 0.8762707666666667,
"std_TS_auc_0": 0.028671172669317634,
"avg_TS_f1_1": 0.9893333333333333,
"std_TS_f1_1": 0.0020703670575737167,
"avg_TS_ap_1": 0.9978351708583881,
"std_TS_ap_1": 0.0029691452399507076,
"avg_TS_auc_1": 0.986609611111111,
"std_TS_auc_1": 0.0154260673687571,
"avg_TS_f1_2": 0.952,
"std_TS_f1_2": 0.004131779875340838,
"avg_TS_ap_2": 0.9892539057901205,
"std_TS_ap_2": 0.0033788226813212196,
"avg_TS_auc_2": 0.9193797444444444,
"std_TS_auc_2": 0.016355216314741166,
"avg_TS_f1_3": 0.9404862170663725,
"std_TS_f1_3": 0.006580706866944974,
"avg_TS_ap_3": 0.9817021432052236,
"std_TS_ap_3": 0.005096944243955256,
"avg_TS_auc_3": 0.8597158333333332,
"std_TS_auc_3": 0.03561219763442132,
"avg_TS_f1_4": 0.9398640516350966,
"std_TS_f1_4": 0.00210624779506401,
"avg_TS_ap_4": 0.9885680987087608,
"std_TS_ap_4": 0.0012303146541213924,
"avg_TS_auc_4": 0.9045527444444443,
"std_TS_auc_4": 0.007641909050608845,
"avg_TS_f1_5": 0.9623439931848067,
"std_TS_f1_5": 0.0034218905486685506,
"avg_TS_ap_5": 0.9959109498966109,
"std_TS_ap_5": 0.000589946561683251,
"avg_TS_auc_5": 0.9634035222222221,
"std_TS_auc_5": 0.005334121065043702,
"avg_TS_f1_6": 0.927164286904828,
"std_TS_f1_6": 0.002608098445521702,
"avg_TS_ap_6": 0.9803440405912351,
"std_TS_ap_6": 0.0011121151799506383,
"avg_TS_auc_6": 0.8405322999999999,
"std_TS_auc_6": 0.008962503206163626,
"avg_TS_f1_7": 0.9784775746800749,
"std_TS_f1_7": 0.0035705469809759697,
"avg_TS_ap_7": 0.9985366782897126,
"std_TS_ap_7": 0.00026243967539572367,
"avg_TS_auc_7": 0.9867488,
"std_TS_auc_7": 0.002489735521082157,
"avg_TS_f1_8": 0.9646666666666667,
"std_TS_f1_8": 0.020729653121036994,
"avg_TS_ap_8": 0.987813018630521,
"std_TS_ap_8": 0.008598770889942584,
"avg_TS_auc_8": 0.9174439777777778,
"std_TS_auc_8": 0.05793350942018801,
"avg_TS_f1_9": 0.9729213153817188,
"std_TS_f1_9": 0.003350593313632404,
"avg_TS_ap_9": 0.9976836683830456,
"std_TS_ap_9": 0.000296087628721892,
"avg_TS_auc_9": 0.9793264222222223,
"std_TS_auc_9": 0.002742230561980892,
"avg_TS_f1_all": 0.9570700637549121,
"std_TS_f1_all": 0.002878163282651733,
"avg_TS_ap_all": 0.9901969069711235,
"std_TS_ap_all": 0.001123419361988839,
"avg_TS_auc_all": 0.9233983722222222,
"std_TS_auc_all": 0.00827584207657645
}