{
"avg_TS_f1_0": 0.9518656221641942,
"std_TS_f1_0": 0.007132940221767947,
"avg_TS_ap_0": 0.9857633728314885,
"std_TS_ap_0": 0.0013697596733828635,
"avg_TS_auc_0": 0.8953091222222224,
"std_TS_auc_0": 0.013530253978819405,
"avg_TS_f1_1": 0.9901111111111109,
"std_TS_f1_1": 0.0007436978013636116,
"avg_TS_ap_1": 0.9967762182413471,
"std_TS_ap_1": 0.0005280047029686634,
"avg_TS_auc_1": 0.9806733444444445,
"std_TS_auc_1": 0.0016267283380082711,
"avg_TS_f1_2": 0.9516994870085375,
"std_TS_f1_2": 0.0018757148280664018,
"avg_TS_ap_2": 0.9905611798002802,
"std_TS_ap_2": 0.0005119005483767346,
"avg_TS_auc_2": 0.9253910666666666,
"std_TS_auc_2": 0.0019881082364280405,
"avg_TS_f1_3": 0.935788136377947,
"std_TS_f1_3": 0.003177987972256086,
"avg_TS_ap_3": 0.9748291166181868,
"std_TS_ap_3": 0.004231154745094792,
"avg_TS_auc_3": 0.8287876444444446,
"std_TS_auc_3": 0.021594131402344684,
"avg_TS_f1_4": 0.9361881894673161,
"std_TS_f1_4": 0.0030527501458842816,
"avg_TS_ap_4": 0.9858371297354609,
"std_TS_ap_4": 0.0017291023212264757,
"avg_TS_auc_4": 0.8879634888888889,
"std_TS_auc_4": 0.012412422466949171,
"avg_TS_f1_5": 0.9599662030606637,
"std_TS_f1_5": 0.006822698962929833,
"avg_TS_ap_5": 0.9938351065901532,
"std_TS_ap_5": 0.0007426355053459644,
"avg_TS_auc_5": 0.9489911111111111,
"std_TS_auc_5": 0.00759591446733454,
"avg_TS_f1_6": 0.92589916229914,
"std_TS_f1_6": 0.0030659724240426588,
"avg_TS_ap_6": 0.9743856157227159,
"std_TS_ap_6": 0.0016579696603170446,
"avg_TS_auc_6": 0.8123713,
"std_TS_auc_6": 0.010223087494876602,
"avg_TS_f1_7": 0.9742444444444445,
"std_TS_f1_7": 0.001726196132083427,
"avg_TS_ap_7": 0.997672976879918,
"std_TS_ap_7": 0.00024183049588916418,
"avg_TS_auc_7": 0.9800246666666668,
"std_TS_auc_7": 0.002023620328660429,
"avg_TS_f1_8": 0.9498666666666665,
"std_TS_f1_8": 0.008797698913513678,
"avg_TS_ap_8": 0.9823251741211385,
"std_TS_ap_8": 0.003230317117642613,
"avg_TS_auc_8": 0.8824108111111112,
"std_TS_auc_8": 0.025432386421710532,
"avg_TS_f1_9": 0.979511111111111,
"std_TS_f1_9": 0.0038990977113895404,
"avg_TS_ap_9": 0.9978229364755933,
"std_TS_ap_9": 0.0003620858801747142,
"avg_TS_auc_9": 0.9824699222222224,
"std_TS_auc_9": 0.0032323268535831744,
"avg_TS_f1_all": 0.9555140133711133,
"std_TS_f1_all": 0.0009422585270569638,
"avg_TS_ap_all": 0.9879808827016282,
"std_TS_ap_all": 0.0008385253718818494,
"avg_TS_auc_all": 0.9124392477777779,
"std_TS_auc_all": 0.005051494828501548
}