{
"avg_TS_f1_0": 0.9456080893382964,
"std_TS_f1_0": 0.000433214927265237,
"avg_TS_ap_0": 0.9854203338076928,
"std_TS_ap_0": 0.00017394702102503754,
"avg_TS_auc_0": 0.8841956333333334,
"std_TS_auc_0": 0.0010707274627589042,
"avg_TS_f1_1": 0.982199616028051,
"std_TS_f1_1": 0.001154856273563681,
"avg_TS_ap_1": 0.9927953109406893,
"std_TS_ap_1": 0.0013669787275320418,
"avg_TS_auc_1": 0.9561336111111111,
"std_TS_auc_1": 0.00393930192788165,
"avg_TS_f1_2": 0.9510761548481088,
"std_TS_f1_2": 0.0012080146921961857,
"avg_TS_ap_2": 0.9890562194840566,
"std_TS_ap_2": 0.0016065373882423514,
"avg_TS_auc_2": 0.9139041333333333,
"std_TS_auc_2": 0.007435359517207168,
"avg_TS_f1_3": 0.9234736062836365,
"std_TS_f1_3": 0.002808058728457651,
"avg_TS_ap_3": 0.9718036004833145,
"std_TS_ap_3": 0.004442148381137066,
"avg_TS_auc_3": 0.7895759777777778,
"std_TS_auc_3": 0.02037617458229458,
"avg_TS_f1_4": 0.9382077164023432,
"std_TS_f1_4": 0.00154585507469106,
"avg_TS_ap_4": 0.9881344622356514,
"std_TS_ap_4": 0.00027062938480932887,
"avg_TS_auc_4": 0.898808911111111,
"std_TS_auc_4": 0.0022883787154194955,
"avg_TS_f1_5": 0.9414640912149441,
"std_TS_f1_5": 0.001275198431337826,
"avg_TS_ap_5": 0.9899166690800716,
"std_TS_ap_5": 0.00046604128086335654,
"avg_TS_auc_5": 0.912113611111111,
"std_TS_auc_5": 0.003955552827246245,
"avg_TS_f1_6": 0.9239982974362773,
"std_TS_f1_6": 0.0010403688251799795,
"avg_TS_ap_6": 0.9758372114978968,
"std_TS_ap_6": 0.004850052622233806,
"avg_TS_auc_6": 0.8132685777777777,
"std_TS_auc_6": 0.02558379396623795,
"avg_TS_f1_7": 0.9705986789389535,
"std_TS_f1_7": 0.0017375035976557155,
"avg_TS_ap_7": 0.9972919055674957,
"std_TS_ap_7": 0.00016927542127130954,
"avg_TS_auc_7": 0.9759204888888888,
"std_TS_auc_7": 0.0016217869672557638,
"avg_TS_f1_8": 0.9355882857689626,
"std_TS_f1_8": 0.011851014456855768,
"avg_TS_ap_8": 0.9729282426485627,
"std_TS_ap_8": 0.011639239152864089,
"avg_TS_auc_8": 0.8193729111111111,
"std_TS_auc_8": 0.06513631459717359,
"avg_TS_f1_9": 0.9756774919594298,
"std_TS_f1_9": 0.0014736569531860776,
"avg_TS_ap_9": 0.9975454738680154,
"std_TS_ap_9": 0.0001799800865331877,
"avg_TS_auc_9": 0.9788447333333334,
"std_TS_auc_9": 0.0016702136181110062,
"avg_TS_f1_all": 0.9487892028219003,
"std_TS_f1_all": 0.0010120181357740248,
"avg_TS_ap_all": 0.9860729429613446,
"std_TS_ap_all": 0.0007100105893040113,
"avg_TS_auc_all": 0.8942138588888889,
"std_TS_auc_all": 0.0043134028790755355
}