{
"avg_TS_f1_0": 0.9523428536153243,
"std_TS_f1_0": 0.0005853931401035526,
"avg_TS_ap_0": 0.9852653999237123,
"std_TS_ap_0": 0.0005635106488491444,
"avg_TS_auc_0": 0.8931833444444445,
"std_TS_auc_0": 0.0030388127212473827,
"avg_TS_f1_1": 0.987766526535425,
"std_TS_f1_1": 0.0006309759479119463,
"avg_TS_ap_1": 0.9960370479951137,
"std_TS_ap_1": 0.00025202331672335217,
"avg_TS_auc_1": 0.977027088888889,
"std_TS_auc_1": 0.0008878803435398078,
"avg_TS_f1_2": 0.9543545369804495,
"std_TS_f1_2": 0.0010189561730540688,
"avg_TS_ap_2": 0.9902343221933627,
"std_TS_ap_2": 0.00042448362329926595,
"avg_TS_auc_2": 0.9229807888888889,
"std_TS_auc_2": 0.002472720855931413,
"avg_TS_f1_3": 0.9366401823220455,
"std_TS_f1_3": 0.0021928614207325555,
"avg_TS_ap_3": 0.9779176634881732,
"std_TS_ap_3": 0.0012392152718567915,
"avg_TS_auc_3": 0.8362466999999999,
"std_TS_auc_3": 0.00906678870339984,
"avg_TS_f1_4": 0.9438407071311842,
"std_TS_f1_4": 0.0006342462925772926,
"avg_TS_ap_4": 0.9889970586488879,
"std_TS_ap_4": 0.00015140557689478755,
"avg_TS_auc_4": 0.9102345888888888,
"std_TS_auc_4": 0.0009851993785806035,
"avg_TS_f1_5": 0.9551525701496386,
"std_TS_f1_5": 0.0023371852756328654,
"avg_TS_ap_5": 0.9935867577383597,
"std_TS_ap_5": 0.0006944295000389274,
"avg_TS_auc_5": 0.9440525222222222,
"std_TS_auc_5": 0.005683642702082742,
"avg_TS_f1_6": 0.9274737310763979,
"std_TS_f1_6": 0.0006340955192499994,
"avg_TS_ap_6": 0.9779553550855434,
"std_TS_ap_6": 0.0008208648052193084,
"avg_TS_auc_6": 0.8306828777777777,
"std_TS_auc_6": 0.0035670719116267,
"avg_TS_f1_7": 0.9748763869284884,
"std_TS_f1_7": 0.0006751623285465864,
"avg_TS_ap_7": 0.9981507166769223,
"std_TS_ap_7": 0.00011400173740112188,
"avg_TS_auc_7": 0.983390588888889,
"std_TS_auc_7": 0.000984686386497272,
"avg_TS_f1_8": 0.9441752689964258,
"std_TS_f1_8": 0.0030799318947173945,
"avg_TS_ap_8": 0.9754415564899185,
"std_TS_ap_8": 0.0015638072813289891,
"avg_TS_auc_8": 0.8452113555555554,
"std_TS_auc_8": 0.009794707996113807,
"avg_TS_f1_9": 0.9789555555555556,
"std_TS_f1_9": 0.0010222222222222147,
"avg_TS_ap_9": 0.9983286206937029,
"std_TS_ap_9": 8.136579971081865e-05,
"avg_TS_auc_9": 0.9857165,
"std_TS_auc_9": 0.0007381662907770528,
"avg_TS_f1_all": 0.9555578319290934,
"std_TS_f1_all": 0.0004974231632350724,
"avg_TS_ap_all": 0.9881914498933696,
"std_TS_ap_all": 0.00030880723983766907,
"avg_TS_auc_all": 0.9128726355555555,
"std_TS_auc_all": 0.001558858637746326
}