{
"avg_TS_f1_0": 0.9328948037876182,
"std_TS_f1_0": 0.0009322752606628587,
"avg_TS_ap_0": 0.9582397688208693,
"std_TS_ap_0": 0.0010014995733891596,
"avg_TS_auc_0": 0.7647257,
"std_TS_auc_0": 0.005053146904677064,
"avg_TS_f1_1": 0.9645202412040674,
"std_TS_f1_1": 0.0011723569401927024,
"avg_TS_ap_1": 0.9820273848898203,
"std_TS_ap_1": 0.0009040513631365394,
"avg_TS_auc_1": 0.9002424333333334,
"std_TS_auc_1": 0.0045105742748992065,
"avg_TS_f1_2": 0.9414078559919996,
"std_TS_f1_2": 0.001007190994488532,
"avg_TS_ap_2": 0.9752084973357489,
"std_TS_ap_2": 0.0005718364645208141,
"avg_TS_auc_2": 0.8429062999999999,
"std_TS_auc_2": 0.002916810227493365,
"avg_TS_f1_3": 0.91370344606141,
"std_TS_f1_3": 0.0009439479540374493,
"avg_TS_ap_3": 0.9472855956724459,
"std_TS_ap_3": 0.0011423293705547686,
"avg_TS_auc_3": 0.6800807777777778,
"std_TS_auc_3": 0.005299919546792126,
"avg_TS_f1_4": 0.9295508910154725,
"std_TS_f1_4": 0.0016279681592336053,
"avg_TS_ap_4": 0.9724207362496873,
"std_TS_ap_4": 0.0006652204845371872,
"avg_TS_auc_4": 0.8219238444444444,
"std_TS_auc_4": 0.005144485353617022,
"avg_TS_f1_5": 0.9074706035834759,
"std_TS_f1_5": 0.0031101419488575796,
"avg_TS_ap_5": 0.9456322851007695,
"std_TS_ap_5": 0.004159608472984814,
"avg_TS_auc_5": 0.6556128333333333,
"std_TS_auc_5": 0.023104599098234126,
"avg_TS_f1_6": 0.9193279242878262,
"std_TS_f1_6": 0.0014590573071447675,
"avg_TS_ap_6": 0.9516275756365606,
"std_TS_ap_6": 0.0009088166840274634,
"avg_TS_auc_6": 0.7156063111111111,
"std_TS_auc_6": 0.0047314824755873295,
"avg_TS_f1_7": 0.9470057591779122,
"std_TS_f1_7": 0.001029861242446687,
"avg_TS_ap_7": 0.9838683910533007,
"std_TS_ap_7": 0.001073481741815545,
"avg_TS_auc_7": 0.8856278666666666,
"std_TS_auc_7": 0.006420297354811318,
"avg_TS_f1_8": 0.9075393077393189,
"std_TS_f1_8": 0.002048419333839114,
"avg_TS_ap_8": 0.9191700984490712,
"std_TS_ap_8": 0.0027726232774914574,
"avg_TS_auc_8": 0.5887618222222223,
"std_TS_auc_8": 0.014524710539067696,
"avg_TS_f1_9": 0.9523735205127629,
"std_TS_f1_9": 0.0008106752561318514,
"avg_TS_ap_9": 0.9805513123502425,
"std_TS_ap_9": 0.0004611883058672711,
"avg_TS_auc_9": 0.8803879444444445,
"std_TS_auc_9": 0.0028893517639860594,
"avg_TS_f1_all": 0.9315794353361865,
"std_TS_f1_all": 0.0008679035389293841,
"avg_TS_ap_all": 0.9616031645558515,
"std_TS_ap_all": 0.0009706359560978128,
"avg_TS_auc_all": 0.7735875833333333,
"std_TS_auc_all": 0.005456309726877455
}