{
"avg_TS_f1_0": 0.9242444444444444,
"std_TS_f1_0": 0.0034608212826751543,
"avg_TS_ap_0": 0.9588381939542211,
"std_TS_ap_0": 0.010459798575093212,
"avg_TS_auc_0": 0.748159711111111,
"std_TS_auc_0": 0.050590618167681484,
"avg_TS_f1_1": 0.9667555555555556,
"std_TS_f1_1": 0.01306156362938392,
"avg_TS_ap_1": 0.9916012066258238,
"std_TS_ap_1": 0.0033379861304300784,
"avg_TS_auc_1": 0.9435136222222221,
"std_TS_auc_1": 0.025543387489935385,
"avg_TS_f1_2": 0.9358888888888888,
"std_TS_f1_2": 0.011918032814724058,
"avg_TS_ap_2": 0.9823306499640172,
"std_TS_ap_2": 0.007113894415542919,
"avg_TS_auc_2": 0.8637043111111111,
"std_TS_auc_2": 0.05182382558571889,
"avg_TS_f1_3": 0.9162991030365883,
"std_TS_f1_3": 0.006497794084873069,
"avg_TS_ap_3": 0.9614504289316738,
"std_TS_ap_3": 0.005880040479867622,
"avg_TS_auc_3": 0.7383202666666666,
"std_TS_auc_3": 0.028693290677339903,
"avg_TS_f1_4": 0.9235555555555557,
"std_TS_f1_4": 0.00818520194400831,
"avg_TS_ap_4": 0.9758482435240833,
"std_TS_ap_4": 0.007410348548725972,
"avg_TS_auc_4": 0.8213937,
"std_TS_auc_4": 0.043292987750400136,
"avg_TS_f1_5": 0.9316101943935156,
"std_TS_f1_5": 0.019186445797220293,
"avg_TS_ap_5": 0.975551776088724,
"std_TS_ap_5": 0.013215197437824112,
"avg_TS_auc_5": 0.8335914444444444,
"std_TS_auc_5": 0.07647789662966373,
"avg_TS_f1_6": 0.9099434054978364,
"std_TS_f1_6": 0.002517543585107517,
"avg_TS_ap_6": 0.9595361399480924,
"std_TS_ap_6": 0.0056772811673148635,
"avg_TS_auc_6": 0.7173251555555555,
"std_TS_auc_6": 0.028130443016735063,
"avg_TS_f1_7": 0.9213999999999999,
"std_TS_f1_7": 0.011417249241691858,
"avg_TS_ap_7": 0.9811727033814378,
"std_TS_ap_7": 0.008103797481910936,
"avg_TS_auc_7": 0.8451865111111111,
"std_TS_auc_7": 0.05677483726670634,
"avg_TS_f1_8": 0.9396444444444445,
"std_TS_f1_8": 0.008187132330826782,
"avg_TS_ap_8": 0.9718735919013277,
"std_TS_ap_8": 0.010242559326092927,
"avg_TS_auc_8": 0.8211893111111112,
"std_TS_auc_8": 0.05702012481839788,
"avg_TS_f1_9": 0.9437777777777777,
"std_TS_f1_9": 0.015058732752086598,
"avg_TS_ap_9": 0.9848382996787214,
"std_TS_ap_9": 0.013940781821790118,
"avg_TS_auc_9": 0.8854733333333332,
"std_TS_auc_9": 0.09163554113515185,
"avg_TS_f1_all": 0.9313119369594606,
"std_TS_f1_all": 0.005037870115116621,
"avg_TS_ap_all": 0.9743041233998122,
"std_TS_ap_all": 0.0038970850577064913,
"avg_TS_auc_all": 0.8217857366666668,
"std_TS_auc_all": 0.024598221298764336
}