{
"avg_TS_f1_0": 0.9388104697174533,
"std_TS_f1_0": 0.003362832298713354,
"avg_TS_ap_0": 0.9668349671581904,
"std_TS_ap_0": 0.0012244203375507423,
"avg_TS_auc_0": 0.8037001,
"std_TS_auc_0": 0.00787786580074626,
"avg_TS_f1_1": 0.9710323289565469,
"std_TS_f1_1": 0.001849445714695552,
"avg_TS_ap_1": 0.9835368953058709,
"std_TS_ap_1": 0.0013941618063662883,
"avg_TS_auc_1": 0.9125882555555556,
"std_TS_auc_1": 0.007291803245671145,
"avg_TS_f1_2": 0.9486210801834669,
"std_TS_f1_2": 0.0012399833660004845,
"avg_TS_ap_2": 0.9815502653162713,
"std_TS_ap_2": 0.0007992685926824227,
"avg_TS_auc_2": 0.8793406222222224,
"std_TS_auc_2": 0.004599006611926462,
"avg_TS_f1_3": 0.9173963664648037,
"std_TS_f1_3": 0.002465987654729993,
"avg_TS_ap_3": 0.9497812102655894,
"std_TS_ap_3": 0.004041750945329425,
"avg_TS_auc_3": 0.7021506444444445,
"std_TS_auc_3": 0.01991454994118623,
"avg_TS_f1_4": 0.9347096517707774,
"std_TS_f1_4": 0.0017793538738313044,
"avg_TS_ap_4": 0.9774147685393192,
"std_TS_ap_4": 0.0011627851361823505,
"avg_TS_auc_4": 0.8490883111111112,
"std_TS_auc_4": 0.006387911947490306,
"avg_TS_f1_5": 0.9182852701693305,
"std_TS_f1_5": 0.00406036689558928,
"avg_TS_ap_5": 0.9580579515727156,
"std_TS_ap_5": 0.0031363901993983413,
"avg_TS_auc_5": 0.7276715888888889,
"std_TS_auc_5": 0.020375515754363055,
"avg_TS_f1_6": 0.9211982554586365,
"std_TS_f1_6": 0.0019650917440986854,
"avg_TS_ap_6": 0.9579185684815295,
"std_TS_ap_6": 0.002485562755968555,
"avg_TS_auc_6": 0.7392664888888889,
"std_TS_auc_6": 0.012685445963021595,
"avg_TS_f1_7": 0.958621257971122,
"std_TS_f1_7": 0.00309852675418489,
"avg_TS_ap_7": 0.9891350361507583,
"std_TS_ap_7": 0.0013822070200982934,
"avg_TS_auc_7": 0.9227972777777778,
"std_TS_auc_7": 0.008530130220374278,
"avg_TS_f1_8": 0.9169537813829163,
"std_TS_f1_8": 0.0030332088630612387,
"avg_TS_ap_8": 0.9367247610492943,
"std_TS_ap_8": 0.003997861377204316,
"avg_TS_auc_8": 0.6607949444444444,
"std_TS_auc_8": 0.01881489912306498,
"avg_TS_f1_9": 0.9668437407016439,
"std_TS_f1_9": 0.00136703786893882,
"avg_TS_ap_9": 0.9881904089677189,
"std_TS_ap_9": 0.0012912200314446648,
"avg_TS_auc_9": 0.9236472555555555,
"std_TS_auc_9": 0.006613467519415984,
"avg_TS_f1_all": 0.9392472202776696,
"std_TS_f1_all": 0.0012828493068726037,
"avg_TS_ap_all": 0.9689144832807257,
"std_TS_ap_all": 0.00122016819849302,
"avg_TS_auc_all": 0.8121045488888889,
"std_TS_auc_all": 0.006714332967667652
}