{
"avg_TS_f1_0": 0.9608000000000001,
"std_TS_f1_0": 0.003993451429651743,
"avg_TS_ap_0": 0.9876885343481774,
"std_TS_ap_0": 0.001064855549485086,
"avg_TS_auc_0": 0.9113984777777777,
"std_TS_auc_0": 0.010982833794889737,
"avg_TS_f1_1": 0.9906222222222223,
"std_TS_f1_1": 0.0008960820068291312,
"avg_TS_ap_1": 0.9962343360763353,
"std_TS_ap_1": 0.001174014486704734,
"avg_TS_auc_1": 0.9802054444444444,
"std_TS_auc_1": 0.004966928509503515,
"avg_TS_f1_2": 0.9499439475032563,
"std_TS_f1_2": 0.005021153675442844,
"avg_TS_ap_2": 0.9887181074510234,
"std_TS_ap_2": 0.0017017102844260415,
"avg_TS_auc_2": 0.9132440333333335,
"std_TS_auc_2": 0.012977919300151063,
"avg_TS_f1_3": 0.9262976337319054,
"std_TS_f1_3": 0.005412969978896544,
"avg_TS_ap_3": 0.9488851426686787,
"std_TS_ap_3": 0.014340988147637805,
"avg_TS_auc_3": 0.7263490888888888,
"std_TS_auc_3": 0.03906939382515346,
"avg_TS_f1_4": 0.9361999999999998,
"std_TS_f1_4": 0.0027598532793351267,
"avg_TS_ap_4": 0.9852274388835192,
"std_TS_ap_4": 0.0005423238088599616,
"avg_TS_auc_4": 0.8826867555555555,
"std_TS_auc_4": 0.003502499780950091,
"avg_TS_f1_5": 0.9488,
"std_TS_f1_5": 0.015951841102766193,
"avg_TS_ap_5": 0.9828304604248759,
"std_TS_ap_5": 0.018784894535915163,
"avg_TS_auc_5": 0.8927258555555555,
"std_TS_auc_5": 0.08130973396165017,
"avg_TS_f1_6": 0.9256444444444444,
"std_TS_f1_6": 0.0018410946824184786,
"avg_TS_ap_6": 0.9716792052204791,
"std_TS_ap_6": 0.003169973804125776,
"avg_TS_auc_6": 0.7991509777777779,
"std_TS_auc_6": 0.013211187055225114,
"avg_TS_f1_7": 0.9672222222222222,
"std_TS_f1_7": 0.006437160634708221,
"avg_TS_ap_7": 0.997073467463413,
"std_TS_ap_7": 0.0009036997383702173,
"avg_TS_auc_7": 0.9734973333333334,
"std_TS_auc_7": 0.008117600563506553,
"avg_TS_f1_8": 0.9647212190800722,
"std_TS_f1_8": 0.02772611603083798,
"avg_TS_ap_8": 0.957708348240714,
"std_TS_ap_8": 0.07233997990607977,
"avg_TS_auc_8": 0.8382721777777778,
"std_TS_auc_8": 0.24598741190017714,
"avg_TS_f1_9": 0.9740888888888888,
"std_TS_f1_9": 0.006144916598294909,
"avg_TS_ap_9": 0.9976574226588664,
"std_TS_ap_9": 0.0007071714386682566,
"avg_TS_auc_9": 0.979332811111111,
"std_TS_auc_9": 0.006626413478339952,
"avg_TS_f1_all": 0.9544340578093011,
"std_TS_f1_all": 0.003976450292038034,
"avg_TS_ap_all": 0.9813702463436081,
"std_TS_ap_all": 0.007023739935207231,
"avg_TS_auc_all": 0.8896862955555556,
"std_TS_auc_all": 0.025703362771963386
}