{
"avg_TS_f1_0": 0.939582866578748,
"std_TS_f1_0": 0.0009181297580017616,
"avg_TS_ap_0": 0.9718223074715915,
"std_TS_ap_0": 0.0007329186409338366,
"avg_TS_auc_0": 0.8185062888888888,
"std_TS_auc_0": 0.00456815281297772,
"avg_TS_f1_1": 0.9742319066784881,
"std_TS_f1_1": 0.0007835019462134643,
"avg_TS_ap_1": 0.9896800083216813,
"std_TS_ap_1": 8.242206043909414e-05,
"avg_TS_auc_1": 0.9401931444444445,
"std_TS_auc_1": 0.0008931475073449599,
"avg_TS_f1_2": 0.9465414398879421,
"std_TS_f1_2": 0.0012395717722505388,
"avg_TS_ap_2": 0.982890764831218,
"std_TS_ap_2": 0.0004649220244808787,
"avg_TS_auc_2": 0.8787194777777778,
"std_TS_auc_2": 0.0029304837940871313,
"avg_TS_f1_3": 0.9192288460470028,
"std_TS_f1_3": 0.0011388301994838797,
"avg_TS_ap_3": 0.9613010855995834,
"std_TS_ap_3": 0.0016930499856843166,
"avg_TS_auc_3": 0.7385830333333334,
"std_TS_auc_3": 0.00790603344464856,
"avg_TS_f1_4": 0.934951204534802,
"std_TS_f1_4": 0.0005931208172728551,
"avg_TS_ap_4": 0.981159023719329,
"std_TS_ap_4": 0.0005770967257178572,
"avg_TS_auc_4": 0.8617871777777777,
"std_TS_auc_4": 0.0035630373465054873,
"avg_TS_f1_5": 0.9240615848069643,
"std_TS_f1_5": 0.002233105206283031,
"avg_TS_ap_5": 0.9723619178157129,
"std_TS_ap_5": 0.0013509242774698705,
"avg_TS_auc_5": 0.7970338222222223,
"std_TS_auc_5": 0.008988063615693525,
"avg_TS_f1_6": 0.9221144280981308,
"std_TS_f1_6": 0.0012394284784880865,
"avg_TS_ap_6": 0.9650556351958114,
"std_TS_ap_6": 0.0010517666396244747,
"avg_TS_auc_6": 0.7645927777777779,
"std_TS_auc_6": 0.00515930166032401,
"avg_TS_f1_7": 0.9624970842670804,
"std_TS_f1_7": 0.0008389100927022154,
"avg_TS_ap_7": 0.9933666781595061,
"std_TS_ap_7": 0.00044956215817039104,
"avg_TS_auc_7": 0.9479847444444445,
"std_TS_auc_7": 0.0030609284028151103,
"avg_TS_f1_8": 0.9166166674901579,
"std_TS_f1_8": 0.0013581052020924177,
"avg_TS_ap_8": 0.9424364858059606,
"std_TS_ap_8": 0.002171803701978513,
"avg_TS_auc_8": 0.6746544555555556,
"std_TS_auc_8": 0.010225650987662465,
"avg_TS_f1_9": 0.9683541295102083,
"std_TS_f1_9": 0.0014079404118147645,
"avg_TS_ap_9": 0.9916143844487486,
"std_TS_ap_9": 0.0002443979766881985,
"avg_TS_auc_9": 0.9416464333333334,
"std_TS_auc_9": 0.002252671181585471,
"avg_TS_f1_all": 0.9408180157899524,
"std_TS_f1_all": 0.0005502327521480777,
"avg_TS_ap_all": 0.9751688291369144,
"std_TS_ap_all": 0.00043701028143773184,
"avg_TS_auc_all": 0.8363701355555555,
"std_TS_auc_all": 0.0021855552283329793
}