{
"avg_TS_f1_0": 0.9108203591557557,
"std_TS_f1_0": 0.012228725299871459,
"avg_TS_ap_0": 0.8860238187971925,
"std_TS_ap_0": 0.07250387842017522,
"avg_TS_auc_0": 0.5321437,
"std_TS_auc_0": 0.21535963197552618,
"avg_TS_f1_1": 0.9792666666666667,
"std_TS_f1_1": 0.01911596837498902,
"avg_TS_ap_1": 0.9695970918966607,
"std_TS_ap_1": 0.05137604097704357,
"avg_TS_auc_1": 0.8988249555555555,
"std_TS_auc_1": 0.1573964858375548,
"avg_TS_f1_2": 0.937498000506201,
"std_TS_f1_2": 0.00562942747771386,
"avg_TS_ap_2": 0.9751597113369822,
"std_TS_ap_2": 0.023273322968038815,
"avg_TS_auc_2": 0.860216077777778,
"std_TS_auc_2": 0.06680116500169332,
"avg_TS_f1_3": 0.9182,
"std_TS_f1_3": 0.007169000481324755,
"avg_TS_ap_3": 0.9165063103357838,
"std_TS_ap_3": 0.036958872703096876,
"avg_TS_auc_3": 0.6231763444444444,
"std_TS_auc_3": 0.09964484463304515,
"avg_TS_f1_4": 0.9249333333333333,
"std_TS_f1_4": 0.011164449752298819,
"avg_TS_ap_4": 0.933655327373183,
"std_TS_ap_4": 0.060980571474351056,
"avg_TS_auc_4": 0.7059591222222223,
"std_TS_auc_4": 0.1993402958683981,
"avg_TS_f1_5": 0.9459777777777779,
"std_TS_f1_5": 0.009183560190785348,
"avg_TS_ap_5": 0.9905817056184523,
"std_TS_ap_5": 0.0034639779187648797,
"avg_TS_auc_5": 0.9199971333333334,
"std_TS_auc_5": 0.02693327233896193,
"avg_TS_f1_6": 0.907331270255755,
"std_TS_f1_6": 0.0025092202014833733,
"avg_TS_ap_6": 0.9291278418706048,
"std_TS_ap_6": 0.04126281720561624,
"avg_TS_auc_6": 0.6445845333333333,
"std_TS_auc_6": 0.11876387155464259,
"avg_TS_f1_7": 0.9552444444444443,
"std_TS_f1_7": 0.009341372199409514,
"avg_TS_ap_7": 0.9950859557751113,
"std_TS_ap_7": 0.0016617384269317168,
"avg_TS_auc_7": 0.9553815111111111,
"std_TS_auc_7": 0.015018944209675153,
"avg_TS_f1_8": 0.9259999999999999,
"std_TS_f1_8": 0.02032634974182919,
"avg_TS_ap_8": 0.913204779231207,
"std_TS_ap_8": 0.08630846389822854,
"avg_TS_auc_8": 0.6506659777777777,
"std_TS_auc_8": 0.281055032817694,
"avg_TS_f1_9": 0.9562994783660821,
"std_TS_f1_9": 0.004324826777303672,
"avg_TS_ap_9": 0.9951949130051128,
"std_TS_ap_9": 0.0012892034335874158,
"avg_TS_auc_9": 0.9568715555555556,
"std_TS_auc_9": 0.010368748602601494,
"avg_TS_f1_all": 0.9361571330506017,
"std_TS_f1_all": 0.002797953822628758,
"avg_TS_ap_all": 0.950413745524029,
"std_TS_ap_all": 0.01597059514290093,
"avg_TS_auc_all": 0.774782091111111,
"std_TS_auc_all": 0.04764786619643979
}