{
"avg_TS_f1_0": 0.9288222222222224,
"std_TS_f1_0": 0.007248873901476444,
"avg_TS_ap_0": 0.9691248607614146,
"std_TS_ap_0": 0.005944516827896508,
"avg_TS_auc_0": 0.7871856888888888,
"std_TS_auc_0": 0.03962712859956451,
"avg_TS_f1_1": 0.9568000000000001,
"std_TS_f1_1": 0.008555238089348086,
"avg_TS_ap_1": 0.9857223281513429,
"std_TS_ap_1": 0.005113819765111272,
"avg_TS_auc_1": 0.9092733222222222,
"std_TS_auc_1": 0.039502727184825684,
"avg_TS_f1_2": 0.9416,
"std_TS_f1_2": 0.010352932428860094,
"avg_TS_ap_2": 0.986248094009644,
"std_TS_ap_2": 0.002492059107177473,
"avg_TS_auc_2": 0.8942019999999999,
"std_TS_auc_2": 0.02285511355449563,
"avg_TS_f1_3": 0.9178222222222223,
"std_TS_f1_3": 0.005973025785733481,
"avg_TS_ap_3": 0.9532712646387012,
"std_TS_ap_3": 0.01220959794725153,
"avg_TS_auc_3": 0.7088169111111111,
"std_TS_auc_3": 0.050350602247242256,
"avg_TS_f1_4": 0.9261539147236576,
"std_TS_f1_4": 0.004859320918942021,
"avg_TS_ap_4": 0.9766386948400985,
"std_TS_ap_4": 0.0037689823277537505,
"avg_TS_auc_4": 0.822988311111111,
"std_TS_auc_4": 0.02718467536162222,
"avg_TS_f1_5": 0.9586666666666666,
"std_TS_f1_5": 0.007667149743234774,
"avg_TS_ap_5": 0.9866802516650642,
"std_TS_ap_5": 0.007301253646991976,
"avg_TS_auc_5": 0.9188079777777778,
"std_TS_auc_5": 0.02877262175815369,
"avg_TS_f1_6": 0.9093434450062041,
"std_TS_f1_6": 0.0019062120292945032,
"avg_TS_ap_6": 0.9576290575389154,
"std_TS_ap_6": 0.005378905167968148,
"avg_TS_auc_6": 0.7142880333333333,
"std_TS_auc_6": 0.01883785311562017,
"avg_TS_f1_7": 0.9382327005821312,
"std_TS_f1_7": 0.00452884557890373,
"avg_TS_ap_7": 0.9845638053582835,
"std_TS_ap_7": 0.006004322285251026,
"avg_TS_auc_7": 0.8770401333333334,
"std_TS_auc_7": 0.041048961112274636,
"avg_TS_f1_8": 0.9430666666666665,
"std_TS_f1_8": 0.008394766153111842,
"avg_TS_ap_8": 0.9756016079163718,
"std_TS_ap_8": 0.010651972302031921,
"avg_TS_auc_8": 0.8423551999999999,
"std_TS_auc_8": 0.0576341297639806,
"avg_TS_f1_9": 0.949111111111111,
"std_TS_f1_9": 0.012436902476496169,
"avg_TS_ap_9": 0.9847845685600296,
"std_TS_ap_9": 0.006520582875898859,
"avg_TS_auc_9": 0.8869914222222223,
"std_TS_auc_9": 0.04528988910398604,
"avg_TS_f1_all": 0.9369618949200881,
"std_TS_f1_all": 0.0025799169119773706,
"avg_TS_ap_all": 0.9760264533439866,
"std_TS_ap_all": 0.002052348890823158,
"avg_TS_auc_all": 0.8361949000000001,
"std_TS_auc_all": 0.012669354121108025
}