{
"avg_TS_f1_0": 0.9330488923490815,
"std_TS_f1_0": 0.0010284066984730827,
"avg_TS_ap_0": 0.9585097466430682,
"std_TS_ap_0": 0.0012045277336115618,
"avg_TS_auc_0": 0.7664589111111111,
"std_TS_auc_0": 0.005272502686323065,
"avg_TS_f1_1": 0.9639869140437793,
"std_TS_f1_1": 0.0012302544217942396,
"avg_TS_ap_1": 0.9814544122228736,
"std_TS_ap_1": 0.0004481388326813735,
"avg_TS_auc_1": 0.8984909555555556,
"std_TS_auc_1": 0.002662019085739185,
"avg_TS_f1_2": 0.9422967942663482,
"std_TS_f1_2": 0.0009465210040134327,
"avg_TS_ap_2": 0.9756708520543789,
"std_TS_ap_2": 0.00045651625862067714,
"avg_TS_auc_2": 0.845602511111111,
"std_TS_auc_2": 0.0025622045406058606,
"avg_TS_f1_3": 0.9130589100298365,
"std_TS_f1_3": 0.0009219596715945913,
"avg_TS_ap_3": 0.9476730704039994,
"std_TS_ap_3": 0.001438811453329836,
"avg_TS_auc_3": 0.6821832888888888,
"std_TS_auc_3": 0.005230604788509674,
"avg_TS_f1_4": 0.9295167198883967,
"std_TS_f1_4": 0.0009408648134298721,
"avg_TS_ap_4": 0.9721769328106022,
"std_TS_ap_4": 0.0007190687831452001,
"avg_TS_auc_4": 0.8206787888888888,
"std_TS_auc_4": 0.004052526489109996,
"avg_TS_f1_5": 0.9068785060204391,
"std_TS_f1_5": 0.0013117286241821726,
"avg_TS_ap_5": 0.946553265293657,
"std_TS_ap_5": 0.0018249707182908228,
"avg_TS_auc_5": 0.658486211111111,
"std_TS_auc_5": 0.010236928302275338,
"avg_TS_f1_6": 0.9195705782070263,
"std_TS_f1_6": 0.0016757355572228035,
"avg_TS_ap_6": 0.9521539875094674,
"std_TS_ap_6": 0.0005751295408920367,
"avg_TS_auc_6": 0.7173377555555556,
"std_TS_auc_6": 0.004600997957985066,
"avg_TS_f1_7": 0.9460630688691136,
"std_TS_f1_7": 0.0005358737989559968,
"avg_TS_ap_7": 0.9840119548897845,
"std_TS_ap_7": 0.0005131343111786877,
"avg_TS_auc_7": 0.8866653111111111,
"std_TS_auc_7": 0.0029248223754445614,
"avg_TS_f1_8": 0.908112951372317,
"std_TS_f1_8": 0.002319229281460112,
"avg_TS_ap_8": 0.9187981388270579,
"std_TS_ap_8": 0.002177328611974087,
"avg_TS_auc_8": 0.5896709777777778,
"std_TS_auc_8": 0.012171144677321694,
"avg_TS_f1_9": 0.9522074520985455,
"std_TS_f1_9": 0.001799324356768668,
"avg_TS_ap_9": 0.9807515663626145,
"std_TS_ap_9": 0.0007715985615250785,
"avg_TS_auc_9": 0.8815650666666665,
"std_TS_auc_9": 0.0044687834067334365,
"avg_TS_f1_all": 0.9314740787144885,
"std_TS_f1_all": 0.00045784511786435556,
"avg_TS_ap_all": 0.9617753927017503,
"std_TS_ap_all": 0.00043671070817839764,
"avg_TS_auc_all": 0.7747139777777778,
"std_TS_auc_all": 0.002254312380179826
}