{
"avg_TS_f1_0": 0.916143299319098,
"std_TS_f1_0": 0.020597591319909455,
"avg_TS_ap_0": 0.8657400015786152,
"std_TS_ap_0": 0.08000555216466196,
"avg_TS_auc_0": 0.4884312444444444,
"std_TS_auc_0": 0.26437190678363837,
"avg_TS_f1_1": 0.9472888888888888,
"std_TS_f1_1": 0.03254668821217062,
"avg_TS_ap_1": 0.8878852816546996,
"std_TS_ap_1": 0.08593103605224647,
"avg_TS_auc_1": 0.6185328222222222,
"std_TS_auc_1": 0.288332549634395,
"avg_TS_f1_2": 0.9378327462636813,
"std_TS_f1_2": 0.01468690206026492,
"avg_TS_ap_2": 0.9152436185014888,
"std_TS_ap_2": 0.06420980351974469,
"avg_TS_auc_2": 0.6929136111111112,
"std_TS_auc_2": 0.19774561186249584,
"avg_TS_f1_3": 0.9216444444444445,
"std_TS_f1_3": 0.009611053307469117,
"avg_TS_ap_3": 0.9164790547466307,
"std_TS_ap_3": 0.038436198420673605,
"avg_TS_auc_3": 0.6342956888888889,
"std_TS_auc_3": 0.11421195293664309,
"avg_TS_f1_4": 0.9229555555555555,
"std_TS_f1_4": 0.008459810580723929,
"avg_TS_ap_4": 0.9016782819886435,
"std_TS_ap_4": 0.05955325448982867,
"avg_TS_auc_4": 0.6046556111111111,
"std_TS_auc_4": 0.18482142850866604,
"avg_TS_f1_5": 0.9418444444444445,
"std_TS_f1_5": 0.019389013052770215,
"avg_TS_ap_5": 0.9624613452119455,
"std_TS_ap_5": 0.044796624641081244,
"avg_TS_auc_5": 0.8187876333333334,
"std_TS_auc_5": 0.1504652433519531,
"avg_TS_f1_6": 0.9132444444444445,
"std_TS_f1_6": 0.007930998722780143,
"avg_TS_ap_6": 0.9030567598748448,
"std_TS_ap_6": 0.05674916413832445,
"avg_TS_auc_6": 0.5879898222222223,
"std_TS_auc_6": 0.16878447286184567,
"avg_TS_f1_7": 0.9582329993641622,
"std_TS_f1_7": 0.017623499473758224,
"avg_TS_ap_7": 0.9681713441655202,
"std_TS_ap_7": 0.05591378400252752,
"avg_TS_auc_7": 0.8788693222222221,
"std_TS_auc_7": 0.1759644189308617,
"avg_TS_f1_8": 0.9277111111111112,
"std_TS_f1_8": 0.017389879276020512,
"avg_TS_ap_8": 0.8843159794402208,
"std_TS_ap_8": 0.07704929458467175,
"avg_TS_auc_8": 0.5789255,
"std_TS_auc_8": 0.23242789791815407,
"avg_TS_f1_9": 0.9618888888888888,
"std_TS_f1_9": 0.012607659831219777,
"avg_TS_ap_9": 0.973047809334458,
"std_TS_ap_9": 0.046882311459525865,
"avg_TS_auc_9": 0.8969863555555555,
"std_TS_auc_9": 0.1441001315433366,
"avg_TS_f1_all": 0.934878682272472,
"std_TS_f1_all": 0.005637752159937353,
"avg_TS_ap_all": 0.9178079476497066,
"std_TS_ap_all": 0.018545897063807056,
"avg_TS_auc_all": 0.6800387611111111,
"std_TS_auc_all": 0.05939284287619086
}