{
"avg_TS_f1_0": 0.9555767703144001,
"std_TS_f1_0": 0.0013240833070432387,
"avg_TS_ap_0": 0.9842666367043084,
"std_TS_ap_0": 0.0004946295624263737,
"avg_TS_auc_0": 0.8946714777777778,
"std_TS_auc_0": 0.0038798275339676108,
"avg_TS_f1_1": 0.9896439962587757,
"std_TS_f1_1": 0.00047713694961817063,
"avg_TS_ap_1": 0.9958735184972755,
"std_TS_ap_1": 0.00023216861896711404,
"avg_TS_auc_1": 0.977984911111111,
"std_TS_auc_1": 0.0009059209587247456,
"avg_TS_f1_2": 0.9549207202869294,
"std_TS_f1_2": 0.0005757962623122269,
"avg_TS_ap_2": 0.99009373301173,
"std_TS_ap_2": 0.00019472148723426524,
"avg_TS_auc_2": 0.9248436111111111,
"std_TS_auc_2": 0.0007123111306960774,
"avg_TS_f1_3": 0.9444746929682573,
"std_TS_f1_3": 0.001225620821088481,
"avg_TS_ap_3": 0.9799515819958267,
"std_TS_ap_3": 0.001023203220290813,
"avg_TS_auc_3": 0.859815411111111,
"std_TS_auc_3": 0.006710095841213605,
"avg_TS_f1_4": 0.9435517873747366,
"std_TS_f1_4": 0.0008273996660054614,
"avg_TS_ap_4": 0.9875340119384532,
"std_TS_ap_4": 0.0004916468220896782,
"avg_TS_auc_4": 0.9062704,
"std_TS_auc_4": 0.002670133991967769,
"avg_TS_f1_5": 0.9553970528705584,
"std_TS_f1_5": 0.0017259320221779892,
"avg_TS_ap_5": 0.9905045021182108,
"std_TS_ap_5": 0.000906980429485061,
"avg_TS_auc_5": 0.925361288888889,
"std_TS_auc_5": 0.006196075289793511,
"avg_TS_f1_6": 0.9280959842546708,
"std_TS_f1_6": 0.0008329057908234716,
"avg_TS_ap_6": 0.9752054931287486,
"std_TS_ap_6": 0.0005528447455727235,
"avg_TS_auc_6": 0.8215491,
"std_TS_auc_6": 0.002596022777202246,
"avg_TS_f1_7": 0.9759658660049014,
"std_TS_f1_7": 0.0005650312300288606,
"avg_TS_ap_7": 0.9977564575743191,
"std_TS_ap_7": 0.00013712187187457902,
"avg_TS_auc_7": 0.9815622444444443,
"std_TS_auc_7": 0.0012187683210904765,
"avg_TS_f1_8": 0.9541408335728233,
"std_TS_f1_8": 0.0028392607864960867,
"avg_TS_ap_8": 0.9779500500497292,
"std_TS_ap_8": 0.0004883184470097815,
"avg_TS_auc_8": 0.8701712444444445,
"std_TS_auc_8": 0.005130507376974072,
"avg_TS_f1_9": 0.979221301183399,
"std_TS_f1_9": 0.00013108155396912132,
"avg_TS_ap_9": 0.9972926879221046,
"std_TS_ap_9": 0.000137667919656892,
"avg_TS_auc_9": 0.9796265444444445,
"std_TS_auc_9": 0.0009837368628391595,
"avg_TS_f1_all": 0.9580989005089453,
"std_TS_f1_all": 0.0005477805441580797,
"avg_TS_ap_all": 0.9876428672940705,
"std_TS_ap_all": 0.00023234117615939358,
"avg_TS_auc_all": 0.9141856233333334,
"std_TS_auc_all": 0.0015275208511009517
}