{
"avg_TS_f1_0": 0.9562444444444445,
"std_TS_f1_0": 0.003816403840214591,
"avg_TS_ap_0": 0.987610135435723,
"std_TS_ap_0": 0.001053224689163199,
"avg_TS_auc_0": 0.90811,
"std_TS_auc_0": 0.007866975386833125,
"avg_TS_f1_1": 0.9899111111111111,
"std_TS_f1_1": 0.0009092121131323679,
"avg_TS_ap_1": 0.9958072328626658,
"std_TS_ap_1": 0.000609320406022392,
"avg_TS_auc_1": 0.976563088888889,
"std_TS_auc_1": 0.0022689653879257375,
"avg_TS_f1_2": 0.9536434246347021,
"std_TS_f1_2": 0.0027671171680373704,
"avg_TS_ap_2": 0.991275543760484,
"std_TS_ap_2": 0.0009503631958507619,
"avg_TS_auc_2": 0.929066588888889,
"std_TS_auc_2": 0.0067485754084807585,
"avg_TS_f1_3": 0.943087704872493,
"std_TS_f1_3": 0.00578139954687843,
"avg_TS_ap_3": 0.9815625159596559,
"std_TS_ap_3": 0.003865033450594302,
"avg_TS_auc_3": 0.8632092333333332,
"std_TS_auc_3": 0.026311123817597322,
"avg_TS_f1_4": 0.9361659277367261,
"std_TS_f1_4": 0.0016424890575728655,
"avg_TS_ap_4": 0.9879864644165952,
"std_TS_ap_4": 0.0011198476377482043,
"avg_TS_auc_4": 0.8991569666666667,
"std_TS_auc_4": 0.007671040319021235,
"avg_TS_f1_5": 0.9602552018322006,
"std_TS_f1_5": 0.004799571365490256,
"avg_TS_ap_5": 0.9954106918297917,
"std_TS_ap_5": 0.0007792793279642706,
"avg_TS_auc_5": 0.9596583777777778,
"std_TS_auc_5": 0.007227300111929831,
"avg_TS_f1_6": 0.9250871826212567,
"std_TS_f1_6": 0.0022009572257308645,
"avg_TS_ap_6": 0.9778325553642881,
"std_TS_ap_6": 0.0011860771799793888,
"avg_TS_auc_6": 0.8245032777777777,
"std_TS_auc_6": 0.008973887711192199,
"avg_TS_f1_7": 0.9728437814446481,
"std_TS_f1_7": 0.0026879751981130208,
"avg_TS_ap_7": 0.9975737084619105,
"std_TS_ap_7": 0.0003206004970058063,
"avg_TS_auc_7": 0.9784477111111111,
"std_TS_auc_7": 0.003002354619870292,
"avg_TS_f1_8": 0.9724888888888887,
"std_TS_f1_8": 0.004623397286534622,
"avg_TS_ap_8": 0.9927671546678385,
"std_TS_ap_8": 0.0015150922150592022,
"avg_TS_auc_8": 0.9507732333333333,
"std_TS_auc_8": 0.011329554584338505,
"avg_TS_f1_9": 0.9772553573963986,
"std_TS_f1_9": 0.002789757185100102,
"avg_TS_ap_9": 0.9980775162906266,
"std_TS_ap_9": 0.0003934281850197208,
"avg_TS_auc_9": 0.9833588000000001,
"std_TS_auc_9": 0.0034410222882734825,
"avg_TS_f1_all": 0.9586983024982869,
"std_TS_f1_all": 0.0010469274817429504,
"avg_TS_ap_all": 0.990590351904958,
"std_TS_ap_all": 0.0005449808689701396,
"avg_TS_auc_all": 0.9272847277777778,
"std_TS_auc_all": 0.003561652133090406
}