{
"avg_TS_f1_0": 0.9424444444444443,
"std_TS_f1_0": 0.009841208397145619,
"avg_TS_ap_0": 0.9761828894227487,
"std_TS_ap_0": 0.011846685859109222,
"avg_TS_auc_0": 0.8383184444444444,
"std_TS_auc_0": 0.07013764839753188,
"avg_TS_f1_1": 0.9846666666666668,
"std_TS_f1_1": 0.005547549787246183,
"avg_TS_ap_1": 0.9980788100820313,
"std_TS_ap_1": 0.0020435569685102327,
"avg_TS_auc_1": 0.9848875666666667,
"std_TS_auc_1": 0.015587242428907378,
"avg_TS_f1_2": 0.944742651066341,
"std_TS_f1_2": 0.004318164299142233,
"avg_TS_ap_2": 0.985646707350786,
"std_TS_ap_2": 0.004121066824313722,
"avg_TS_auc_2": 0.8980982555555557,
"std_TS_auc_2": 0.01472048013741566,
"avg_TS_f1_3": 0.9227761949737948,
"std_TS_f1_3": 0.011339194745613545,
"avg_TS_ap_3": 0.9111327950035252,
"std_TS_ap_3": 0.025827274247256345,
"avg_TS_auc_3": 0.6488279333333334,
"std_TS_auc_3": 0.09316450475628815,
"avg_TS_f1_4": 0.9367660709545591,
"std_TS_f1_4": 0.007139622979071136,
"avg_TS_ap_4": 0.9861458177278717,
"std_TS_ap_4": 0.002661514807044775,
"avg_TS_auc_4": 0.8878471333333333,
"std_TS_auc_4": 0.021603348042352432,
"avg_TS_f1_5": 0.9584211937700242,
"std_TS_f1_5": 0.0074248118506208835,
"avg_TS_ap_5": 0.9940518077712642,
"std_TS_ap_5": 0.0028170191462501297,
"avg_TS_auc_5": 0.9491123111111112,
"std_TS_auc_5": 0.021528864020268476,
"avg_TS_f1_6": 0.9233196017062676,
"std_TS_f1_6": 0.005027637268753479,
"avg_TS_ap_6": 0.9690223010319986,
"std_TS_ap_6": 0.011936399246932851,
"avg_TS_auc_6": 0.787833888888889,
"std_TS_auc_6": 0.04096277426911199,
"avg_TS_f1_7": 0.9690444444444445,
"std_TS_f1_7": 0.0043843717964358875,
"avg_TS_ap_7": 0.9973930317292246,
"std_TS_ap_7": 0.00036135876628887924,
"avg_TS_auc_7": 0.9761697333333335,
"std_TS_auc_7": 0.003505904324858497,
"avg_TS_f1_8": 0.9596652826391591,
"std_TS_f1_8": 0.020182386229958594,
"avg_TS_ap_8": 0.9894951170240871,
"std_TS_ap_8": 0.008466545659914428,
"avg_TS_auc_8": 0.9223409555555555,
"std_TS_auc_8": 0.055716811020291385,
"avg_TS_f1_9": 0.9636222222222223,
"std_TS_f1_9": 0.016567199484687566,
"avg_TS_ap_9": 0.995975928858905,
"std_TS_ap_9": 0.0028787724135883675,
"avg_TS_auc_9": 0.9639470555555556,
"std_TS_auc_9": 0.025878201686881427,
"avg_TS_f1_all": 0.9505468772887925,
"std_TS_f1_all": 0.0033787319753158687,
"avg_TS_ap_all": 0.9803125206002443,
"std_TS_ap_all": 0.0035295593075626063,
"avg_TS_auc_all": 0.8857383277777778,
"std_TS_auc_all": 0.01263765807203876
}