{
"avg_TS_f1_0": 0.9433099320332611,
"std_TS_f1_0": 0.00705444629029167,
"avg_TS_ap_0": 0.9836133472888818,
"std_TS_ap_0": 0.002615701141455023,
"avg_TS_auc_0": 0.877782711111111,
"std_TS_auc_0": 0.01931396574558116,
"avg_TS_f1_1": 0.9850885740565835,
"std_TS_f1_1": 0.004293704974256425,
"avg_TS_ap_1": 0.9950937658904244,
"std_TS_ap_1": 0.0007683633297826718,
"avg_TS_auc_1": 0.9735372777777778,
"std_TS_auc_1": 0.003791625450488299,
"avg_TS_f1_2": 0.9502434493274319,
"std_TS_f1_2": 0.008692190955153872,
"avg_TS_ap_2": 0.9904385645344043,
"std_TS_ap_2": 0.002429169097892004,
"avg_TS_auc_2": 0.9212157555555557,
"std_TS_auc_2": 0.019740344440457483,
"avg_TS_f1_3": 0.9380222222222223,
"std_TS_f1_3": 0.006299284693861731,
"avg_TS_ap_3": 0.9809667696559012,
"std_TS_ap_3": 0.002360213351060404,
"avg_TS_auc_3": 0.8563013333333334,
"std_TS_auc_3": 0.01819234969529231,
"avg_TS_f1_4": 0.9355096641171423,
"std_TS_f1_4": 0.002449711470342162,
"avg_TS_ap_4": 0.9857977947266876,
"std_TS_ap_4": 0.0013297825904879288,
"avg_TS_auc_4": 0.8840914666666666,
"std_TS_auc_4": 0.0092327440543741,
"avg_TS_f1_5": 0.9550666666666666,
"std_TS_f1_5": 0.007004266777216583,
"avg_TS_ap_5": 0.993277753663615,
"std_TS_ap_5": 0.0007815112177476883,
"avg_TS_auc_5": 0.9429424555555557,
"std_TS_auc_5": 0.006819509051913923,
"avg_TS_f1_6": 0.9210325252637492,
"std_TS_f1_6": 0.009156083296799926,
"avg_TS_ap_6": 0.9758081425750419,
"std_TS_ap_6": 0.004516930370108587,
"avg_TS_auc_6": 0.8092655999999998,
"std_TS_auc_6": 0.03513494081485633,
"avg_TS_f1_7": 0.9622213925464995,
"std_TS_f1_7": 0.003601251889528556,
"avg_TS_ap_7": 0.9960034016306618,
"std_TS_ap_7": 0.0006954953944742759,
"avg_TS_auc_7": 0.9640912666666667,
"std_TS_auc_7": 0.006190677701926943,
"avg_TS_f1_8": 0.9690444444444445,
"std_TS_f1_8": 0.007567180599286788,
"avg_TS_ap_8": 0.9921363954724004,
"std_TS_ap_8": 0.002255959430891168,
"avg_TS_auc_8": 0.9436333000000001,
"std_TS_auc_8": 0.016266902384471545,
"avg_TS_f1_9": 0.9666666666666668,
"std_TS_f1_9": 0.007576767609436595,
"avg_TS_ap_9": 0.9961242540429192,
"std_TS_ap_9": 0.0011098855192971631,
"avg_TS_auc_9": 0.9665626333333334,
"std_TS_auc_9": 0.00997475617181495,
"avg_TS_f1_all": 0.9526205537344667,
"std_TS_f1_all": 0.001441030215629629,
"avg_TS_ap_all": 0.9889260189480937,
"std_TS_ap_all": 0.0006798707304794708,
"avg_TS_auc_all": 0.9139423799999999,
"std_TS_auc_all": 0.0049832269467197125
}