{
"avg_TS_f1_0": 0.9510539227487946,
"std_TS_f1_0": 0.001281988772680881,
"avg_TS_ap_0": 0.9812720561462835,
"std_TS_ap_0": 0.0010842133418690757,
"avg_TS_auc_0": 0.8741319888888889,
"std_TS_auc_0": 0.0058337114482110135,
"avg_TS_f1_1": 0.9859777777777777,
"std_TS_f1_1": 0.0007614151866227598,
"avg_TS_ap_1": 0.9936095268375811,
"std_TS_ap_1": 0.00040952797017212804,
"avg_TS_auc_1": 0.9669652333333334,
"std_TS_auc_1": 0.0018294102667118263,
"avg_TS_f1_2": 0.952943936391528,
"std_TS_f1_2": 0.0011336075060531616,
"avg_TS_ap_2": 0.9885047905776932,
"std_TS_ap_2": 0.0005304517680386572,
"avg_TS_auc_2": 0.9145104333333334,
"std_TS_auc_2": 0.002460420093960752,
"avg_TS_f1_3": 0.9344074410707224,
"std_TS_f1_3": 0.0010168455598781809,
"avg_TS_ap_3": 0.9720839893682726,
"std_TS_ap_3": 0.0006440582267893334,
"avg_TS_auc_3": 0.8097135666666666,
"std_TS_auc_3": 0.00393335414266316,
"avg_TS_f1_4": 0.9424968053780765,
"std_TS_f1_4": 0.0007303373176356014,
"avg_TS_ap_4": 0.9862923452023017,
"std_TS_ap_4": 0.00033031478783364745,
"avg_TS_auc_4": 0.8960253,
"std_TS_auc_4": 0.0010536403341876504,
"avg_TS_f1_5": 0.9486983190424159,
"std_TS_f1_5": 0.0013260335660409508,
"avg_TS_ap_5": 0.9873787122617973,
"std_TS_ap_5": 0.0008198947618793297,
"avg_TS_auc_5": 0.9014304222222222,
"std_TS_auc_5": 0.0062371827453992544,
"avg_TS_f1_6": 0.9260872516699387,
"std_TS_f1_6": 0.000386437266034504,
"avg_TS_ap_6": 0.9734208783557529,
"std_TS_ap_6": 0.0013996187981947224,
"avg_TS_auc_6": 0.8087754666666666,
"std_TS_auc_6": 0.006257769058410123,
"avg_TS_f1_7": 0.9718215999654302,
"std_TS_f1_7": 0.0005009007457512362,
"avg_TS_ap_7": 0.9969409112946155,
"std_TS_ap_7": 5.001692101358763e-05,
"avg_TS_auc_7": 0.9745727222222221,
"std_TS_auc_7": 0.0003307350250428693,
"avg_TS_f1_8": 0.9365645412399456,
"std_TS_f1_8": 0.0004925769033020549,
"avg_TS_ap_8": 0.9659619967110308,
"std_TS_ap_8": 0.000926365124308102,
"avg_TS_auc_8": 0.7973260666666667,
"std_TS_auc_8": 0.003336511094423264,
"avg_TS_f1_9": 0.9775555555555556,
"std_TS_f1_9": 0.0004388537257362409,
"avg_TS_ap_9": 0.9968174012059812,
"std_TS_ap_9": 0.0003887077864909415,
"avg_TS_auc_9": 0.9753740222222221,
"std_TS_auc_9": 0.002644574178563669,
"avg_TS_f1_all": 0.9527607150840185,
"std_TS_f1_all": 0.00020500916784344425,
"avg_TS_ap_all": 0.984228260796131,
"std_TS_ap_all": 0.0002622562858993031,
"avg_TS_auc_all": 0.8918825222222221,
"std_TS_auc_all": 0.001375119706825059
}