{
"avg_TS_f1_0": 0.9545545517960875,
"std_TS_f1_0": 0.0013674123125419363,
"avg_TS_ap_0": 0.9833605945862918,
"std_TS_ap_0": 0.0005535463010863464,
"avg_TS_auc_0": 0.8903227222222222,
"std_TS_auc_0": 0.0020059558550957098,
"avg_TS_f1_1": 0.9875111111111112,
"std_TS_f1_1": 0.0009258962958221931,
"avg_TS_ap_1": 0.9943138079544008,
"std_TS_ap_1": 0.0004716074129628427,
"avg_TS_auc_1": 0.9709230888888888,
"std_TS_auc_1": 0.0019093436159975765,
"avg_TS_f1_2": 0.9538105820693742,
"std_TS_f1_2": 0.0018368047333296856,
"avg_TS_ap_2": 0.9900206063252603,
"std_TS_ap_2": 0.000699239197296973,
"avg_TS_auc_2": 0.9247984555555556,
"std_TS_auc_2": 0.003306716486221116,
"avg_TS_f1_3": 0.9386653690637135,
"std_TS_f1_3": 0.003595063227011635,
"avg_TS_ap_3": 0.9759481833955761,
"std_TS_ap_3": 0.001954251949411413,
"avg_TS_auc_3": 0.8379936444444445,
"std_TS_auc_3": 0.012491932705965492,
"avg_TS_f1_4": 0.9404549018155329,
"std_TS_f1_4": 0.0009810854886500916,
"avg_TS_ap_4": 0.9870262874101285,
"std_TS_ap_4": 0.0006208112678863679,
"avg_TS_auc_4": 0.898365622222222,
"std_TS_auc_4": 0.0034057701015254185,
"avg_TS_f1_5": 0.9586879517997915,
"std_TS_f1_5": 0.002161960667279167,
"avg_TS_ap_5": 0.9915400593007415,
"std_TS_ap_5": 0.0003975832899635455,
"avg_TS_auc_5": 0.9343084222222222,
"std_TS_auc_5": 0.003958971788759992,
"avg_TS_f1_6": 0.9255094566062896,
"std_TS_f1_6": 0.0006941463758398279,
"avg_TS_ap_6": 0.9743247335979582,
"std_TS_ap_6": 0.0011766001581071097,
"avg_TS_auc_6": 0.8134969222222223,
"std_TS_auc_6": 0.004346955716445828,
"avg_TS_f1_7": 0.9724996783771939,
"std_TS_f1_7": 0.0010868194237758564,
"avg_TS_ap_7": 0.9971001787002791,
"std_TS_ap_7": 0.000256974625735137,
"avg_TS_auc_7": 0.9762832222222222,
"std_TS_auc_7": 0.0021807764550529894,
"avg_TS_f1_8": 0.9530666666666667,
"std_TS_f1_8": 0.0027929364165982205,
"avg_TS_ap_8": 0.9785495802619121,
"std_TS_ap_8": 0.002288934773420285,
"avg_TS_auc_8": 0.8706701333333335,
"std_TS_auc_8": 0.01375903980596838,
"avg_TS_f1_9": 0.9784108981363163,
"std_TS_f1_9": 0.00173588289481911,
"avg_TS_ap_9": 0.9974753492540434,
"std_TS_ap_9": 0.00020415384525970798,
"avg_TS_auc_9": 0.9800777,
"std_TS_auc_9": 0.0015843084422695955,
"avg_TS_f1_all": 0.9563171167442077,
"std_TS_f1_all": 0.0009615017774058021,
"avg_TS_ap_all": 0.9869659380786592,
"std_TS_ap_all": 0.0005529941685244907,
"avg_TS_auc_all": 0.9097239933333332,
"std_TS_auc_all": 0.003215342861948212
}