{
"avg_TS_f1_0": 0.9512772376243124,
"std_TS_f1_0": 0.0012069263674377541,
"avg_TS_ap_0": 0.9838004631556008,
"std_TS_ap_0": 0.0005834739889637523,
"avg_TS_auc_0": 0.8867581666666666,
"std_TS_auc_0": 0.0027975357480698685,
"avg_TS_f1_1": 0.9911333333333333,
"std_TS_f1_1": 0.0005324066022538217,
"avg_TS_ap_1": 0.9963619425808122,
"std_TS_ap_1": 0.0009803446919598726,
"avg_TS_auc_1": 0.9792763888888889,
"std_TS_auc_1": 0.004023885097180176,
"avg_TS_f1_2": 0.9522433740146056,
"std_TS_f1_2": 0.0009384568899005903,
"avg_TS_ap_2": 0.9907270813092927,
"std_TS_ap_2": 0.0009363868432002613,
"avg_TS_auc_2": 0.9264268777777778,
"std_TS_auc_2": 0.005056289275255279,
"avg_TS_f1_3": 0.9287984344809279,
"std_TS_f1_3": 0.004802012939103923,
"avg_TS_ap_3": 0.9684153382169285,
"std_TS_ap_3": 0.00857584130431678,
"avg_TS_auc_3": 0.7885632444444445,
"std_TS_auc_3": 0.03863573798346121,
"avg_TS_f1_4": 0.93814234124118,
"std_TS_f1_4": 0.0017585152505074791,
"avg_TS_ap_4": 0.9870662477932592,
"std_TS_ap_4": 0.000673218422184518,
"avg_TS_auc_4": 0.8943914999999999,
"std_TS_auc_4": 0.004589574269505665,
"avg_TS_f1_5": 0.957943916637344,
"std_TS_f1_5": 0.007296596209769783,
"avg_TS_ap_5": 0.9948668958858005,
"std_TS_ap_5": 0.0016054349771978274,
"avg_TS_auc_5": 0.9541967777777778,
"std_TS_auc_5": 0.01402566178060593,
"avg_TS_f1_6": 0.9248649628683075,
"std_TS_f1_6": 0.0022876144986892335,
"avg_TS_ap_6": 0.9756791592340539,
"std_TS_ap_6": 0.0026314046078743545,
"avg_TS_auc_6": 0.8163139666666666,
"std_TS_auc_6": 0.014569204917323489,
"avg_TS_f1_7": 0.9741777777777777,
"std_TS_f1_7": 0.0008849914556328821,
"avg_TS_ap_7": 0.9981120613409449,
"std_TS_ap_7": 0.00011073067074771915,
"avg_TS_auc_7": 0.9828721777777778,
"std_TS_auc_7": 0.001018757462988675,
"avg_TS_f1_8": 0.9554549795976319,
"std_TS_f1_8": 0.00441870351159771,
"avg_TS_ap_8": 0.9810153950723711,
"std_TS_ap_8": 0.004155282066849927,
"avg_TS_auc_8": 0.8853666777777779,
"std_TS_auc_8": 0.01822670756069137,
"avg_TS_f1_9": 0.97649972899729,
"std_TS_f1_9": 0.0020130409653599524,
"avg_TS_ap_9": 0.998207282032008,
"std_TS_ap_9": 0.0002242736384515397,
"avg_TS_auc_9": 0.9838925555555555,
"std_TS_auc_9": 0.0020173221637471562,
"avg_TS_f1_all": 0.9550536086572711,
"std_TS_f1_all": 0.0018352174351167953,
"avg_TS_ap_all": 0.9874251866621071,
"std_TS_ap_all": 0.0014541586657541084,
"avg_TS_auc_all": 0.9098058333333332,
"std_TS_auc_all": 0.008283676816275882
}