{
"avg_TS_f1_0": 0.9380834203085502,
"std_TS_f1_0": 0.001320007764290256,
"avg_TS_ap_0": 0.9656427209718567,
"std_TS_ap_0": 0.0009309648890672157,
"avg_TS_auc_0": 0.7987041666666668,
"std_TS_auc_0": 0.005462373762363098,
"avg_TS_f1_1": 0.9715542974609699,
"std_TS_f1_1": 0.0007129802568608362,
"avg_TS_ap_1": 0.987103924994798,
"std_TS_ap_1": 0.00041690881434026955,
"avg_TS_auc_1": 0.9283630777777778,
"std_TS_auc_1": 0.0022527413841696665,
"avg_TS_f1_2": 0.9454735533362131,
"std_TS_f1_2": 0.001206616774412302,
"avg_TS_ap_2": 0.9797580152540109,
"std_TS_ap_2": 0.0005522799569548832,
"avg_TS_auc_2": 0.8664750888888889,
"std_TS_auc_2": 0.0031209484931727545,
"avg_TS_f1_3": 0.9180389847811735,
"std_TS_f1_3": 0.0012151046671949786,
"avg_TS_ap_3": 0.9546770866485152,
"std_TS_ap_3": 0.0017548990992283186,
"avg_TS_auc_3": 0.7167829,
"std_TS_auc_3": 0.008081709303325402,
"avg_TS_f1_4": 0.9342415072442296,
"std_TS_f1_4": 0.0008006018069867432,
"avg_TS_ap_4": 0.9772316900261835,
"std_TS_ap_4": 0.0006706144302053962,
"avg_TS_auc_4": 0.8476090777777779,
"std_TS_auc_4": 0.004194758725915223,
"avg_TS_f1_5": 0.9180149474417654,
"std_TS_f1_5": 0.001663454639812043,
"avg_TS_ap_5": 0.9608150929619559,
"std_TS_ap_5": 0.0014409069824848249,
"avg_TS_auc_5": 0.7375164666666667,
"std_TS_auc_5": 0.008862634855029281,
"avg_TS_f1_6": 0.9217058687453719,
"std_TS_f1_6": 0.0014788868065841465,
"avg_TS_ap_6": 0.9586776363254105,
"std_TS_ap_6": 0.0010607600081959366,
"avg_TS_auc_6": 0.7448106555555556,
"std_TS_auc_6": 0.004943240291374862,
"avg_TS_f1_7": 0.9581055288033002,
"std_TS_f1_7": 0.0012080677543120323,
"avg_TS_ap_7": 0.99026153834751,
"std_TS_ap_7": 0.000646725151568232,
"avg_TS_auc_7": 0.9286231777777777,
"std_TS_auc_7": 0.003969292328070442,
"avg_TS_f1_8": 0.9138488814133183,
"std_TS_f1_8": 0.0010049459336761127,
"avg_TS_ap_8": 0.934008926568621,
"std_TS_ap_8": 0.0020598980239926253,
"avg_TS_auc_8": 0.6460741,
"std_TS_auc_8": 0.010046345883411339,
"avg_TS_f1_9": 0.9637202140406927,
"std_TS_f1_9": 0.0013493082743033303,
"avg_TS_ap_9": 0.9876344767797238,
"std_TS_ap_9": 0.0003996270593703726,
"avg_TS_auc_9": 0.9222028444444443,
"std_TS_auc_9": 0.0028923703471694893,
"avg_TS_f1_all": 0.9382787203575585,
"std_TS_f1_all": 0.0005819890540632639,
"avg_TS_ap_all": 0.9695811108878584,
"std_TS_ap_all": 0.0004945617331972752,
"avg_TS_auc_all": 0.8137161555555557,
"std_TS_auc_all": 0.002403953434048639
}