{
"avg_TS_f1_0": 0.960766233926576,
"std_TS_f1_0": 0.0008507063763320308,
"avg_TS_ap_0": 0.9902931904671242,
"std_TS_ap_0": 0.00043539459962235006,
"avg_TS_auc_0": 0.9265172222222222,
"std_TS_auc_0": 0.0027925243520496514,
"avg_TS_f1_1": 0.9921777777777777,
"std_TS_f1_1": 0.00047971184766496504,
"avg_TS_ap_1": 0.9981930238336236,
"std_TS_ap_1": 0.00022782002141298203,
"avg_TS_auc_1": 0.9881628777777776,
"std_TS_auc_1": 0.0008951456832945901,
"avg_TS_f1_2": 0.9539555555555556,
"std_TS_f1_2": 0.002055525525306202,
"avg_TS_ap_2": 0.9925541841162808,
"std_TS_ap_2": 0.00027835537914264506,
"avg_TS_auc_2": 0.9380134555555555,
"std_TS_auc_2": 0.002234775577541382,
"avg_TS_f1_3": 0.9483111111111111,
"std_TS_f1_3": 0.001525746123890842,
"avg_TS_ap_3": 0.986596148388761,
"std_TS_ap_3": 0.0009618095538570975,
"avg_TS_auc_3": 0.8966127222222223,
"std_TS_auc_3": 0.006494847727902667,
"avg_TS_f1_4": 0.9418771289763012,
"std_TS_f1_4": 0.0005451035082297887,
"avg_TS_ap_4": 0.989915594113042,
"std_TS_ap_4": 0.00028615760981121156,
"avg_TS_auc_4": 0.9141588666666667,
"std_TS_auc_4": 0.0015154375689654894,
"avg_TS_f1_5": 0.9676107351642992,
"std_TS_f1_5": 0.0011379427904799982,
"avg_TS_ap_5": 0.9967398562175447,
"std_TS_ap_5": 0.00019310190553965738,
"avg_TS_auc_5": 0.9710565555555555,
"std_TS_auc_5": 0.0017313907661718618,
"avg_TS_f1_6": 0.9266650319171266,
"std_TS_f1_6": 0.0007408679997972193,
"avg_TS_ap_6": 0.9796204014877292,
"std_TS_ap_6": 0.00025216389338169644,
"avg_TS_auc_6": 0.8363109333333334,
"std_TS_auc_6": 0.002209815938762754,
"avg_TS_f1_7": 0.9754102771141607,
"std_TS_f1_7": 0.0015742346323514927,
"avg_TS_ap_7": 0.9981810194175595,
"std_TS_ap_7": 0.00014426234234212024,
"avg_TS_auc_7": 0.9835635777777778,
"std_TS_auc_7": 0.0013452111021630463,
"avg_TS_f1_8": 0.9784444444444444,
"std_TS_f1_8": 0.0030323360183850227,
"avg_TS_ap_8": 0.9952929831854138,
"std_TS_ap_8": 0.00056892117684064,
"avg_TS_auc_8": 0.966061111111111,
"std_TS_auc_8": 0.004524441518362919,
"avg_TS_f1_9": 0.9795777777777778,
"std_TS_f1_9": 0.0010313601231886375,
"avg_TS_ap_9": 0.9985311862362,
"std_TS_ap_9": 7.289110961062825e-05,
"avg_TS_auc_9": 0.987049411111111,
"std_TS_auc_9": 0.0008045290659912575,
"avg_TS_f1_all": 0.9624796073765131,
"std_TS_f1_all": 0.000551462069645131,
"avg_TS_ap_all": 0.9925917587463278,
"std_TS_ap_all": 0.00016004578715893966,
"avg_TS_auc_all": 0.9407506733333333,
"std_TS_auc_all": 0.0010717978260640975
}