{
"avg_TS_f1_0": 0.9599777777777778,
"std_TS_f1_0": 0.002091015465990686,
"avg_TS_ap_0": 0.9695437423922246,
"std_TS_ap_0": 0.002308254438672862,
"avg_TS_auc_0": 0.8639655111111111,
"std_TS_auc_0": 0.010314862013906205,
"avg_TS_f1_1": 0.9846444444444444,
"std_TS_f1_1": 0.0006899633198337976,
"avg_TS_ap_1": 0.960143544027499,
"std_TS_ap_1": 0.0035801850595026173,
"avg_TS_auc_1": 0.8913213888888889,
"std_TS_auc_1": 0.007145956430469814,
"avg_TS_f1_2": 0.9567101406868284,
"std_TS_f1_2": 0.00057090840481733,
"avg_TS_ap_2": 0.9713832052934347,
"std_TS_ap_2": 0.0021854494123988216,
"avg_TS_auc_2": 0.8810712555555555,
"std_TS_auc_2": 0.004544857865547056,
"avg_TS_f1_3": 0.9288991820533239,
"std_TS_f1_3": 0.0013814152587055075,
"avg_TS_ap_3": 0.9461330062686297,
"std_TS_ap_3": 0.004053538732496259,
"avg_TS_auc_3": 0.7149901555555556,
"std_TS_auc_3": 0.00850858286429174,
"avg_TS_f1_4": 0.9429660203344632,
"std_TS_f1_4": 0.0006580817798073722,
"avg_TS_ap_4": 0.9713712309708813,
"std_TS_ap_4": 0.0027739803200079022,
"avg_TS_auc_4": 0.8567380888888888,
"std_TS_auc_4": 0.003956089112204562,
"avg_TS_f1_5": 0.9622666666666667,
"std_TS_f1_5": 0.0031549295153637975,
"avg_TS_ap_5": 0.9674545687072126,
"std_TS_ap_5": 0.006206813438521084,
"avg_TS_auc_5": 0.8947442333333333,
"std_TS_auc_5": 0.009406577322881946,
"avg_TS_f1_6": 0.9255625299247662,
"std_TS_f1_6": 0.0010253877814829422,
"avg_TS_ap_6": 0.9557354307850229,
"std_TS_ap_6": 0.003027161210934483,
"avg_TS_auc_6": 0.758919488888889,
"std_TS_auc_6": 0.0057051896503247865,
"avg_TS_f1_7": 0.9711111111111113,
"std_TS_f1_7": 0.00241088068535387,
"avg_TS_ap_7": 0.979889554500598,
"std_TS_ap_7": 0.002518324484150347,
"avg_TS_auc_7": 0.9155523999999999,
"std_TS_auc_7": 0.008237457651244711,
"avg_TS_f1_8": 0.9863333333333333,
"std_TS_f1_8": 0.0005752079602464373,
"avg_TS_ap_8": 0.9807405534395901,
"std_TS_ap_8": 0.002081118726853924,
"avg_TS_auc_8": 0.9376137888888888,
"std_TS_auc_8": 0.006148592072043441,
"avg_TS_f1_9": 0.9802,
"std_TS_f1_9": 0.0028738067840582034,
"avg_TS_ap_9": 0.9681822283917947,
"std_TS_ap_9": 0.0042897872176581205,
"avg_TS_auc_9": 0.9065123333333334,
"std_TS_auc_9": 0.00843120352208773,
"avg_TS_f1_all": 0.9598671206332714,
"std_TS_f1_all": 0.0007325102698193681,
"avg_TS_ap_all": 0.9670577064776887,
"std_TS_ap_all": 0.0010538518059282599,
"avg_TS_auc_all": 0.8621428644444444,
"std_TS_auc_all": 0.001771020119810374
}