{
"avg_TS_f1_0": 0.9555437660116921,
"std_TS_f1_0": 0.008418134885131517,
"avg_TS_ap_0": 0.9639138836984582,
"std_TS_ap_0": 0.008835785167449485,
"avg_TS_auc_0": 0.8353862333333334,
"std_TS_auc_0": 0.02552218327417819,
"avg_TS_f1_1": 0.967,
"std_TS_f1_1": 0.0029830798568088557,
"avg_TS_ap_1": 0.968714501396833,
"std_TS_ap_1": 0.006993403209514522,
"avg_TS_auc_1": 0.8557219444444446,
"std_TS_auc_1": 0.025311576434265345,
"avg_TS_f1_2": 0.9510654987005452,
"std_TS_f1_2": 0.006577099765209481,
"avg_TS_ap_2": 0.966311212257841,
"std_TS_ap_2": 0.005265810135913947,
"avg_TS_auc_2": 0.8284870666666666,
"std_TS_auc_2": 0.016807606955692334,
"avg_TS_f1_3": 0.9323880931656697,
"std_TS_f1_3": 0.0047774106238707165,
"avg_TS_ap_3": 0.8931305646305134,
"std_TS_ap_3": 0.002918140978507165,
"avg_TS_auc_3": 0.6362539666666666,
"std_TS_auc_3": 0.018313368623164374,
"avg_TS_f1_4": 0.9383777777777779,
"std_TS_f1_4": 0.0037261836299952392,
"avg_TS_ap_4": 0.9413069351009765,
"std_TS_ap_4": 0.01638351399616069,
"avg_TS_auc_4": 0.7443304555555554,
"std_TS_auc_4": 0.040449252260457445,
"avg_TS_f1_5": 0.9458432641319579,
"std_TS_f1_5": 0.010739612130919418,
"avg_TS_ap_5": 0.9081468620252788,
"std_TS_ap_5": 0.015150243052594438,
"avg_TS_auc_5": 0.6962354222222222,
"std_TS_auc_5": 0.03181632281296834,
"avg_TS_f1_6": 0.92651977332074,
"std_TS_f1_6": 0.002678345965334045,
"avg_TS_ap_6": 0.9235009253089361,
"std_TS_ap_6": 0.009870682281515778,
"avg_TS_auc_6": 0.692823388888889,
"std_TS_auc_6": 0.03195798068604507,
"avg_TS_f1_7": 0.9567777777777777,
"std_TS_f1_7": 0.002073941794723584,
"avg_TS_ap_7": 0.9315095305579877,
"std_TS_ap_7": 0.012091590694087316,
"avg_TS_auc_7": 0.7299016666666667,
"std_TS_auc_7": 0.03423229452452144,
"avg_TS_f1_8": 0.9514202097117821,
"std_TS_f1_8": 0.0074929323057552665,
"avg_TS_ap_8": 0.9021519638655586,
"std_TS_ap_8": 0.012919953734638933,
"avg_TS_auc_8": 0.6900058777777778,
"std_TS_auc_8": 0.033357561521856566,
"avg_TS_f1_9": 0.9592666666666666,
"std_TS_f1_9": 0.004160721684788756,
"avg_TS_ap_9": 0.9490171637050917,
"std_TS_ap_9": 0.004178804887440894,
"avg_TS_auc_9": 0.7747208222222224,
"std_TS_auc_9": 0.0141483971791424,
"avg_TS_f1_all": 0.9484202827264608,
"std_TS_f1_all": 0.0025398252495054062,
"avg_TS_ap_all": 0.9347703542547474,
"std_TS_ap_all": 0.0031694077506648553,
"avg_TS_auc_all": 0.7483866844444444,
"std_TS_auc_all": 0.011174583642427545
}