{
"avg_TS_f1_0": 0.9566550660221864,
"std_TS_f1_0": 0.0014233349461715056,
"avg_TS_ap_0": 0.9878422830003541,
"std_TS_ap_0": 0.0006276205022112062,
"avg_TS_auc_0": 0.9098391555555555,
"std_TS_auc_0": 0.004385987411864839,
"avg_TS_f1_1": 0.9899111111111111,
"std_TS_f1_1": 0.00022662308949302542,
"avg_TS_ap_1": 0.9967315984018214,
"std_TS_ap_1": 0.00025867045716762875,
"avg_TS_auc_1": 0.9806638777777777,
"std_TS_auc_1": 0.0013508575737080485,
"avg_TS_f1_2": 0.953511111111111,
"std_TS_f1_2": 0.0010027123709047674,
"avg_TS_ap_2": 0.9918182076264062,
"std_TS_ap_2": 0.00044344565465396054,
"avg_TS_auc_2": 0.933920611111111,
"std_TS_auc_2": 0.0025127124734187194,
"avg_TS_f1_3": 0.9457309220218606,
"std_TS_f1_3": 0.0013633060569829905,
"avg_TS_ap_3": 0.9836625287415423,
"std_TS_ap_3": 0.0007116436096478186,
"avg_TS_auc_3": 0.8774624666666666,
"std_TS_auc_3": 0.005752299611073447,
"avg_TS_f1_4": 0.9433098530165257,
"std_TS_f1_4": 0.0008258773159322368,
"avg_TS_ap_4": 0.9895380275323731,
"std_TS_ap_4": 0.0002572416444588388,
"avg_TS_auc_4": 0.9133602111111111,
"std_TS_auc_4": 0.0015618219269039524,
"avg_TS_f1_5": 0.9647992184751004,
"std_TS_f1_5": 0.000592713281590194,
"avg_TS_ap_5": 0.9957866143787746,
"std_TS_ap_5": 0.0001625114252900685,
"avg_TS_auc_5": 0.963227211111111,
"std_TS_auc_5": 0.0011676329492599617,
"avg_TS_f1_6": 0.9269214116833652,
"std_TS_f1_6": 0.0005956913736095014,
"avg_TS_ap_6": 0.9791783757947636,
"std_TS_ap_6": 0.0005856773046073157,
"avg_TS_auc_6": 0.8356004444444445,
"std_TS_auc_6": 0.002696434753796441,
"avg_TS_f1_7": 0.9765886462828182,
"std_TS_f1_7": 0.0010116482636572607,
"avg_TS_ap_7": 0.9982938696374604,
"std_TS_ap_7": 0.00010401011933429494,
"avg_TS_auc_7": 0.9846085111111111,
"std_TS_auc_7": 0.0009242149704505463,
"avg_TS_f1_8": 0.9614888888888888,
"std_TS_f1_8": 0.0032230650238783683,
"avg_TS_ap_8": 0.9861509033792091,
"std_TS_ap_8": 0.0011762362551391422,
"avg_TS_auc_8": 0.9108236444444444,
"std_TS_auc_8": 0.008461045726281279,
"avg_TS_f1_9": 0.9792775586298005,
"std_TS_f1_9": 0.0005833546407541243,
"avg_TS_ap_9": 0.9984706133154134,
"std_TS_ap_9": 0.00010492219136334152,
"avg_TS_auc_9": 0.9867612888888889,
"std_TS_auc_9": 0.0008047717684282997,
"avg_TS_f1_all": 0.9598193787242769,
"std_TS_f1_all": 0.0003007433869225175,
"avg_TS_ap_all": 0.9907473021808118,
"std_TS_ap_all": 0.0002110258657347678,
"avg_TS_auc_all": 0.9296267422222222,
"std_TS_auc_all": 0.000843049269591011
}