{
"avg_TS_f1_0": 0.9546772833058628,
"std_TS_f1_0": 0.0010047677427080146,
"avg_TS_ap_0": 0.98314912481133,
"std_TS_ap_0": 0.0005500984471893874,
"avg_TS_auc_0": 0.8884069777777779,
"std_TS_auc_0": 0.002295298423159395,
"avg_TS_f1_1": 0.9878666666666668,
"std_TS_f1_1": 0.0011809182449410052,
"avg_TS_ap_1": 0.9945946843577316,
"std_TS_ap_1": 0.0005277026312225748,
"avg_TS_auc_1": 0.9717306444444445,
"std_TS_auc_1": 0.0015936967130187058,
"avg_TS_f1_2": 0.9538434184615194,
"std_TS_f1_2": 0.0019403385871222462,
"avg_TS_ap_2": 0.9902956690006922,
"std_TS_ap_2": 0.0006863078627807657,
"avg_TS_auc_2": 0.9262214222222223,
"std_TS_auc_2": 0.003740748623761414,
"avg_TS_f1_3": 0.9371868202554463,
"std_TS_f1_3": 0.0018163427008351394,
"avg_TS_ap_3": 0.9748253463051386,
"std_TS_ap_3": 0.0025502625470383653,
"avg_TS_auc_3": 0.8306004888888889,
"std_TS_auc_3": 0.014492160524773501,
"avg_TS_f1_4": 0.9419333333333333,
"std_TS_f1_4": 0.0014917054619411718,
"avg_TS_ap_4": 0.9874918882215329,
"std_TS_ap_4": 0.00029765323537708836,
"avg_TS_auc_4": 0.9025161222222222,
"std_TS_auc_4": 0.002503268209045859,
"avg_TS_f1_5": 0.9563101332246793,
"std_TS_f1_5": 0.0017923348290897017,
"avg_TS_ap_5": 0.9900581489656493,
"std_TS_ap_5": 0.0009855703034656856,
"avg_TS_auc_5": 0.9240768666666668,
"std_TS_auc_5": 0.00769053109410413,
"avg_TS_f1_6": 0.9257436314363143,
"std_TS_f1_6": 0.0006631090214825017,
"avg_TS_ap_6": 0.9751200156778423,
"std_TS_ap_6": 0.0007638708037920293,
"avg_TS_auc_6": 0.8183299111111111,
"std_TS_auc_6": 0.003155803394531745,
"avg_TS_f1_7": 0.9737441672685521,
"std_TS_f1_7": 0.0012614960388179339,
"avg_TS_ap_7": 0.997453230815748,
"std_TS_ap_7": 0.00011013593566066875,
"avg_TS_auc_7": 0.9788502444444445,
"std_TS_auc_7": 0.0012770831680140543,
"avg_TS_f1_8": 0.9538877419115878,
"std_TS_f1_8": 0.004848472027431581,
"avg_TS_ap_8": 0.9783262569143298,
"std_TS_ap_8": 0.0017385727938496486,
"avg_TS_auc_8": 0.8720557111111111,
"std_TS_auc_8": 0.012487990938131865,
"avg_TS_f1_9": 0.9774888888888889,
"std_TS_f1_9": 0.0017063425618179767,
"avg_TS_ap_9": 0.9973051433464297,
"std_TS_ap_9": 0.00022322368511560006,
"avg_TS_auc_9": 0.9785927111111112,
"std_TS_auc_9": 0.0017210770107804068,
"avg_TS_f1_all": 0.956268208475285,
"std_TS_f1_all": 0.0008550920396642155,
"avg_TS_ap_all": 0.9868619508416424,
"std_TS_ap_all": 0.00041363576770646777,
"avg_TS_auc_all": 0.90913811,
"std_TS_auc_all": 0.0023078138145033013
}