{
"avg_TS_f1_0": 0.9497333333333332,
"std_TS_f1_0": 0.007583477817101392,
"avg_TS_ap_0": 0.98451929499712,
"std_TS_ap_0": 0.0018493752670794734,
"avg_TS_auc_0": 0.8869545444444444,
"std_TS_auc_0": 0.01485130488781586,
"avg_TS_f1_1": 0.9879555555555555,
"std_TS_f1_1": 0.0020093608098590643,
"avg_TS_ap_1": 0.9938610473539565,
"std_TS_ap_1": 0.0011118509491307856,
"avg_TS_auc_1": 0.9688361222222222,
"std_TS_auc_1": 0.004588758448697623,
"avg_TS_f1_2": 0.9508433974726991,
"std_TS_f1_2": 0.002523976356215685,
"avg_TS_ap_2": 0.9893670997641715,
"std_TS_ap_2": 0.0012904942624135452,
"avg_TS_auc_2": 0.9173762111111111,
"std_TS_auc_2": 0.006699019328580249,
"avg_TS_f1_3": 0.9401646486533203,
"std_TS_f1_3": 0.00581304629045524,
"avg_TS_ap_3": 0.9792623937126773,
"std_TS_ap_3": 0.004084639088648718,
"avg_TS_auc_3": 0.8481128444444443,
"std_TS_auc_3": 0.02762606636767368,
"avg_TS_f1_4": 0.9376430727633018,
"std_TS_f1_4": 0.004698908309662126,
"avg_TS_ap_4": 0.9875673853940704,
"std_TS_ap_4": 0.0018978573343047041,
"avg_TS_auc_4": 0.8969204555555557,
"std_TS_auc_4": 0.014526063722737721,
"avg_TS_f1_5": 0.9561777777777778,
"std_TS_f1_5": 0.00947709389222116,
"avg_TS_ap_5": 0.9924189116065729,
"std_TS_ap_5": 0.0021044759666842667,
"avg_TS_auc_5": 0.9387032888888888,
"std_TS_auc_5": 0.017928642235068626,
"avg_TS_f1_6": 0.9229436437826793,
"std_TS_f1_6": 0.0029509397366435032,
"avg_TS_ap_6": 0.9734035571540668,
"std_TS_ap_6": 0.0035848884367304435,
"avg_TS_auc_6": 0.8025086333333334,
"std_TS_auc_6": 0.0173715826855099,
"avg_TS_f1_7": 0.9719111111111112,
"std_TS_f1_7": 0.0011274356350191857,
"avg_TS_ap_7": 0.9972407609748831,
"std_TS_ap_7": 0.0002782319561887241,
"avg_TS_auc_7": 0.9768076111111113,
"std_TS_auc_7": 0.002466049984724686,
"avg_TS_f1_8": 0.9618107487453006,
"std_TS_f1_8": 0.0058535971939154266,
"avg_TS_ap_8": 0.9879961259276963,
"std_TS_ap_8": 0.0016866477221813801,
"avg_TS_auc_8": 0.9200336777777778,
"std_TS_auc_8": 0.013891286356250766,
"avg_TS_f1_9": 0.975899794433024,
"std_TS_f1_9": 0.006479076983617424,
"avg_TS_ap_9": 0.9976994990856307,
"std_TS_ap_9": 0.0007231497294332857,
"avg_TS_auc_9": 0.9802859444444444,
"std_TS_auc_9": 0.0070849932611030545,
"avg_TS_f1_all": 0.9555083083628103,
"std_TS_f1_all": 0.0019711290394434865,
"avg_TS_ap_all": 0.9883336075970846,
"std_TS_ap_all": 0.0008510787250089461,
"avg_TS_auc_all": 0.9136539333333333,
"std_TS_auc_all": 0.005909198166352352
}