{
"avg_TS_f1_0": 0.9172444444444444,
"std_TS_f1_0": 0.015994968344628855,
"avg_TS_ap_0": 0.9222287741151067,
"std_TS_ap_0": 0.03778080728180913,
"avg_TS_auc_0": 0.6096866000000001,
"std_TS_auc_0": 0.16012445864113883,
"avg_TS_f1_1": 0.9652444444444445,
"std_TS_f1_1": 0.014414224798552644,
"avg_TS_ap_1": 0.9687844477204667,
"std_TS_ap_1": 0.00989604452039046,
"avg_TS_auc_1": 0.8715871333333333,
"std_TS_auc_1": 0.04437447583346271,
"avg_TS_f1_2": 0.9382327079899501,
"std_TS_f1_2": 0.01018282508967811,
"avg_TS_ap_2": 0.9709315200286388,
"std_TS_ap_2": 0.008215037031021883,
"avg_TS_auc_2": 0.8173273333333333,
"std_TS_auc_2": 0.04835658822300366,
"avg_TS_f1_3": 0.9087090221061663,
"std_TS_f1_3": 0.009755849761159419,
"avg_TS_ap_3": 0.9196777925236324,
"std_TS_ap_3": 0.02590020677558833,
"avg_TS_auc_3": 0.5860041666666667,
"std_TS_auc_3": 0.0913701579261691,
"avg_TS_f1_4": 0.9153313233451241,
"std_TS_f1_4": 0.005832207141314918,
"avg_TS_ap_4": 0.9408743498508313,
"std_TS_ap_4": 0.026138268003801063,
"avg_TS_auc_4": 0.6852896111111111,
"std_TS_auc_4": 0.08740467504897002,
"avg_TS_f1_5": 0.9118544771005797,
"std_TS_f1_5": 0.006582165610864196,
"avg_TS_ap_5": 0.9226711158626812,
"std_TS_ap_5": 0.004865694214029082,
"avg_TS_auc_5": 0.6013783,
"std_TS_auc_5": 0.03189280826052661,
"avg_TS_f1_6": 0.9072988746288374,
"std_TS_f1_6": 0.006584235030701325,
"avg_TS_ap_6": 0.9265650078585373,
"std_TS_ap_6": 0.010274100699636012,
"avg_TS_auc_6": 0.6053720666666667,
"std_TS_auc_6": 0.033158427459090305,
"avg_TS_f1_7": 0.9328,
"std_TS_f1_7": 0.015811450765462424,
"avg_TS_ap_7": 0.9578220496259631,
"std_TS_ap_7": 0.024004191956343273,
"avg_TS_auc_7": 0.760827488888889,
"std_TS_auc_7": 0.11280721058950284,
"avg_TS_f1_8": 0.8973731923378458,
"std_TS_f1_8": 0.005925410994202128,
"avg_TS_ap_8": 0.8741760297806159,
"std_TS_ap_8": 0.03113685002927397,
"avg_TS_auc_8": 0.41028856666666663,
"std_TS_auc_8": 0.07617594698480196,
"avg_TS_f1_9": 0.9326089424721126,
"std_TS_f1_9": 0.010312219630588936,
"avg_TS_ap_9": 0.9540909952283174,
"std_TS_ap_9": 0.00759717240047498,
"avg_TS_auc_9": 0.7599111111111111,
"std_TS_auc_9": 0.038469443552651236,
"avg_TS_f1_all": 0.9226697428869505,
"std_TS_f1_all": 0.0048172890450287695,
"avg_TS_ap_all": 0.9357822082594792,
"std_TS_ap_all": 0.0051917927168144045,
"avg_TS_auc_all": 0.6707672377777778,
"std_TS_auc_all": 0.02104328134716037
}