{
"avg_TS_f1_0": 0.9458420244884586,
"std_TS_f1_0": 0.001964100625721408,
"avg_TS_ap_0": 0.9768732751458247,
"std_TS_ap_0": 0.001889972086593359,
"avg_TS_auc_0": 0.8531098555555555,
"std_TS_auc_0": 0.0036210971953638416,
"avg_TS_f1_1": 0.9806997783827496,
"std_TS_f1_1": 0.0008873817274970022,
"avg_TS_ap_1": 0.9908782093390608,
"std_TS_ap_1": 0.0023870745604944984,
"avg_TS_auc_1": 0.9505462555555557,
"std_TS_auc_1": 0.004506532741627245,
"avg_TS_f1_2": 0.9517767172250311,
"std_TS_f1_2": 0.0017105851712903826,
"avg_TS_ap_2": 0.9885102884336602,
"std_TS_ap_2": 0.000998680771404592,
"avg_TS_auc_2": 0.9133507333333334,
"std_TS_auc_2": 0.004045417314828139,
"avg_TS_f1_3": 0.9229761579347,
"std_TS_f1_3": 0.00371977866133381,
"avg_TS_ap_3": 0.9627320093159207,
"std_TS_ap_3": 0.004397982606588319,
"avg_TS_auc_3": 0.7565725444444446,
"std_TS_auc_3": 0.022340958466413763,
"avg_TS_f1_4": 0.9369097307875129,
"std_TS_f1_4": 0.001482636958804379,
"avg_TS_ap_4": 0.9847391183800095,
"std_TS_ap_4": 0.0018616076536633094,
"avg_TS_auc_4": 0.8826072444444442,
"std_TS_auc_4": 0.008779525847921455,
"avg_TS_f1_5": 0.9477777777777778,
"std_TS_f1_5": 0.004318778976962326,
"avg_TS_ap_5": 0.9884557827069897,
"std_TS_ap_5": 0.0027619761294724065,
"avg_TS_auc_5": 0.9082337444444445,
"std_TS_auc_5": 0.01920306352789309,
"avg_TS_f1_6": 0.9233077576520848,
"std_TS_f1_6": 0.0016891717718103374,
"avg_TS_ap_6": 0.9696449433300798,
"std_TS_ap_6": 0.005050602177645577,
"avg_TS_auc_6": 0.7896865666666667,
"std_TS_auc_6": 0.019576191306429534,
"avg_TS_f1_7": 0.9695663129433119,
"std_TS_f1_7": 0.0021184674899846264,
"avg_TS_ap_7": 0.9962903554579615,
"std_TS_ap_7": 0.00028183225362188373,
"avg_TS_auc_7": 0.9702294444444444,
"std_TS_auc_7": 0.001528714982438123,
"avg_TS_f1_8": 0.936288888888889,
"std_TS_f1_8": 0.00507163499095524,
"avg_TS_ap_8": 0.9605550390867608,
"std_TS_ap_8": 0.003971259179304976,
"avg_TS_auc_8": 0.7812262333333334,
"std_TS_auc_8": 0.01913508620888555,
"avg_TS_f1_9": 0.9740215974961572,
"std_TS_f1_9": 0.0019221959889508503,
"avg_TS_ap_9": 0.9954224607946266,
"std_TS_ap_9": 0.0004064219407976664,
"avg_TS_auc_9": 0.9652392888888889,
"std_TS_auc_9": 0.002698819042232377,
"avg_TS_f1_all": 0.9489166743576674,
"std_TS_f1_all": 0.0011769434468771268,
"avg_TS_ap_all": 0.9814101481990894,
"std_TS_ap_all": 0.001253387783194599,
"avg_TS_auc_all": 0.877080191111111,
"std_TS_auc_all": 0.005690817277583834
}