{
"avg_TS_f1_0": 0.9407436363748604,
"std_TS_f1_0": 0.009075896103204403,
"avg_TS_ap_0": 0.9790318001678898,
"std_TS_ap_0": 0.005576419920298047,
"avg_TS_auc_0": 0.8472407333333333,
"std_TS_auc_0": 0.034437030851858494,
"avg_TS_f1_1": 0.9896666666666668,
"std_TS_f1_1": 0.002782662371999739,
"avg_TS_ap_1": 0.9965877028760488,
"std_TS_ap_1": 0.003084545195441449,
"avg_TS_auc_1": 0.9809219444444445,
"std_TS_auc_1": 0.013332571406378156,
"avg_TS_f1_2": 0.9424547660055188,
"std_TS_f1_2": 0.012282361320955344,
"avg_TS_ap_2": 0.9876984185249988,
"std_TS_ap_2": 0.0032370232979213,
"avg_TS_auc_2": 0.9028095777777777,
"std_TS_auc_2": 0.025304085016440735,
"avg_TS_f1_3": 0.9219642029495466,
"std_TS_f1_3": 0.009524102446249492,
"avg_TS_ap_3": 0.9017201229787709,
"std_TS_ap_3": 0.01993723731899119,
"avg_TS_auc_3": 0.6358752222222223,
"std_TS_auc_3": 0.08728675065758411,
"avg_TS_f1_4": 0.9361660203344631,
"std_TS_f1_4": 0.005038379617026297,
"avg_TS_ap_4": 0.9840244195279506,
"std_TS_ap_4": 0.002277586381149468,
"avg_TS_auc_4": 0.8758522222222223,
"std_TS_auc_4": 0.01659673788422084,
"avg_TS_f1_5": 0.9616105684883728,
"std_TS_f1_5": 0.007181524832987057,
"avg_TS_ap_5": 0.994193717071394,
"std_TS_ap_5": 0.0021964412431135713,
"avg_TS_auc_5": 0.9515589,
"std_TS_auc_5": 0.018004045994123665,
"avg_TS_f1_6": 0.9202324203196474,
"std_TS_f1_6": 0.003592164397592042,
"avg_TS_ap_6": 0.9546903617432477,
"std_TS_ap_6": 0.020803598368489665,
"avg_TS_auc_6": 0.7483171666666666,
"std_TS_auc_6": 0.03833484282718771,
"avg_TS_f1_7": 0.9661325802050731,
"std_TS_f1_7": 0.005422514120964656,
"avg_TS_ap_7": 0.9957133794961308,
"std_TS_ap_7": 0.0014415481479907609,
"avg_TS_auc_7": 0.9638840222222221,
"std_TS_auc_7": 0.010614382114719805,
"avg_TS_f1_8": 0.9816666666666667,
"std_TS_f1_8": 0.01093346883384868,
"avg_TS_ap_8": 0.9935514103367012,
"std_TS_ap_8": 0.005404132069075864,
"avg_TS_auc_8": 0.9604945888888891,
"std_TS_auc_8": 0.031185325949254317,
"avg_TS_f1_9": 0.9696444444444443,
"std_TS_f1_9": 0.005379155011893161,
"avg_TS_ap_9": 0.996950244421738,
"std_TS_ap_9": 0.000751176679359696,
"avg_TS_auc_9": 0.9735666777777776,
"std_TS_auc_9": 0.006549792081366828,
"avg_TS_f1_all": 0.953028197245526,
"std_TS_f1_all": 0.0029947493748999385,
"avg_TS_ap_all": 0.9784161577144872,
"std_TS_ap_all": 0.0022641787219453272,
"avg_TS_auc_all": 0.8840521055555556,
"std_TS_auc_all": 0.008908912419213825
}