{
"avg_TS_f1_0": 0.9553207104098375,
"std_TS_f1_0": 0.0017607411544846828,
"avg_TS_ap_0": 0.986718031405854,
"std_TS_ap_0": 0.0005987170973838535,
"avg_TS_auc_0": 0.9034139444444446,
"std_TS_auc_0": 0.004754009212765753,
"avg_TS_f1_1": 0.9921111111111112,
"std_TS_f1_1": 0.0001405456737852517,
"avg_TS_ap_1": 0.9958377516927772,
"std_TS_ap_1": 0.0006539993532221932,
"avg_TS_auc_1": 0.9805008,
"std_TS_auc_1": 0.002123659088506767,
"avg_TS_f1_2": 0.9549661598483867,
"std_TS_f1_2": 0.0006402885288583527,
"avg_TS_ap_2": 0.9913616120552984,
"std_TS_ap_2": 0.0004536215525671326,
"avg_TS_auc_2": 0.9325368444444443,
"std_TS_auc_2": 0.002457003041296166,
"avg_TS_f1_3": 0.9294072274775116,
"std_TS_f1_3": 0.00139241994103571,
"avg_TS_ap_3": 0.9706316550597116,
"std_TS_ap_3": 0.001270681008745379,
"avg_TS_auc_3": 0.790624411111111,
"std_TS_auc_3": 0.009238988279855562,
"avg_TS_f1_4": 0.941130698545933,
"std_TS_f1_4": 0.0008015355723120953,
"avg_TS_ap_4": 0.9888306971583555,
"std_TS_ap_4": 0.00030648378382632267,
"avg_TS_auc_4": 0.9085467555555555,
"std_TS_auc_4": 0.0013101266174790516,
"avg_TS_f1_5": 0.9625538690421074,
"std_TS_f1_5": 0.0019750379157169235,
"avg_TS_ap_5": 0.9960787327193031,
"std_TS_ap_5": 0.00032603080735756323,
"avg_TS_auc_5": 0.9648092444444444,
"std_TS_auc_5": 0.002941804805611842,
"avg_TS_f1_6": 0.9260752930718372,
"std_TS_f1_6": 0.0011238934072065135,
"avg_TS_ap_6": 0.976626747889962,
"std_TS_ap_6": 0.0005239660699219769,
"avg_TS_auc_6": 0.8206882777777779,
"std_TS_auc_6": 0.002879672378270249,
"avg_TS_f1_7": 0.9757441833188263,
"std_TS_f1_7": 0.001079140377582243,
"avg_TS_ap_7": 0.9982420351783381,
"std_TS_ap_7": 0.00014240925393299765,
"avg_TS_auc_7": 0.9841298999999999,
"std_TS_auc_7": 0.001288999775115111,
"avg_TS_f1_8": 0.9576666666666667,
"std_TS_f1_8": 0.016105209647122806,
"avg_TS_ap_8": 0.9874470768843591,
"std_TS_ap_8": 0.005334743068842823,
"avg_TS_auc_8": 0.9160072777777778,
"std_TS_auc_8": 0.03596535206920302,
"avg_TS_f1_9": 0.9816109117173175,
"std_TS_f1_9": 0.0004992050041349114,
"avg_TS_ap_9": 0.9985754395750014,
"std_TS_ap_9": 0.00011100721081931424,
"avg_TS_auc_9": 0.9879238000000001,
"std_TS_auc_9": 0.0006219584258267343,
"avg_TS_f1_all": 0.9576586831209536,
"std_TS_f1_all": 0.0013673815860484977,
"avg_TS_ap_all": 0.989034977961896,
"std_TS_ap_all": 0.0004894722890995375,
"avg_TS_auc_all": 0.9189181255555555,
"std_TS_auc_all": 0.0029795001118228834
}