{
"avg_TS_f1_0": 0.9429320937582952,
"std_TS_f1_0": 0.0022881740406586427,
"avg_TS_ap_0": 0.9722937423078777,
"std_TS_ap_0": 0.0014116880980220602,
"avg_TS_auc_0": 0.8297873777777778,
"std_TS_auc_0": 0.004516069657058847,
"avg_TS_f1_1": 0.9764217036748954,
"std_TS_f1_1": 0.0026487721683251058,
"avg_TS_ap_1": 0.9879645037342,
"std_TS_ap_1": 0.0010143554666067957,
"avg_TS_auc_1": 0.9361801444444444,
"std_TS_auc_1": 0.0063495451623437555,
"avg_TS_f1_2": 0.9510444444444446,
"std_TS_f1_2": 0.0008623825738636666,
"avg_TS_ap_2": 0.9848707282020552,
"std_TS_ap_2": 0.0009314530578454813,
"avg_TS_auc_2": 0.8977092222222224,
"std_TS_auc_2": 0.004758287125416138,
"avg_TS_f1_3": 0.924564186899272,
"std_TS_f1_3": 0.0027391617112627886,
"avg_TS_ap_3": 0.9581620211452329,
"std_TS_ap_3": 0.0035079951128154326,
"avg_TS_auc_3": 0.7438641555555555,
"std_TS_auc_3": 0.0191211861168524,
"avg_TS_f1_4": 0.937697927662648,
"std_TS_f1_4": 0.001112354138700864,
"avg_TS_ap_4": 0.9810858858216029,
"std_TS_ap_4": 0.0008649797142860094,
"avg_TS_auc_4": 0.8691649777777778,
"std_TS_auc_4": 0.004475423219603666,
"avg_TS_f1_5": 0.9323866535795199,
"std_TS_f1_5": 0.0036489532917122116,
"avg_TS_ap_5": 0.9730935362999006,
"std_TS_ap_5": 0.001934065603894286,
"avg_TS_auc_5": 0.8157592777777778,
"std_TS_auc_5": 0.012330903315163087,
"avg_TS_f1_6": 0.9237315924958794,
"std_TS_f1_6": 0.0017260664804048772,
"avg_TS_ap_6": 0.9630535419976216,
"std_TS_ap_6": 0.002162717795047109,
"avg_TS_auc_6": 0.7638562222222223,
"std_TS_auc_6": 0.009738621999702412,
"avg_TS_f1_7": 0.96856625368076,
"std_TS_f1_7": 0.003269053618801738,
"avg_TS_ap_7": 0.993848029453115,
"std_TS_ap_7": 0.0011151901320917673,
"avg_TS_auc_7": 0.9549197333333334,
"std_TS_auc_7": 0.007689461091136239,
"avg_TS_f1_8": 0.9270753288762956,
"std_TS_f1_8": 0.0047980689144998005,
"avg_TS_ap_8": 0.9504450111553547,
"std_TS_ap_8": 0.004529263461346326,
"avg_TS_auc_8": 0.7271414777777778,
"std_TS_auc_8": 0.024495362080581014,
"avg_TS_f1_9": 0.9731765850849016,
"std_TS_f1_9": 0.0013893179601248118,
"avg_TS_ap_9": 0.992860555419431,
"std_TS_ap_9": 0.0010745323045432027,
"avg_TS_auc_9": 0.9508364555555555,
"std_TS_auc_9": 0.006118555875105669,
"avg_TS_f1_all": 0.9457596770156911,
"std_TS_f1_all": 0.0009064759118309999,
"avg_TS_ap_all": 0.9757677555536391,
"std_TS_ap_all": 0.001047065087151886,
"avg_TS_auc_all": 0.8489219044444445,
"std_TS_auc_all": 0.005148804356691624
}