{
"avg_TS_f1_0": 0.9418968127171597,
"std_TS_f1_0": 0.0018685049965505491,
"avg_TS_ap_0": 0.958689368567233,
"std_TS_ap_0": 0.00287610355920705,
"avg_TS_auc_0": 0.8133499777777778,
"std_TS_auc_0": 0.007537858209951503,
"avg_TS_f1_1": 0.9913665499935181,
"std_TS_f1_1": 0.0009812771117311463,
"avg_TS_ap_1": 0.9985754521157739,
"std_TS_ap_1": 0.0013818737841538452,
"avg_TS_auc_1": 0.9917973888888888,
"std_TS_auc_1": 0.006100323209409447,
"avg_TS_f1_2": 0.9522983906513325,
"std_TS_f1_2": 0.0008165884527024804,
"avg_TS_ap_2": 0.9814279779380467,
"std_TS_ap_2": 0.0011476085539109716,
"avg_TS_auc_2": 0.9123813111111112,
"std_TS_auc_2": 0.0012964680337243172,
"avg_TS_f1_3": 0.9137840991166175,
"std_TS_f1_3": 0.0019722613685056946,
"avg_TS_ap_3": 0.9338037644423214,
"std_TS_ap_3": 0.009945456952248674,
"avg_TS_auc_3": 0.6636179444444444,
"std_TS_auc_3": 0.030327343267286908,
"avg_TS_f1_4": 0.9383306232309119,
"std_TS_f1_4": 0.0009913067709449179,
"avg_TS_ap_4": 0.9787988670460385,
"std_TS_ap_4": 0.0021781432694308067,
"avg_TS_auc_4": 0.8854116999999999,
"std_TS_auc_4": 0.0043201678017536025,
"avg_TS_f1_5": 0.9649440684976327,
"std_TS_f1_5": 0.0021138158355725966,
"avg_TS_ap_5": 0.9956436551131699,
"std_TS_ap_5": 0.0006037263352204653,
"avg_TS_auc_5": 0.9692554777777778,
"std_TS_auc_5": 0.003844848951679948,
"avg_TS_f1_6": 0.9215281070207497,
"std_TS_f1_6": 0.0015384617029271823,
"avg_TS_ap_6": 0.9528462006972239,
"std_TS_ap_6": 0.004195367948867827,
"avg_TS_auc_6": 0.754146511111111,
"std_TS_auc_6": 0.009201129112099813,
"avg_TS_f1_7": 0.9777441697378251,
"std_TS_f1_7": 0.0029620434163242807,
"avg_TS_ap_7": 0.998039156833849,
"std_TS_ap_7": 0.0008792953845329515,
"avg_TS_auc_7": 0.9852677777777779,
"std_TS_auc_7": 0.004477501784987681,
"avg_TS_f1_8": 0.9343763542419022,
"std_TS_f1_8": 0.004749248583885975,
"avg_TS_ap_8": 0.9706577121331932,
"std_TS_ap_8": 0.0066246723280316815,
"avg_TS_auc_8": 0.8646487444444444,
"std_TS_auc_8": 0.02521552966043538,
"avg_TS_f1_9": 0.9776769684422761,
"std_TS_f1_9": 0.0015951645169836675,
"avg_TS_ap_9": 0.997870067140583,
"std_TS_ap_9": 0.000468570163975806,
"avg_TS_auc_9": 0.9853417,
"std_TS_auc_9": 0.001923364423845291,
"avg_TS_f1_all": 0.9513946143649925,
"std_TS_f1_all": 0.0009972327717508516,
"avg_TS_ap_all": 0.976635222202743,
"std_TS_ap_all": 0.0007189492757708223,
"avg_TS_auc_all": 0.8825218533333334,
"std_TS_auc_all": 0.0028178795966260733
}