{
"avg_TS_f1_0": 0.9440746892665428,
"std_TS_f1_0": 0.0012136347810752506,
"avg_TS_ap_0": 0.973244846375653,
"std_TS_ap_0": 0.0008328409285341734,
"avg_TS_auc_0": 0.8355824777777778,
"std_TS_auc_0": 0.004045818913824096,
"avg_TS_f1_1": 0.9803324715570618,
"std_TS_f1_1": 0.0010314082167344168,
"avg_TS_ap_1": 0.9907823916868574,
"std_TS_ap_1": 0.00034498007855864266,
"avg_TS_auc_1": 0.9517132444444444,
"std_TS_auc_1": 0.0017964545448201543,
"avg_TS_f1_2": 0.9503089158054598,
"std_TS_f1_2": 0.0008078344546154985,
"avg_TS_ap_2": 0.9846755684950516,
"std_TS_ap_2": 0.0003060391759326119,
"avg_TS_auc_2": 0.8935959333333333,
"std_TS_auc_2": 0.0015290262298616468,
"avg_TS_f1_3": 0.9266839675335767,
"std_TS_f1_3": 0.002205546631126689,
"avg_TS_ap_3": 0.9631099864444584,
"std_TS_ap_3": 0.001914501136781334,
"avg_TS_auc_3": 0.7649108777777778,
"std_TS_auc_3": 0.010432179242902632,
"avg_TS_f1_4": 0.9393410745041392,
"std_TS_f1_4": 0.000845075986080667,
"avg_TS_ap_4": 0.9816685301666276,
"std_TS_ap_4": 0.00047404729821918384,
"avg_TS_auc_4": 0.8729034888888888,
"std_TS_auc_4": 0.0025929434724095116,
"avg_TS_f1_5": 0.9320740041113394,
"std_TS_f1_5": 0.0017867438184114013,
"avg_TS_ap_5": 0.976545339848664,
"std_TS_ap_5": 0.0012490317533910365,
"avg_TS_auc_5": 0.8305703666666668,
"std_TS_auc_5": 0.00771816848401573,
"avg_TS_f1_6": 0.9244633245056825,
"std_TS_f1_6": 0.0008253600665060402,
"avg_TS_ap_6": 0.9648716653962554,
"std_TS_ap_6": 0.0007238500926505041,
"avg_TS_auc_6": 0.7729583888888889,
"std_TS_auc_6": 0.0021387195834868485,
"avg_TS_f1_7": 0.96841077714194,
"std_TS_f1_7": 0.00143362218534495,
"avg_TS_ap_7": 0.9948401706976548,
"std_TS_ap_7": 0.0001436492355238925,
"avg_TS_auc_7": 0.9604815999999999,
"std_TS_auc_7": 0.0011059426504900598,
"avg_TS_f1_8": 0.9256547252625147,
"std_TS_f1_8": 0.001547164021627625,
"avg_TS_ap_8": 0.9517782821655716,
"std_TS_ap_8": 0.0005737052707820977,
"avg_TS_auc_8": 0.7290670444444445,
"std_TS_auc_8": 0.0019754694970632127,
"avg_TS_f1_9": 0.9734216481162534,
"std_TS_f1_9": 0.0006739528035972813,
"avg_TS_ap_9": 0.9934250218925762,
"std_TS_ap_9": 0.00040362782383153824,
"avg_TS_auc_9": 0.955007211111111,
"std_TS_auc_9": 0.002293233296806077,
"avg_TS_f1_all": 0.946476559780451,
"std_TS_f1_all": 0.00047046733768755643,
"avg_TS_ap_all": 0.9774941803169369,
"std_TS_ap_all": 0.0004053946289064174,
"avg_TS_auc_all": 0.8566790633333333,
"std_TS_auc_all": 0.0021130362212357164
}