{
"avg_TS_f1_0": 0.9512645072273497,
"std_TS_f1_0": 0.0008171944823552479,
"avg_TS_ap_0": 0.9843393802016213,
"std_TS_ap_0": 0.000507666670798361,
"avg_TS_auc_0": 0.8830146444444444,
"std_TS_auc_0": 0.0032611712522563688,
"avg_TS_f1_1": 0.9865665215968787,
"std_TS_f1_1": 0.000469188010798538,
"avg_TS_ap_1": 0.9962115436210277,
"std_TS_ap_1": 0.00016599663058857985,
"avg_TS_auc_1": 0.9726354888888888,
"std_TS_auc_1": 0.0011145335676117458,
"avg_TS_f1_2": 0.9529989592014372,
"std_TS_f1_2": 0.0007940577242557462,
"avg_TS_ap_2": 0.9898934603897376,
"std_TS_ap_2": 0.0002906131526955885,
"avg_TS_auc_2": 0.9193049999999999,
"std_TS_auc_2": 0.0018082822856765174,
"avg_TS_f1_3": 0.9342755918538683,
"std_TS_f1_3": 0.001795991846880507,
"avg_TS_ap_3": 0.9804109165086932,
"std_TS_ap_3": 0.0007243224681891623,
"avg_TS_auc_3": 0.8459544555555555,
"std_TS_auc_3": 0.0054354848057311,
"avg_TS_f1_4": 0.9420666666666666,
"std_TS_f1_4": 0.0004532461789860302,
"avg_TS_ap_4": 0.9895008603550679,
"std_TS_ap_4": 9.197785210559133e-05,
"avg_TS_auc_4": 0.9102881222222221,
"std_TS_auc_4": 0.0006673284432055347,
"avg_TS_f1_5": 0.9516751546752467,
"std_TS_f1_5": 0.0020269561872727714,
"avg_TS_ap_5": 0.9928578307248641,
"std_TS_ap_5": 0.00047191740353494355,
"avg_TS_auc_5": 0.9376090111111111,
"std_TS_auc_5": 0.004084106874939193,
"avg_TS_f1_6": 0.9264975486292449,
"std_TS_f1_6": 0.0012388982642871536,
"avg_TS_ap_6": 0.9796877486530349,
"std_TS_ap_6": 0.002104828586174401,
"avg_TS_auc_6": 0.8367063,
"std_TS_auc_6": 0.011949715443876869,
"avg_TS_f1_7": 0.9762775327024341,
"std_TS_f1_7": 0.0009682225608679265,
"avg_TS_ap_7": 0.9980796241141612,
"std_TS_ap_7": 0.00016466681894020756,
"avg_TS_auc_7": 0.9829164,
"std_TS_auc_7": 0.0014669290680252365,
"avg_TS_f1_8": 0.9363527405843535,
"std_TS_f1_8": 0.002758339300275018,
"avg_TS_ap_8": 0.9703882278525849,
"std_TS_ap_8": 0.003960031644241998,
"avg_TS_auc_8": 0.8106918111111112,
"std_TS_auc_8": 0.017477713281812204,
"avg_TS_f1_9": 0.9777772752807256,
"std_TS_f1_9": 0.0008486393488189033,
"avg_TS_ap_9": 0.9977919424167375,
"std_TS_ap_9": 0.000290352393353074,
"avg_TS_auc_9": 0.9815362777777776,
"std_TS_auc_9": 0.0017342088444156473,
"avg_TS_f1_all": 0.9535752498418205,
"std_TS_f1_all": 0.0004445483709747711,
"avg_TS_ap_all": 0.9879161534837528,
"std_TS_ap_all": 0.0005357914444634006,
"avg_TS_auc_all": 0.9080657511111111,
"std_TS_auc_all": 0.0025860939000486257
}