{
"avg_TS_f1_0": 0.9366327339173164,
"std_TS_f1_0": 0.011308603284424824,
"avg_TS_ap_0": 0.9718818387655521,
"std_TS_ap_0": 0.005776318112327514,
"avg_TS_auc_0": 0.8180901444444444,
"std_TS_auc_0": 0.03937755213887887,
"avg_TS_f1_1": 0.9829887438191012,
"std_TS_f1_1": 0.004452696569715722,
"avg_TS_ap_1": 0.987463228657951,
"std_TS_ap_1": 0.0017918309553311303,
"avg_TS_auc_1": 0.9457151999999999,
"std_TS_auc_1": 0.007542818688651943,
"avg_TS_f1_2": 0.9464877172188579,
"std_TS_f1_2": 0.0018080547751540786,
"avg_TS_ap_2": 0.9830201439802414,
"std_TS_ap_2": 0.0034001295223160697,
"avg_TS_auc_2": 0.8852410999999998,
"std_TS_auc_2": 0.016725178759915006,
"avg_TS_f1_3": 0.9294546659999628,
"std_TS_f1_3": 0.005211349063083276,
"avg_TS_ap_3": 0.9601282673790671,
"std_TS_ap_3": 0.0017013426831595357,
"avg_TS_auc_3": 0.7607873666666666,
"std_TS_auc_3": 0.015675471609130083,
"avg_TS_f1_4": 0.9315319073281849,
"std_TS_f1_4": 0.004453184870256148,
"avg_TS_ap_4": 0.9794470871300678,
"std_TS_ap_4": 0.0034865537843091063,
"avg_TS_auc_4": 0.8551333222222223,
"std_TS_auc_4": 0.02113122290220016,
"avg_TS_f1_5": 0.9366992968745176,
"std_TS_f1_5": 0.004677972586243312,
"avg_TS_ap_5": 0.9781080892096938,
"std_TS_ap_5": 0.003319653412772122,
"avg_TS_auc_5": 0.846959888888889,
"std_TS_auc_5": 0.018939726277272976,
"avg_TS_f1_6": 0.917886977671599,
"std_TS_f1_6": 0.004270147619258,
"avg_TS_ap_6": 0.9597424939817703,
"std_TS_ap_6": 0.006403949977865763,
"avg_TS_auc_6": 0.7419022666666667,
"std_TS_auc_6": 0.03644292608394325,
"avg_TS_f1_7": 0.9672215123062393,
"std_TS_f1_7": 0.0028961844285453533,
"avg_TS_ap_7": 0.9951153715199613,
"std_TS_ap_7": 0.0009595348318423618,
"avg_TS_auc_7": 0.9627927111111111,
"std_TS_auc_7": 0.007056918524993426,
"avg_TS_f1_8": 0.9287436944027755,
"std_TS_f1_8": 0.010588430593392812,
"avg_TS_ap_8": 0.9512530985244065,
"std_TS_ap_8": 0.007543130164275052,
"avg_TS_auc_8": 0.7336600111111111,
"std_TS_auc_8": 0.04845047282539358,
"avg_TS_f1_9": 0.976822222222222,
"std_TS_f1_9": 0.0037820890432225624,
"avg_TS_ap_9": 0.9944077680158554,
"std_TS_ap_9": 0.001605412810863518,
"avg_TS_auc_9": 0.9617504111111111,
"std_TS_auc_9": 0.009061356827011074,
"avg_TS_f1_all": 0.9454469471760778,
"std_TS_f1_all": 0.001048052945084312,
"avg_TS_ap_all": 0.9760567387164567,
"std_TS_ap_all": 0.0013975542239873123,
"avg_TS_auc_all": 0.8512032422222223,
"std_TS_auc_all": 0.007915451299494797
}