{
"avg_TS_f1_0": 0.9094199937033538,
"std_TS_f1_0": 0.020113282147495526,
"avg_TS_ap_0": 0.8354334110473263,
"std_TS_ap_0": 0.07609591694005252,
"avg_TS_auc_0": 0.3868981888888889,
"std_TS_auc_0": 0.26006073619900055,
"avg_TS_f1_1": 0.9538993252711571,
"std_TS_f1_1": 0.028972536686306016,
"avg_TS_ap_1": 0.9029712638866325,
"std_TS_ap_1": 0.0768120099223044,
"avg_TS_auc_1": 0.6780607222222222,
"std_TS_auc_1": 0.25135654114694195,
"avg_TS_f1_2": 0.9323660437925563,
"std_TS_f1_2": 0.01795570402270223,
"avg_TS_ap_2": 0.9061009744169398,
"std_TS_ap_2": 0.07178885225899394,
"avg_TS_auc_2": 0.6502330333333333,
"std_TS_auc_2": 0.2322795797959534,
"avg_TS_f1_3": 0.9213333333333334,
"std_TS_f1_3": 0.012186817407285552,
"avg_TS_ap_3": 0.8958195399958637,
"std_TS_ap_3": 0.0335897690602522,
"avg_TS_auc_3": 0.5866403777777778,
"std_TS_auc_3": 0.11299220336067113,
"avg_TS_f1_4": 0.9202222222222222,
"std_TS_f1_4": 0.010652305146693422,
"avg_TS_ap_4": 0.9001801462111491,
"std_TS_ap_4": 0.06420283394820019,
"avg_TS_auc_4": 0.5912050888888889,
"std_TS_auc_4": 0.207309498600283,
"avg_TS_f1_5": 0.9479438055200597,
"std_TS_f1_5": 0.015072239080783444,
"avg_TS_ap_5": 0.975744679846256,
"std_TS_ap_5": 0.032199289264496486,
"avg_TS_auc_5": 0.8825861555555555,
"std_TS_auc_5": 0.09553467076998862,
"avg_TS_f1_6": 0.911309013463711,
"std_TS_f1_6": 0.007547382100727145,
"avg_TS_ap_6": 0.9021944795753708,
"std_TS_ap_6": 0.056183323132195644,
"avg_TS_auc_6": 0.5672514333333334,
"std_TS_auc_6": 0.18336721600787387,
"avg_TS_f1_7": 0.9590107635609385,
"std_TS_f1_7": 0.018073680910221494,
"avg_TS_ap_7": 0.9711840453891177,
"std_TS_ap_7": 0.05173499622218453,
"avg_TS_auc_7": 0.8913298666666666,
"std_TS_auc_7": 0.16391548869830963,
"avg_TS_f1_8": 0.9241757764320241,
"std_TS_f1_8": 0.02104318496467642,
"avg_TS_ap_8": 0.8775714496395233,
"std_TS_ap_8": 0.08388298956252077,
"avg_TS_auc_8": 0.5440178222222223,
"std_TS_auc_8": 0.26796847720461636,
"avg_TS_f1_9": 0.965099332678976,
"std_TS_f1_9": 0.013393733384011145,
"avg_TS_ap_9": 0.9740098198430633,
"std_TS_ap_9": 0.04674501113732545,
"avg_TS_auc_9": 0.9066544444444442,
"std_TS_auc_9": 0.13999816764941542,
"avg_TS_f1_all": 0.9344779609978333,
"std_TS_f1_all": 0.005451171852770487,
"avg_TS_ap_all": 0.9141209809851242,
"std_TS_ap_all": 0.018469357666059883,
"avg_TS_auc_all": 0.6684877133333333,
"std_TS_auc_all": 0.05869675875773413
}