{
"avg_TS_f1_0": 0.9452080671148397,
"std_TS_f1_0": 0.0009548330933469917,
"avg_TS_ap_0": 0.9737567688906841,
"std_TS_ap_0": 0.00039952285170527654,
"avg_TS_auc_0": 0.8385860444444445,
"std_TS_auc_0": 0.0019740050290753923,
"avg_TS_f1_1": 0.9797882091961185,
"std_TS_f1_1": 0.0010672448842041055,
"avg_TS_ap_1": 0.9910100735530621,
"std_TS_ap_1": 0.0003949590814279676,
"avg_TS_auc_1": 0.9517811999999999,
"std_TS_auc_1": 0.0020272610966097456,
"avg_TS_f1_2": 0.9502199812956619,
"std_TS_f1_2": 0.0014304385288366921,
"avg_TS_ap_2": 0.9847870283848541,
"std_TS_ap_2": 0.0005400775612098183,
"avg_TS_auc_2": 0.8928538111111111,
"std_TS_auc_2": 0.002942074730400178,
"avg_TS_f1_3": 0.9264514695260848,
"std_TS_f1_3": 0.0008906034739492344,
"avg_TS_ap_3": 0.9631237953040183,
"std_TS_ap_3": 0.001129938420056969,
"avg_TS_auc_3": 0.7635323666666667,
"std_TS_auc_3": 0.005131288518491255,
"avg_TS_f1_4": 0.9400875369619299,
"std_TS_f1_4": 0.0018293417835824703,
"avg_TS_ap_4": 0.9820682712341557,
"std_TS_ap_4": 0.001194283737644133,
"avg_TS_auc_4": 0.8747682333333333,
"std_TS_auc_4": 0.007569517517070323,
"avg_TS_f1_5": 0.9354061359122448,
"std_TS_f1_5": 0.002451808406401157,
"avg_TS_ap_5": 0.9772420633454455,
"std_TS_ap_5": 0.001962974426674491,
"avg_TS_auc_5": 0.8364104777777778,
"std_TS_auc_5": 0.011996659669741604,
"avg_TS_f1_6": 0.9242307856609319,
"std_TS_f1_6": 0.0012192746241168593,
"avg_TS_ap_6": 0.9653070132391477,
"std_TS_ap_6": 0.001003777645107661,
"avg_TS_auc_6": 0.7744961555555556,
"std_TS_auc_6": 0.0048397919001023585,
"avg_TS_f1_7": 0.9681770592193393,
"std_TS_f1_7": 0.000860663710742837,
"avg_TS_ap_7": 0.9949661245533479,
"std_TS_ap_7": 0.00030921759535601544,
"avg_TS_auc_7": 0.9607022777777778,
"std_TS_auc_7": 0.0022272018820611926,
"avg_TS_f1_8": 0.9251847324851379,
"std_TS_f1_8": 0.0013832205184372605,
"avg_TS_ap_8": 0.9523316905860074,
"std_TS_ap_8": 0.0015191803092100024,
"avg_TS_auc_8": 0.7291582222222222,
"std_TS_auc_8": 0.010118383062098307,
"avg_TS_f1_9": 0.9741327542888186,
"std_TS_f1_9": 0.0007275739381253293,
"avg_TS_ap_9": 0.9936777645172958,
"std_TS_ap_9": 0.00015145036426070777,
"avg_TS_auc_9": 0.9562353333333332,
"std_TS_auc_9": 0.0010355521596272577,
"avg_TS_f1_all": 0.9468886731661108,
"std_TS_f1_all": 0.0005476291594489249,
"avg_TS_ap_all": 0.9778270593608018,
"std_TS_ap_all": 0.00022678151819247082,
"avg_TS_auc_all": 0.8578524122222222,
"std_TS_auc_all": 0.0018188157426628736
}