{
"avg_TS_f1_0": 0.9474209628930002,
"std_TS_f1_0": 0.004207432162239881,
"avg_TS_ap_0": 0.9790993639247016,
"std_TS_ap_0": 0.003155325096172714,
"avg_TS_auc_0": 0.852371811111111,
"std_TS_auc_0": 0.016218394561693338,
"avg_TS_f1_1": 0.990088888888889,
"std_TS_f1_1": 0.00202868320729371,
"avg_TS_ap_1": 0.9984870761029241,
"std_TS_ap_1": 0.0006317432938389892,
"avg_TS_auc_1": 0.9893094666666666,
"std_TS_auc_1": 0.004353823428342654,
"avg_TS_f1_2": 0.9459765073368273,
"std_TS_f1_2": 0.008061402910601851,
"avg_TS_ap_2": 0.9882650087111322,
"std_TS_ap_2": 0.0025011075138774955,
"avg_TS_auc_2": 0.9065968333333334,
"std_TS_auc_2": 0.018452347685020663,
"avg_TS_f1_3": 0.9175861337975568,
"std_TS_f1_3": 0.004554948547527317,
"avg_TS_ap_3": 0.9450918513981232,
"std_TS_ap_3": 0.015107832587698204,
"avg_TS_auc_3": 0.6927160444444445,
"std_TS_auc_3": 0.04919837569561534,
"avg_TS_f1_4": 0.9381437450228717,
"std_TS_f1_4": 0.0038398230676560505,
"avg_TS_ap_4": 0.9865138291487769,
"std_TS_ap_4": 0.00269708386863176,
"avg_TS_auc_4": 0.8930519777777779,
"std_TS_auc_4": 0.015244839567911431,
"avg_TS_f1_5": 0.962111111111111,
"std_TS_f1_5": 0.010567829121710823,
"avg_TS_ap_5": 0.9960469929237069,
"std_TS_ap_5": 0.001513301230950768,
"avg_TS_auc_5": 0.9645289555555555,
"std_TS_auc_5": 0.013815001460990132,
"avg_TS_f1_6": 0.9202954780399892,
"std_TS_f1_6": 0.0030032062430053216,
"avg_TS_ap_6": 0.9705537054061658,
"std_TS_ap_6": 0.004899255580651866,
"avg_TS_auc_6": 0.7854654111111111,
"std_TS_auc_6": 0.020484861359924077,
"avg_TS_f1_7": 0.9702995400979066,
"std_TS_f1_7": 0.008856629615008542,
"avg_TS_ap_7": 0.9971553723107913,
"std_TS_ap_7": 0.0010528925336963752,
"avg_TS_auc_7": 0.9744086444444445,
"std_TS_auc_7": 0.00964877357245948,
"avg_TS_f1_8": 0.9613555555555555,
"std_TS_f1_8": 0.0203133964189663,
"avg_TS_ap_8": 0.9890740263735462,
"std_TS_ap_8": 0.009337510864282682,
"avg_TS_auc_8": 0.9217419444444443,
"std_TS_auc_8": 0.06330459711839434,
"avg_TS_f1_9": 0.9695885475118988,
"std_TS_f1_9": 0.006049974230287612,
"avg_TS_ap_9": 0.995116977159505,
"std_TS_ap_9": 0.0023192353167425963,
"avg_TS_auc_9": 0.9595613888888888,
"std_TS_auc_9": 0.01754793250851667,
"avg_TS_f1_all": 0.9522866470255605,
"std_TS_f1_all": 0.0018884123263685753,
"avg_TS_ap_all": 0.9845404203459373,
"std_TS_ap_all": 0.0030885972204138606,
"avg_TS_auc_all": 0.8939752477777778,
"std_TS_auc_all": 0.013270947684627837
}