{
"avg_TS_f1_0": 0.9559217697279478,
"std_TS_f1_0": 0.00486396943324616,
"avg_TS_ap_0": 0.9875639605860339,
"std_TS_ap_0": 0.0010612948955934973,
"avg_TS_auc_0": 0.9079174333333333,
"std_TS_auc_0": 0.008311823246109582,
"avg_TS_f1_1": 0.9898554524634084,
"std_TS_f1_1": 0.0007868167567586895,
"avg_TS_ap_1": 0.9958329437414427,
"std_TS_ap_1": 0.0005326890058339489,
"avg_TS_auc_1": 0.9765037444444445,
"std_TS_auc_1": 0.0023304024329515167,
"avg_TS_f1_2": 0.951899473427536,
"std_TS_f1_2": 0.0015649692486641297,
"avg_TS_ap_2": 0.9911842102212033,
"std_TS_ap_2": 0.0011345513760946957,
"avg_TS_auc_2": 0.9273740555555555,
"std_TS_auc_2": 0.00800887527306462,
"avg_TS_f1_3": 0.9436431258526708,
"std_TS_f1_3": 0.0056480205159004935,
"avg_TS_ap_3": 0.9819568780756803,
"std_TS_ap_3": 0.0037570666711377494,
"avg_TS_auc_3": 0.8662802111111111,
"std_TS_auc_3": 0.02505214270026753,
"avg_TS_f1_4": 0.9367763726833847,
"std_TS_f1_4": 0.003729761253521731,
"avg_TS_ap_4": 0.9879862305136337,
"std_TS_ap_4": 0.001525168017953207,
"avg_TS_auc_4": 0.8994052555555555,
"std_TS_auc_4": 0.011208065547377962,
"avg_TS_f1_5": 0.959911111111111,
"std_TS_f1_5": 0.006735349899716068,
"avg_TS_ap_5": 0.9953002615111173,
"std_TS_ap_5": 0.0008752877158481798,
"avg_TS_auc_5": 0.9586939555555556,
"std_TS_auc_5": 0.008514578047395239,
"avg_TS_f1_6": 0.9246547499552445,
"std_TS_f1_6": 0.0025084277443780025,
"avg_TS_ap_6": 0.9776651848017301,
"std_TS_ap_6": 0.0011787681636685956,
"avg_TS_auc_6": 0.8234347333333332,
"std_TS_auc_6": 0.00872853771982568,
"avg_TS_f1_7": 0.9725772234259928,
"std_TS_f1_7": 0.0031227107608390197,
"avg_TS_ap_7": 0.9976071140144391,
"std_TS_ap_7": 0.00041286186525155757,
"avg_TS_auc_7": 0.9787911555555556,
"std_TS_auc_7": 0.0037037012394176942,
"avg_TS_f1_8": 0.9733880301992086,
"std_TS_f1_8": 0.0044147792220145116,
"avg_TS_ap_8": 0.9924847053478993,
"std_TS_ap_8": 0.0020220400055017346,
"avg_TS_auc_8": 0.9499046,
"std_TS_auc_8": 0.013376804994642473,
"avg_TS_f1_9": 0.9768222222222223,
"std_TS_f1_9": 0.0045425831559141655,
"avg_TS_ap_9": 0.9980256707591808,
"std_TS_ap_9": 0.0005384102367299979,
"avg_TS_auc_9": 0.9828583555555556,
"std_TS_auc_9": 0.005132562342005012,
"avg_TS_f1_all": 0.9585449531068729,
"std_TS_f1_all": 0.001535651927388666,
"avg_TS_ap_all": 0.990560715957236,
"std_TS_ap_all": 0.0007182134606776977,
"avg_TS_auc_all": 0.92711635,
"std_TS_auc_all": 0.004927117278769892
}