{
"avg_TS_f1_0": 0.9557333333333334,
"std_TS_f1_0": 0.004980753079060212,
"avg_TS_ap_0": 0.9839479006884062,
"std_TS_ap_0": 0.0019551585643532527,
"avg_TS_auc_0": 0.8915754999999999,
"std_TS_auc_0": 0.013573910963023888,
"avg_TS_f1_1": 0.987633182090363,
"std_TS_f1_1": 0.0008548373464095177,
"avg_TS_ap_1": 0.9909897936833512,
"std_TS_ap_1": 0.0008954838838284233,
"avg_TS_auc_1": 0.9634008666666667,
"std_TS_auc_1": 0.0031220095300429143,
"avg_TS_f1_2": 0.9536550450333661,
"std_TS_f1_2": 0.004597915526918809,
"avg_TS_ap_2": 0.9898037223189327,
"std_TS_ap_2": 0.0017728375221513258,
"avg_TS_auc_2": 0.9217399444444444,
"std_TS_auc_2": 0.011134100155007097,
"avg_TS_f1_3": 0.9345097209104211,
"std_TS_f1_3": 0.004662099566326326,
"avg_TS_ap_3": 0.973231343957756,
"std_TS_ap_3": 0.0033775889126399857,
"avg_TS_auc_3": 0.8144316666666667,
"std_TS_auc_3": 0.02151159863201571,
"avg_TS_f1_4": 0.9375097752344266,
"std_TS_f1_4": 0.0034581724979299146,
"avg_TS_ap_4": 0.9856124433997657,
"std_TS_ap_4": 0.0011761185552989564,
"avg_TS_auc_4": 0.8877094000000001,
"std_TS_auc_4": 0.00768143516758603,
"avg_TS_f1_5": 0.9572666666666667,
"std_TS_f1_5": 0.0020770349236529516,
"avg_TS_ap_5": 0.991512497121756,
"std_TS_ap_5": 0.001265001152446305,
"avg_TS_auc_5": 0.933657611111111,
"std_TS_auc_5": 0.00783833840086148,
"avg_TS_f1_6": 0.9219435351346679,
"std_TS_f1_6": 0.0042431597320991745,
"avg_TS_ap_6": 0.9711397912390776,
"std_TS_ap_6": 0.002220129821178896,
"avg_TS_auc_6": 0.7906665666666666,
"std_TS_auc_6": 0.013779722707946631,
"avg_TS_f1_7": 0.9716444444444445,
"std_TS_f1_7": 0.0014408502291064394,
"avg_TS_ap_7": 0.9969835530722555,
"std_TS_ap_7": 0.0004392000278145924,
"avg_TS_auc_7": 0.9747351333333334,
"std_TS_auc_7": 0.002643549888518514,
"avg_TS_f1_8": 0.9510434431542493,
"std_TS_f1_8": 0.005247350518551226,
"avg_TS_ap_8": 0.981109554038808,
"std_TS_ap_8": 0.0039702375980151085,
"avg_TS_auc_8": 0.8764254111111113,
"std_TS_auc_8": 0.02027940944396074,
"avg_TS_f1_9": 0.9773772863924538,
"std_TS_f1_9": 0.002892976925930598,
"avg_TS_ap_9": 0.9973876038798115,
"std_TS_ap_9": 0.0004761233605897276,
"avg_TS_auc_9": 0.9791265222222222,
"std_TS_auc_9": 0.004113271258400714,
"avg_TS_f1_all": 0.9548316432394393,
"std_TS_f1_all": 0.0008284535844904399,
"avg_TS_ap_all": 0.9861718203399921,
"std_TS_ap_all": 0.0006275085539737682,
"avg_TS_auc_all": 0.9033468622222223,
"std_TS_auc_all": 0.003718610214636676
}