{
"avg_TS_f1_0": 0.9535535060589785,
"std_TS_f1_0": 0.0014457440124023642,
"avg_TS_ap_0": 0.9824420829451693,
"std_TS_ap_0": 0.0019803845069446117,
"avg_TS_auc_0": 0.8901812111111111,
"std_TS_auc_0": 0.008390435317610882,
"avg_TS_f1_1": 0.9930444444444444,
"std_TS_f1_1": 0.00044776537065800394,
"avg_TS_ap_1": 0.9979987036758828,
"std_TS_ap_1": 0.0008584011620237253,
"avg_TS_auc_1": 0.9894235444444444,
"std_TS_auc_1": 0.0026743630755290326,
"avg_TS_f1_2": 0.9552328450346007,
"std_TS_f1_2": 0.0008503814384665587,
"avg_TS_ap_2": 0.9893515770022205,
"std_TS_ap_2": 0.002018622318320364,
"avg_TS_auc_2": 0.9283077777777778,
"std_TS_auc_2": 0.006294383917920189,
"avg_TS_f1_3": 0.9367095949774986,
"std_TS_f1_3": 0.004404198125196291,
"avg_TS_ap_3": 0.9692544103544677,
"std_TS_ap_3": 0.004530154229540632,
"avg_TS_auc_3": 0.8040994444444444,
"std_TS_auc_3": 0.02557798133708455,
"avg_TS_f1_4": 0.9426301423432909,
"std_TS_f1_4": 0.001158478184198618,
"avg_TS_ap_4": 0.987152800998263,
"std_TS_ap_4": 0.0006907279158610362,
"avg_TS_auc_4": 0.9074053222222223,
"std_TS_auc_4": 0.002992712796027362,
"avg_TS_f1_5": 0.9661770123031527,
"std_TS_f1_5": 0.0023675786790228353,
"avg_TS_ap_5": 0.9917640376482126,
"std_TS_ap_5": 0.004589810178675532,
"avg_TS_auc_5": 0.9599689777777778,
"std_TS_auc_5": 0.008669963257899817,
"avg_TS_f1_6": 0.927654741312789,
"std_TS_f1_6": 0.002243683392189878,
"avg_TS_ap_6": 0.9750441424184395,
"std_TS_ap_6": 0.0026752891192858004,
"avg_TS_auc_6": 0.8229543333333333,
"std_TS_auc_6": 0.009287641045703017,
"avg_TS_f1_7": 0.9778884740510275,
"std_TS_f1_7": 0.004107038654898057,
"avg_TS_ap_7": 0.9970237998801526,
"std_TS_ap_7": 0.0014094096772946138,
"avg_TS_auc_7": 0.9797081333333335,
"std_TS_auc_7": 0.006721986641106117,
"avg_TS_f1_8": 0.9814106870134761,
"std_TS_f1_8": 0.011060498686284621,
"avg_TS_ap_8": 0.9943441392486874,
"std_TS_ap_8": 0.003835276163173087,
"avg_TS_auc_8": 0.9698505111111112,
"std_TS_auc_8": 0.02567854347731858,
"avg_TS_f1_9": 0.9773550839244155,
"std_TS_f1_9": 0.0012280279447815178,
"avg_TS_ap_9": 0.9964452523936735,
"std_TS_ap_9": 0.0016164961782156016,
"avg_TS_auc_9": 0.9786597666666668,
"std_TS_auc_9": 0.005609424544042717,
"avg_TS_f1_all": 0.9611656531463675,
"std_TS_f1_all": 0.001182935442233298,
"avg_TS_ap_all": 0.988082094656517,
"std_TS_ap_all": 0.0010115025734849109,
"avg_TS_auc_all": 0.9230559022222223,
"std_TS_auc_all": 0.004438884352251276
}