{
"avg_TS_f1_0": 0.9465415040938417,
"std_TS_f1_0": 0.0015662731085890338,
"avg_TS_ap_0": 0.9761913633368788,
"std_TS_ap_0": 0.0006148465860891456,
"avg_TS_auc_0": 0.8506395111111111,
"std_TS_auc_0": 0.003607010234953822,
"avg_TS_f1_1": 0.9839439141485891,
"std_TS_f1_1": 0.00023273717683133463,
"avg_TS_ap_1": 0.9923565535893714,
"std_TS_ap_1": 0.00014868686783809135,
"avg_TS_auc_1": 0.9609388555555556,
"std_TS_auc_1": 0.0008809041634509259,
"avg_TS_f1_2": 0.9520200862419589,
"std_TS_f1_2": 0.0005992530809549014,
"avg_TS_ap_2": 0.9861659778248113,
"std_TS_ap_2": 0.0001469391467805985,
"avg_TS_auc_2": 0.9022624888888888,
"std_TS_auc_2": 0.0011648557836875229,
"avg_TS_f1_3": 0.930817620647777,
"std_TS_f1_3": 0.000977092077065625,
"avg_TS_ap_3": 0.9674905784076678,
"std_TS_ap_3": 0.0007329217792371551,
"avg_TS_auc_3": 0.7882499333333334,
"std_TS_auc_3": 0.005251441771504879,
"avg_TS_f1_4": 0.9411529429927098,
"std_TS_f1_4": 0.0005248659386148924,
"avg_TS_ap_4": 0.9834854085972644,
"std_TS_ap_4": 0.0004565927058524016,
"avg_TS_auc_4": 0.8833923,
"std_TS_auc_4": 0.002415929213305634,
"avg_TS_f1_5": 0.9390521695649758,
"std_TS_f1_5": 0.0015023451330545836,
"avg_TS_ap_5": 0.9814280969665076,
"std_TS_ap_5": 0.0008421798234757153,
"avg_TS_auc_5": 0.8616533222222224,
"std_TS_auc_5": 0.0056037759927602855,
"avg_TS_f1_6": 0.9257847768410901,
"std_TS_f1_6": 0.0004688981154510619,
"avg_TS_ap_6": 0.9676066945242161,
"std_TS_ap_6": 0.0011114503236521708,
"avg_TS_auc_6": 0.7862690000000001,
"std_TS_auc_6": 0.004265140259225284,
"avg_TS_f1_7": 0.9706767980937213,
"std_TS_f1_7": 0.0010804358813905068,
"avg_TS_ap_7": 0.9958646536481208,
"std_TS_ap_7": 0.00013741054835434156,
"avg_TS_auc_7": 0.967407688888889,
"std_TS_auc_7": 0.001063946269180749,
"avg_TS_f1_8": 0.9318962164564697,
"std_TS_f1_8": 0.0024320220492791067,
"avg_TS_ap_8": 0.9591025075069798,
"std_TS_ap_8": 0.001933221041302871,
"avg_TS_auc_8": 0.7664636222222222,
"std_TS_auc_8": 0.01115234508508367,
"avg_TS_f1_9": 0.9756097560673777,
"std_TS_f1_9": 0.0003496234328691154,
"avg_TS_ap_9": 0.9948408183289832,
"std_TS_ap_9": 0.000374329522014404,
"avg_TS_auc_9": 0.9638714111111112,
"std_TS_auc_9": 0.0022000723025717758,
"avg_TS_f1_all": 0.9497495785148511,
"std_TS_f1_all": 0.000311642598604769,
"avg_TS_ap_all": 0.9804532652730803,
"std_TS_ap_all": 0.00030968401676465917,
"avg_TS_auc_all": 0.8731148133333333,
"std_TS_auc_all": 0.0015418544231317246
}