{
"avg_TS_f1_0": 0.9432171550615402,
"std_TS_f1_0": 0.0007879502770986056,
"avg_TS_ap_0": 0.9721841539663936,
"std_TS_ap_0": 0.0005659035767768238,
"avg_TS_auc_0": 0.8295191777777777,
"std_TS_auc_0": 0.0024512601474283597,
"avg_TS_f1_1": 0.9789219870239705,
"std_TS_f1_1": 0.0005393572395233528,
"avg_TS_ap_1": 0.9907188266529845,
"std_TS_ap_1": 0.0001361643364099666,
"avg_TS_auc_1": 0.9505683111111111,
"std_TS_auc_1": 0.0006491172434948858,
"avg_TS_f1_2": 0.9497650054632663,
"std_TS_f1_2": 0.0007423140033822382,
"avg_TS_ap_2": 0.9840728092922145,
"std_TS_ap_2": 0.000162872618479031,
"avg_TS_auc_2": 0.8899096555555556,
"std_TS_auc_2": 0.0011619661282541473,
"avg_TS_f1_3": 0.9255386791283813,
"std_TS_f1_3": 0.001455733124892779,
"avg_TS_ap_3": 0.9631241888217993,
"std_TS_ap_3": 0.0011312113253240863,
"avg_TS_auc_3": 0.762551611111111,
"std_TS_auc_3": 0.005998652481707585,
"avg_TS_f1_4": 0.9389292416703447,
"std_TS_f1_4": 0.0011147586827655025,
"avg_TS_ap_4": 0.9808197255579122,
"std_TS_ap_4": 0.00042378134482510193,
"avg_TS_auc_4": 0.8685791666666667,
"std_TS_auc_4": 0.0021886335460203246,
"avg_TS_f1_5": 0.9309834704225926,
"std_TS_f1_5": 0.0013682438285682332,
"avg_TS_ap_5": 0.9750088860475394,
"std_TS_ap_5": 0.0010477802611483617,
"avg_TS_auc_5": 0.8206501555555556,
"std_TS_auc_5": 0.006992871089867627,
"avg_TS_f1_6": 0.9245299935477792,
"std_TS_f1_6": 0.0010902994899781066,
"avg_TS_ap_6": 0.9638883125595908,
"std_TS_ap_6": 0.0003611365304693555,
"avg_TS_auc_6": 0.7683573777777779,
"std_TS_auc_6": 0.001890888244603668,
"avg_TS_f1_7": 0.9672429949812026,
"std_TS_f1_7": 0.0008658979896315874,
"avg_TS_ap_7": 0.9942960675541311,
"std_TS_ap_7": 0.00028814630175479517,
"avg_TS_auc_7": 0.9566456222222224,
"std_TS_auc_7": 0.0022084010688144594,
"avg_TS_f1_8": 0.9238273937390324,
"std_TS_f1_8": 0.0016707557180581515,
"avg_TS_ap_8": 0.9488814950702181,
"std_TS_ap_8": 0.0009334705019327686,
"avg_TS_auc_8": 0.7161892555555556,
"std_TS_auc_8": 0.006779675038517814,
"avg_TS_f1_9": 0.972020972770092,
"std_TS_f1_9": 0.000624498679776786,
"avg_TS_ap_9": 0.9925236676855063,
"std_TS_ap_9": 0.00031554731654044447,
"avg_TS_auc_9": 0.9502139666666667,
"std_TS_auc_9": 0.0016785704935971936,
"avg_TS_f1_all": 0.9454976893808202,
"std_TS_f1_all": 0.00024247304748491297,
"avg_TS_ap_all": 0.9765518133208289,
"std_TS_ap_all": 0.00013665027864979035,
"avg_TS_auc_all": 0.8513184300000001,
"std_TS_auc_all": 0.0005212869766213638
}