{
"avg_TS_f1_0": 0.9564444444444444,
"std_TS_f1_0": 0.004887373502515097,
"avg_TS_ap_0": 0.9823025132977682,
"std_TS_ap_0": 0.004209206661983302,
"avg_TS_auc_0": 0.8877802777777777,
"std_TS_auc_0": 0.021817326191626966,
"avg_TS_f1_1": 0.9788444444444444,
"std_TS_f1_1": 0.005973439152501842,
"avg_TS_ap_1": 0.9903588982550225,
"std_TS_ap_1": 0.00545655235560893,
"avg_TS_auc_1": 0.9520669888888887,
"std_TS_auc_1": 0.01843290827275641,
"avg_TS_f1_2": 0.9546222222222221,
"std_TS_f1_2": 0.00772445211609387,
"avg_TS_ap_2": 0.9823646888241926,
"std_TS_ap_2": 0.0036980606718713493,
"avg_TS_auc_2": 0.8838037333333334,
"std_TS_auc_2": 0.02394296649461428,
"avg_TS_f1_3": 0.9227760060744116,
"std_TS_f1_3": 0.005958946300968336,
"avg_TS_ap_3": 0.8976781858560272,
"std_TS_ap_3": 0.022835123945306113,
"avg_TS_auc_3": 0.6167725,
"std_TS_auc_3": 0.06526469625960137,
"avg_TS_f1_4": 0.9362652777006131,
"std_TS_f1_4": 0.0021449420746045096,
"avg_TS_ap_4": 0.9748913056899932,
"std_TS_ap_4": 0.004072299973712811,
"avg_TS_auc_4": 0.8368705222222221,
"std_TS_auc_4": 0.014596715517988466,
"avg_TS_f1_5": 0.9516995154051768,
"std_TS_f1_5": 0.02193722581070477,
"avg_TS_ap_5": 0.9520812761890267,
"std_TS_ap_5": 0.0464382977538932,
"avg_TS_auc_5": 0.7989464666666667,
"std_TS_auc_5": 0.15738020747433962,
"avg_TS_f1_6": 0.9217316763591017,
"std_TS_f1_6": 0.002038047712203026,
"avg_TS_ap_6": 0.9342142253149657,
"std_TS_ap_6": 0.009387550341993036,
"avg_TS_auc_6": 0.7163798555555555,
"std_TS_auc_6": 0.0190656560799456,
"avg_TS_f1_7": 0.9576107339296627,
"std_TS_f1_7": 0.005870289350633242,
"avg_TS_ap_7": 0.9714200586652619,
"std_TS_ap_7": 0.021599248447303914,
"avg_TS_auc_7": 0.8604437,
"std_TS_auc_7": 0.08008440569558047,
"avg_TS_f1_8": 0.9736,
"std_TS_f1_8": 0.006646487980064027,
"avg_TS_ap_8": 0.9835368381174632,
"std_TS_ap_8": 0.010241131006875303,
"avg_TS_auc_8": 0.9137842777777777,
"std_TS_auc_8": 0.049996869860083996,
"avg_TS_f1_9": 0.9730444444444444,
"std_TS_f1_9": 0.0076547733836839,
"avg_TS_ap_9": 0.9924031017711794,
"std_TS_ap_9": 0.0034870147442110327,
"avg_TS_auc_9": 0.9476041111111112,
"std_TS_auc_9": 0.020961188399097726,
"avg_TS_f1_all": 0.9526638765024522,
"std_TS_f1_all": 0.0024047698197298094,
"avg_TS_ap_all": 0.9661251091980901,
"std_TS_ap_all": 0.006473380796702353,
"avg_TS_auc_all": 0.8414452433333333,
"std_TS_auc_all": 0.023693893133074906
}