{
"avg_TS_f1_0": 0.9164444444444444,
"std_TS_f1_0": 0.014878105547796006,
"avg_TS_ap_0": 0.9409708097372069,
"std_TS_ap_0": 0.027128673682955243,
"avg_TS_auc_0": 0.6616332666666667,
"std_TS_auc_0": 0.1163297957810614,
"avg_TS_f1_1": 0.9789661289824743,
"std_TS_f1_1": 0.0152486157618827,
"avg_TS_ap_1": 0.9918180131330571,
"std_TS_ap_1": 0.004078771465395074,
"avg_TS_auc_1": 0.9574005888888889,
"std_TS_auc_1": 0.02791541750604031,
"avg_TS_f1_2": 0.9346550005864522,
"std_TS_f1_2": 0.014126437679645831,
"avg_TS_ap_2": 0.9791328007523349,
"std_TS_ap_2": 0.0047387442247465595,
"avg_TS_auc_2": 0.8433051666666668,
"std_TS_auc_2": 0.039054388078867915,
"avg_TS_f1_3": 0.9198888888888888,
"std_TS_f1_3": 0.0045946829173633685,
"avg_TS_ap_3": 0.9460317506715313,
"std_TS_ap_3": 0.010349973195929651,
"avg_TS_auc_3": 0.6896854777777778,
"std_TS_auc_3": 0.04162297081259543,
"avg_TS_f1_4": 0.9196444444444445,
"std_TS_f1_4": 0.006951827186759452,
"avg_TS_ap_4": 0.9356366057686106,
"std_TS_ap_4": 0.03453013712297579,
"avg_TS_auc_4": 0.6940561777777777,
"std_TS_auc_4": 0.10388892633710196,
"avg_TS_f1_5": 0.9349555555555555,
"std_TS_f1_5": 0.012197469885387613,
"avg_TS_ap_5": 0.9754726103847059,
"std_TS_ap_5": 0.008572769824609099,
"avg_TS_auc_5": 0.8457904222222222,
"std_TS_auc_5": 0.030776234113847802,
"avg_TS_f1_6": 0.9106322351241737,
"std_TS_f1_6": 0.007892522327840218,
"avg_TS_ap_6": 0.9378767284038098,
"std_TS_ap_6": 0.013474522479913424,
"avg_TS_auc_6": 0.6509661222222223,
"std_TS_auc_6": 0.05513667508379112,
"avg_TS_f1_7": 0.9450666666666667,
"std_TS_f1_7": 0.0060832090296787855,
"avg_TS_ap_7": 0.9926381124608927,
"std_TS_ap_7": 0.0012593757634351552,
"avg_TS_auc_7": 0.9339900555555556,
"std_TS_auc_7": 0.011559693443273882,
"avg_TS_f1_8": 0.9152000000000001,
"std_TS_f1_8": 0.01195018466720273,
"avg_TS_ap_8": 0.9269019894283069,
"std_TS_ap_8": 0.020723061383144933,
"avg_TS_auc_8": 0.6292323666666666,
"std_TS_auc_8": 0.0832266872751734,
"avg_TS_f1_9": 0.9388549561395386,
"std_TS_f1_9": 0.010373078258771786,
"avg_TS_ap_9": 0.9806054889419681,
"std_TS_ap_9": 0.015734128476418138,
"avg_TS_auc_9": 0.8729622777777777,
"std_TS_auc_9": 0.07259938407362947,
"avg_TS_f1_all": 0.9314308320832637,
"std_TS_f1_all": 0.0033991379060766824,
"avg_TS_ap_all": 0.9607084909682424,
"std_TS_ap_all": 0.008820929937302279,
"avg_TS_auc_all": 0.7779021922222222,
"std_TS_auc_all": 0.03125682475999717
}