{
"avg_TS_f1_0": 0.9177877993221847,
"std_TS_f1_0": 0.01530828754986397,
"avg_TS_ap_0": 0.9378821223602831,
"std_TS_ap_0": 0.035770205580725446,
"avg_TS_auc_0": 0.6741325444444445,
"std_TS_auc_0": 0.12725929079866627,
"avg_TS_f1_1": 0.9809555555555557,
"std_TS_f1_1": 0.01158001684469659,
"avg_TS_ap_1": 0.9920594646419103,
"std_TS_ap_1": 0.004917729932367927,
"avg_TS_auc_1": 0.9586623333333334,
"std_TS_auc_1": 0.03334376566940278,
"avg_TS_f1_2": 0.9336666666666666,
"std_TS_f1_2": 0.01507184440694502,
"avg_TS_ap_2": 0.9764673963684636,
"std_TS_ap_2": 0.00824491424182253,
"avg_TS_auc_2": 0.8318409555555556,
"std_TS_auc_2": 0.05369178975433726,
"avg_TS_f1_3": 0.917699096863406,
"std_TS_f1_3": 0.0065196859585549445,
"avg_TS_ap_3": 0.940533919390545,
"std_TS_ap_3": 0.014805827860081753,
"avg_TS_auc_3": 0.6697068666666668,
"std_TS_auc_3": 0.06297435634366003,
"avg_TS_f1_4": 0.9218871159508861,
"std_TS_f1_4": 0.005715238910065511,
"avg_TS_ap_4": 0.9333803290148246,
"std_TS_ap_4": 0.04188645689754036,
"avg_TS_auc_4": 0.6870070666666667,
"std_TS_auc_4": 0.12384153527351689,
"avg_TS_f1_5": 0.9398444444444445,
"std_TS_f1_5": 0.014645371746058424,
"avg_TS_ap_5": 0.9763306420211879,
"std_TS_ap_5": 0.007990997836604572,
"avg_TS_auc_5": 0.857286211111111,
"std_TS_auc_5": 0.044487317244903,
"avg_TS_f1_6": 0.9119090011173461,
"std_TS_f1_6": 0.008036682423833942,
"avg_TS_ap_6": 0.9436532653306434,
"std_TS_ap_6": 0.019646927778179547,
"avg_TS_auc_6": 0.6743573777777778,
"std_TS_auc_6": 0.06881765535670566,
"avg_TS_f1_7": 0.9446209394349069,
"std_TS_f1_7": 0.006999356334804077,
"avg_TS_ap_7": 0.9913401810888184,
"std_TS_ap_7": 0.0021629350667601932,
"avg_TS_auc_7": 0.9256133666666667,
"std_TS_auc_7": 0.016406928432438548,
"avg_TS_f1_8": 0.9234444444444444,
"std_TS_f1_8": 0.014621985813691743,
"avg_TS_ap_8": 0.9371480722204895,
"std_TS_ap_8": 0.02882691978303946,
"avg_TS_auc_8": 0.6926102666666667,
"std_TS_auc_8": 0.10168904935190573,
"avg_TS_f1_9": 0.9404104018124464,
"std_TS_f1_9": 0.0059697259659254355,
"avg_TS_ap_9": 0.9819312546303192,
"std_TS_ap_9": 0.015090586996581121,
"avg_TS_auc_9": 0.8850223444444445,
"std_TS_auc_9": 0.06020737647042192,
"avg_TS_f1_all": 0.9332225465612287,
"std_TS_f1_all": 0.004542421546331169,
"avg_TS_ap_all": 0.9610726647067486,
"std_TS_ap_all": 0.010438655007247753,
"avg_TS_auc_all": 0.7856239333333332,
"std_TS_auc_all": 0.03502934809788505
}