{
"avg_TS_f1_0": 0.9633555555555555,
"std_TS_f1_0": 0.000576922443810988,
"avg_TS_ap_0": 0.9665249729395144,
"std_TS_ap_0": 0.0019661155650269636,
"avg_TS_auc_0": 0.8548448555555556,
"std_TS_auc_0": 0.00456602896015102,
"avg_TS_f1_1": 0.9738444444444445,
"std_TS_f1_1": 0.0006308919807368396,
"avg_TS_ap_1": 0.9330323675040523,
"std_TS_ap_1": 0.002458398021088827,
"avg_TS_auc_1": 0.8265677,
"std_TS_auc_1": 0.005562869696256613,
"avg_TS_f1_2": 0.9543111111111111,
"std_TS_f1_2": 0.002055285267514988,
"avg_TS_ap_2": 0.9582455511517045,
"std_TS_ap_2": 0.002564645226458353,
"avg_TS_auc_2": 0.8367267555555555,
"std_TS_auc_2": 0.005681709448531359,
"avg_TS_f1_3": 0.9327881462550389,
"std_TS_f1_3": 0.0022338438595478276,
"avg_TS_ap_3": 0.9445897021784843,
"std_TS_ap_3": 0.008782267635379027,
"avg_TS_auc_3": 0.7171508666666666,
"std_TS_auc_3": 0.029063270849728734,
"avg_TS_f1_4": 0.9424653715329864,
"std_TS_f1_4": 0.0010716421870852599,
"avg_TS_ap_4": 0.9589827918108158,
"std_TS_ap_4": 0.0029824337599256216,
"avg_TS_auc_4": 0.8135822111111111,
"std_TS_auc_4": 0.007065480987218091,
"avg_TS_f1_5": 0.9540770190936533,
"std_TS_f1_5": 0.014747717059955158,
"avg_TS_ap_5": 0.9530322976102177,
"std_TS_ap_5": 0.007455076992412398,
"avg_TS_auc_5": 0.8197083888888889,
"std_TS_auc_5": 0.04727438944919148,
"avg_TS_f1_6": 0.9265094641060306,
"std_TS_f1_6": 0.0011423949239388288,
"avg_TS_ap_6": 0.9433340331430614,
"std_TS_ap_6": 0.0031242321297429722,
"avg_TS_auc_6": 0.7303784222222223,
"std_TS_auc_6": 0.008026306570964694,
"avg_TS_f1_7": 0.955699515405177,
"std_TS_f1_7": 0.0017850752838962005,
"avg_TS_ap_7": 0.9640781129515945,
"std_TS_ap_7": 0.002786734063848474,
"avg_TS_auc_7": 0.8467270666666666,
"std_TS_auc_7": 0.011408810422586478,
"avg_TS_f1_8": 0.967432574649209,
"std_TS_f1_8": 0.017973859388214372,
"avg_TS_ap_8": 0.9469600781093923,
"std_TS_ap_8": 0.05433732878219046,
"avg_TS_auc_8": 0.822842588888889,
"std_TS_auc_8": 0.1690379406353431,
"avg_TS_f1_9": 0.9676328018223235,
"std_TS_f1_9": 0.010257001129320637,
"avg_TS_ap_9": 0.9525974662835793,
"std_TS_ap_9": 0.013252725276126243,
"avg_TS_auc_9": 0.8502603777777777,
"std_TS_auc_9": 0.03973434004128593,
"avg_TS_f1_all": 0.953811600397553,
"std_TS_f1_all": 0.0017978302925244737,
"avg_TS_ap_all": 0.9521377373682416,
"std_TS_ap_all": 0.003849146575248184,
"avg_TS_auc_all": 0.8118789233333332,
"std_TS_auc_all": 0.012175866438628245
}