{
"avg_TS_f1_0": 0.9581314850825047,
"std_TS_f1_0": 0.0016424035033346647,
"avg_TS_ap_0": 0.9779333895664074,
"std_TS_ap_0": 0.002886747210490759,
"avg_TS_auc_0": 0.880454,
"std_TS_auc_0": 0.00865961651262219,
"avg_TS_f1_1": 0.9862222222222222,
"std_TS_f1_1": 0.0002721655269759422,
"avg_TS_ap_1": 0.9714126713039475,
"std_TS_ap_1": 0.0024606335203993697,
"avg_TS_auc_1": 0.9191597333333332,
"std_TS_auc_1": 0.005737917458860095,
"avg_TS_f1_2": 0.9556424653221475,
"std_TS_f1_2": 0.0008959541940338543,
"avg_TS_ap_2": 0.9799529614765415,
"std_TS_ap_2": 0.003363228304441873,
"avg_TS_auc_2": 0.9014165777777778,
"std_TS_auc_2": 0.006196749393247715,
"avg_TS_f1_3": 0.9376284557449177,
"std_TS_f1_3": 0.0013238096927345444,
"avg_TS_ap_3": 0.92210490054001,
"std_TS_ap_3": 0.00783705918403025,
"avg_TS_auc_3": 0.7055531333333332,
"std_TS_auc_3": 0.010434704556241627,
"avg_TS_f1_4": 0.9428092079189586,
"std_TS_f1_4": 0.0008580543038092133,
"avg_TS_ap_4": 0.9759270416661694,
"std_TS_ap_4": 0.001167711933045658,
"avg_TS_auc_4": 0.864066611111111,
"std_TS_auc_4": 0.0023665537594350825,
"avg_TS_f1_5": 0.9620764943731441,
"std_TS_f1_5": 0.002060845500761755,
"avg_TS_ap_5": 0.9764858059004462,
"std_TS_ap_5": 0.007830867391542047,
"avg_TS_auc_5": 0.9139681,
"std_TS_auc_5": 0.013507079833284344,
"avg_TS_f1_6": 0.9267951033394756,
"std_TS_f1_6": 0.0008503003962637454,
"avg_TS_ap_6": 0.9399117285672638,
"std_TS_ap_6": 0.008464814206782256,
"avg_TS_auc_6": 0.7216327666666666,
"std_TS_auc_6": 0.010625012475890988,
"avg_TS_f1_7": 0.9707885771431748,
"std_TS_f1_7": 0.0008072332926545202,
"avg_TS_ap_7": 0.9882918493982263,
"std_TS_ap_7": 0.001806968910777895,
"avg_TS_auc_7": 0.9356812333333334,
"std_TS_auc_7": 0.0069746168821194264,
"avg_TS_f1_8": 0.9864,
"std_TS_f1_8": 0.0009469900334516582,
"avg_TS_ap_8": 0.9885913937767992,
"std_TS_ap_8": 0.0015352686034599515,
"avg_TS_auc_8": 0.9516877111111111,
"std_TS_auc_8": 0.00370650905513566,
"avg_TS_f1_9": 0.9758888888888888,
"std_TS_f1_9": 0.003146622724112529,
"avg_TS_ap_9": 0.9841570666604987,
"std_TS_ap_9": 0.0029248076528563265,
"avg_TS_auc_9": 0.9351598222222222,
"std_TS_auc_9": 0.01130939730399046,
"avg_TS_f1_all": 0.9602382900035433,
"std_TS_f1_all": 0.00046189085108515055,
"avg_TS_ap_all": 0.970476880885631,
"std_TS_ap_all": 0.0011624406696841773,
"avg_TS_auc_all": 0.872877968888889,
"std_TS_auc_all": 0.001812723592170718
}