{
"avg_TS_f1_0": 0.9503311726613006,
"std_TS_f1_0": 0.0015782236218720113,
"avg_TS_ap_0": 0.9792420880094422,
"std_TS_ap_0": 0.0006686700841950862,
"avg_TS_auc_0": 0.8672006555555555,
"std_TS_auc_0": 0.004630071182611527,
"avg_TS_f1_1": 0.9864109672759597,
"std_TS_f1_1": 0.00040589772952151845,
"avg_TS_ap_1": 0.9939032478685164,
"std_TS_ap_1": 0.00028782488605328446,
"avg_TS_auc_1": 0.9682930000000001,
"std_TS_auc_1": 0.0013575527714091075,
"avg_TS_f1_2": 0.9535323110543178,
"std_TS_f1_2": 0.0004991703461506782,
"avg_TS_ap_2": 0.9879227069205989,
"std_TS_ap_2": 0.0002146680297582597,
"avg_TS_auc_2": 0.912284811111111,
"std_TS_auc_2": 0.001159958693708976,
"avg_TS_f1_3": 0.9356297781179798,
"std_TS_f1_3": 0.0011091410442129327,
"avg_TS_ap_3": 0.9721400507612717,
"std_TS_ap_3": 0.000541164977923942,
"avg_TS_auc_3": 0.8141674555555556,
"std_TS_auc_3": 0.003988889632528518,
"avg_TS_f1_4": 0.9426079090089287,
"std_TS_f1_4": 0.0009285412724953142,
"avg_TS_ap_4": 0.9849553607524859,
"std_TS_ap_4": 0.00044258298649743085,
"avg_TS_auc_4": 0.8923373777777778,
"std_TS_auc_4": 0.002018658545350373,
"avg_TS_f1_5": 0.9449531060367551,
"std_TS_f1_5": 0.0027237709468796736,
"avg_TS_ap_5": 0.9850840259324765,
"std_TS_ap_5": 0.001331059811837454,
"avg_TS_auc_5": 0.886830377777778,
"std_TS_auc_5": 0.008999644953175118,
"avg_TS_f1_6": 0.9267522998191258,
"std_TS_f1_6": 0.0004122307982672022,
"avg_TS_ap_6": 0.9706310419794058,
"std_TS_ap_6": 0.0005963276215059347,
"avg_TS_auc_6": 0.8005667444444444,
"std_TS_auc_6": 0.002505143081249227,
"avg_TS_f1_7": 0.9732762931273958,
"std_TS_f1_7": 0.001124427858496461,
"avg_TS_ap_7": 0.9968597391458243,
"std_TS_ap_7": 0.00012494288949351653,
"avg_TS_auc_7": 0.9747180777777779,
"std_TS_auc_7": 0.001067214877989646,
"avg_TS_f1_8": 0.9380950877531882,
"std_TS_f1_8": 0.002877241304688549,
"avg_TS_ap_8": 0.9656270629293907,
"std_TS_ap_8": 0.0010865951307417218,
"avg_TS_auc_8": 0.7996400222222222,
"std_TS_auc_8": 0.008401873148630595,
"avg_TS_f1_9": 0.9776098672148453,
"std_TS_f1_9": 0.0004919371880921798,
"avg_TS_ap_9": 0.9960935803186857,
"std_TS_ap_9": 0.00021883789864926052,
"avg_TS_auc_9": 0.9718572,
"std_TS_auc_9": 0.0012780091310364502,
"avg_TS_f1_all": 0.9529198792069797,
"std_TS_f1_all": 0.0004613647182404677,
"avg_TS_ap_all": 0.9832458904618097,
"std_TS_ap_all": 0.0002984068019675739,
"avg_TS_auc_all": 0.8887895722222222,
"std_TS_auc_all": 0.0018006149148157545
}