{
"avg_TS_f1_0": 0.9354075226401466,
"std_TS_f1_0": 0.0010169508251478413,
"avg_TS_ap_0": 0.9616438560304807,
"std_TS_ap_0": 0.0009355625681700047,
"avg_TS_auc_0": 0.7794175222222222,
"std_TS_auc_0": 0.004665172941840838,
"avg_TS_f1_1": 0.9659647733096236,
"std_TS_f1_1": 0.0002996792659330292,
"avg_TS_ap_1": 0.98353381536923,
"std_TS_ap_1": 0.0004871034354301465,
"avg_TS_auc_1": 0.9082792,
"std_TS_auc_1": 0.0022458092837576624,
"avg_TS_f1_2": 0.9426968398783394,
"std_TS_f1_2": 0.0010683561572735422,
"avg_TS_ap_2": 0.9768160042069644,
"std_TS_ap_2": 0.0008608356002891182,
"avg_TS_auc_2": 0.8499646777777776,
"std_TS_auc_2": 0.004119822302802257,
"avg_TS_f1_3": 0.9128830871172988,
"std_TS_f1_3": 0.0010317515676328915,
"avg_TS_ap_3": 0.94902407268799,
"std_TS_ap_3": 0.0013962906380060706,
"avg_TS_auc_3": 0.6876260000000001,
"std_TS_auc_3": 0.004518395060987999,
"avg_TS_f1_4": 0.9312072892938497,
"std_TS_f1_4": 0.0012524253839529124,
"avg_TS_ap_4": 0.9742296257958294,
"std_TS_ap_4": 0.000887037959175539,
"avg_TS_auc_4": 0.8303534111111113,
"std_TS_auc_4": 0.005788843885792191,
"avg_TS_f1_5": 0.9084828389489157,
"std_TS_f1_5": 0.002707302831827547,
"avg_TS_ap_5": 0.948753100861763,
"std_TS_ap_5": 0.002803591923775997,
"avg_TS_auc_5": 0.6727067666666666,
"std_TS_auc_5": 0.015151849919464467,
"avg_TS_f1_6": 0.9199280119530538,
"std_TS_f1_6": 0.001168722236231395,
"avg_TS_ap_6": 0.9544217753036696,
"std_TS_ap_6": 0.0015061237497676115,
"avg_TS_auc_6": 0.7250293333333333,
"std_TS_auc_6": 0.006316808895691775,
"avg_TS_f1_7": 0.9506528263308113,
"std_TS_f1_7": 0.0005841834625393132,
"avg_TS_ap_7": 0.9860500084939009,
"std_TS_ap_7": 0.0006790288450769066,
"avg_TS_auc_7": 0.8998240777777777,
"std_TS_auc_7": 0.004101288435101962,
"avg_TS_f1_8": 0.9079695966231315,
"std_TS_f1_8": 0.0013342478152324198,
"avg_TS_ap_8": 0.9221386866692034,
"std_TS_ap_8": 0.0019766850148796753,
"avg_TS_auc_8": 0.5963188666666668,
"std_TS_auc_8": 0.009967105749067052,
"avg_TS_f1_9": 0.9562096499188227,
"std_TS_f1_9": 0.000491305648085623,
"avg_TS_ap_9": 0.984028568596257,
"std_TS_ap_9": 0.0007220851342152219,
"avg_TS_auc_9": 0.8977083222222223,
"std_TS_auc_9": 0.0032333232056733397,
"avg_TS_f1_all": 0.9331402436013991,
"std_TS_f1_all": 0.0005412647672373443,
"avg_TS_ap_all": 0.9640639514015289,
"std_TS_ap_all": 0.00037100464141991667,
"avg_TS_auc_all": 0.7847228177777776,
"std_TS_auc_all": 0.0020879239883058965
}