{
"avg_TS_f1_0": 0.9487965725843408,
"std_TS_f1_0": 0.0008754857328116145,
"avg_TS_ap_0": 0.9813477767430404,
"std_TS_ap_0": 0.00036199998222516866,
"avg_TS_auc_0": 0.869633,
"std_TS_auc_0": 0.0021528860893183033,
"avg_TS_f1_1": 0.9849552123266108,
"std_TS_f1_1": 0.0007630575277156305,
"avg_TS_ap_1": 0.9942787506227926,
"std_TS_ap_1": 0.0003997363641218329,
"avg_TS_auc_1": 0.9680674222222223,
"std_TS_auc_1": 0.0013333204048446904,
"avg_TS_f1_2": 0.9526645591421745,
"std_TS_f1_2": 0.0010282299510261765,
"avg_TS_ap_2": 0.9885236366202624,
"std_TS_ap_2": 0.000510853002035356,
"avg_TS_auc_2": 0.9111517333333333,
"std_TS_auc_2": 0.002638638857722177,
"avg_TS_f1_3": 0.9309850324144111,
"std_TS_f1_3": 0.0009349347288771664,
"avg_TS_ap_3": 0.9728467376140202,
"std_TS_ap_3": 0.0012613232228949735,
"avg_TS_auc_3": 0.8048757777777776,
"std_TS_auc_3": 0.006824868027395017,
"avg_TS_f1_4": 0.9413307270156984,
"std_TS_f1_4": 0.0003140588587906425,
"avg_TS_ap_4": 0.9869566980351971,
"std_TS_ap_4": 0.0003425571735015154,
"avg_TS_auc_4": 0.8965524555555555,
"std_TS_auc_4": 0.0025382182438829235,
"avg_TS_f1_5": 0.9461975936934769,
"std_TS_f1_5": 0.001906197740384723,
"avg_TS_ap_5": 0.9893010022299753,
"std_TS_ap_5": 0.0008121556791607336,
"avg_TS_auc_5": 0.9107451888888889,
"std_TS_auc_5": 0.006571934088320926,
"avg_TS_f1_6": 0.9262839934662939,
"std_TS_f1_6": 0.0014056157390271485,
"avg_TS_ap_6": 0.9733934848602066,
"std_TS_ap_6": 0.0006001502488315664,
"avg_TS_auc_6": 0.8059537999999999,
"std_TS_auc_6": 0.0035133849037960914,
"avg_TS_f1_7": 0.9729213376051756,
"std_TS_f1_7": 0.0009107309373826294,
"avg_TS_ap_7": 0.9974421700497214,
"std_TS_ap_7": 0.0001563746108689955,
"avg_TS_auc_7": 0.9777266555555556,
"std_TS_auc_7": 0.0012973522910761273,
"avg_TS_f1_8": 0.9337185423098177,
"std_TS_f1_8": 0.0028300593629180734,
"avg_TS_ap_8": 0.9651084737580786,
"std_TS_ap_8": 0.0021034948279102014,
"avg_TS_auc_8": 0.7875797777777779,
"std_TS_auc_8": 0.012382082543032434,
"avg_TS_f1_9": 0.9777664178874135,
"std_TS_f1_9": 0.000758867652947576,
"avg_TS_ap_9": 0.9972586171294641,
"std_TS_ap_9": 0.00010117638170128285,
"avg_TS_auc_9": 0.9778921888888888,
"std_TS_auc_9": 0.0008462155283931649,
"avg_TS_f1_all": 0.9515619988445414,
"std_TS_f1_all": 0.00042835679912733436,
"avg_TS_ap_all": 0.9846457347662758,
"std_TS_ap_all": 0.00027981403414674384,
"avg_TS_auc_all": 0.8910178,
"std_TS_auc_all": 0.0016037761429871973
}