{
"avg_TS_f1_0": 0.9508422331465531,
"std_TS_f1_0": 0.001976395726187785,
"avg_TS_ap_0": 0.9795965593842203,
"std_TS_ap_0": 0.0004245183534014277,
"avg_TS_auc_0": 0.8696044111111112,
"std_TS_auc_0": 0.0041369117724561165,
"avg_TS_f1_1": 0.9866551067651906,
"std_TS_f1_1": 0.0003967421912392557,
"avg_TS_ap_1": 0.9939614641427312,
"std_TS_ap_1": 0.00016505054875595715,
"avg_TS_auc_1": 0.9689249222222223,
"std_TS_auc_1": 0.0005979891350844402,
"avg_TS_f1_2": 0.9540201912451927,
"std_TS_f1_2": 0.0008496221284331756,
"avg_TS_ap_2": 0.9878935686298403,
"std_TS_ap_2": 0.0003021448574848035,
"avg_TS_auc_2": 0.9121079555555556,
"std_TS_auc_2": 0.0014617288193213727,
"avg_TS_f1_3": 0.9359616915414193,
"std_TS_f1_3": 0.001274713056413085,
"avg_TS_ap_3": 0.9722840541054569,
"std_TS_ap_3": 0.0010180821013521585,
"avg_TS_auc_3": 0.8155306888888889,
"std_TS_auc_3": 0.005470847530386905,
"avg_TS_f1_4": 0.9422863282528041,
"std_TS_f1_4": 0.0006777088176612353,
"avg_TS_ap_4": 0.9850430686899919,
"std_TS_ap_4": 0.00034214743992381163,
"avg_TS_auc_4": 0.8924059666666666,
"std_TS_auc_4": 0.0015932073515203058,
"avg_TS_f1_5": 0.9455859275512493,
"std_TS_f1_5": 0.0026415650745107793,
"avg_TS_ap_5": 0.9850927119606799,
"std_TS_ap_5": 0.0011980337393768076,
"avg_TS_auc_5": 0.8871559555555555,
"std_TS_auc_5": 0.008226564384711364,
"avg_TS_f1_6": 0.9271197992481064,
"std_TS_f1_6": 0.0005607062665617603,
"avg_TS_ap_6": 0.9706332354610054,
"std_TS_ap_6": 0.0009562293612323367,
"avg_TS_auc_6": 0.8004257444444445,
"std_TS_auc_6": 0.004430161212767678,
"avg_TS_f1_7": 0.9730324215542838,
"std_TS_f1_7": 0.0008308838028628588,
"avg_TS_ap_7": 0.9968296944695038,
"std_TS_ap_7": 0.00018715458529232343,
"avg_TS_auc_7": 0.9745382888888889,
"std_TS_auc_7": 0.0013493136226784379,
"avg_TS_f1_8": 0.9390417566408011,
"std_TS_f1_8": 0.0018474273767617722,
"avg_TS_ap_8": 0.9661332168259251,
"std_TS_ap_8": 0.0006830766770837885,
"avg_TS_auc_8": 0.8021551111111112,
"std_TS_auc_8": 0.005560675173500498,
"avg_TS_f1_9": 0.9773106197257873,
"std_TS_f1_9": 0.0006574765965129777,
"avg_TS_ap_9": 0.996078292194602,
"std_TS_ap_9": 0.00025339510753874284,
"avg_TS_auc_9": 0.9718635777777778,
"std_TS_auc_9": 0.0015057060054389552,
"avg_TS_f1_all": 0.9531856075671387,
"std_TS_f1_all": 0.0003298653658583239,
"avg_TS_ap_all": 0.9833545865863955,
"std_TS_ap_all": 0.0002396594504319939,
"avg_TS_auc_all": 0.8894712622222223,
"std_TS_auc_all": 0.001312434508942776
}