{
"avg_TS_f1_0": 0.949408289286572,
"std_TS_f1_0": 0.0008745897166825512,
"avg_TS_ap_0": 0.9840534420455482,
"std_TS_ap_0": 0.0005931356800011211,
"avg_TS_auc_0": 0.8840817111111111,
"std_TS_auc_0": 0.0026675580124669355,
"avg_TS_f1_1": 0.9863330407244847,
"std_TS_f1_1": 0.0009314908222846348,
"avg_TS_ap_1": 0.9956186001070447,
"std_TS_ap_1": 0.0003232710261917647,
"avg_TS_auc_1": 0.9743735444444445,
"std_TS_auc_1": 0.0007925297341463552,
"avg_TS_f1_2": 0.9534201443290058,
"std_TS_f1_2": 0.0010075402294812351,
"avg_TS_ap_2": 0.9896719560712972,
"std_TS_ap_2": 0.0005623986667889952,
"avg_TS_auc_2": 0.9189885888888888,
"std_TS_auc_2": 0.0030675650265477436,
"avg_TS_f1_3": 0.9312501961922515,
"std_TS_f1_3": 0.000982002027206607,
"avg_TS_ap_3": 0.9750639935245132,
"std_TS_ap_3": 0.001562865447821485,
"avg_TS_auc_3": 0.8142624222222221,
"std_TS_auc_3": 0.007485897764480036,
"avg_TS_f1_4": 0.9416745374743041,
"std_TS_f1_4": 0.00026852705091603605,
"avg_TS_ap_4": 0.9885269986640113,
"std_TS_ap_4": 0.00020271997887974253,
"avg_TS_auc_4": 0.9055359888888889,
"std_TS_auc_4": 0.0013963431073104743,
"avg_TS_f1_5": 0.9516433456179664,
"std_TS_f1_5": 0.0013755399600417092,
"avg_TS_ap_5": 0.9932444813577236,
"std_TS_ap_5": 0.00023477619641691156,
"avg_TS_auc_5": 0.9404160444444445,
"std_TS_auc_5": 0.0020350239026714965,
"avg_TS_f1_6": 0.9265061723815728,
"std_TS_f1_6": 0.0013481792659718866,
"avg_TS_ap_6": 0.9766368079405604,
"std_TS_ap_6": 0.0006865344434214859,
"avg_TS_auc_6": 0.8223777555555554,
"std_TS_auc_6": 0.004512149341472735,
"avg_TS_f1_7": 0.9742546882234198,
"std_TS_f1_7": 0.0008440342480545024,
"avg_TS_ap_7": 0.9980697536999756,
"std_TS_ap_7": 0.00014557776598336133,
"avg_TS_auc_7": 0.9825459666666665,
"std_TS_auc_7": 0.0013176398890758984,
"avg_TS_f1_8": 0.937773721771954,
"std_TS_f1_8": 0.0028286376285684236,
"avg_TS_ap_8": 0.9698024892407607,
"std_TS_ap_8": 0.0017536263260704084,
"avg_TS_auc_8": 0.8132509222222222,
"std_TS_auc_8": 0.010945474040211253,
"avg_TS_f1_9": 0.9781659376138181,
"std_TS_f1_9": 0.0004957373328920327,
"avg_TS_ap_9": 0.9982889420290142,
"std_TS_ap_9": 2.3207253500356835e-05,
"avg_TS_auc_9": 0.9851391666666667,
"std_TS_auc_9": 0.00020992298999488498,
"avg_TS_f1_all": 0.9530430073615349,
"std_TS_f1_all": 0.00031605979542793716,
"avg_TS_ap_all": 0.986897746468045,
"std_TS_ap_all": 0.0002835253637065653,
"avg_TS_auc_all": 0.904097211111111,
"std_TS_auc_all": 0.0013689318872080391
}