{
"avg_TS_f1_0": 0.9471426696544869,
"std_TS_f1_0": 0.0005959902443165473,
"avg_TS_ap_0": 0.9756928910720586,
"std_TS_ap_0": 0.000902934876029324,
"avg_TS_auc_0": 0.8488652111111111,
"std_TS_auc_0": 0.004092487972998316,
"avg_TS_f1_1": 0.9828666666666667,
"std_TS_f1_1": 0.001144821944212543,
"avg_TS_ap_1": 0.9923714362172898,
"std_TS_ap_1": 0.00045104454203912176,
"avg_TS_auc_1": 0.9596631444444444,
"std_TS_auc_1": 0.0014648050995791691,
"avg_TS_f1_2": 0.9515089862423018,
"std_TS_f1_2": 0.00116907944349638,
"avg_TS_ap_2": 0.9857362464084336,
"std_TS_ap_2": 0.0006318880421082497,
"avg_TS_auc_2": 0.8986643777777777,
"std_TS_auc_2": 0.002977169025545349,
"avg_TS_f1_3": 0.9303509255841964,
"std_TS_f1_3": 0.0011516186498909595,
"avg_TS_ap_3": 0.966758561188939,
"std_TS_ap_3": 0.0009242908452226808,
"avg_TS_auc_3": 0.7835679666666666,
"std_TS_auc_3": 0.005291747703153193,
"avg_TS_f1_4": 0.9405973615818162,
"std_TS_f1_4": 0.0005377831627747411,
"avg_TS_ap_4": 0.9831157576545664,
"std_TS_ap_4": 0.0004286599976560023,
"avg_TS_auc_4": 0.8806216000000001,
"std_TS_auc_4": 0.0022541605851632792,
"avg_TS_f1_5": 0.9392743373836181,
"std_TS_f1_5": 0.002286349376924282,
"avg_TS_ap_5": 0.9804150976452334,
"std_TS_ap_5": 0.0014851674547610003,
"avg_TS_auc_5": 0.8566456777777779,
"std_TS_auc_5": 0.010259021512037303,
"avg_TS_f1_6": 0.9258617255600518,
"std_TS_f1_6": 0.0011881885938106057,
"avg_TS_ap_6": 0.9671703642607948,
"std_TS_ap_6": 0.0008047166207091532,
"avg_TS_auc_6": 0.783526088888889,
"std_TS_auc_6": 0.0036453833176827723,
"avg_TS_f1_7": 0.9702532324384734,
"std_TS_f1_7": 0.0009539980017730454,
"avg_TS_ap_7": 0.9957417176360416,
"std_TS_ap_7": 0.00019340750393895295,
"avg_TS_auc_7": 0.9663930888888889,
"std_TS_auc_7": 0.0013624144374991868,
"avg_TS_f1_8": 0.9290294225336153,
"std_TS_f1_8": 0.0024987015234236576,
"avg_TS_ap_8": 0.9568673071235374,
"std_TS_ap_8": 0.0021030535582525507,
"avg_TS_auc_8": 0.7512836444444444,
"std_TS_auc_8": 0.01254996158602158,
"avg_TS_f1_9": 0.9751652745835641,
"std_TS_f1_9": 0.000709297713171069,
"avg_TS_ap_9": 0.9944663697870043,
"std_TS_ap_9": 0.0001450466507877752,
"avg_TS_auc_9": 0.9612599333333334,
"std_TS_auc_9": 0.0011643981804846765,
"avg_TS_f1_all": 0.949205060222879,
"std_TS_f1_all": 0.0005446734350189943,
"avg_TS_ap_all": 0.9798335748993898,
"std_TS_ap_all": 0.00045161616564771056,
"avg_TS_auc_all": 0.8690490733333334,
"std_TS_auc_all": 0.002545780075765607
}