{
"avg_TS_f1_0": 0.9455636424245792,
"std_TS_f1_0": 0.0007813054428022506,
"avg_TS_ap_0": 0.9770349827890186,
"std_TS_ap_0": 0.00026661269357203043,
"avg_TS_auc_0": 0.8483762222222222,
"std_TS_auc_0": 0.0008225307626803431,
"avg_TS_f1_1": 0.9808435764949903,
"std_TS_f1_1": 0.0011325645712549092,
"avg_TS_ap_1": 0.9918907159124084,
"std_TS_ap_1": 0.0004137615734530717,
"avg_TS_auc_1": 0.9552742444444444,
"std_TS_auc_1": 0.0022194151133091942,
"avg_TS_f1_2": 0.9505311418535598,
"std_TS_f1_2": 0.001395404695745742,
"avg_TS_ap_2": 0.9860711534428426,
"std_TS_ap_2": 0.0007650440601584387,
"avg_TS_auc_2": 0.8977295333333334,
"std_TS_auc_2": 0.00368075680046884,
"avg_TS_f1_3": 0.9270086770252668,
"std_TS_f1_3": 0.0008039608457275366,
"avg_TS_ap_3": 0.9671813594296218,
"std_TS_ap_3": 0.0010446216773315987,
"avg_TS_auc_3": 0.7759385444444444,
"std_TS_auc_3": 0.004831954142355549,
"avg_TS_f1_4": 0.9401973591125433,
"std_TS_f1_4": 0.0014807847620560753,
"avg_TS_ap_4": 0.9840254496657653,
"std_TS_ap_4": 0.000824765810950044,
"avg_TS_auc_4": 0.8807679555555555,
"std_TS_auc_4": 0.006377839872074774,
"avg_TS_f1_5": 0.9380194071696624,
"std_TS_f1_5": 0.0020671619812115453,
"avg_TS_ap_5": 0.9820041779858342,
"std_TS_ap_5": 0.001586866286865527,
"avg_TS_auc_5": 0.8620230111111111,
"std_TS_auc_5": 0.010582731246938926,
"avg_TS_f1_6": 0.9245060749352912,
"std_TS_f1_6": 0.0012043782933153378,
"avg_TS_ap_6": 0.9691024718643643,
"std_TS_ap_6": 0.0006788836836579279,
"avg_TS_auc_6": 0.786161811111111,
"std_TS_auc_6": 0.003812770597820595,
"avg_TS_f1_7": 0.9690767363618967,
"std_TS_f1_7": 0.0005032551032096354,
"avg_TS_ap_7": 0.9957417816856076,
"std_TS_ap_7": 0.00021690735399973994,
"avg_TS_auc_7": 0.9653527333333333,
"std_TS_auc_7": 0.001740738395687932,
"avg_TS_f1_8": 0.9268840268014792,
"std_TS_f1_8": 0.0015431154220044358,
"avg_TS_ap_8": 0.9564613326322693,
"std_TS_ap_8": 0.001754799467100395,
"avg_TS_auc_8": 0.7440920222222223,
"std_TS_auc_8": 0.010156444112149134,
"avg_TS_f1_9": 0.9754108302313093,
"std_TS_f1_9": 0.0005729646935816561,
"avg_TS_ap_9": 0.9950486957837394,
"std_TS_ap_9": 0.0001586580993733829,
"avg_TS_auc_9": 0.9634766555555554,
"std_TS_auc_9": 0.0011840122264342758,
"avg_TS_f1_all": 0.9478041472410579,
"std_TS_f1_all": 0.00045961927935822257,
"avg_TS_ap_all": 0.980456212119147,
"std_TS_ap_all": 0.00012337318450874,
"avg_TS_auc_all": 0.8679192733333332,
"std_TS_auc_all": 0.0012527077543544533
}