{
"avg_TS_f1_0": 0.9393777777777779,
"std_TS_f1_0": 0.0021100582169723053,
"avg_TS_ap_0": 0.9667807766685431,
"std_TS_ap_0": 0.0021215807680477743,
"avg_TS_auc_0": 0.8055784333333333,
"std_TS_auc_0": 0.01078139497252462,
"avg_TS_f1_1": 0.9721993691007524,
"std_TS_f1_1": 0.0025027333626399077,
"avg_TS_ap_1": 0.9831229954206308,
"std_TS_ap_1": 0.0013590769509070262,
"avg_TS_auc_1": 0.9161083888888888,
"std_TS_auc_1": 0.005821461068354813,
"avg_TS_f1_2": 0.9493555555555556,
"std_TS_f1_2": 0.0027767998278505172,
"avg_TS_ap_2": 0.9829135956106893,
"std_TS_ap_2": 0.0011349087216918888,
"avg_TS_auc_2": 0.8859766888888888,
"std_TS_auc_2": 0.005228404530926458,
"avg_TS_f1_3": 0.917319462192344,
"std_TS_f1_3": 0.0019399032648714704,
"avg_TS_ap_3": 0.9519729753241688,
"std_TS_ap_3": 0.0006686942966961511,
"avg_TS_auc_3": 0.7087987111111111,
"std_TS_auc_3": 0.007249017727191407,
"avg_TS_f1_4": 0.9356444444444445,
"std_TS_f1_4": 0.0018262827387825961,
"avg_TS_ap_4": 0.9792533545484303,
"std_TS_ap_4": 0.0007728234170820967,
"avg_TS_auc_4": 0.8566056555555555,
"std_TS_auc_4": 0.004228251296507844,
"avg_TS_f1_5": 0.9265316591662499,
"std_TS_f1_5": 0.003913243035049572,
"avg_TS_ap_5": 0.9675541316652195,
"std_TS_ap_5": 0.0027820366778440095,
"avg_TS_auc_5": 0.7814781222222222,
"std_TS_auc_5": 0.018603661791993114,
"avg_TS_f1_6": 0.9211760208900495,
"std_TS_f1_6": 0.001138595547685753,
"avg_TS_ap_6": 0.9606196529434458,
"std_TS_ap_6": 0.0029370360071073673,
"avg_TS_auc_6": 0.751939411111111,
"std_TS_auc_6": 0.012867290536237629,
"avg_TS_f1_7": 0.95665506478755,
"std_TS_f1_7": 0.0013531191599129408,
"avg_TS_ap_7": 0.9882716057302556,
"std_TS_ap_7": 0.0006344057830681688,
"avg_TS_auc_7": 0.9155301111111112,
"std_TS_auc_7": 0.003066030641572569,
"avg_TS_f1_8": 0.9210324697051071,
"std_TS_f1_8": 0.0031820991095951575,
"avg_TS_ap_8": 0.9400109371440616,
"std_TS_ap_8": 0.0034584099533268593,
"avg_TS_auc_8": 0.6794089999999999,
"std_TS_auc_8": 0.017863527671221423,
"avg_TS_f1_9": 0.9654551734355612,
"std_TS_f1_9": 0.0026495525312525956,
"avg_TS_ap_9": 0.9890830118775987,
"std_TS_ap_9": 0.0015555852382413405,
"avg_TS_auc_9": 0.9265318333333333,
"std_TS_auc_9": 0.009176196709455223,
"avg_TS_f1_all": 0.9404746997055392,
"std_TS_f1_all": 0.0010074039767854594,
"avg_TS_ap_all": 0.9709583036933045,
"std_TS_ap_all": 0.0007640244323067072,
"avg_TS_auc_all": 0.8227956355555556,
"std_TS_auc_all": 0.004512929260921476
}