{
"avg_TS_f1_0": 0.9532444444444443,
"std_TS_f1_0": 0.004791659420284372,
"avg_TS_ap_0": 0.9877776406989677,
"std_TS_ap_0": 0.0011444629494721781,
"avg_TS_auc_0": 0.9061804666666667,
"std_TS_auc_0": 0.010859971006918524,
"avg_TS_f1_1": 0.9912332364143687,
"std_TS_f1_1": 0.0003658122237540559,
"avg_TS_ap_1": 0.9979228507357337,
"std_TS_ap_1": 0.00026841431492405425,
"avg_TS_auc_1": 0.9864007555555556,
"std_TS_auc_1": 0.0011367250482454325,
"avg_TS_f1_2": 0.9521216795994839,
"std_TS_f1_2": 0.0018735458341260917,
"avg_TS_ap_2": 0.9914780440547464,
"std_TS_ap_2": 0.0004842299227046342,
"avg_TS_auc_2": 0.9303959,
"std_TS_auc_2": 0.0032579296869236184,
"avg_TS_f1_3": 0.940609058527943,
"std_TS_f1_3": 0.0032845517216212898,
"avg_TS_ap_3": 0.9818425651236039,
"std_TS_ap_3": 0.0019546076312926186,
"avg_TS_auc_3": 0.8634363444444444,
"std_TS_auc_3": 0.013434700234536379,
"avg_TS_f1_4": 0.9374874443641932,
"std_TS_f1_4": 0.002462866685107347,
"avg_TS_ap_4": 0.9875497078497408,
"std_TS_ap_4": 0.0013473187948419647,
"avg_TS_auc_4": 0.8974483,
"std_TS_auc_4": 0.010023050642628241,
"avg_TS_f1_5": 0.9606327931798679,
"std_TS_f1_5": 0.008557697443549304,
"avg_TS_ap_5": 0.9952238368718536,
"std_TS_ap_5": 0.0010762826900710344,
"avg_TS_auc_5": 0.958299411111111,
"std_TS_auc_5": 0.010627164428058299,
"avg_TS_f1_6": 0.925786420142124,
"std_TS_f1_6": 0.002825762194646201,
"avg_TS_ap_6": 0.9774375512916625,
"std_TS_ap_6": 0.0011101716954202744,
"avg_TS_auc_6": 0.8245402333333333,
"std_TS_auc_6": 0.008379791693056138,
"avg_TS_f1_7": 0.9752883678722892,
"std_TS_f1_7": 0.0015065044998393894,
"avg_TS_ap_7": 0.9980605222470655,
"std_TS_ap_7": 0.00020828128085249918,
"avg_TS_auc_7": 0.9826266666666668,
"std_TS_auc_7": 0.001800706057339232,
"avg_TS_f1_8": 0.9690552734411171,
"std_TS_f1_8": 0.004180416015082866,
"avg_TS_ap_8": 0.991753019037897,
"std_TS_ap_8": 0.0012555755435738837,
"avg_TS_auc_8": 0.9431063555555557,
"std_TS_auc_8": 0.010180761970476841,
"avg_TS_f1_9": 0.9788666666666666,
"std_TS_f1_9": 0.004779276250802137,
"avg_TS_ap_9": 0.9982232376066562,
"std_TS_ap_9": 0.0004510464574416037,
"avg_TS_auc_9": 0.9846325777777778,
"std_TS_auc_9": 0.0042243117789385505,
"avg_TS_f1_all": 0.9584325384652498,
"std_TS_f1_all": 0.0012179220986336683,
"avg_TS_ap_all": 0.9907268975517927,
"std_TS_ap_all": 0.0003901577650854127,
"avg_TS_auc_all": 0.9277067011111111,
"std_TS_auc_all": 0.0026930308655871505
}