{
"avg_TS_f1_0": 0.9563777777777778,
"std_TS_f1_0": 0.0021437246921084487,
"avg_TS_ap_0": 0.9872554898949402,
"std_TS_ap_0": 0.0005577046017961946,
"avg_TS_auc_0": 0.9056914444444445,
"std_TS_auc_0": 0.005655062469554819,
"avg_TS_f1_1": 0.9917111111111112,
"std_TS_f1_1": 0.00024944382578495736,
"avg_TS_ap_1": 0.9973265897196443,
"std_TS_ap_1": 0.0007747991716096146,
"avg_TS_auc_1": 0.9849681222222223,
"std_TS_auc_1": 0.003337105969230966,
"avg_TS_f1_2": 0.9515777777777779,
"std_TS_f1_2": 0.00394868316852998,
"avg_TS_ap_2": 0.9907329825321757,
"std_TS_ap_2": 0.001385491666657093,
"avg_TS_auc_2": 0.9258483777777776,
"std_TS_auc_2": 0.009625846498059141,
"avg_TS_f1_3": 0.9257317999148101,
"std_TS_f1_3": 0.004621250588979417,
"avg_TS_ap_3": 0.9595346321757192,
"std_TS_ap_3": 0.008365378246871412,
"avg_TS_auc_3": 0.7519034555555557,
"std_TS_auc_3": 0.024075113542221603,
"avg_TS_f1_4": 0.9377437931736949,
"std_TS_f1_4": 0.0023653246773589994,
"avg_TS_ap_4": 0.9868552008260713,
"std_TS_ap_4": 0.0005853514478455157,
"avg_TS_auc_4": 0.8924544777777779,
"std_TS_auc_4": 0.004109992610098165,
"avg_TS_f1_5": 0.9554656678457446,
"std_TS_f1_5": 0.010227199926877565,
"avg_TS_ap_5": 0.994424851270702,
"std_TS_ap_5": 0.0020741921769511854,
"avg_TS_auc_5": 0.9501726333333333,
"std_TS_auc_5": 0.01852676594773686,
"avg_TS_f1_6": 0.9260103092147094,
"std_TS_f1_6": 0.0028288711890135276,
"avg_TS_ap_6": 0.9761467341858896,
"std_TS_ap_6": 0.0025048078588554693,
"avg_TS_auc_6": 0.8179383777777778,
"std_TS_auc_6": 0.014628316344282256,
"avg_TS_f1_7": 0.9723777777777778,
"std_TS_f1_7": 0.003770974265833722,
"avg_TS_ap_7": 0.9977831018755907,
"std_TS_ap_7": 0.00047962040607033674,
"avg_TS_auc_7": 0.9799393444444444,
"std_TS_auc_7": 0.0043510709092457,
"avg_TS_f1_8": 0.9608100808069583,
"std_TS_f1_8": 0.027213716483790052,
"avg_TS_ap_8": 0.9583462005886492,
"std_TS_ap_8": 0.06923118054192351,
"avg_TS_auc_8": 0.8352354999999999,
"std_TS_auc_8": 0.23617360532179513,
"avg_TS_f1_9": 0.9789333333333333,
"std_TS_f1_9": 0.0028894016638931585,
"avg_TS_ap_9": 0.998372593779117,
"std_TS_ap_9": 0.0002924239571181823,
"avg_TS_auc_9": 0.9854195666666665,
"std_TS_auc_9": 0.00266785909506313,
"avg_TS_f1_all": 0.9556739428733694,
"std_TS_f1_all": 0.0032803139632039437,
"avg_TS_ap_all": 0.9846778376848497,
"std_TS_ap_all": 0.006568874158157708,
"avg_TS_auc_all": 0.9029571300000001,
"std_TS_auc_all": 0.023119112502661052
}