{
"avg_TS_f1_0": 0.9175416609564728,
"std_TS_f1_0": 0.016514286924523683,
"avg_TS_ap_0": 0.9366585085533877,
"std_TS_ap_0": 0.03485997537131072,
"avg_TS_auc_0": 0.6484040555555556,
"std_TS_auc_0": 0.1407849583741104,
"avg_TS_f1_1": 0.9710888888888889,
"std_TS_f1_1": 0.017372235547022576,
"avg_TS_ap_1": 0.9886363562219216,
"std_TS_ap_1": 0.0052722870782795144,
"avg_TS_auc_1": 0.9365339888888888,
"std_TS_auc_1": 0.0371325911316444,
"avg_TS_f1_2": 0.933,
"std_TS_f1_2": 0.01870828693386973,
"avg_TS_ap_2": 0.9743792987689253,
"std_TS_ap_2": 0.011370161488981276,
"avg_TS_auc_2": 0.8159697444444444,
"std_TS_auc_2": 0.07993728638356848,
"avg_TS_f1_3": 0.9146203282898433,
"std_TS_f1_3": 0.005325872781879687,
"avg_TS_ap_3": 0.927903467156086,
"std_TS_ap_3": 0.021636799907264307,
"avg_TS_auc_3": 0.6374660333333334,
"std_TS_auc_3": 0.06303942127821369,
"avg_TS_f1_4": 0.9184768203171781,
"std_TS_f1_4": 0.005463775986379099,
"avg_TS_ap_4": 0.9434124891614349,
"std_TS_ap_4": 0.02869159988499302,
"avg_TS_auc_4": 0.7033307444444444,
"std_TS_auc_4": 0.08444530628104502,
"avg_TS_f1_5": 0.9316324141464649,
"std_TS_f1_5": 0.0107655703688676,
"avg_TS_ap_5": 0.9669886051987279,
"std_TS_ap_5": 0.014384520981224072,
"avg_TS_auc_5": 0.8088897555555556,
"std_TS_auc_5": 0.056866025609892415,
"avg_TS_f1_6": 0.9111656746362453,
"std_TS_f1_6": 0.006038019200430996,
"avg_TS_ap_6": 0.9307223460909096,
"std_TS_ap_6": 0.010007462388759079,
"avg_TS_auc_6": 0.6286909777777778,
"std_TS_auc_6": 0.03196244435615797,
"avg_TS_f1_7": 0.9441882684840517,
"std_TS_f1_7": 0.008356384679730001,
"avg_TS_ap_7": 0.9905781586325375,
"std_TS_ap_7": 0.004167750795188158,
"avg_TS_auc_7": 0.9209283666666668,
"std_TS_auc_7": 0.029001410539995876,
"avg_TS_f1_8": 0.9085213622979055,
"std_TS_f1_8": 0.011374433942408606,
"avg_TS_ap_8": 0.8993715494333367,
"std_TS_ap_8": 0.02763109127953983,
"avg_TS_auc_8": 0.5333046333333333,
"std_TS_auc_8": 0.09406472189533994,
"avg_TS_f1_9": 0.9381881820594972,
"std_TS_f1_9": 0.00606504483136472,
"avg_TS_ap_9": 0.975354845635383,
"std_TS_ap_9": 0.022023527013468592,
"avg_TS_auc_9": 0.8536465222222223,
"std_TS_auc_9": 0.08617960995921807,
"avg_TS_f1_all": 0.9288423600076549,
"std_TS_f1_all": 0.004786244904754476,
"avg_TS_ap_all": 0.9534005624852648,
"std_TS_ap_all": 0.009236581368991859,
"avg_TS_auc_all": 0.7487164822222222,
"std_TS_auc_all": 0.035424775704437764
}