{
"avg_TS_f1_0": 0.9668888888888889,
"std_TS_f1_0": 0.0007097208632298449,
"avg_TS_ap_0": 0.971667771599404,
"std_TS_ap_0": 0.0012844039997690708,
"avg_TS_auc_0": 0.8796570777777779,
"std_TS_auc_0": 0.002514796420251272,
"avg_TS_f1_1": 0.9829777777777778,
"std_TS_f1_1": 0.0009253627917180819,
"avg_TS_ap_1": 0.9489640420456048,
"std_TS_ap_1": 0.002285419268524132,
"avg_TS_auc_1": 0.8746370333333333,
"std_TS_auc_1": 0.005635739132306206,
"avg_TS_f1_2": 0.9569333333333333,
"std_TS_f1_2": 0.0026186416231736044,
"avg_TS_ap_2": 0.9702866084581002,
"std_TS_ap_2": 0.0015307724497756225,
"avg_TS_auc_2": 0.874505111111111,
"std_TS_auc_2": 0.006398432339156662,
"avg_TS_f1_3": 0.9287301788370959,
"std_TS_f1_3": 0.0027001422980308747,
"avg_TS_ap_3": 0.9463997572633154,
"std_TS_ap_3": 0.009616918582815902,
"avg_TS_auc_3": 0.7237843111111111,
"std_TS_auc_3": 0.037801886219687116,
"avg_TS_f1_4": 0.9413882549030502,
"std_TS_f1_4": 0.0020477038203216944,
"avg_TS_ap_4": 0.9666660550383511,
"std_TS_ap_4": 0.0012197828623143141,
"avg_TS_auc_4": 0.8396725777777776,
"std_TS_auc_4": 0.003628424167120388,
"avg_TS_f1_5": 0.9514090597625795,
"std_TS_f1_5": 0.015892914984929632,
"avg_TS_ap_5": 0.9610145581513414,
"std_TS_ap_5": 0.010313048203332672,
"avg_TS_auc_5": 0.8541414444444444,
"std_TS_auc_5": 0.04902477011362547,
"avg_TS_f1_6": 0.9261094641060307,
"std_TS_f1_6": 0.0008055478903941894,
"avg_TS_ap_6": 0.9477414909460709,
"std_TS_ap_6": 0.0016012146507795304,
"avg_TS_auc_6": 0.7462690444444444,
"std_TS_auc_6": 0.004540846008274672,
"avg_TS_f1_7": 0.9670888888888888,
"std_TS_f1_7": 0.005856894217633042,
"avg_TS_ap_7": 0.9736182397796312,
"std_TS_ap_7": 0.007985076133768795,
"avg_TS_auc_7": 0.9030967888888888,
"std_TS_auc_7": 0.022117349652392086,
"avg_TS_f1_8": 0.9710888888888889,
"std_TS_f1_8": 0.024884364668166074,
"avg_TS_ap_8": 0.9498926286877764,
"std_TS_ap_8": 0.06173282184310385,
"avg_TS_auc_8": 0.8356595666666667,
"std_TS_auc_8": 0.2048199993923915,
"avg_TS_f1_9": 0.9816222222222223,
"std_TS_f1_9": 0.001130060634230357,
"avg_TS_ap_9": 0.9714609812209968,
"std_TS_ap_9": 0.0012141058697907,
"avg_TS_auc_9": 0.9186076888888888,
"std_TS_auc_9": 0.004269730547863442,
"avg_TS_f1_all": 0.9574236957608756,
"std_TS_f1_all": 0.004218740771080699,
"avg_TS_ap_all": 0.9607712133190592,
"std_TS_ap_all": 0.007882175690118178,
"avg_TS_auc_all": 0.8450030644444444,
"std_TS_auc_all": 0.026122444632974855
}