{
"avg_TS_f1_0": 0.9521428684309623,
"std_TS_f1_0": 0.0020115117240691316,
"avg_TS_ap_0": 0.9844686496172204,
"std_TS_ap_0": 0.001918212457009761,
"avg_TS_auc_0": 0.8951874333333334,
"std_TS_auc_0": 0.0045452645777748915,
"avg_TS_f1_1": 0.9909665524627911,
"std_TS_f1_1": 0.0010539931578893793,
"avg_TS_ap_1": 0.9985728617378165,
"std_TS_ap_1": 0.0013000198969266388,
"avg_TS_auc_1": 0.9905213222222222,
"std_TS_auc_1": 0.006794394124770501,
"avg_TS_f1_2": 0.9530317770740352,
"std_TS_f1_2": 0.0007965186787316755,
"avg_TS_ap_2": 0.9914067948094711,
"std_TS_ap_2": 0.0016990940650625935,
"avg_TS_auc_2": 0.9350705111111111,
"std_TS_auc_2": 0.0046516458310506895,
"avg_TS_f1_3": 0.9356075337518751,
"std_TS_f1_3": 0.002331875040093288,
"avg_TS_ap_3": 0.9735949033895537,
"std_TS_ap_3": 0.0044464765440914225,
"avg_TS_auc_3": 0.8339041333333332,
"std_TS_auc_3": 0.02122220911851253,
"avg_TS_f1_4": 0.9419307368927903,
"std_TS_f1_4": 0.0009634767469779531,
"avg_TS_ap_4": 0.9888167534731606,
"std_TS_ap_4": 0.0008423445215177984,
"avg_TS_auc_4": 0.9121558777777778,
"std_TS_auc_4": 0.0030722229992766097,
"avg_TS_f1_5": 0.9627325085961566,
"std_TS_f1_5": 0.001314324267596312,
"avg_TS_ap_5": 0.9965245826556417,
"std_TS_ap_5": 0.00025086267301057666,
"avg_TS_auc_5": 0.9685045777777777,
"std_TS_auc_5": 0.0021751736972219784,
"avg_TS_f1_6": 0.9268189948824318,
"std_TS_f1_6": 0.0012419931058707556,
"avg_TS_ap_6": 0.9769705501971984,
"std_TS_ap_6": 0.003458607911093749,
"avg_TS_auc_6": 0.8369185777777777,
"std_TS_auc_6": 0.005877470982394424,
"avg_TS_f1_7": 0.9806440259026736,
"std_TS_f1_7": 0.0007237225770742737,
"avg_TS_ap_7": 0.9989112709208058,
"std_TS_ap_7": 4.6470002459853766e-05,
"avg_TS_auc_7": 0.9900678333333334,
"std_TS_auc_7": 0.0004299006201552404,
"avg_TS_f1_8": 0.9495321172163885,
"std_TS_f1_8": 0.004937827057078328,
"avg_TS_ap_8": 0.9860591458848603,
"std_TS_ap_8": 0.0029498192826623456,
"avg_TS_auc_8": 0.8999959777777777,
"std_TS_auc_8": 0.01787373380519617,
"avg_TS_f1_9": 0.9780326055151212,
"std_TS_f1_9": 0.0003031701953939327,
"avg_TS_ap_9": 0.9982105312633232,
"std_TS_ap_9": 0.0001507248368460968,
"avg_TS_auc_9": 0.9843845111111111,
"std_TS_auc_9": 0.0007013168331744984,
"avg_TS_f1_all": 0.9571439720725226,
"std_TS_f1_all": 0.0004597545849040899,
"avg_TS_ap_all": 0.9893536043949052,
"std_TS_ap_all": 0.00048691648691585936,
"avg_TS_auc_all": 0.9246710755555556,
"std_TS_auc_all": 0.003000340473524488
}