{
"avg_TS_f1_0": 0.9394535498885741,
"std_TS_f1_0": 0.00246468568465318,
"avg_TS_ap_0": 0.968254422075485,
"std_TS_ap_0": 0.0025841793393147584,
"avg_TS_auc_0": 0.8111302666666667,
"std_TS_auc_0": 0.010432119051004048,
"avg_TS_f1_1": 0.972254716590013,
"std_TS_f1_1": 0.0024328442983747593,
"avg_TS_ap_1": 0.9835016305171902,
"std_TS_ap_1": 0.001246748199002127,
"avg_TS_auc_1": 0.9177465444444446,
"std_TS_auc_1": 0.005566191345242406,
"avg_TS_f1_2": 0.949465540678186,
"std_TS_f1_2": 0.0027141857688090833,
"avg_TS_ap_2": 0.984163697766421,
"std_TS_ap_2": 0.0012969306579854699,
"avg_TS_auc_2": 0.8911739888888889,
"std_TS_auc_2": 0.005332719861291459,
"avg_TS_f1_3": 0.9170426085399808,
"std_TS_f1_3": 0.0019297647278018562,
"avg_TS_ap_3": 0.9525871850233703,
"std_TS_ap_3": 0.001323493824797259,
"avg_TS_auc_3": 0.7093645111111112,
"std_TS_auc_3": 0.0063557921469561225,
"avg_TS_f1_4": 0.9356756214851443,
"std_TS_f1_4": 0.0019073216463199106,
"avg_TS_ap_4": 0.980280504065964,
"std_TS_ap_4": 0.0008995176433335068,
"avg_TS_auc_4": 0.8611063666666666,
"std_TS_auc_4": 0.004309442896394398,
"avg_TS_f1_5": 0.9300960250012423,
"std_TS_f1_5": 0.004462240370359566,
"avg_TS_ap_5": 0.9724592961037237,
"std_TS_ap_5": 0.003390507296111718,
"avg_TS_auc_5": 0.8089626666666667,
"std_TS_auc_5": 0.021104741183639152,
"avg_TS_f1_6": 0.9213435622966708,
"std_TS_f1_6": 0.0012509011630008505,
"avg_TS_ap_6": 0.9622552684877196,
"std_TS_ap_6": 0.005452283696275702,
"avg_TS_auc_6": 0.7583021222222222,
"std_TS_auc_6": 0.021571608899095963,
"avg_TS_f1_7": 0.9576,
"std_TS_f1_7": 0.0014717085057598391,
"avg_TS_ap_7": 0.989347583834984,
"std_TS_ap_7": 0.0005521722785005921,
"avg_TS_auc_7": 0.9219158777777776,
"std_TS_auc_7": 0.002643632837733104,
"avg_TS_f1_8": 0.9220307066441963,
"std_TS_f1_8": 0.003433851252075072,
"avg_TS_ap_8": 0.946341523632487,
"std_TS_ap_8": 0.008338713368671834,
"avg_TS_auc_8": 0.6997095,
"std_TS_auc_8": 0.029114224301452902,
"avg_TS_f1_9": 0.9666773968924198,
"std_TS_f1_9": 0.0022941121848672,
"avg_TS_ap_9": 0.989564464442596,
"std_TS_ap_9": 0.0018793066612655018,
"avg_TS_auc_9": 0.9297219666666667,
"std_TS_auc_9": 0.010039132398608444,
"avg_TS_f1_all": 0.9411639728016427,
"std_TS_f1_all": 0.0011874959396013783,
"avg_TS_ap_all": 0.972875557594994,
"std_TS_ap_all": 0.0014772247821886813,
"avg_TS_auc_all": 0.830913381111111,
"std_TS_auc_all": 0.006417731195038659
}