{
"avg_TS_f1_0": 0.9373095986814082,
"std_TS_f1_0": 0.008627579669216645,
"avg_TS_ap_0": 0.974942812981805,
"std_TS_ap_0": 0.005697837719159471,
"avg_TS_auc_0": 0.8228434666666666,
"std_TS_auc_0": 0.03731033838235293,
"avg_TS_f1_1": 0.9507529591150125,
"std_TS_f1_1": 0.023301214814662963,
"avg_TS_ap_1": 0.9788386279324648,
"std_TS_ap_1": 0.009008949356714957,
"avg_TS_auc_1": 0.8644480555555557,
"std_TS_auc_1": 0.06098316444907937,
"avg_TS_f1_2": 0.939120094326228,
"std_TS_f1_2": 0.009352702898464432,
"avg_TS_ap_2": 0.9811760993093831,
"std_TS_ap_2": 0.004555534038305007,
"avg_TS_auc_2": 0.8596207444444444,
"std_TS_auc_2": 0.031930354885157455,
"avg_TS_f1_3": 0.915264743103012,
"std_TS_f1_3": 0.0032555912588912513,
"avg_TS_ap_3": 0.9626571714063881,
"std_TS_ap_3": 0.002602782346719382,
"avg_TS_auc_3": 0.7324342888888887,
"std_TS_auc_3": 0.017642953692041094,
"avg_TS_f1_4": 0.9231522244142404,
"std_TS_f1_4": 0.003639501192906859,
"avg_TS_ap_4": 0.9699032275566111,
"std_TS_ap_4": 0.0075124965499716,
"avg_TS_auc_4": 0.7829286222222223,
"std_TS_auc_4": 0.0443907625153374,
"avg_TS_f1_5": 0.9364092116228679,
"std_TS_f1_5": 0.01378416829129242,
"avg_TS_ap_5": 0.9824733879551217,
"std_TS_ap_5": 0.008066843636806013,
"avg_TS_auc_5": 0.8677642999999999,
"std_TS_auc_5": 0.05484325268386642,
"avg_TS_f1_6": 0.9165639905920699,
"std_TS_f1_6": 0.00664796201510059,
"avg_TS_ap_6": 0.9648831567435318,
"std_TS_ap_6": 0.0047059521038648605,
"avg_TS_auc_6": 0.7472886555555556,
"std_TS_auc_6": 0.0293187161328016,
"avg_TS_f1_7": 0.9471990209332617,
"std_TS_f1_7": 0.010508245253111129,
"avg_TS_ap_7": 0.9792632917015421,
"std_TS_ap_7": 0.007618376266415235,
"avg_TS_auc_7": 0.8604815333333333,
"std_TS_auc_7": 0.04960844748614825,
"avg_TS_f1_8": 0.9105755912365501,
"std_TS_f1_8": 0.009855273031547072,
"avg_TS_ap_8": 0.9384319152962851,
"std_TS_ap_8": 0.011362347767064705,
"avg_TS_auc_8": 0.6394818222222222,
"std_TS_auc_8": 0.059146170446326696,
"avg_TS_f1_9": 0.9518982634837737,
"std_TS_f1_9": 0.007818237691122585,
"avg_TS_ap_9": 0.9752641649761452,
"std_TS_ap_9": 0.008172536417143791,
"avg_TS_auc_9": 0.8473614666666668,
"std_TS_auc_9": 0.04531754197992179,
"avg_TS_f1_all": 0.9328245697508425,
"std_TS_f1_all": 0.003506186485209402,
"avg_TS_ap_all": 0.9707833855859278,
"std_TS_ap_all": 0.0008527681912422467,
"avg_TS_auc_all": 0.8024652955555555,
"std_TS_auc_all": 0.008504657461415164
}