{
"avg_TS_f1_0": 0.961111111111111,
"std_TS_f1_0": 0.0007436978013635783,
"avg_TS_ap_0": 0.9903331288817754,
"std_TS_ap_0": 0.0005154356629242775,
"avg_TS_auc_0": 0.9261573000000001,
"std_TS_auc_0": 0.003509568663412884,
"avg_TS_f1_1": 0.9927555555555557,
"std_TS_f1_1": 0.000406125930722152,
"avg_TS_ap_1": 0.9981396744684933,
"std_TS_ap_1": 0.00016411938773903143,
"avg_TS_auc_1": 0.9882927444444445,
"std_TS_auc_1": 0.0006584983399400019,
"avg_TS_f1_2": 0.9544984795451599,
"std_TS_f1_2": 0.0008486256472815327,
"avg_TS_ap_2": 0.9927375879399012,
"std_TS_ap_2": 0.0003177985307174228,
"avg_TS_auc_2": 0.9396408666666666,
"std_TS_auc_2": 0.001972500689135988,
"avg_TS_f1_3": 0.9502644529023836,
"std_TS_f1_3": 0.000503914202611221,
"avg_TS_ap_3": 0.9876058183511439,
"std_TS_ap_3": 0.0008686290236180934,
"avg_TS_auc_3": 0.9038299777777776,
"std_TS_auc_3": 0.0055883124705622955,
"avg_TS_f1_4": 0.945453742491867,
"std_TS_f1_4": 0.0007378331788237877,
"avg_TS_ap_4": 0.9907024545408692,
"std_TS_ap_4": 0.0001853982785063926,
"avg_TS_auc_4": 0.9212716666666667,
"std_TS_auc_4": 0.0011081508482464132,
"avg_TS_f1_5": 0.9672767067306207,
"std_TS_f1_5": 0.001646599238460276,
"avg_TS_ap_5": 0.9966108057328478,
"std_TS_ap_5": 0.00020563211329301077,
"avg_TS_auc_5": 0.9699131555555557,
"std_TS_auc_5": 0.0018761871485923625,
"avg_TS_f1_6": 0.9282737656481403,
"std_TS_f1_6": 0.0007279432331713468,
"avg_TS_ap_6": 0.9810500960253112,
"std_TS_ap_6": 0.00010719555772537992,
"avg_TS_auc_6": 0.8467905444444443,
"std_TS_auc_6": 0.0008282547472968437,
"avg_TS_f1_7": 0.9785328456519189,
"std_TS_f1_7": 0.0009356001154878202,
"avg_TS_ap_7": 0.9985227340536597,
"std_TS_ap_7": 7.801224004404406e-05,
"avg_TS_auc_7": 0.9866750444444445,
"std_TS_auc_7": 0.000708641533298768,
"avg_TS_f1_8": 0.9840553956701298,
"std_TS_f1_8": 0.0010217373074197004,
"avg_TS_ap_8": 0.9963468867165964,
"std_TS_ap_8": 0.0002719150125227341,
"avg_TS_auc_8": 0.9750130555555556,
"std_TS_auc_8": 0.0015686351766054341,
"avg_TS_f1_9": 0.9816666666666667,
"std_TS_f1_9": 0.0007535922203472782,
"avg_TS_ap_9": 0.9987251651632454,
"std_TS_ap_9": 6.39428841112812e-05,
"avg_TS_auc_9": 0.9888514888888889,
"std_TS_auc_9": 0.000566757478997974,
"avg_TS_f1_all": 0.9643888721973554,
"std_TS_f1_all": 0.00030841132551291114,
"avg_TS_ap_all": 0.9930774351873846,
"std_TS_ap_all": 0.00012267545901798027,
"avg_TS_auc_all": 0.9446435844444444,
"std_TS_auc_all": 0.00064498574636757
}