{
"avg_TS_f1_0": 0.9377396076028743,
"std_TS_f1_0": 0.0007404513042496945,
"avg_TS_ap_0": 0.9656079441093148,
"std_TS_ap_0": 0.0010230154570224134,
"avg_TS_auc_0": 0.7977022222222221,
"std_TS_auc_0": 0.005037563460127812,
"avg_TS_f1_1": 0.9717765270910113,
"std_TS_f1_1": 0.0006665453381870911,
"avg_TS_ap_1": 0.9867744993292206,
"std_TS_ap_1": 0.00034370723522566176,
"avg_TS_auc_1": 0.9276681333333334,
"std_TS_auc_1": 0.0016120332014930945,
"avg_TS_f1_2": 0.9458186330695941,
"std_TS_f1_2": 0.0011571478578421726,
"avg_TS_ap_2": 0.9799033384007471,
"std_TS_ap_2": 0.0006096919747293573,
"avg_TS_auc_2": 0.8670703666666665,
"std_TS_auc_2": 0.0034072788912439303,
"avg_TS_f1_3": 0.9186270086072181,
"std_TS_f1_3": 0.001004383500597162,
"avg_TS_ap_3": 0.9550126655075502,
"std_TS_ap_3": 0.001563991358856322,
"avg_TS_auc_3": 0.7189177333333333,
"std_TS_auc_3": 0.005898183185157901,
"avg_TS_f1_4": 0.9342400737515508,
"std_TS_f1_4": 0.001132201220145103,
"avg_TS_ap_4": 0.976721898704471,
"std_TS_ap_4": 0.0004743094707189438,
"avg_TS_auc_4": 0.8455180111111111,
"std_TS_auc_4": 0.002910302430595618,
"avg_TS_f1_5": 0.9166815029870318,
"std_TS_f1_5": 0.0016376267508391375,
"avg_TS_ap_5": 0.9607376658049098,
"std_TS_ap_5": 0.0020661093206360967,
"avg_TS_auc_5": 0.7351528444444444,
"std_TS_auc_5": 0.01147957277135519,
"avg_TS_f1_6": 0.9216836588710239,
"std_TS_f1_6": 0.0007542415275949869,
"avg_TS_ap_6": 0.9577116046512373,
"std_TS_ap_6": 0.0008188514244955827,
"avg_TS_auc_6": 0.7406930777777777,
"std_TS_auc_6": 0.004301202547694819,
"avg_TS_f1_7": 0.9578532140674483,
"std_TS_f1_7": 0.0012927864501138503,
"avg_TS_ap_7": 0.9898951337261807,
"std_TS_ap_7": 0.0005440269500962918,
"avg_TS_auc_7": 0.9264219555555556,
"std_TS_auc_7": 0.004546559226953686,
"avg_TS_f1_8": 0.914848976486914,
"std_TS_f1_8": 0.002097642596591949,
"avg_TS_ap_8": 0.9338287433801936,
"std_TS_ap_8": 0.0013312562391553594,
"avg_TS_auc_8": 0.6513473222222222,
"std_TS_auc_8": 0.009982538999092109,
"avg_TS_f1_9": 0.9632535140841159,
"std_TS_f1_9": 0.0014271543403968944,
"avg_TS_ap_9": 0.9873420000406556,
"std_TS_ap_9": 0.0007401282008801913,
"avg_TS_auc_9": 0.9205635888888889,
"std_TS_auc_9": 0.004081985840642969,
"avg_TS_f1_all": 0.9382522716618782,
"std_TS_f1_all": 0.0003783119556115656,
"avg_TS_ap_all": 0.9693535493654482,
"std_TS_ap_all": 0.0002408331302819789,
"avg_TS_auc_all": 0.8131055255555555,
"std_TS_auc_all": 0.0010768250081284307
}