{
"avg_TS_f1_0": 0.9450327005821311,
"std_TS_f1_0": 0.0010952358289731973,
"avg_TS_ap_0": 0.9835852383695409,
"std_TS_ap_0": 0.0006261525149837191,
"avg_TS_auc_0": 0.8750844888888889,
"std_TS_auc_0": 0.0034944107978242245,
"avg_TS_f1_1": 0.9884554524634085,
"std_TS_f1_1": 0.00136446140057802,
"avg_TS_ap_1": 0.9968553032001143,
"std_TS_ap_1": 0.0003374624950487859,
"avg_TS_auc_1": 0.9783708555555555,
"std_TS_auc_1": 0.0023868842482032654,
"avg_TS_f1_2": 0.9512222222222222,
"std_TS_f1_2": 0.0007730012058189329,
"avg_TS_ap_2": 0.9914008899813422,
"std_TS_ap_2": 0.0007078879129119168,
"avg_TS_auc_2": 0.9288641222222221,
"std_TS_auc_2": 0.004417456423506701,
"avg_TS_f1_3": 0.9222512361797877,
"std_TS_f1_3": 0.0015160893739261734,
"avg_TS_ap_3": 0.9678661692012931,
"std_TS_ap_3": 0.004178210945267119,
"avg_TS_auc_3": 0.7660407444444445,
"std_TS_auc_3": 0.016698773615744286,
"avg_TS_f1_4": 0.9399424559895222,
"std_TS_f1_4": 0.0006891921682886319,
"avg_TS_ap_4": 0.9884453717466114,
"std_TS_ap_4": 0.00035054293596755175,
"avg_TS_auc_4": 0.9030022333333333,
"std_TS_auc_4": 0.001966784220403834,
"avg_TS_f1_5": 0.9485544320363477,
"std_TS_f1_5": 0.0031528710187632212,
"avg_TS_ap_5": 0.9929948082875688,
"std_TS_ap_5": 0.000858562846095685,
"avg_TS_auc_5": 0.937388488888889,
"std_TS_auc_5": 0.007613380818380125,
"avg_TS_f1_6": 0.9234410306745435,
"std_TS_f1_6": 0.0007281042476854416,
"avg_TS_ap_6": 0.9764297989412279,
"std_TS_ap_6": 0.0035020889022570776,
"avg_TS_auc_6": 0.8147012444444444,
"std_TS_auc_6": 0.0212571464206775,
"avg_TS_f1_7": 0.9712101746393318,
"std_TS_f1_7": 0.001226451860314713,
"avg_TS_ap_7": 0.9977814069743992,
"std_TS_ap_7": 0.00012243216785421597,
"avg_TS_auc_7": 0.9798153555555557,
"std_TS_auc_7": 0.0011335421112709885,
"avg_TS_f1_8": 0.9310753177645671,
"std_TS_f1_8": 0.010345537525735022,
"avg_TS_ap_8": 0.9714976803964712,
"std_TS_ap_8": 0.010991750261523455,
"avg_TS_auc_8": 0.811181,
"std_TS_auc_8": 0.05389530543043159,
"avg_TS_f1_9": 0.9770883925650191,
"std_TS_f1_9": 0.0007618502009533709,
"avg_TS_ap_9": 0.998268159876657,
"std_TS_ap_9": 5.409328742513472e-05,
"avg_TS_auc_9": 0.9844724111111111,
"std_TS_auc_9": 0.0005151570809225554,
"avg_TS_f1_all": 0.9498273415116882,
"std_TS_f1_all": 0.0012094025771476652,
"avg_TS_ap_all": 0.9865124826975226,
"std_TS_ap_all": 0.0006783534801526196,
"avg_TS_auc_all": 0.8978920944444445,
"std_TS_auc_all": 0.002615734562884623
}