{
"avg_TS_f1_0": 0.9475742898657536,
"std_TS_f1_0": 0.0006295560392690773,
"avg_TS_ap_0": 0.9836602757232695,
"std_TS_ap_0": 0.0007494150857538768,
"avg_TS_auc_0": 0.8802251777777779,
"std_TS_auc_0": 0.004221824449450214,
"avg_TS_f1_1": 0.9850998499916661,
"std_TS_f1_1": 0.0008270577435220773,
"avg_TS_ap_1": 0.9950405858319111,
"std_TS_ap_1": 0.0004821687912102381,
"avg_TS_auc_1": 0.9715673444444445,
"std_TS_auc_1": 0.001789594100954985,
"avg_TS_f1_2": 0.9526095338629924,
"std_TS_f1_2": 0.0011825982182392212,
"avg_TS_ap_2": 0.9897775693835975,
"std_TS_ap_2": 0.0006464238394190621,
"avg_TS_auc_2": 0.9190467222222221,
"std_TS_auc_2": 0.0038824476661311154,
"avg_TS_f1_3": 0.9270856553759159,
"std_TS_f1_3": 0.0010731588120881145,
"avg_TS_ap_3": 0.9733264028555041,
"std_TS_ap_3": 0.0009461032969810143,
"avg_TS_auc_3": 0.7988677666666667,
"std_TS_auc_3": 0.003941182934439365,
"avg_TS_f1_4": 0.9400417726910755,
"std_TS_f1_4": 0.0009994787809670864,
"avg_TS_ap_4": 0.9879938668870304,
"std_TS_ap_4": 0.0001892264923192722,
"avg_TS_auc_4": 0.9009149000000001,
"std_TS_auc_4": 0.0013688880652053845,
"avg_TS_f1_5": 0.9487848953295618,
"std_TS_f1_5": 0.002053295139647275,
"avg_TS_ap_5": 0.9927933048149846,
"std_TS_ap_5": 0.00046861252541211294,
"avg_TS_auc_5": 0.9360606333333333,
"std_TS_auc_5": 0.004198604054553533,
"avg_TS_f1_6": 0.9256855862362723,
"std_TS_f1_6": 0.001029003935622373,
"avg_TS_ap_6": 0.9765829652234439,
"std_TS_ap_6": 0.0011227983944175374,
"avg_TS_auc_6": 0.8210323111111112,
"std_TS_auc_6": 0.007109951667248996,
"avg_TS_f1_7": 0.9729880055064788,
"std_TS_f1_7": 0.0011137088667178263,
"avg_TS_ap_7": 0.9979261103951854,
"std_TS_ap_7": 0.0001634176110430318,
"avg_TS_auc_7": 0.9812148888888889,
"std_TS_auc_7": 0.0014861557276791926,
"avg_TS_f1_8": 0.9329748269965616,
"std_TS_f1_8": 0.0017273038708686963,
"avg_TS_ap_8": 0.9645649861231245,
"std_TS_ap_8": 0.0009927569673608692,
"avg_TS_auc_8": 0.7859223333333334,
"std_TS_auc_8": 0.00696543043054168,
"avg_TS_f1_9": 0.9777550629355952,
"std_TS_f1_9": 0.0006368733667448247,
"avg_TS_ap_9": 0.9982623489221666,
"std_TS_ap_9": 6.00166840774886e-05,
"avg_TS_auc_9": 0.9847501888888889,
"std_TS_auc_9": 0.0004665726884208384,
"avg_TS_f1_all": 0.9510599478791875,
"std_TS_f1_all": 0.0003835353829340033,
"avg_TS_ap_all": 0.985992841616022,
"std_TS_ap_all": 0.0002722610703592755,
"avg_TS_auc_all": 0.8979602266666667,
"std_TS_auc_all": 0.0016652733224345835
}