{
"avg_TS_f1_0": 0.9390195034016126,
"std_TS_f1_0": 0.002827360430814308,
"avg_TS_ap_0": 0.9668641328499501,
"std_TS_ap_0": 0.0008556207632463848,
"avg_TS_auc_0": 0.8041614444444445,
"std_TS_auc_0": 0.006317824149300255,
"avg_TS_f1_1": 0.9707555555555556,
"std_TS_f1_1": 0.001582933672756258,
"avg_TS_ap_1": 0.9836668335897898,
"std_TS_ap_1": 0.001204721973836465,
"avg_TS_auc_1": 0.9128422555555555,
"std_TS_auc_1": 0.005768626224289056,
"avg_TS_f1_2": 0.9489777777777778,
"std_TS_f1_2": 0.0014166557733785714,
"avg_TS_ap_2": 0.9814667237162584,
"std_TS_ap_2": 0.0008169463741715615,
"avg_TS_auc_2": 0.8796895555555555,
"std_TS_auc_2": 0.004277914196381774,
"avg_TS_f1_3": 0.918129726859986,
"std_TS_f1_3": 0.0018136515962614485,
"avg_TS_ap_3": 0.9492744116493566,
"std_TS_ap_3": 0.003308705657999955,
"avg_TS_auc_3": 0.7009450444444445,
"std_TS_auc_3": 0.01653042688500494,
"avg_TS_f1_4": 0.9351082232963559,
"std_TS_f1_4": 0.0009990605641542146,
"avg_TS_ap_4": 0.9764618236809552,
"std_TS_ap_4": 0.0006147514264689209,
"avg_TS_auc_4": 0.8441049222222222,
"std_TS_auc_4": 0.0038939285359025928,
"avg_TS_f1_5": 0.913729555240986,
"std_TS_f1_5": 0.00147726128402135,
"avg_TS_ap_5": 0.9548266306350328,
"std_TS_ap_5": 0.001557671290638677,
"avg_TS_auc_5": 0.7063951666666667,
"std_TS_auc_5": 0.007356785450634456,
"avg_TS_f1_6": 0.921899089455587,
"std_TS_f1_6": 0.0022177937977764604,
"avg_TS_ap_6": 0.9574148127935123,
"std_TS_ap_6": 0.0030455366343460186,
"avg_TS_auc_6": 0.7384908222222222,
"std_TS_auc_6": 0.014002423080362954,
"avg_TS_f1_7": 0.9555440191121729,
"std_TS_f1_7": 0.003384084729692279,
"avg_TS_ap_7": 0.9881521086446149,
"std_TS_ap_7": 0.0018341928375605486,
"avg_TS_auc_7": 0.9147741999999999,
"std_TS_auc_7": 0.01174295698246823,
"avg_TS_f1_8": 0.9179435474810329,
"std_TS_f1_8": 0.003392086863724365,
"avg_TS_ap_8": 0.9360350575738401,
"std_TS_ap_8": 0.004989128162001746,
"avg_TS_auc_8": 0.6601231222222224,
"std_TS_auc_8": 0.021694898751094635,
"avg_TS_f1_9": 0.9664222222222222,
"std_TS_f1_9": 0.001302229806576327,
"avg_TS_ap_9": 0.9879391716013,
"std_TS_ap_9": 0.0012848933868301253,
"avg_TS_auc_9": 0.9226142666666666,
"std_TS_auc_9": 0.00629035731446976,
"avg_TS_f1_all": 0.9387529220403289,
"std_TS_f1_all": 0.0009405522653391656,
"avg_TS_ap_all": 0.9682101706734609,
"std_TS_ap_all": 0.0012225259168004983,
"avg_TS_auc_all": 0.80841408,
"std_TS_auc_all": 0.005921049772338849
}