{
"avg_TS_f1_0": 0.9608995438018162,
"std_TS_f1_0": 0.00202632243365091,
"avg_TS_ap_0": 0.989032285329543,
"std_TS_ap_0": 0.001219891350873025,
"avg_TS_auc_0": 0.9180239555555556,
"std_TS_auc_0": 0.008755919238244876,
"avg_TS_f1_1": 0.9915111111111111,
"std_TS_f1_1": 0.0003030707043774545,
"avg_TS_ap_1": 0.9969731159443205,
"std_TS_ap_1": 0.0003753580634523495,
"avg_TS_auc_1": 0.9835807444444444,
"std_TS_auc_1": 0.0011811838812117064,
"avg_TS_f1_2": 0.9552444444444443,
"std_TS_f1_2": 0.0011208462411483081,
"avg_TS_ap_2": 0.9919662589635619,
"std_TS_ap_2": 0.0002996771879922073,
"avg_TS_auc_2": 0.9352759,
"std_TS_auc_2": 0.0023407874230166716,
"avg_TS_f1_3": 0.9299183213004192,
"std_TS_f1_3": 0.001255902038025488,
"avg_TS_ap_3": 0.9636152818504756,
"std_TS_ap_3": 0.0032857634596410233,
"avg_TS_auc_3": 0.7684572333333334,
"std_TS_auc_3": 0.013355741573552064,
"avg_TS_f1_4": 0.9420863060293472,
"std_TS_f1_4": 0.0007797422991329913,
"avg_TS_ap_4": 0.9889336195096046,
"std_TS_ap_4": 0.00014405961192493074,
"avg_TS_auc_4": 0.9082716444444445,
"std_TS_auc_4": 0.0013564583321700478,
"avg_TS_f1_5": 0.9645770147724256,
"std_TS_f1_5": 0.0020516480068964505,
"avg_TS_ap_5": 0.9965432702663254,
"std_TS_ap_5": 0.00032444030578768766,
"avg_TS_auc_5": 0.9687243888888888,
"std_TS_auc_5": 0.0029428013841269487,
"avg_TS_f1_6": 0.9253744714212517,
"std_TS_f1_6": 0.0006984788210894345,
"avg_TS_ap_6": 0.9738409192780215,
"std_TS_ap_6": 0.003611762266485814,
"avg_TS_auc_6": 0.8069128333333332,
"std_TS_auc_6": 0.014924806723607444,
"avg_TS_f1_7": 0.977655290726028,
"std_TS_f1_7": 0.0010994044381339978,
"avg_TS_ap_7": 0.9984873478044645,
"std_TS_ap_7": 0.0001098573986409809,
"avg_TS_auc_7": 0.9863482666666668,
"std_TS_auc_7": 0.0009873984913603775,
"avg_TS_f1_8": 0.9492324598280151,
"std_TS_f1_8": 0.032700470124420046,
"avg_TS_ap_8": 0.930018837112572,
"std_TS_ap_8": 0.0788058857778764,
"avg_TS_auc_8": 0.74058,
"std_TS_auc_8": 0.2683485776800552,
"avg_TS_f1_9": 0.98125534628467,
"std_TS_f1_9": 0.0006809853761967775,
"avg_TS_ap_9": 0.9986270187489911,
"std_TS_ap_9": 6.934756547913079e-05,
"avg_TS_auc_9": 0.9880207333333333,
"std_TS_auc_9": 0.0006960858604980412,
"avg_TS_f1_all": 0.9577754309719528,
"std_TS_f1_all": 0.0032278859777506446,
"avg_TS_ap_all": 0.9828037954807881,
"std_TS_ap_all": 0.007931090926662648,
"avg_TS_auc_all": 0.9004195700000001,
"std_TS_auc_all": 0.026642490819376332
}