{
"avg_TS_f1_0": 0.937899159829867,
"std_TS_f1_0": 0.011635343768281951,
"avg_TS_ap_0": 0.9650683335743185,
"std_TS_ap_0": 0.010485961040298319,
"avg_TS_auc_0": 0.7916080222222222,
"std_TS_auc_0": 0.04976201675452161,
"avg_TS_f1_1": 0.9708444444444444,
"std_TS_f1_1": 0.006683534216986534,
"avg_TS_ap_1": 0.9869871652014586,
"std_TS_ap_1": 0.00193636491269572,
"avg_TS_auc_1": 0.9220811444444443,
"std_TS_auc_1": 0.01600293495602963,
"avg_TS_f1_2": 0.9437111111111112,
"std_TS_f1_2": 0.0059804620160925515,
"avg_TS_ap_2": 0.9800060138094342,
"std_TS_ap_2": 0.003646689127827697,
"avg_TS_auc_2": 0.8732520444444445,
"std_TS_auc_2": 0.012881055914485406,
"avg_TS_f1_3": 0.9125434252520203,
"std_TS_f1_3": 0.005008566491595871,
"avg_TS_ap_3": 0.9549029694961305,
"std_TS_ap_3": 0.0055529026196954,
"avg_TS_auc_3": 0.7116353666666667,
"std_TS_auc_3": 0.025673311767175026,
"avg_TS_f1_4": 0.9231657635300726,
"std_TS_f1_4": 0.004087394839694023,
"avg_TS_ap_4": 0.9736331167660769,
"std_TS_ap_4": 0.007933696041123652,
"avg_TS_auc_4": 0.8108794555555555,
"std_TS_auc_4": 0.042835220962779266,
"avg_TS_f1_5": 0.9412772104623096,
"std_TS_f1_5": 0.00626226746540211,
"avg_TS_ap_5": 0.9782509649516282,
"std_TS_ap_5": 0.007305977786418852,
"avg_TS_auc_5": 0.8527746333333333,
"std_TS_auc_5": 0.03925211467617199,
"avg_TS_f1_6": 0.9204666666666667,
"std_TS_f1_6": 0.0042042894028261205,
"avg_TS_ap_6": 0.9592196074940251,
"std_TS_ap_6": 0.012062159772150235,
"avg_TS_auc_6": 0.7440838444444445,
"std_TS_auc_6": 0.053976157719551755,
"avg_TS_f1_7": 0.9443333333333334,
"std_TS_f1_7": 0.018404642463181166,
"avg_TS_ap_7": 0.9858863036531087,
"std_TS_ap_7": 0.008361373676099104,
"avg_TS_auc_7": 0.8911613999999999,
"std_TS_auc_7": 0.06124197005038581,
"avg_TS_f1_8": 0.9230104474939965,
"std_TS_f1_8": 0.010142919365034433,
"avg_TS_ap_8": 0.966127187380172,
"std_TS_ap_8": 0.007377486780542024,
"avg_TS_auc_8": 0.7863663111111111,
"std_TS_auc_8": 0.037723957190122816,
"avg_TS_f1_9": 0.9162103042761636,
"std_TS_f1_9": 0.007603750856572685,
"avg_TS_ap_9": 0.9677291929596237,
"std_TS_ap_9": 0.012385416298397364,
"avg_TS_auc_9": 0.7659898,
"std_TS_auc_9": 0.0754841352413804,
"avg_TS_f1_all": 0.9333461866399985,
"std_TS_f1_all": 0.003051588735603154,
"avg_TS_ap_all": 0.9717810855285975,
"std_TS_ap_all": 0.00313322177795333,
"avg_TS_auc_all": 0.8149832022222222,
"std_TS_auc_all": 0.016604114274118075
}