{
"avg_TS_f1_0": 0.9544105709576458,
"std_TS_f1_0": 0.001817013401055104,
"avg_TS_ap_0": 0.9852761984833958,
"std_TS_ap_0": 0.0012941638394206117,
"avg_TS_auc_0": 0.8929320777777777,
"std_TS_auc_0": 0.0067962612615546794,
"avg_TS_f1_1": 0.9912222222222222,
"std_TS_f1_1": 0.00012171612389002352,
"avg_TS_ap_1": 0.9951176818057175,
"std_TS_ap_1": 0.0006435657123356797,
"avg_TS_auc_1": 0.9769382,
"std_TS_auc_1": 0.001103871849446279,
"avg_TS_f1_2": 0.9533439400954375,
"std_TS_f1_2": 0.0008471928227974431,
"avg_TS_ap_2": 0.9895295914583567,
"std_TS_ap_2": 0.0007643633499409829,
"avg_TS_auc_2": 0.9236416111111112,
"std_TS_auc_2": 0.0033739399379565356,
"avg_TS_f1_3": 0.9338414788475904,
"std_TS_f1_3": 0.0014050991713070126,
"avg_TS_ap_3": 0.932887863408984,
"std_TS_ap_3": 0.019440754507485506,
"avg_TS_auc_3": 0.7249850444444444,
"std_TS_auc_3": 0.03647563332114018,
"avg_TS_f1_4": 0.9418222222222223,
"std_TS_f1_4": 0.0005286834334831355,
"avg_TS_ap_4": 0.9866389673281806,
"std_TS_ap_4": 0.0004174465097026495,
"avg_TS_auc_4": 0.8964971555555555,
"std_TS_auc_4": 0.0015678079567928197,
"avg_TS_f1_5": 0.9661555555555555,
"std_TS_f1_5": 0.0022559660272374045,
"avg_TS_ap_5": 0.9965268422888259,
"std_TS_ap_5": 0.00034374014449342806,
"avg_TS_auc_5": 0.9689359222222222,
"std_TS_auc_5": 0.00301596372628581,
"avg_TS_f1_6": 0.9263300627812656,
"std_TS_f1_6": 0.0005661076028703961,
"avg_TS_ap_6": 0.9569119456890988,
"std_TS_ap_6": 0.016635521968307185,
"avg_TS_auc_6": 0.7676574222222221,
"std_TS_auc_6": 0.03631640788196004,
"avg_TS_f1_7": 0.9773441820841899,
"std_TS_f1_7": 0.0019432715054940343,
"avg_TS_ap_7": 0.9980154519882035,
"std_TS_ap_7": 0.0003513093947002085,
"avg_TS_auc_7": 0.9823498444444443,
"std_TS_auc_7": 0.003087321898776787,
"avg_TS_f1_8": 0.9863555555555555,
"std_TS_f1_8": 0.005756113229095903,
"avg_TS_ap_8": 0.9957231602951435,
"std_TS_ap_8": 0.002081443188780965,
"avg_TS_auc_8": 0.9775158666666666,
"std_TS_auc_8": 0.011305206974566046,
"avg_TS_f1_9": 0.9787111111111111,
"std_TS_f1_9": 0.0017034460352654713,
"avg_TS_ap_9": 0.9982103481506168,
"std_TS_ap_9": 0.0002408572103416429,
"avg_TS_auc_9": 0.9847531999999999,
"std_TS_auc_9": 0.0020623852855789775,
"avg_TS_f1_all": 0.9609536901432796,
"std_TS_f1_all": 0.0006561735615490398,
"avg_TS_ap_all": 0.9834838050896524,
"std_TS_ap_all": 0.0032848047850216862,
"avg_TS_auc_all": 0.9096206344444445,
"std_TS_auc_all": 0.007228248519880321
}