{
"avg_TS_f1_0": 0.950265513516183,
"std_TS_f1_0": 0.005157706033729225,
"avg_TS_ap_0": 0.9829883910026617,
"std_TS_ap_0": 0.0014494507036783915,
"avg_TS_auc_0": 0.883364911111111,
"std_TS_auc_0": 0.010873359496164905,
"avg_TS_f1_1": 0.9868888888888888,
"std_TS_f1_1": 0.0009216196157034393,
"avg_TS_ap_1": 0.993788021906574,
"std_TS_ap_1": 0.0008444521838082427,
"avg_TS_auc_1": 0.9680377555555555,
"std_TS_auc_1": 0.0037883176321716213,
"avg_TS_f1_2": 0.9498994746621726,
"std_TS_f1_2": 0.0016480437522763242,
"avg_TS_ap_2": 0.9891847058336557,
"std_TS_ap_2": 0.001348667601352484,
"avg_TS_auc_2": 0.9180736444444445,
"std_TS_auc_2": 0.005870729378266359,
"avg_TS_f1_3": 0.9313214462531869,
"std_TS_f1_3": 0.001944239533624758,
"avg_TS_ap_3": 0.9673389592572098,
"std_TS_ap_3": 0.004126409243740572,
"avg_TS_auc_3": 0.7932294333333333,
"std_TS_auc_3": 0.017283407646484786,
"avg_TS_f1_4": 0.9351422930903569,
"std_TS_f1_4": 0.003790792996836595,
"avg_TS_ap_4": 0.9836040786795133,
"std_TS_ap_4": 0.0022626672508707204,
"avg_TS_auc_4": 0.8764201,
"std_TS_auc_4": 0.014666908696167992,
"avg_TS_f1_5": 0.9554994845392646,
"std_TS_f1_5": 0.006049342191635667,
"avg_TS_ap_5": 0.991438160436644,
"std_TS_ap_5": 0.0012366822046974495,
"avg_TS_auc_5": 0.9330766222222222,
"std_TS_auc_5": 0.008718792672989119,
"avg_TS_f1_6": 0.9233419324863628,
"std_TS_f1_6": 0.0032519131232963184,
"avg_TS_ap_6": 0.9701553393360776,
"std_TS_ap_6": 0.0033067796407524924,
"avg_TS_auc_6": 0.7936819555555555,
"std_TS_auc_6": 0.01689137875843733,
"avg_TS_f1_7": 0.973233041341803,
"std_TS_f1_7": 0.005057224269037533,
"avg_TS_ap_7": 0.9970829200945459,
"std_TS_ap_7": 0.0007977966152596922,
"avg_TS_auc_7": 0.9764023555555555,
"std_TS_auc_7": 0.007330637795724131,
"avg_TS_f1_8": 0.9431097258489668,
"std_TS_f1_8": 0.011003106882644338,
"avg_TS_ap_8": 0.9730748275506956,
"std_TS_ap_8": 0.005543835140919468,
"avg_TS_auc_8": 0.8374415888888889,
"std_TS_auc_8": 0.039036561402600686,
"avg_TS_f1_9": 0.9795777777777778,
"std_TS_f1_9": 0.0030187888995014396,
"avg_TS_ap_9": 0.9972270964742267,
"std_TS_ap_9": 0.0006448607080730795,
"avg_TS_auc_9": 0.9792277777777778,
"std_TS_auc_9": 0.003917166165312187,
"avg_TS_f1_all": 0.9528279578404962,
"std_TS_f1_all": 0.0014406757693230475,
"avg_TS_ap_all": 0.9845882500571804,
"std_TS_ap_all": 0.0014313268701745705,
"avg_TS_auc_all": 0.8958956144444444,
"std_TS_auc_all": 0.007800182224515713
}