{
"avg_TS_f1_0": 0.961544014173627,
"std_TS_f1_0": 0.00035239301296305657,
"avg_TS_ap_0": 0.9902609440476666,
"std_TS_ap_0": 0.0004926693452310723,
"avg_TS_auc_0": 0.9261980888888889,
"std_TS_auc_0": 0.0033637628572775564,
"avg_TS_f1_1": 0.9919111111111111,
"std_TS_f1_1": 0.00017777777777776835,
"avg_TS_ap_1": 0.9972909222319777,
"std_TS_ap_1": 0.00036818766723732953,
"avg_TS_auc_1": 0.9842049444444443,
"std_TS_auc_1": 0.0015888868251734119,
"avg_TS_f1_2": 0.9542995092319945,
"std_TS_f1_2": 0.0008347260307833124,
"avg_TS_ap_2": 0.9924059449716769,
"std_TS_ap_2": 0.00039800935279211107,
"avg_TS_auc_2": 0.9378037777777779,
"std_TS_auc_2": 0.002459997981530808,
"avg_TS_f1_3": 0.9501883363890586,
"std_TS_f1_3": 0.0010156317920899305,
"avg_TS_ap_3": 0.9871517846620732,
"std_TS_ap_3": 0.0007742296800118116,
"avg_TS_auc_3": 0.9018059555555556,
"std_TS_auc_3": 0.004857473037788182,
"avg_TS_f1_4": 0.9444888888888888,
"std_TS_f1_4": 0.0008332592559668017,
"avg_TS_ap_4": 0.9899816456253691,
"std_TS_ap_4": 0.00021632745584024407,
"avg_TS_auc_4": 0.9165859444444445,
"std_TS_auc_4": 0.0008322710065808501,
"avg_TS_f1_5": 0.9684774289929688,
"std_TS_f1_5": 0.0010700900254213028,
"avg_TS_ap_5": 0.9968627569369994,
"std_TS_ap_5": 0.00015289193038127882,
"avg_TS_auc_5": 0.9721833,
"std_TS_auc_5": 0.0014466892149634166,
"avg_TS_f1_6": 0.9275745516726237,
"std_TS_f1_6": 0.0009418359505462814,
"avg_TS_ap_6": 0.9801006731688965,
"std_TS_ap_6": 0.00026401158979585005,
"avg_TS_auc_6": 0.8404256777777779,
"std_TS_auc_6": 0.001469595805857039,
"avg_TS_f1_7": 0.9773994987375841,
"std_TS_f1_7": 0.0006771098643472813,
"avg_TS_ap_7": 0.9983840642387343,
"std_TS_ap_7": 5.417811127990536e-05,
"avg_TS_auc_7": 0.9854654222222223,
"std_TS_auc_7": 0.0005212878740718732,
"avg_TS_f1_8": 0.9824444444444446,
"std_TS_f1_8": 0.0019385625322279633,
"avg_TS_ap_8": 0.9955699393780592,
"std_TS_ap_8": 0.0003853095993081597,
"avg_TS_auc_8": 0.9700536444444443,
"std_TS_auc_8": 0.0024165314035198425,
"avg_TS_f1_9": 0.9808888888888889,
"std_TS_f1_9": 0.0006402160129283694,
"avg_TS_ap_9": 0.9986499983442185,
"std_TS_ap_9": 9.018078361433802e-05,
"avg_TS_auc_9": 0.9881846444444445,
"std_TS_auc_9": 0.0008254061780513766,
"avg_TS_f1_all": 0.9639216672531191,
"std_TS_f1_all": 0.0002561095829688852,
"avg_TS_ap_all": 0.9926658673605671,
"std_TS_ap_all": 0.00015833435040062577,
"avg_TS_auc_all": 0.9422911399999998,
"std_TS_auc_all": 0.0008648126471434619
}