{
"avg_TS_f1_0": 0.9610871690402553,
"std_TS_f1_0": 0.0009513223730817333,
"avg_TS_ap_0": 0.9908576661159278,
"std_TS_ap_0": 0.00044629515764464846,
"avg_TS_auc_0": 0.9289324555555556,
"std_TS_auc_0": 0.0030635183322609057,
"avg_TS_f1_1": 0.9933111111111111,
"std_TS_f1_1": 0.0004410985164728783,
"avg_TS_ap_1": 0.9989116295972706,
"std_TS_ap_1": 0.0001226650600329364,
"avg_TS_auc_1": 0.9925791222222221,
"std_TS_auc_1": 0.0006468632914130895,
"avg_TS_f1_2": 0.9552202468038349,
"std_TS_f1_2": 0.00104290197515035,
"avg_TS_ap_2": 0.9931378933207927,
"std_TS_ap_2": 0.0002268293857908051,
"avg_TS_auc_2": 0.9418805111111113,
"std_TS_auc_2": 0.0015723944233925775,
"avg_TS_f1_3": 0.9505427820064078,
"std_TS_f1_3": 0.0006890100652691126,
"avg_TS_ap_3": 0.9884831592353622,
"std_TS_ap_3": 0.0007098464080309223,
"avg_TS_auc_3": 0.9089633888888888,
"std_TS_auc_3": 0.004694494184746294,
"avg_TS_f1_4": 0.9456630712721203,
"std_TS_f1_4": 0.001204284285466804,
"avg_TS_ap_4": 0.990956856611796,
"std_TS_ap_4": 0.00012282754419050884,
"avg_TS_auc_4": 0.9228259666666666,
"std_TS_auc_4": 0.0012232826261566797,
"avg_TS_f1_5": 0.9667655746306894,
"std_TS_f1_5": 0.0010343459131351128,
"avg_TS_ap_5": 0.9964148032985328,
"std_TS_ap_5": 0.00015850815702623232,
"avg_TS_auc_5": 0.9682091333333332,
"std_TS_auc_5": 0.0014283017108734713,
"avg_TS_f1_6": 0.9286413071468209,
"std_TS_f1_6": 0.000869736154015429,
"avg_TS_ap_6": 0.9811227437469968,
"std_TS_ap_6": 0.00010156037850150726,
"avg_TS_auc_6": 0.8471894666666667,
"std_TS_auc_6": 0.0010694552637836193,
"avg_TS_f1_7": 0.9777995123185856,
"std_TS_f1_7": 0.0008552195529687981,
"avg_TS_ap_7": 0.9985009683801828,
"std_TS_ap_7": 7.291188394459205e-05,
"avg_TS_auc_7": 0.9864234444444444,
"std_TS_auc_7": 0.000674774605258157,
"avg_TS_f1_8": 0.9841887141878252,
"std_TS_f1_8": 0.0009078362159438088,
"avg_TS_ap_8": 0.9967466540885106,
"std_TS_ap_8": 0.0001878137040668829,
"avg_TS_auc_8": 0.9770973111111111,
"std_TS_auc_8": 0.0009755308308686571,
"avg_TS_f1_9": 0.9801111111111112,
"std_TS_f1_9": 0.0007097208632298552,
"avg_TS_ap_9": 0.9986635060324314,
"std_TS_ap_9": 9.341105718391856e-05,
"avg_TS_auc_9": 0.9881025888888889,
"std_TS_auc_9": 0.0008507047598286399,
"avg_TS_f1_all": 0.9643330599628761,
"std_TS_f1_all": 0.0003771593118022719,
"avg_TS_ap_all": 0.9933795880427804,
"std_TS_ap_all": 0.00011597381695823417,
"avg_TS_auc_all": 0.946220338888889,
"std_TS_auc_all": 0.0006872908932814299
}