{
"avg_TS_f1_0": 0.9550222222222222,
"std_TS_f1_0": 0.005465672899736468,
"avg_TS_ap_0": 0.9845323771782768,
"std_TS_ap_0": 0.001981490063903714,
"avg_TS_auc_0": 0.8893746555555555,
"std_TS_auc_0": 0.01568551884474625,
"avg_TS_f1_1": 0.979111111111111,
"std_TS_f1_1": 0.005419671531206739,
"avg_TS_ap_1": 0.9928112892457545,
"std_TS_ap_1": 0.0035662585719472167,
"avg_TS_auc_1": 0.9552953222222221,
"std_TS_auc_1": 0.02079461917833789,
"avg_TS_f1_2": 0.9466222222222221,
"std_TS_f1_2": 0.003113173919306754,
"avg_TS_ap_2": 0.9848766514371305,
"std_TS_ap_2": 0.0015493461728909664,
"avg_TS_auc_2": 0.8872876666666667,
"std_TS_auc_2": 0.010829751123526809,
"avg_TS_f1_3": 0.9372874455988296,
"std_TS_f1_3": 0.003884569370445104,
"avg_TS_ap_3": 0.9350873207149771,
"std_TS_ap_3": 0.01347310734235637,
"avg_TS_auc_3": 0.7217964333333333,
"std_TS_auc_3": 0.0342695913560098,
"avg_TS_f1_4": 0.9356993116901556,
"std_TS_f1_4": 0.0032487366860248015,
"avg_TS_ap_4": 0.9805273525449143,
"std_TS_ap_4": 0.0009903148670940274,
"avg_TS_auc_4": 0.8565225777777778,
"std_TS_auc_4": 0.004209069675308908,
"avg_TS_f1_5": 0.9465555555555556,
"std_TS_f1_5": 0.008801795551946847,
"avg_TS_ap_5": 0.961682182630771,
"std_TS_ap_5": 0.025629607634107085,
"avg_TS_auc_5": 0.8271940666666667,
"std_TS_auc_5": 0.07467549880873796,
"avg_TS_f1_6": 0.9263419263097503,
"std_TS_f1_6": 0.0019969392439034145,
"avg_TS_ap_6": 0.962005111636933,
"std_TS_ap_6": 0.009438148000746027,
"avg_TS_auc_6": 0.7663816666666666,
"std_TS_auc_6": 0.03316625042078275,
"avg_TS_f1_7": 0.9528888888888888,
"std_TS_f1_7": 0.003680445491016748,
"avg_TS_ap_7": 0.9885967447449835,
"std_TS_ap_7": 0.003956725387945198,
"avg_TS_auc_7": 0.9171142888888889,
"std_TS_auc_7": 0.01894631394465378,
"avg_TS_f1_8": 0.9476770511942023,
"std_TS_f1_8": 0.00996882684577227,
"avg_TS_ap_8": 0.928509155979197,
"std_TS_ap_8": 0.06039418523608718,
"avg_TS_auc_8": 0.7419691444444444,
"std_TS_auc_8": 0.16079225432755695,
"avg_TS_f1_9": 0.9559333333333333,
"std_TS_f1_9": 0.01095300849363898,
"avg_TS_ap_9": 0.987224429986254,
"std_TS_ap_9": 0.010512257644521069,
"avg_TS_auc_9": 0.9181994333333334,
"std_TS_auc_9": 0.047618885349798794,
"avg_TS_f1_all": 0.9483139068126272,
"std_TS_f1_all": 0.0025218765711237296,
"avg_TS_ap_all": 0.9705852616099191,
"std_TS_ap_all": 0.004922512772712254,
"avg_TS_auc_all": 0.8481135255555555,
"std_TS_auc_all": 0.013432586426251848
}