{
"avg_TS_f1_0": 0.9448104314437222,
"std_TS_f1_0": 0.0077153193284773755,
"avg_TS_ap_0": 0.9788119300062809,
"std_TS_ap_0": 0.004668471474053894,
"avg_TS_auc_0": 0.8545648666666666,
"std_TS_auc_0": 0.029718319161311617,
"avg_TS_f1_1": 0.9787333333333332,
"std_TS_f1_1": 0.008188700435039425,
"avg_TS_ap_1": 0.9904736544608678,
"std_TS_ap_1": 0.0013142517360828258,
"avg_TS_auc_1": 0.9544288999999999,
"std_TS_auc_1": 0.012875787473863441,
"avg_TS_f1_2": 0.9483217191078517,
"std_TS_f1_2": 0.005415476738851994,
"avg_TS_ap_2": 0.9882511170665691,
"std_TS_ap_2": 0.0024808378262783457,
"avg_TS_auc_2": 0.9084574888888888,
"std_TS_auc_2": 0.0168037847336049,
"avg_TS_f1_3": 0.9263555555555556,
"std_TS_f1_3": 0.007917600334806525,
"avg_TS_ap_3": 0.9678566224580158,
"std_TS_ap_3": 0.006660518527111542,
"avg_TS_auc_3": 0.7793586444444445,
"std_TS_auc_3": 0.03746586265126171,
"avg_TS_f1_4": 0.9331763443648103,
"std_TS_f1_4": 0.003955321016020262,
"avg_TS_ap_4": 0.9813645937539828,
"std_TS_ap_4": 0.004386011933177727,
"avg_TS_auc_4": 0.8589158444444445,
"std_TS_auc_4": 0.02513169086757704,
"avg_TS_f1_5": 0.9405764604206407,
"std_TS_f1_5": 0.0020776041598793552,
"avg_TS_ap_5": 0.9809170835521899,
"std_TS_ap_5": 0.003991743142228394,
"avg_TS_auc_5": 0.8643098111111112,
"std_TS_auc_5": 0.016836845806573172,
"avg_TS_f1_6": 0.9205777777777777,
"std_TS_f1_6": 0.008334192548297568,
"avg_TS_ap_6": 0.9657368178090915,
"std_TS_ap_6": 0.0027035596809812617,
"avg_TS_auc_6": 0.7603221555555555,
"std_TS_auc_6": 0.025938812054511283,
"avg_TS_f1_7": 0.9582444444444445,
"std_TS_f1_7": 0.006353923644411553,
"avg_TS_ap_7": 0.9944677845282861,
"std_TS_ap_7": 0.0021952568444888222,
"avg_TS_auc_7": 0.9527895111111111,
"std_TS_auc_7": 0.01709322329749495,
"avg_TS_f1_8": 0.9311436215592224,
"std_TS_f1_8": 0.010127491870106215,
"avg_TS_ap_8": 0.9674102374096339,
"std_TS_ap_8": 0.008036751057461567,
"avg_TS_auc_8": 0.7921204000000001,
"std_TS_auc_8": 0.04379380341084966,
"avg_TS_f1_9": 0.9606666666666668,
"std_TS_f1_9": 0.004424399240798144,
"avg_TS_ap_9": 0.9929112486741335,
"std_TS_ap_9": 0.002318086431500097,
"avg_TS_auc_9": 0.9436091777777778,
"std_TS_auc_9": 0.015600565913144637,
"avg_TS_f1_all": 0.9442606354674025,
"std_TS_f1_all": 0.002576567053202528,
"avg_TS_ap_all": 0.9808201089719052,
"std_TS_ap_all": 0.002027612281937953,
"avg_TS_auc_all": 0.8668876799999999,
"std_TS_auc_all": 0.011950665595730695
}