{
"avg_TS_f1_0": 0.9398,
"std_TS_f1_0": 0.008788713300676104,
"avg_TS_ap_0": 0.9799825656696897,
"std_TS_ap_0": 0.0034391071174713576,
"avg_TS_auc_0": 0.8574544111111111,
"std_TS_auc_0": 0.025089916775090895,
"avg_TS_f1_1": 0.9774666666666667,
"std_TS_f1_1": 0.008072021485612976,
"avg_TS_ap_1": 0.9931902429908316,
"std_TS_ap_1": 0.0044301055388934665,
"avg_TS_auc_1": 0.9575983333333333,
"std_TS_auc_1": 0.024675954076918114,
"avg_TS_f1_2": 0.9292666666666666,
"std_TS_f1_2": 0.008978602822375822,
"avg_TS_ap_2": 0.9799543717187518,
"std_TS_ap_2": 0.004907109591856605,
"avg_TS_auc_2": 0.8434032777777777,
"std_TS_auc_2": 0.035633707294108766,
"avg_TS_f1_3": 0.9302770326746547,
"std_TS_f1_3": 0.007961542048760525,
"avg_TS_ap_3": 0.9685650850415568,
"std_TS_ap_3": 0.004255667283424577,
"avg_TS_auc_3": 0.7924186111111111,
"std_TS_auc_3": 0.02197362893277549,
"avg_TS_f1_4": 0.9266769289651895,
"std_TS_f1_4": 0.006028801166100462,
"avg_TS_ap_4": 0.979995899963316,
"std_TS_ap_4": 0.0048256095608106035,
"avg_TS_auc_4": 0.8441613,
"std_TS_auc_4": 0.031408699752008974,
"avg_TS_f1_5": 0.9217333333333334,
"std_TS_f1_5": 0.009573523159162066,
"avg_TS_ap_5": 0.9604950159376164,
"std_TS_ap_5": 0.018944325818762087,
"avg_TS_auc_5": 0.7480232666666666,
"std_TS_auc_5": 0.09591410743159354,
"avg_TS_f1_6": 0.9084444444444444,
"std_TS_f1_6": 0.000583730023847245,
"avg_TS_ap_6": 0.9632233813729822,
"std_TS_ap_6": 0.00399158132219495,
"avg_TS_auc_6": 0.7276570777777778,
"std_TS_auc_6": 0.023181179527707478,
"avg_TS_f1_7": 0.9325212400688926,
"std_TS_f1_7": 0.017513129979207363,
"avg_TS_ap_7": 0.9852920742198311,
"std_TS_ap_7": 0.007726556475409371,
"avg_TS_auc_7": 0.8797143999999999,
"std_TS_auc_7": 0.05739512375240234,
"avg_TS_f1_8": 0.9434444444444445,
"std_TS_f1_8": 0.019137449550779794,
"avg_TS_ap_8": 0.9782186099112469,
"std_TS_ap_8": 0.007861321416738908,
"avg_TS_auc_8": 0.8577056444444444,
"std_TS_auc_8": 0.0627649442159425,
"avg_TS_f1_9": 0.9513111111111112,
"std_TS_f1_9": 0.01155264920716039,
"avg_TS_ap_9": 0.9892615341578741,
"std_TS_ap_9": 0.003939623199000697,
"avg_TS_auc_9": 0.9168022555555556,
"std_TS_auc_9": 0.02982914032900393,
"avg_TS_f1_all": 0.9360941868375404,
"std_TS_f1_all": 0.005041167313419606,
"avg_TS_ap_all": 0.9778178780983696,
"std_TS_ap_all": 0.002802053019343788,
"avg_TS_auc_all": 0.8424938577777779,
"std_TS_auc_all": 0.01859068761217292
}