{
"avg_TS_f1_0": 0.9526328228111438,
"std_TS_f1_0": 0.005633938670229585,
"avg_TS_ap_0": 0.9855311601392103,
"std_TS_ap_0": 0.0016234652038610762,
"avg_TS_auc_0": 0.8957601555555555,
"std_TS_auc_0": 0.009044765028880209,
"avg_TS_f1_1": 0.9868666666666666,
"std_TS_f1_1": 0.0027927595981107017,
"avg_TS_ap_1": 0.9939595993516088,
"std_TS_ap_1": 0.0016324652425421602,
"avg_TS_auc_1": 0.9686630888888889,
"std_TS_auc_1": 0.00670829979679677,
"avg_TS_f1_2": 0.9516878172244138,
"std_TS_f1_2": 0.002902203521389996,
"avg_TS_ap_2": 0.9900232824338548,
"std_TS_ap_2": 0.00150424201172998,
"avg_TS_auc_2": 0.9214934333333333,
"std_TS_auc_2": 0.007396670499757022,
"avg_TS_f1_3": 0.9380992758856973,
"std_TS_f1_3": 0.006918059539516231,
"avg_TS_ap_3": 0.9778630975592202,
"std_TS_ap_3": 0.00501832288713028,
"avg_TS_auc_3": 0.8388459777777777,
"std_TS_auc_3": 0.03274877144220191,
"avg_TS_f1_4": 0.9368666666666666,
"std_TS_f1_4": 0.004884037997445747,
"avg_TS_ap_4": 0.9874217237013045,
"std_TS_ap_4": 0.0019808194083425178,
"avg_TS_auc_4": 0.8962723777777779,
"std_TS_auc_4": 0.014804787160106298,
"avg_TS_f1_5": 0.9542549302121724,
"std_TS_f1_5": 0.01070423200758618,
"avg_TS_ap_5": 0.9915462089335965,
"std_TS_ap_5": 0.002455093356700014,
"avg_TS_auc_5": 0.9323966111111112,
"std_TS_auc_5": 0.020928092649844975,
"avg_TS_f1_6": 0.9221880166182072,
"std_TS_f1_6": 0.0020069557805922618,
"avg_TS_ap_6": 0.9732165942519193,
"std_TS_ap_6": 0.0030301471147761183,
"avg_TS_auc_6": 0.8010489777777778,
"std_TS_auc_6": 0.014877220051184178,
"avg_TS_f1_7": 0.9689663289935859,
"std_TS_f1_7": 0.003393757493453115,
"avg_TS_ap_7": 0.9967894445774388,
"std_TS_ap_7": 0.0005980328667436898,
"avg_TS_auc_7": 0.9722347444444445,
"std_TS_auc_7": 0.005038035749607262,
"avg_TS_f1_8": 0.9638996055336408,
"std_TS_f1_8": 0.004859763887326385,
"avg_TS_ap_8": 0.9886565361468719,
"std_TS_ap_8": 0.0008570656498515985,
"avg_TS_auc_8": 0.9251957555555557,
"std_TS_auc_8": 0.008397043675581825,
"avg_TS_f1_9": 0.9753777777777778,
"std_TS_f1_9": 0.0074467989643077345,
"avg_TS_ap_9": 0.9976131571517792,
"std_TS_ap_9": 0.0007864958101182039,
"avg_TS_auc_9": 0.9794777555555557,
"std_TS_auc_9": 0.007702176699198675,
"avg_TS_f1_all": 0.9550839908389973,
"std_TS_f1_all": 0.0021890891398566713,
"avg_TS_ap_all": 0.9882620804246803,
"std_TS_ap_all": 0.00110189676745778,
"avg_TS_auc_all": 0.9131388877777777,
"std_TS_auc_all": 0.007247006665212514
}