{
"avg_TS_f1_0": 0.9494,
"std_TS_f1_0": 0.004546929502558246,
"avg_TS_ap_0": 0.9822281443329594,
"std_TS_ap_0": 0.0022131160579007877,
"avg_TS_auc_0": 0.8765154888888889,
"std_TS_auc_0": 0.014941724682434786,
"avg_TS_f1_1": 0.9899887857967418,
"std_TS_f1_1": 0.0006228940430316887,
"avg_TS_ap_1": 0.995457426854483,
"std_TS_ap_1": 0.0010454138125850884,
"avg_TS_auc_1": 0.9756598777777776,
"std_TS_auc_1": 0.003484468069364422,
"avg_TS_f1_2": 0.9359111111111111,
"std_TS_f1_2": 0.0027220181329390978,
"avg_TS_ap_2": 0.983575163580624,
"std_TS_ap_2": 0.00274869919258102,
"avg_TS_auc_2": 0.8702976777777778,
"std_TS_auc_2": 0.018677135910162075,
"avg_TS_f1_3": 0.9117555555555557,
"std_TS_f1_3": 0.0027274552875673386,
"avg_TS_ap_3": 0.9571480363774129,
"std_TS_ap_3": 0.007604290995366154,
"avg_TS_auc_3": 0.7127984111111111,
"std_TS_auc_3": 0.02959711851045186,
"avg_TS_f1_4": 0.9290444444444445,
"std_TS_f1_4": 0.0005239922721134281,
"avg_TS_ap_4": 0.9785372915289494,
"std_TS_ap_4": 0.0018880724091400432,
"avg_TS_auc_4": 0.8350791111111111,
"std_TS_auc_4": 0.0104125604000145,
"avg_TS_f1_5": 0.9573101925415608,
"std_TS_f1_5": 0.0026529054318401653,
"avg_TS_ap_5": 0.9926946064097791,
"std_TS_ap_5": 0.0018088562365631965,
"avg_TS_auc_5": 0.939911,
"std_TS_auc_5": 0.012748509847705234,
"avg_TS_f1_6": 0.9242325203252031,
"std_TS_f1_6": 0.0017912605918249831,
"avg_TS_ap_6": 0.9736868730813427,
"std_TS_ap_6": 0.003163159319405308,
"avg_TS_auc_6": 0.8021264222222222,
"std_TS_auc_6": 0.01681564793803819,
"avg_TS_f1_7": 0.948188296880691,
"std_TS_f1_7": 0.005683961380201402,
"avg_TS_ap_7": 0.988246229158071,
"std_TS_ap_7": 0.004605447573727361,
"avg_TS_auc_7": 0.9062052777777779,
"std_TS_auc_7": 0.032023209973412035,
"avg_TS_f1_8": 0.9486666666666667,
"std_TS_f1_8": 0.004628414655389271,
"avg_TS_ap_8": 0.9758686200303897,
"std_TS_ap_8": 0.006707830034039442,
"avg_TS_auc_8": 0.8528657222222222,
"std_TS_auc_8": 0.032901336909907763,
"avg_TS_f1_9": 0.9514444444444445,
"std_TS_f1_9": 0.005095144141941477,
"avg_TS_ap_9": 0.9909482276342256,
"std_TS_ap_9": 0.002868869701395578,
"avg_TS_auc_9": 0.9267011777777778,
"std_TS_auc_9": 0.020308481177789845,
"avg_TS_f1_all": 0.944594201776642,
"std_TS_f1_all": 0.001182316541370372,
"avg_TS_ap_all": 0.9818390618988238,
"std_TS_ap_all": 0.0016325117791590005,
"avg_TS_auc_all": 0.8698160166666667,
"std_TS_auc_all": 0.008750137242928656
}