{
"avg_TS_f1_0": 0.9516644356785253,
"std_TS_f1_0": 0.0048063177024667975,
"avg_TS_ap_0": 0.9837224007810634,
"std_TS_ap_0": 0.0006869846180532195,
"avg_TS_auc_0": 0.8862270111111112,
"std_TS_auc_0": 0.008091791781189343,
"avg_TS_f1_1": 0.9875777777777778,
"std_TS_f1_1": 0.0007214525813665789,
"avg_TS_ap_1": 0.9942030998470337,
"std_TS_ap_1": 0.0007352442927811975,
"avg_TS_auc_1": 0.9697912555555555,
"std_TS_auc_1": 0.0030190872974100065,
"avg_TS_f1_2": 0.9516444444444445,
"std_TS_f1_2": 0.0018913709183069356,
"avg_TS_ap_2": 0.9894033820130931,
"std_TS_ap_2": 0.0010150635267909848,
"avg_TS_auc_2": 0.9193699666666667,
"std_TS_auc_2": 0.004492360692564511,
"avg_TS_f1_3": 0.9304087017179967,
"std_TS_f1_3": 0.003613979301611546,
"avg_TS_ap_3": 0.9683057881222314,
"std_TS_ap_3": 0.0030336178379598406,
"avg_TS_auc_3": 0.7949592111111111,
"std_TS_auc_3": 0.010333896660057185,
"avg_TS_f1_4": 0.9398666666666667,
"std_TS_f1_4": 0.0014979821818980356,
"avg_TS_ap_4": 0.9853626818190818,
"std_TS_ap_4": 0.0011823613633328291,
"avg_TS_auc_4": 0.8913296777777777,
"std_TS_auc_4": 0.005429433192048073,
"avg_TS_f1_5": 0.9508094684272583,
"std_TS_f1_5": 0.0036514056251599003,
"avg_TS_ap_5": 0.9883919314319188,
"std_TS_ap_5": 0.0017984116165712023,
"avg_TS_auc_5": 0.9120478777777778,
"std_TS_auc_5": 0.012963684000066505,
"avg_TS_f1_6": 0.9249555555555556,
"std_TS_f1_6": 0.0030058379411396835,
"avg_TS_ap_6": 0.9720537259030945,
"std_TS_ap_6": 0.002905774372395028,
"avg_TS_auc_6": 0.8029541111111111,
"std_TS_auc_6": 0.01493645504280313,
"avg_TS_f1_7": 0.9742774857862473,
"std_TS_f1_7": 0.003352585710896822,
"avg_TS_ap_7": 0.9973177803091747,
"std_TS_ap_7": 0.0004908151121745863,
"avg_TS_auc_7": 0.9780627111111111,
"std_TS_auc_7": 0.004514713372141447,
"avg_TS_f1_8": 0.9456771141606632,
"std_TS_f1_8": 0.01120847379779112,
"avg_TS_ap_8": 0.976072222048099,
"std_TS_ap_8": 0.004782659411403707,
"avg_TS_auc_8": 0.8518971444444444,
"std_TS_auc_8": 0.03411772906400268,
"avg_TS_f1_9": 0.979111111111111,
"std_TS_f1_9": 0.0036568893210176387,
"avg_TS_ap_9": 0.9973574319237795,
"std_TS_ap_9": 0.0005484836739331018,
"avg_TS_auc_9": 0.9794862555555556,
"std_TS_auc_9": 0.003954381824860934,
"avg_TS_f1_all": 0.9535992761326246,
"std_TS_f1_all": 0.0015434119556783068,
"avg_TS_ap_all": 0.985219044419857,
"std_TS_ap_all": 0.0009774211449287875,
"avg_TS_auc_all": 0.8986125222222222,
"std_TS_auc_all": 0.005188736219915638
}