{
"avg_TS_f1_0": 0.9483532553639741,
"std_TS_f1_0": 0.000930334257600778,
"avg_TS_ap_0": 0.9773504536777899,
"std_TS_ap_0": 0.0005944454749645212,
"avg_TS_auc_0": 0.8564868888888888,
"std_TS_auc_0": 0.002768883345366282,
"avg_TS_f1_1": 0.984255363569581,
"std_TS_f1_1": 0.0007810067992485133,
"avg_TS_ap_1": 0.992754296272879,
"std_TS_ap_1": 0.00033873480622054826,
"avg_TS_auc_1": 0.9628787666666666,
"std_TS_auc_1": 0.0016348347205319726,
"avg_TS_f1_2": 0.9526434061151546,
"std_TS_f1_2": 0.001389356359288449,
"avg_TS_ap_2": 0.9867808939922632,
"std_TS_ap_2": 0.00043799771973215287,
"avg_TS_auc_2": 0.9055995888888889,
"std_TS_auc_2": 0.0021361991848915063,
"avg_TS_f1_3": 0.9316295225426009,
"std_TS_f1_3": 0.0010244358078511985,
"avg_TS_ap_3": 0.967831439580588,
"std_TS_ap_3": 0.001161319072540181,
"avg_TS_auc_3": 0.7908195333333333,
"std_TS_auc_3": 0.006357875270098036,
"avg_TS_f1_4": 0.9413634287608492,
"std_TS_f1_4": 0.0010344719427524758,
"avg_TS_ap_4": 0.9843104516303658,
"std_TS_ap_4": 0.000544689625980952,
"avg_TS_auc_4": 0.8875089111111111,
"std_TS_auc_4": 0.003382824159752097,
"avg_TS_f1_5": 0.9434968954397256,
"std_TS_f1_5": 0.002271779813205399,
"avg_TS_ap_5": 0.9824610416974828,
"std_TS_ap_5": 0.0011711711815194554,
"avg_TS_auc_5": 0.8717137333333334,
"std_TS_auc_5": 0.00853860077815107,
"avg_TS_f1_6": 0.925651425079171,
"std_TS_f1_6": 0.0012000666703705874,
"avg_TS_ap_6": 0.9694096796829104,
"std_TS_ap_6": 0.001222501432218279,
"avg_TS_auc_6": 0.7944794333333334,
"std_TS_auc_6": 0.00448131040268196,
"avg_TS_f1_7": 0.9715327110765413,
"std_TS_f1_7": 0.0005141684465634419,
"avg_TS_ap_7": 0.996290990027423,
"std_TS_ap_7": 0.00015241120631347369,
"avg_TS_auc_7": 0.9704834777777778,
"std_TS_auc_7": 0.001132017610232508,
"avg_TS_f1_8": 0.934462244111906,
"std_TS_f1_8": 0.0028987940668560564,
"avg_TS_ap_8": 0.9612789575609961,
"std_TS_ap_8": 0.0012932213324300798,
"avg_TS_auc_8": 0.7760184888888889,
"std_TS_auc_8": 0.010559923071841506,
"avg_TS_f1_9": 0.9765881116852171,
"std_TS_f1_9": 0.00048749198398694477,
"avg_TS_ap_9": 0.9956215019295718,
"std_TS_ap_9": 0.00022046145708893327,
"avg_TS_auc_9": 0.9681857111111111,
"std_TS_auc_9": 0.0012824593760081173,
"avg_TS_f1_all": 0.950997636374472,
"std_TS_f1_all": 0.0003761890249724338,
"avg_TS_ap_all": 0.9814089706052271,
"std_TS_ap_all": 0.0002067823120154504,
"avg_TS_auc_all": 0.8784174533333333,
"std_TS_auc_all": 0.0012505394817892378
}