{
"avg_TS_f1_0": 0.9436,
"std_TS_f1_0": 0.007255683170563953,
"avg_TS_ap_0": 0.975041216096886,
"std_TS_ap_0": 0.0036993623332715465,
"avg_TS_auc_0": 0.8417250888888889,
"std_TS_auc_0": 0.02296571267122004,
"avg_TS_f1_1": 0.9832888888888889,
"std_TS_f1_1": 0.0024989874492691894,
"avg_TS_ap_1": 0.9906222471276666,
"std_TS_ap_1": 0.0018396699032004079,
"avg_TS_auc_1": 0.9557348666666667,
"std_TS_auc_1": 0.003393895161886491,
"avg_TS_f1_2": 0.9473883437968776,
"std_TS_f1_2": 0.0020890251825220183,
"avg_TS_ap_2": 0.9837746142157965,
"std_TS_ap_2": 0.0021298206105442594,
"avg_TS_auc_2": 0.889173188888889,
"std_TS_auc_2": 0.011181311688584836,
"avg_TS_f1_3": 0.9307111111111113,
"std_TS_f1_3": 0.007244785268056391,
"avg_TS_ap_3": 0.9622225053369904,
"std_TS_ap_3": 0.007026048380310374,
"avg_TS_auc_3": 0.7740732333333333,
"std_TS_auc_3": 0.02922772814615731,
"avg_TS_f1_4": 0.933798499916662,
"std_TS_f1_4": 0.005234916728684898,
"avg_TS_ap_4": 0.9821219835529928,
"std_TS_ap_4": 0.0019544474621372297,
"avg_TS_auc_4": 0.8684121888888889,
"std_TS_auc_4": 0.015320423428600306,
"avg_TS_f1_5": 0.9475215981134755,
"std_TS_f1_5": 0.004430440567771371,
"avg_TS_ap_5": 0.9853028682656572,
"std_TS_ap_5": 0.0009233777663570909,
"avg_TS_auc_5": 0.8941873555555555,
"std_TS_auc_5": 0.008119631920639346,
"avg_TS_f1_6": 0.9201333333333332,
"std_TS_f1_6": 0.006194940189430202,
"avg_TS_ap_6": 0.9656779532014184,
"std_TS_ap_6": 0.00624037789984876,
"avg_TS_auc_6": 0.7675684444444445,
"std_TS_auc_6": 0.03678304736674151,
"avg_TS_f1_7": 0.9720888888888888,
"std_TS_f1_7": 0.0032753474982920236,
"avg_TS_ap_7": 0.995764704973382,
"std_TS_ap_7": 0.0013224628187265964,
"avg_TS_auc_7": 0.9682072555555556,
"std_TS_auc_7": 0.009429722713190165,
"avg_TS_f1_8": 0.9378547808211566,
"std_TS_f1_8": 0.00804118354596916,
"avg_TS_ap_8": 0.9672037588184516,
"std_TS_ap_8": 0.00739797456850179,
"avg_TS_auc_8": 0.807655688888889,
"std_TS_auc_8": 0.0420584993208915,
"avg_TS_f1_9": 0.9785333333333334,
"std_TS_f1_9": 0.0027714594809091237,
"avg_TS_ap_9": 0.995633361022781,
"std_TS_ap_9": 0.0014580375868992973,
"avg_TS_auc_9": 0.9687792444444445,
"std_TS_auc_9": 0.009125468463374897,
"avg_TS_f1_all": 0.9494918778203727,
"std_TS_f1_all": 0.0008470629082783502,
"avg_TS_ap_all": 0.9803365212612023,
"std_TS_ap_all": 0.0008192095820950221,
"avg_TS_auc_all": 0.8735516555555556,
"std_TS_auc_all": 0.004703211826930153
}