{
"avg_TS_f1_0": 0.9592444444444445,
"std_TS_f1_0": 0.0014913743764944235,
"avg_TS_ap_0": 0.9652966831181967,
"std_TS_ap_0": 0.0033318400981104837,
"avg_TS_auc_0": 0.8541396000000001,
"std_TS_auc_0": 0.007245074467100207,
"avg_TS_f1_1": 0.9684444444444443,
"std_TS_f1_1": 0.0009686442096757241,
"avg_TS_ap_1": 0.9334012418590086,
"std_TS_ap_1": 0.0022195277542796164,
"avg_TS_auc_1": 0.8124330666666666,
"std_TS_auc_1": 0.0045443878398267945,
"avg_TS_f1_2": 0.9532,
"std_TS_f1_2": 0.003457966290205497,
"avg_TS_ap_2": 0.9615395635565406,
"std_TS_ap_2": 0.001840345456520167,
"avg_TS_auc_2": 0.8397970555555554,
"std_TS_auc_2": 0.00640427552065371,
"avg_TS_f1_3": 0.9365423251909057,
"std_TS_f1_3": 0.002323226709435401,
"avg_TS_ap_3": 0.9369623145973611,
"std_TS_ap_3": 0.0040292686433286585,
"avg_TS_auc_3": 0.6891014000000001,
"std_TS_auc_3": 0.006054867165398187,
"avg_TS_f1_4": 0.9419555555555557,
"std_TS_f1_4": 0.0017435595774162721,
"avg_TS_ap_4": 0.9573110191355664,
"std_TS_ap_4": 0.0026556364142189836,
"avg_TS_auc_4": 0.8012063555555555,
"std_TS_auc_4": 0.009370698789416711,
"avg_TS_f1_5": 0.9504444444444443,
"std_TS_f1_5": 0.017838784213679522,
"avg_TS_ap_5": 0.9177004706529883,
"std_TS_ap_5": 0.06029531091150136,
"avg_TS_auc_5": 0.7125074111111112,
"std_TS_auc_5": 0.17586099458400323,
"avg_TS_f1_6": 0.926608651007076,
"std_TS_f1_6": 0.0006773574040481058,
"avg_TS_ap_6": 0.948865690590579,
"std_TS_ap_6": 0.002924073127562843,
"avg_TS_auc_6": 0.7368476,
"std_TS_auc_6": 0.006987171334738213,
"avg_TS_f1_7": 0.9512888888888889,
"std_TS_f1_7": 0.0018573843283526132,
"avg_TS_ap_7": 0.9636952288238909,
"std_TS_ap_7": 0.00352555040561907,
"avg_TS_auc_7": 0.8246190666666667,
"std_TS_auc_7": 0.01217377286499118,
"avg_TS_f1_8": 0.9646326795933107,
"std_TS_f1_8": 0.011871142204574567,
"avg_TS_ap_8": 0.9566841389440199,
"std_TS_ap_8": 0.03908008330567051,
"avg_TS_auc_8": 0.8319362333333332,
"std_TS_auc_8": 0.11446181046992196,
"avg_TS_f1_9": 0.9628772277472205,
"std_TS_f1_9": 0.011272682493912944,
"avg_TS_ap_9": 0.9613477608672355,
"std_TS_ap_9": 0.015916412519171377,
"avg_TS_auc_9": 0.8430613222222222,
"std_TS_auc_9": 0.047561642346543254,
"avg_TS_f1_all": 0.9515238661316291,
"std_TS_f1_all": 0.0023905602783342405,
"avg_TS_ap_all": 0.9502804112145388,
"std_TS_ap_all": 0.006724651867294107,
"avg_TS_auc_all": 0.794564911111111,
"std_TS_auc_all": 0.01932409886302272
}