{
"avg_TS_f1_0": 0.9138,
"std_TS_f1_0": 0.013923672000421031,
"avg_TS_ap_0": 0.9246663381001021,
"std_TS_ap_0": 0.03660354322186649,
"avg_TS_auc_0": 0.6094443555555555,
"std_TS_auc_0": 0.14038446229720739,
"avg_TS_f1_1": 0.95502110734547,
"std_TS_f1_1": 0.025551781180781413,
"avg_TS_ap_1": 0.9798083073992512,
"std_TS_ap_1": 0.009703109942588948,
"avg_TS_auc_1": 0.8785663666666667,
"std_TS_auc_1": 0.06780202752200387,
"avg_TS_f1_2": 0.9304323635263687,
"std_TS_f1_2": 0.01886371619216849,
"avg_TS_ap_2": 0.9519237992622445,
"std_TS_ap_2": 0.04127026440316268,
"avg_TS_auc_2": 0.7514465555555556,
"std_TS_auc_2": 0.1353894163963872,
"avg_TS_f1_3": 0.9084222222222224,
"std_TS_f1_3": 0.0035509692643065044,
"avg_TS_ap_3": 0.9111717461622943,
"std_TS_ap_3": 0.02533428933095297,
"avg_TS_auc_3": 0.5766235666666667,
"std_TS_auc_3": 0.06618721234246963,
"avg_TS_f1_4": 0.9136648121396205,
"std_TS_f1_4": 0.0043460400532007405,
"avg_TS_ap_4": 0.9329177099695573,
"std_TS_ap_4": 0.029080413919504597,
"avg_TS_auc_4": 0.6572102111111111,
"std_TS_auc_4": 0.08622859094305778,
"avg_TS_f1_5": 0.9112322326549007,
"std_TS_f1_5": 0.014179308086749345,
"avg_TS_ap_5": 0.9096774628900626,
"std_TS_ap_5": 0.043170112251830706,
"avg_TS_auc_5": 0.5876676888888889,
"std_TS_auc_5": 0.15934760833943593,
"avg_TS_f1_6": 0.9089555555555556,
"std_TS_f1_6": 0.007957789878671483,
"avg_TS_ap_6": 0.921177771037853,
"std_TS_ap_6": 0.013566428865671106,
"avg_TS_auc_6": 0.5927400555555555,
"std_TS_auc_6": 0.04342041836735683,
"avg_TS_f1_7": 0.9347999999999999,
"std_TS_f1_7": 0.015440591046065938,
"avg_TS_ap_7": 0.9701901850752952,
"std_TS_ap_7": 0.025938524860205148,
"avg_TS_auc_7": 0.8168116222222223,
"std_TS_auc_7": 0.12203390834017008,
"avg_TS_f1_8": 0.8969189287133107,
"std_TS_f1_8": 0.005853062372901906,
"avg_TS_ap_8": 0.8697476474734899,
"std_TS_ap_8": 0.03083199294133087,
"avg_TS_auc_8": 0.4101275333333333,
"std_TS_auc_8": 0.08293437079048159,
"avg_TS_f1_9": 0.9209414954004862,
"std_TS_f1_9": 0.010825613964729936,
"avg_TS_ap_9": 0.9429686906859931,
"std_TS_ap_9": 0.02314886843940276,
"avg_TS_auc_9": 0.6882739888888889,
"std_TS_auc_9": 0.09404117260545582,
"avg_TS_f1_all": 0.9194188717557935,
"std_TS_f1_all": 0.006856481158365416,
"avg_TS_ap_all": 0.9314249658056143,
"std_TS_ap_all": 0.012910618837568673,
"avg_TS_auc_all": 0.6568911944444444,
"std_TS_auc_all": 0.04967696660834483
}