{
"avg_TS_f1_0": 0.9411764480742757,
"std_TS_f1_0": 0.004788311985196915,
"avg_TS_ap_0": 0.980720525051099,
"std_TS_ap_0": 0.0010508071123958183,
"avg_TS_auc_0": 0.8546914000000001,
"std_TS_auc_0": 0.008829378114881875,
"avg_TS_f1_1": 0.983477535171707,
"std_TS_f1_1": 0.003009386052257201,
"avg_TS_ap_1": 0.9952385675096718,
"std_TS_ap_1": 0.0011425800568632973,
"avg_TS_auc_1": 0.9659184333333333,
"std_TS_auc_1": 0.007911672683439125,
"avg_TS_f1_2": 0.9461333333333333,
"std_TS_f1_2": 0.003994687830631774,
"avg_TS_ap_2": 0.9859436262833496,
"std_TS_ap_2": 0.0020414220976940627,
"avg_TS_auc_2": 0.8898482444444445,
"std_TS_auc_2": 0.014689775061460086,
"avg_TS_f1_3": 0.9339541579470463,
"std_TS_f1_3": 0.007989146303030329,
"avg_TS_ap_3": 0.9787340726005134,
"std_TS_ap_3": 0.005466256755407419,
"avg_TS_auc_3": 0.8358036666666667,
"std_TS_auc_3": 0.039805100461925105,
"avg_TS_f1_4": 0.9356638763881943,
"std_TS_f1_4": 0.005639035200524924,
"avg_TS_ap_4": 0.9841035764905947,
"std_TS_ap_4": 0.003537908973852413,
"avg_TS_auc_4": 0.8724143888888889,
"std_TS_auc_4": 0.025585740572788323,
"avg_TS_f1_5": 0.9467986702964979,
"std_TS_f1_5": 0.00558911277937766,
"avg_TS_ap_5": 0.9909394220901383,
"std_TS_ap_5": 0.001653186454684311,
"avg_TS_auc_5": 0.9218436888888888,
"std_TS_auc_5": 0.014323549295452551,
"avg_TS_f1_6": 0.9229111111111111,
"std_TS_f1_6": 0.004760641102173503,
"avg_TS_ap_6": 0.9756889516288089,
"std_TS_ap_6": 0.005316885939327433,
"avg_TS_auc_6": 0.8102193222222223,
"std_TS_auc_6": 0.03398019326214309,
"avg_TS_f1_7": 0.967455212943929,
"std_TS_f1_7": 0.006734236340337343,
"avg_TS_ap_7": 0.9961937419605269,
"std_TS_ap_7": 0.001322049940825792,
"avg_TS_auc_7": 0.9673424111111112,
"std_TS_auc_7": 0.010932966202598498,
"avg_TS_f1_8": 0.9354084412096968,
"std_TS_f1_8": 0.021934274174599203,
"avg_TS_ap_8": 0.978491818022172,
"std_TS_ap_8": 0.007271608721620183,
"avg_TS_auc_8": 0.8359644555555554,
"std_TS_auc_8": 0.06084258704620123,
"avg_TS_f1_9": 0.9747772752807254,
"std_TS_f1_9": 0.002865923646521782,
"avg_TS_ap_9": 0.9964906900961539,
"std_TS_ap_9": 0.0009185108715452753,
"avg_TS_auc_9": 0.9715544888888887,
"std_TS_auc_9": 0.006611743715616068,
"avg_TS_f1_all": 0.9487756061756517,
"std_TS_f1_all": 0.0019401998808480712,
"avg_TS_ap_all": 0.9862544991733028,
"std_TS_ap_all": 0.0012625474404420946,
"avg_TS_auc_all": 0.8925600499999999,
"std_TS_auc_all": 0.00863252400668179
}