{
"avg_TS_f1_0": 0.9608888888888888,
"std_TS_f1_0": 0.0008344437046897,
"avg_TS_ap_0": 0.9908276274189463,
"std_TS_ap_0": 0.00032906489820694475,
"avg_TS_auc_0": 0.9286110666666666,
"std_TS_auc_0": 0.0024143019818890807,
"avg_TS_f1_1": 0.9930444444444444,
"std_TS_f1_1": 0.00021773242158069843,
"avg_TS_ap_1": 0.9988386768312509,
"std_TS_ap_1": 0.0001708184205431646,
"avg_TS_auc_1": 0.9916624111111112,
"std_TS_auc_1": 0.0009608661033890404,
"avg_TS_f1_2": 0.9555980344042372,
"std_TS_f1_2": 0.00044283948674068253,
"avg_TS_ap_2": 0.9930800462657935,
"std_TS_ap_2": 0.00021665663258283393,
"avg_TS_auc_2": 0.9416149222222222,
"std_TS_auc_2": 0.0014870498698952345,
"avg_TS_f1_3": 0.952597894944781,
"std_TS_f1_3": 0.0007812009370450669,
"avg_TS_ap_3": 0.9888328979984445,
"std_TS_ap_3": 0.0006284712481764666,
"avg_TS_auc_3": 0.9119312111111112,
"std_TS_auc_3": 0.004632628028039018,
"avg_TS_f1_4": 0.9452642220864123,
"std_TS_f1_4": 0.0016092574084612433,
"avg_TS_ap_4": 0.9909345831604354,
"std_TS_ap_4": 0.00011470235589720988,
"avg_TS_auc_4": 0.9226221888888888,
"std_TS_auc_4": 0.0009720621808592304,
"avg_TS_f1_5": 0.9664988931483848,
"std_TS_f1_5": 0.0007733838581379193,
"avg_TS_ap_5": 0.9964813575509346,
"std_TS_ap_5": 0.00013012524778675455,
"avg_TS_auc_5": 0.9688088444444445,
"std_TS_auc_5": 0.0010757299493602253,
"avg_TS_f1_6": 0.9283865029538679,
"std_TS_f1_6": 0.0008156457552905796,
"avg_TS_ap_6": 0.981160155058728,
"std_TS_ap_6": 0.0002766891047248562,
"avg_TS_auc_6": 0.8476127999999999,
"std_TS_auc_6": 0.002356729526009635,
"avg_TS_f1_7": 0.9784553154187577,
"std_TS_f1_7": 0.0007749361754769827,
"avg_TS_ap_7": 0.9985523376543826,
"std_TS_ap_7": 6.48312427772429e-05,
"avg_TS_auc_7": 0.9869097777777778,
"std_TS_auc_7": 0.0006122947234747855,
"avg_TS_f1_8": 0.9853555555555555,
"std_TS_f1_8": 0.0011448219442125476,
"avg_TS_ap_8": 0.9970769854748855,
"std_TS_ap_8": 0.000417530151305657,
"avg_TS_auc_8": 0.9793821444444444,
"std_TS_auc_8": 0.0028673855594286523,
"avg_TS_f1_9": 0.9808666666666668,
"std_TS_f1_9": 0.0005551109331909752,
"avg_TS_ap_9": 0.998679174689436,
"std_TS_ap_9": 4.773266373743664e-05,
"avg_TS_auc_9": 0.9882968333333334,
"std_TS_auc_9": 0.0003906860490072225,
"avg_TS_f1_all": 0.9646956418511994,
"std_TS_f1_all": 0.00028693408936299213,
"avg_TS_ap_all": 0.9934463842103238,
"std_TS_ap_all": 0.0001555811847550625,
"avg_TS_auc_all": 0.94674522,
"std_TS_auc_all": 0.0011565780398514497
}