{
"avg_TS_f1_0": 0.956111111111111,
"std_TS_f1_0": 0.006734103366310036,
"avg_TS_ap_0": 0.9822112449085528,
"std_TS_ap_0": 0.002502033742822686,
"avg_TS_auc_0": 0.8841686777777777,
"std_TS_auc_0": 0.020230658267711855,
"avg_TS_f1_1": 0.9826666666666666,
"std_TS_f1_1": 0.004391349521193237,
"avg_TS_ap_1": 0.9956444261988823,
"std_TS_ap_1": 0.0008770304012655339,
"avg_TS_auc_1": 0.9727887555555557,
"std_TS_auc_1": 0.006369313459388747,
"avg_TS_f1_2": 0.9531659820607317,
"std_TS_f1_2": 0.007645251167431564,
"avg_TS_ap_2": 0.9875828453545236,
"std_TS_ap_2": 0.0037870568455903326,
"avg_TS_auc_2": 0.9065891888888888,
"std_TS_auc_2": 0.028433555556350135,
"avg_TS_f1_3": 0.924075420239396,
"std_TS_f1_3": 0.00781576940564594,
"avg_TS_ap_3": 0.9207778702187722,
"std_TS_ap_3": 0.013368768956901816,
"avg_TS_auc_3": 0.6774448111111112,
"std_TS_auc_3": 0.05759588813081438,
"avg_TS_f1_4": 0.9386771437919391,
"std_TS_f1_4": 0.0034008022278269466,
"avg_TS_ap_4": 0.9815733418949499,
"std_TS_ap_4": 0.000996540029688872,
"avg_TS_auc_4": 0.8699242999999999,
"std_TS_auc_4": 0.006075063534454122,
"avg_TS_f1_5": 0.9618995030588119,
"std_TS_f1_5": 0.004835278278557861,
"avg_TS_ap_5": 0.9936864820131197,
"std_TS_ap_5": 0.0011825586041569682,
"avg_TS_auc_5": 0.9471178555555555,
"std_TS_auc_5": 0.009165177196740641,
"avg_TS_f1_6": 0.9243196696112748,
"std_TS_f1_6": 0.003789232006155025,
"avg_TS_ap_6": 0.9580008365810929,
"std_TS_ap_6": 0.012626895900036543,
"avg_TS_auc_6": 0.763265088888889,
"std_TS_auc_6": 0.04006910071509959,
"avg_TS_f1_7": 0.9705333333333334,
"std_TS_f1_7": 0.004817355455044495,
"avg_TS_ap_7": 0.9962802691362341,
"std_TS_ap_7": 0.0008991875831156386,
"avg_TS_auc_7": 0.9676925444444444,
"std_TS_auc_7": 0.007686944339641111,
"avg_TS_f1_8": 0.9792444444444444,
"std_TS_f1_8": 0.009030647407168135,
"avg_TS_ap_8": 0.9944761734771193,
"std_TS_ap_8": 0.0032208020585784685,
"avg_TS_auc_8": 0.9625222777777778,
"std_TS_auc_8": 0.023984252660526072,
"avg_TS_f1_9": 0.9803555555555556,
"std_TS_f1_9": 0.004114053001453104,
"avg_TS_ap_9": 0.9978732335978758,
"std_TS_ap_9": 0.0005455246946595817,
"avg_TS_auc_9": 0.9821716444444444,
"std_TS_auc_9": 0.00430736590106746,
"avg_TS_f1_all": 0.9571048829873264,
"std_TS_f1_all": 0.002242063272090718,
"avg_TS_ap_all": 0.980810672338112,
"std_TS_ap_all": 0.0009855074563483298,
"avg_TS_auc_all": 0.8933685144444444,
"std_TS_auc_all": 0.005880168577644109
}