{
"avg_TS_f1_0": 0.9532751819545531,
"std_TS_f1_0": 0.0009428614227722298,
"avg_TS_ap_0": 0.9860743997044278,
"std_TS_ap_0": 0.000244700854960656,
"avg_TS_auc_0": 0.8986634777777777,
"std_TS_auc_0": 0.0021765880904652795,
"avg_TS_f1_1": 0.9922444444444445,
"std_TS_f1_1": 0.00010886621079031523,
"avg_TS_ap_1": 0.9963100912545689,
"std_TS_ap_1": 0.00018924999430937562,
"avg_TS_auc_1": 0.9819070111111111,
"std_TS_auc_1": 0.0006641289908920116,
"avg_TS_f1_2": 0.9549767962417665,
"std_TS_f1_2": 0.001090502134503451,
"avg_TS_ap_2": 0.9913986838301527,
"std_TS_ap_2": 0.0005773252358522889,
"avg_TS_auc_2": 0.9329278333333333,
"std_TS_auc_2": 0.0026832761528299376,
"avg_TS_f1_3": 0.932352556623516,
"std_TS_f1_3": 0.0017850688366731094,
"avg_TS_ap_3": 0.9737530790894645,
"std_TS_ap_3": 0.0026374895086131154,
"avg_TS_auc_3": 0.8098609888888888,
"std_TS_auc_3": 0.015399606003914565,
"avg_TS_f1_4": 0.9422183552677399,
"std_TS_f1_4": 0.0007852621784672311,
"avg_TS_ap_4": 0.9891139297636844,
"std_TS_ap_4": 0.0001714469096733192,
"avg_TS_auc_4": 0.9109673555555556,
"std_TS_auc_4": 0.0010450529094054829,
"avg_TS_f1_5": 0.9622987598076437,
"std_TS_f1_5": 0.00129561732683912,
"avg_TS_ap_5": 0.99579023816633,
"std_TS_ap_5": 0.00026680858582576875,
"avg_TS_auc_5": 0.9624442666666667,
"std_TS_auc_5": 0.0023428614438199733,
"avg_TS_f1_6": 0.9265300775071766,
"std_TS_f1_6": 0.001412313358489454,
"avg_TS_ap_6": 0.9779296092617485,
"std_TS_ap_6": 0.00024031799556434633,
"avg_TS_auc_6": 0.8286451444444444,
"std_TS_auc_6": 0.001399062980783062,
"avg_TS_f1_7": 0.976221170282708,
"std_TS_f1_7": 0.000597150060020991,
"avg_TS_ap_7": 0.9983341392483315,
"std_TS_ap_7": 8.01049128117692e-05,
"avg_TS_auc_7": 0.9849733333333335,
"std_TS_auc_7": 0.000725336479602399,
"avg_TS_f1_8": 0.9522096042372725,
"std_TS_f1_8": 0.009320483661564393,
"avg_TS_ap_8": 0.9859907887111945,
"std_TS_ap_8": 0.002859080596804742,
"avg_TS_auc_8": 0.904604811111111,
"std_TS_auc_8": 0.022226546190257643,
"avg_TS_f1_9": 0.9809329086183801,
"std_TS_f1_9": 0.00011879492528807687,
"avg_TS_ap_9": 0.9985378303189469,
"std_TS_ap_9": 5.224355130034786e-05,
"avg_TS_auc_9": 0.9876145777777776,
"std_TS_auc_9": 0.00023766174635181896,
"avg_TS_f1_all": 0.9573259854985199,
"std_TS_f1_all": 0.0008083569401079989,
"avg_TS_ap_all": 0.989323278934885,
"std_TS_ap_all": 0.00024224500422329116,
"avg_TS_auc_all": 0.9202608800000001,
"std_TS_auc_all": 0.0015168182542340766
}