{
"avg_TS_f1_0": 0.9477648894074362,
"std_TS_f1_0": 0.0028176836445664506,
"avg_TS_ap_0": 0.9783272326306524,
"std_TS_ap_0": 0.0008265588997663156,
"avg_TS_auc_0": 0.8606606222222222,
"std_TS_auc_0": 0.005716494414681611,
"avg_TS_f1_1": 0.982855361100308,
"std_TS_f1_1": 0.0013461018841047548,
"avg_TS_ap_1": 0.9921161084138594,
"std_TS_ap_1": 0.0005525230012531345,
"avg_TS_auc_1": 0.9583056666666667,
"std_TS_auc_1": 0.0014611772312880138,
"avg_TS_f1_2": 0.95207723145113,
"std_TS_f1_2": 0.0006927333243991286,
"avg_TS_ap_2": 0.9875864301603915,
"std_TS_ap_2": 0.0005439471056060259,
"avg_TS_auc_2": 0.9121919333333335,
"std_TS_auc_2": 0.0029056379570639836,
"avg_TS_f1_3": 0.9312428567019155,
"std_TS_f1_3": 0.0034113029815986966,
"avg_TS_ap_3": 0.9663493227383375,
"std_TS_ap_3": 0.0029733042128504096,
"avg_TS_auc_3": 0.7871516555555556,
"std_TS_auc_3": 0.018819347406568983,
"avg_TS_f1_4": 0.9391986320227668,
"std_TS_f1_4": 0.0008946243287631765,
"avg_TS_ap_4": 0.9838975346465595,
"std_TS_ap_4": 0.0009444703250043236,
"avg_TS_auc_4": 0.8849226666666666,
"std_TS_auc_4": 0.0037396299321764068,
"avg_TS_f1_5": 0.9444209382002704,
"std_TS_f1_5": 0.002919329022183769,
"avg_TS_ap_5": 0.9838353499746197,
"std_TS_ap_5": 0.0012690968051943992,
"avg_TS_auc_5": 0.8824854555555557,
"std_TS_auc_5": 0.008690355419531358,
"avg_TS_f1_6": 0.925620603613781,
"std_TS_f1_6": 0.0017502583319675663,
"avg_TS_ap_6": 0.968743282118884,
"std_TS_ap_6": 0.0020833960113049365,
"avg_TS_auc_6": 0.7893108555555555,
"std_TS_auc_6": 0.010284370865637613,
"avg_TS_f1_7": 0.9723105221895043,
"std_TS_f1_7": 0.0025277390968624367,
"avg_TS_ap_7": 0.9962109531456894,
"std_TS_ap_7": 0.0005702914905968942,
"avg_TS_auc_7": 0.9710832999999999,
"std_TS_auc_7": 0.004227513480218875,
"avg_TS_f1_8": 0.9385542048632332,
"std_TS_f1_8": 0.0035262429917783224,
"avg_TS_ap_8": 0.9652940250463342,
"std_TS_ap_8": 0.002624282813708739,
"avg_TS_auc_8": 0.8009648555555555,
"std_TS_auc_8": 0.01462001760535833,
"avg_TS_f1_9": 0.9766775080097043,
"std_TS_f1_9": 0.0006618509742075746,
"avg_TS_ap_9": 0.9956093162777844,
"std_TS_ap_9": 0.00042726848586679213,
"avg_TS_auc_9": 0.9679843111111112,
"std_TS_auc_9": 0.002791141024167333,
"avg_TS_f1_all": 0.9510722747560049,
"std_TS_f1_all": 0.000688888983109242,
"avg_TS_ap_all": 0.9817969555153112,
"std_TS_ap_all": 0.0008096635520152736,
"avg_TS_auc_all": 0.8815061322222222,
"std_TS_auc_all": 0.003939471480264836
}