{
"avg_TS_f1_0": 0.9510094795389868,
"std_TS_f1_0": 0.00047570778856202223,
"avg_TS_ap_0": 0.986752764723987,
"std_TS_ap_0": 0.00026574001622350885,
"avg_TS_auc_0": 0.8967884333333334,
"std_TS_auc_0": 0.0017937015267765189,
"avg_TS_f1_1": 0.9895333333333334,
"std_TS_f1_1": 0.0019339717975141828,
"avg_TS_ap_1": 0.9977143919487359,
"std_TS_ap_1": 0.001296897952779555,
"avg_TS_auc_1": 0.9836404666666667,
"std_TS_auc_1": 0.008956115718599117,
"avg_TS_f1_2": 0.9527777777777778,
"std_TS_f1_2": 0.0011309342799999296,
"avg_TS_ap_2": 0.9927062389439811,
"std_TS_ap_2": 0.0005953611074376921,
"avg_TS_auc_2": 0.9372769,
"std_TS_auc_2": 0.004513966170196513,
"avg_TS_f1_3": 0.9336548400837084,
"std_TS_f1_3": 0.002664382133398,
"avg_TS_ap_3": 0.9789054878626606,
"std_TS_ap_3": 0.0024123822661492682,
"avg_TS_auc_3": 0.8371637111111111,
"std_TS_auc_3": 0.01628404971942455,
"avg_TS_f1_4": 0.9417869684118253,
"std_TS_f1_4": 0.0011175166970736612,
"avg_TS_ap_4": 0.9901600562686921,
"std_TS_ap_4": 0.00028300876401098085,
"avg_TS_auc_4": 0.9148237888888889,
"std_TS_auc_4": 0.002137514294053689,
"avg_TS_f1_5": 0.9616666666666667,
"std_TS_f1_5": 0.0015283332323599457,
"avg_TS_ap_5": 0.9963388867166556,
"std_TS_ap_5": 0.00027650812567576923,
"avg_TS_auc_5": 0.9667399777777778,
"std_TS_auc_5": 0.00242171042365701,
"avg_TS_f1_6": 0.9267642325808223,
"std_TS_f1_6": 0.00033065561793903773,
"avg_TS_ap_6": 0.9806182044509482,
"std_TS_ap_6": 9.670022005517283e-05,
"avg_TS_auc_6": 0.8419007000000001,
"std_TS_auc_6": 0.0009363981680544916,
"avg_TS_f1_7": 0.9793219944317894,
"std_TS_f1_7": 0.001233450727382983,
"avg_TS_ap_7": 0.9987223117889095,
"std_TS_ap_7": 0.00011186867825574479,
"avg_TS_auc_7": 0.9883570777777777,
"std_TS_auc_7": 0.0010202647372492388,
"avg_TS_f1_8": 0.9532540906593576,
"std_TS_f1_8": 0.0048646827247478645,
"avg_TS_ap_8": 0.9896305835958487,
"std_TS_ap_8": 0.0020028635535113545,
"avg_TS_auc_8": 0.9181677,
"std_TS_auc_8": 0.015434969098202595,
"avg_TS_f1_9": 0.9774217320715349,
"std_TS_f1_9": 0.000763517474519719,
"avg_TS_ap_9": 0.9982237011310744,
"std_TS_ap_9": 3.772077380662544e-05,
"avg_TS_auc_9": 0.9841480555555556,
"std_TS_auc_9": 0.000329838046679069,
"avg_TS_f1_all": 0.9567191115555804,
"std_TS_f1_all": 0.0004356307837048428,
"avg_TS_ap_all": 0.9909772627431492,
"std_TS_ap_all": 0.00027340555533119054,
"avg_TS_auc_all": 0.9269006811111111,
"std_TS_auc_all": 0.0018226033741841426
}