{
"avg_TS_f1_0": 0.9460105191029131,
"std_TS_f1_0": 0.004736477716940625,
"avg_TS_ap_0": 0.9794792784019455,
"std_TS_ap_0": 0.002200567550422643,
"avg_TS_auc_0": 0.8620192555555557,
"std_TS_auc_0": 0.01466089600379437,
"avg_TS_f1_1": 0.9859774604761993,
"std_TS_f1_1": 0.0016780822025195907,
"avg_TS_ap_1": 0.9899691449317898,
"std_TS_ap_1": 0.0015348882400899164,
"avg_TS_auc_1": 0.9576074333333334,
"std_TS_auc_1": 0.002735507390450613,
"avg_TS_f1_2": 0.9475777777777779,
"std_TS_f1_2": 0.0038318998930195786,
"avg_TS_ap_2": 0.9865594868943838,
"std_TS_ap_2": 0.0016824812259551422,
"avg_TS_auc_2": 0.9008248111111111,
"std_TS_auc_2": 0.007680690937010629,
"avg_TS_f1_3": 0.9370222222222223,
"std_TS_f1_3": 0.0057307487714504945,
"avg_TS_ap_3": 0.9716841516306616,
"std_TS_ap_3": 0.0033797098923112365,
"avg_TS_auc_3": 0.8151561222222222,
"std_TS_auc_3": 0.01757693197973541,
"avg_TS_f1_4": 0.9361319604175542,
"std_TS_f1_4": 0.004537747922365171,
"avg_TS_ap_4": 0.9841702500396087,
"std_TS_ap_4": 0.0025530705999017734,
"avg_TS_auc_4": 0.8812681111111111,
"std_TS_auc_4": 0.017049753627813382,
"avg_TS_f1_5": 0.9528656530301065,
"std_TS_f1_5": 0.005570554067423221,
"avg_TS_ap_5": 0.9893156097177311,
"std_TS_ap_5": 0.0016709652440219645,
"avg_TS_auc_5": 0.9185770666666668,
"std_TS_auc_5": 0.013976316354108669,
"avg_TS_f1_6": 0.9219093752122032,
"std_TS_f1_6": 0.002651500607409241,
"avg_TS_ap_6": 0.9670887763234525,
"std_TS_ap_6": 0.002931603960793194,
"avg_TS_auc_6": 0.7732707999999999,
"std_TS_auc_6": 0.018821038387820208,
"avg_TS_f1_7": 0.9720330302300745,
"std_TS_f1_7": 0.0006715212455636035,
"avg_TS_ap_7": 0.9960203378636431,
"std_TS_ap_7": 0.0009035503734829634,
"avg_TS_auc_7": 0.9696412666666665,
"std_TS_auc_7": 0.0057431492257200515,
"avg_TS_f1_8": 0.9463099431449896,
"std_TS_f1_8": 0.00587577011666181,
"avg_TS_ap_8": 0.9747061428077639,
"std_TS_ap_8": 0.0027559575175383935,
"avg_TS_auc_8": 0.8470274333333332,
"std_TS_auc_8": 0.014767030731211477,
"avg_TS_f1_9": 0.9783219907278801,
"std_TS_f1_9": 0.0026583396585017098,
"avg_TS_ap_9": 0.9965979971083108,
"std_TS_ap_9": 0.0006733292084516927,
"avg_TS_auc_9": 0.9746624444444445,
"std_TS_auc_9": 0.004554258404077627,
"avg_TS_f1_all": 0.952415993234192,
"std_TS_f1_all": 0.0014846832722807271,
"avg_TS_ap_all": 0.983559117571929,
"std_TS_ap_all": 0.0006623542669298192,
"avg_TS_auc_all": 0.8900054744444443,
"std_TS_auc_all": 0.005299314531193011
}