{
"avg_TS_f1_0": 0.9430994709582631,
"std_TS_f1_0": 0.0126594735856255,
"avg_TS_ap_0": 0.9725077497213649,
"std_TS_ap_0": 0.0070542434480616225,
"avg_TS_auc_0": 0.8325344333333333,
"std_TS_auc_0": 0.04451683455496717,
"avg_TS_f1_1": 0.9845551123210547,
"std_TS_f1_1": 0.0038634615430326856,
"avg_TS_ap_1": 0.9867170162142326,
"std_TS_ap_1": 0.0022609041977391217,
"avg_TS_auc_1": 0.9461009,
"std_TS_auc_1": 0.006676430064907917,
"avg_TS_f1_2": 0.9463555555555555,
"std_TS_f1_2": 0.0057509634190206355,
"avg_TS_ap_2": 0.9847069576177617,
"std_TS_ap_2": 0.002890163018300521,
"avg_TS_auc_2": 0.8925781666666666,
"std_TS_auc_2": 0.01823628520979772,
"avg_TS_f1_3": 0.9269984258384726,
"std_TS_f1_3": 0.004064653147539965,
"avg_TS_ap_3": 0.9586324309637533,
"std_TS_ap_3": 0.002067339494183415,
"avg_TS_auc_3": 0.7549515444444446,
"std_TS_auc_3": 0.01882453301217373,
"avg_TS_f1_4": 0.9308191146421715,
"std_TS_f1_4": 0.0051992826710144996,
"avg_TS_ap_4": 0.9794564669105595,
"std_TS_ap_4": 0.0019025392330351675,
"avg_TS_auc_4": 0.8504120222222223,
"std_TS_auc_4": 0.011748243127630927,
"avg_TS_f1_5": 0.9426222222222223,
"std_TS_f1_5": 0.009423532403667074,
"avg_TS_ap_5": 0.9801729691102498,
"std_TS_ap_5": 0.007268879624227857,
"avg_TS_auc_5": 0.8619306222222223,
"std_TS_auc_5": 0.0464834296307835,
"avg_TS_f1_6": 0.9134202023569211,
"std_TS_f1_6": 0.004224082213392337,
"avg_TS_ap_6": 0.9607718643461831,
"std_TS_ap_6": 0.002058995671249994,
"avg_TS_auc_6": 0.7393840333333332,
"std_TS_auc_6": 0.013871754335392554,
"avg_TS_f1_7": 0.9675333333333332,
"std_TS_f1_7": 0.002982583187295203,
"avg_TS_ap_7": 0.9942079737316591,
"std_TS_ap_7": 0.0023907951067182673,
"avg_TS_auc_7": 0.9582209111111111,
"std_TS_auc_7": 0.014808398254369031,
"avg_TS_f1_8": 0.9232525003288803,
"std_TS_f1_8": 0.011450027325339297,
"avg_TS_ap_8": 0.9459669928887322,
"std_TS_ap_8": 0.007844040184828378,
"avg_TS_auc_8": 0.7001245777777777,
"std_TS_auc_8": 0.05045090408592456,
"avg_TS_f1_9": 0.9726888888888888,
"std_TS_f1_9": 0.005801830277412556,
"avg_TS_ap_9": 0.993538993127449,
"std_TS_ap_9": 0.002882540212126414,
"avg_TS_auc_9": 0.9554494555555555,
"std_TS_auc_9": 0.018724062136278277,
"avg_TS_f1_all": 0.9451344826445764,
"std_TS_f1_all": 0.003068566351986725,
"avg_TS_ap_all": 0.9756679414631945,
"std_TS_ap_all": 0.0010413514385361987,
"avg_TS_auc_all": 0.8491686666666667,
"std_TS_auc_all": 0.008715208867867502
}