{
"avg_TS_f1_0": 0.9348178860994247,
"std_TS_f1_0": 0.0011175016614582431,
"avg_TS_ap_0": 0.9679551242433924,
"std_TS_ap_0": 0.0007018314597792962,
"avg_TS_auc_0": 0.795149211111111,
"std_TS_auc_0": 0.0038459976206473264,
"avg_TS_f1_1": 0.9683434005592902,
"std_TS_f1_1": 0.0007816029932963718,
"avg_TS_ap_1": 0.9864500083315073,
"std_TS_ap_1": 0.0005849024954783878,
"avg_TS_auc_1": 0.9206802444444445,
"std_TS_auc_1": 0.0032861488489614654,
"avg_TS_f1_2": 0.9431190621701205,
"std_TS_f1_2": 0.001019860561638652,
"avg_TS_ap_2": 0.980394387055718,
"std_TS_ap_2": 0.0005078053761889015,
"avg_TS_auc_2": 0.8630318555555556,
"std_TS_auc_2": 0.0027628306093659643,
"avg_TS_f1_3": 0.9151137366586136,
"std_TS_f1_3": 0.0009006874867381393,
"avg_TS_ap_3": 0.9566612583590285,
"std_TS_ap_3": 0.0012188597010612257,
"avg_TS_auc_3": 0.7105696444444444,
"std_TS_auc_3": 0.005382668133033159,
"avg_TS_f1_4": 0.9315257829497151,
"std_TS_f1_4": 0.0014738955140081126,
"avg_TS_ap_4": 0.9784966666864114,
"std_TS_ap_4": 0.0005928218370027979,
"avg_TS_auc_4": 0.8447589333333333,
"std_TS_auc_4": 0.003937597453452052,
"avg_TS_f1_5": 0.9144248823529928,
"std_TS_f1_5": 0.003509858150985566,
"avg_TS_ap_5": 0.9625916763455962,
"std_TS_ap_5": 0.003104958303290532,
"avg_TS_auc_5": 0.7357239333333333,
"std_TS_auc_5": 0.019762017457908142,
"avg_TS_f1_6": 0.9204169242996245,
"std_TS_f1_6": 0.001231660870122597,
"avg_TS_ap_6": 0.9610317194648038,
"std_TS_ap_6": 0.0004105156202690386,
"avg_TS_auc_6": 0.7443153555555556,
"std_TS_auc_6": 0.00289706850675639,
"avg_TS_f1_7": 0.9548192034794738,
"std_TS_f1_7": 0.0008656423660630865,
"avg_TS_ap_7": 0.9898918147032472,
"std_TS_ap_7": 0.0006759412677962703,
"avg_TS_auc_7": 0.9226812222222222,
"std_TS_auc_7": 0.004627650643978706,
"avg_TS_f1_8": 0.9105718365988663,
"std_TS_f1_8": 0.001977969084463819,
"avg_TS_ap_8": 0.9299275629961155,
"std_TS_ap_8": 0.0023161522695583996,
"avg_TS_auc_8": 0.623759077777778,
"std_TS_auc_8": 0.013700708596372506,
"avg_TS_f1_9": 0.9591643942682632,
"std_TS_f1_9": 0.0007579143099579166,
"avg_TS_ap_9": 0.9869376760646708,
"std_TS_ap_9": 0.0004055614264139241,
"avg_TS_auc_9": 0.9122855888888889,
"std_TS_auc_9": 0.0018937656410469156,
"avg_TS_f1_all": 0.9352317109436384,
"std_TS_f1_all": 0.0008484637000076469,
"avg_TS_ap_all": 0.9700337894250491,
"std_TS_ap_all": 0.000665497659645193,
"avg_TS_auc_all": 0.8072955066666667,
"std_TS_auc_all": 0.0043178296255928375
}