{
"avg_TS_f1_0": 0.9529534430333856,
"std_TS_f1_0": 0.0006695067637111835,
"avg_TS_ap_0": 0.9873775549544387,
"std_TS_ap_0": 0.0003881658342417153,
"avg_TS_auc_0": 0.9025695777777777,
"std_TS_auc_0": 0.0024598672212987043,
"avg_TS_f1_1": 0.9913333333333334,
"std_TS_f1_1": 0.00030631219449087083,
"avg_TS_ap_1": 0.9978743229015385,
"std_TS_ap_1": 0.00025738055465734076,
"avg_TS_auc_1": 0.9848012888888888,
"std_TS_auc_1": 0.001724861468547291,
"avg_TS_f1_2": 0.9535206881863807,
"std_TS_f1_2": 0.0008815506414400743,
"avg_TS_ap_2": 0.9921360542871506,
"std_TS_ap_2": 0.0005220574032502066,
"avg_TS_auc_2": 0.9347214888888888,
"std_TS_auc_2": 0.003128614520088536,
"avg_TS_f1_3": 0.9384326524313078,
"std_TS_f1_3": 0.001234325346792776,
"avg_TS_ap_3": 0.9806461781392924,
"std_TS_ap_3": 0.0010323435943088294,
"avg_TS_auc_3": 0.8512183444444444,
"std_TS_auc_3": 0.007506693206682951,
"avg_TS_f1_4": 0.9436641652931336,
"std_TS_f1_4": 0.0009011982074627281,
"avg_TS_ap_4": 0.989868622276467,
"std_TS_ap_4": 0.0002482114380598965,
"avg_TS_auc_4": 0.9139483444444444,
"std_TS_auc_4": 0.0018608237500872492,
"avg_TS_f1_5": 0.9600000000000002,
"std_TS_f1_5": 0.0005665577237325156,
"avg_TS_ap_5": 0.9959735727112745,
"std_TS_ap_5": 0.00010316300017498131,
"avg_TS_auc_5": 0.9636280888888891,
"std_TS_auc_5": 0.0009130205923062388,
"avg_TS_f1_6": 0.9268856245100036,
"std_TS_f1_6": 0.0008633782439356734,
"avg_TS_ap_6": 0.9803209622293606,
"std_TS_ap_6": 0.0002600056354743709,
"avg_TS_auc_6": 0.8407080222222222,
"std_TS_auc_6": 0.0014681426014769797,
"avg_TS_f1_7": 0.9787111111111111,
"std_TS_f1_7": 0.0008092062869348457,
"avg_TS_ap_7": 0.9986718966940327,
"std_TS_ap_7": 6.678453565964842e-05,
"avg_TS_auc_7": 0.987901288888889,
"std_TS_auc_7": 0.0006153522351737005,
"avg_TS_f1_8": 0.9495872462050361,
"std_TS_f1_8": 0.0028626834623115493,
"avg_TS_ap_8": 0.9833322217539713,
"std_TS_ap_8": 0.002622427695617636,
"avg_TS_auc_8": 0.8840706111111112,
"std_TS_auc_8": 0.012513913395265176,
"avg_TS_f1_9": 0.9771886327018168,
"std_TS_f1_9": 0.0005684087195876518,
"avg_TS_ap_9": 0.9981803317620666,
"std_TS_ap_9": 7.08572671273789e-05,
"avg_TS_auc_9": 0.9837747,
"std_TS_auc_9": 0.0006359347010115464,
"avg_TS_f1_all": 0.9572276896805508,
"std_TS_f1_all": 0.00040488786011241964,
"avg_TS_ap_all": 0.9904381717709594,
"std_TS_ap_all": 0.0003966283922918289,
"avg_TS_auc_all": 0.9247341755555556,
"std_TS_auc_all": 0.0022785981671530437
}