{
"avg_TS_f1_0": 0.9507650239828139,
"std_TS_f1_0": 0.0007821697509534596,
"avg_TS_ap_0": 0.9856301890453427,
"std_TS_ap_0": 0.00045589501041962393,
"avg_TS_auc_0": 0.8904004333333333,
"std_TS_auc_0": 0.002329345170632866,
"avg_TS_f1_1": 0.9919665746862479,
"std_TS_f1_1": 0.0002758521066845616,
"avg_TS_ap_1": 0.999523232479907,
"std_TS_ap_1": 5.9080928413288865e-05,
"avg_TS_auc_1": 0.9960941222222223,
"std_TS_auc_1": 0.00041904703675408537,
"avg_TS_f1_2": 0.9526328252804168,
"std_TS_f1_2": 0.0010221300582437692,
"avg_TS_ap_2": 0.9918500964889686,
"std_TS_ap_2": 0.0006291453646097284,
"avg_TS_auc_2": 0.932539188888889,
"std_TS_auc_2": 0.0031976122033808073,
"avg_TS_f1_3": 0.9281301578482755,
"std_TS_f1_3": 0.0018913996488564707,
"avg_TS_ap_3": 0.9631894904504874,
"std_TS_ap_3": 0.009042019543613276,
"avg_TS_auc_3": 0.7715465555555556,
"std_TS_auc_3": 0.03036367569115734,
"avg_TS_f1_4": 0.9406326771240379,
"std_TS_f1_4": 0.00042639844823664613,
"avg_TS_ap_4": 0.989373658860977,
"std_TS_ap_4": 0.0009060224933534918,
"avg_TS_auc_4": 0.9110937333333332,
"std_TS_auc_4": 0.003828285742847453,
"avg_TS_f1_5": 0.9600444444444444,
"std_TS_f1_5": 0.001266081736288341,
"avg_TS_ap_5": 0.9962025830274935,
"std_TS_ap_5": 0.0002022844768246319,
"avg_TS_auc_5": 0.9653503888888888,
"std_TS_auc_5": 0.0017710820166995757,
"avg_TS_f1_6": 0.9252974905085845,
"std_TS_f1_6": 0.0008634991280677031,
"avg_TS_ap_6": 0.9740856321099554,
"std_TS_ap_6": 0.00719195768531404,
"avg_TS_auc_6": 0.8106707333333334,
"std_TS_auc_6": 0.02861474071789478,
"avg_TS_f1_7": 0.9796666666666667,
"std_TS_f1_7": 0.0011967032904743069,
"avg_TS_ap_7": 0.998747467238125,
"std_TS_ap_7": 8.4724041534423e-05,
"avg_TS_auc_7": 0.9885540333333335,
"std_TS_auc_7": 0.0007793904682348425,
"avg_TS_f1_8": 0.9511204733596312,
"std_TS_f1_8": 0.005700183539989451,
"avg_TS_ap_8": 0.986630838240633,
"std_TS_ap_8": 0.0041533422376293224,
"avg_TS_auc_8": 0.9025929777777778,
"std_TS_auc_8": 0.024987505879879992,
"avg_TS_f1_9": 0.9776666666666667,
"std_TS_f1_9": 0.0007761888531810302,
"avg_TS_ap_9": 0.9982565487871137,
"std_TS_ap_9": 6.594472654101849e-05,
"avg_TS_auc_9": 0.9844605,
"std_TS_auc_9": 0.0005818380666495657,
"avg_TS_f1_all": 0.9557923000567785,
"std_TS_f1_all": 0.0008511240549947905,
"avg_TS_ap_all": 0.9883489736729004,
"std_TS_ap_all": 0.0016162302504534867,
"avg_TS_auc_all": 0.9153302666666667,
"std_TS_auc_all": 0.006773182421808761
}