{
"avg_TS_f1_0": 0.9540212234013001,
"std_TS_f1_0": 0.001169016251640854,
"avg_TS_ap_0": 0.9871406679157453,
"std_TS_ap_0": 0.000669012876767835,
"avg_TS_auc_0": 0.9021214111111112,
"std_TS_auc_0": 0.0044758869824597786,
"avg_TS_f1_1": 0.9930888888888889,
"std_TS_f1_1": 0.000309519739492974,
"avg_TS_ap_1": 0.9991715305929085,
"std_TS_ap_1": 7.582659152772825e-05,
"avg_TS_auc_1": 0.9941855,
"std_TS_auc_1": 0.00043920331353173214,
"avg_TS_f1_2": 0.9528878468556895,
"std_TS_f1_2": 0.0009300769714675103,
"avg_TS_ap_2": 0.9915919644824849,
"std_TS_ap_2": 0.00044439797655595895,
"avg_TS_auc_2": 0.9315152777777778,
"std_TS_auc_2": 0.002807409153351366,
"avg_TS_f1_3": 0.9368875307887474,
"std_TS_f1_3": 0.0023371954802056012,
"avg_TS_ap_3": 0.9708753609321443,
"std_TS_ap_3": 0.01362167258121052,
"avg_TS_auc_3": 0.8164702555555554,
"std_TS_auc_3": 0.04253165116545558,
"avg_TS_f1_4": 0.9415320209147421,
"std_TS_f1_4": 0.0005553939593703822,
"avg_TS_ap_4": 0.9892564865003287,
"std_TS_ap_4": 0.00010402280452270322,
"avg_TS_auc_4": 0.9091596555555554,
"std_TS_auc_4": 0.0006543107677096611,
"avg_TS_f1_5": 0.9651884771376187,
"std_TS_f1_5": 0.0016386902617582732,
"avg_TS_ap_5": 0.9967389064170111,
"std_TS_ap_5": 0.0002055016004681723,
"avg_TS_auc_5": 0.9704962222222221,
"std_TS_auc_5": 0.001857180566222735,
"avg_TS_f1_6": 0.9266292743751782,
"std_TS_f1_6": 0.0008878982634690659,
"avg_TS_ap_6": 0.9786594961960835,
"std_TS_ap_6": 0.001533680886251671,
"avg_TS_auc_6": 0.8319021777777778,
"std_TS_auc_6": 0.008060766427457426,
"avg_TS_f1_7": 0.9811442265311037,
"std_TS_f1_7": 0.0012995093470013843,
"avg_TS_ap_7": 0.998725316755998,
"std_TS_ap_7": 0.0001305777580167439,
"avg_TS_auc_7": 0.9884683444444444,
"std_TS_auc_7": 0.0011777485758433979,
"avg_TS_f1_8": 0.9741883783666994,
"std_TS_f1_8": 0.016836917551537295,
"avg_TS_ap_8": 0.9938353343821845,
"std_TS_ap_8": 0.005279898438981585,
"avg_TS_auc_8": 0.9562611000000001,
"std_TS_auc_8": 0.035916989828303,
"avg_TS_f1_9": 0.9788108734435864,
"std_TS_f1_9": 0.00038115676320706163,
"avg_TS_ap_9": 0.998368823362861,
"std_TS_ap_9": 8.992906175223858e-05,
"avg_TS_auc_9": 0.9854949222222222,
"std_TS_auc_9": 0.0007782090031557441,
"avg_TS_f1_all": 0.9604378740703554,
"std_TS_f1_all": 0.0018302399574016948,
"avg_TS_ap_all": 0.990436388753775,
"std_TS_ap_all": 0.001528998523622537,
"avg_TS_auc_all": 0.9286074866666667,
"std_TS_auc_all": 0.006577629497747327
}