{
"avg_TS_f1_0": 0.9510411787096403,
"std_TS_f1_0": 0.0007838116858558502,
"avg_TS_ap_0": 0.9794955287858995,
"std_TS_ap_0": 0.0004917904018108137,
"avg_TS_auc_0": 0.8695405333333334,
"std_TS_auc_0": 0.0015753566911796018,
"avg_TS_f1_1": 0.9863996987486958,
"std_TS_f1_1": 0.0007297720092591813,
"avg_TS_ap_1": 0.9939457070744881,
"std_TS_ap_1": 0.00028613462105119784,
"avg_TS_auc_1": 0.9685883777777777,
"std_TS_auc_1": 0.0011680558836834234,
"avg_TS_f1_2": 0.95384238007543,
"std_TS_f1_2": 0.0011376906436056699,
"avg_TS_ap_2": 0.9878380257006869,
"std_TS_ap_2": 0.00047327604056019844,
"avg_TS_auc_2": 0.9109217666666666,
"std_TS_auc_2": 0.002711836854000645,
"avg_TS_f1_3": 0.9360519361362234,
"std_TS_f1_3": 0.0022372615867116757,
"avg_TS_ap_3": 0.9723034435058342,
"std_TS_ap_3": 0.0013676489507055182,
"avg_TS_auc_3": 0.8153400444444443,
"std_TS_auc_3": 0.008655340221711714,
"avg_TS_f1_4": 0.9432523855559799,
"std_TS_f1_4": 0.0008419748918423195,
"avg_TS_ap_4": 0.9853280850198919,
"std_TS_ap_4": 0.00036837874186450065,
"avg_TS_auc_4": 0.8941547222222223,
"std_TS_auc_4": 0.0022428259673351963,
"avg_TS_f1_5": 0.9476748164358852,
"std_TS_f1_5": 0.0027761121940108814,
"avg_TS_ap_5": 0.9854836021287079,
"std_TS_ap_5": 0.0012616488064497086,
"avg_TS_auc_5": 0.8906488222222222,
"std_TS_auc_5": 0.009311047642809381,
"avg_TS_f1_6": 0.927284032972878,
"std_TS_f1_6": 0.0009077484634909262,
"avg_TS_ap_6": 0.9715334665290912,
"std_TS_ap_6": 0.0005062809881487316,
"avg_TS_auc_6": 0.8043174000000001,
"std_TS_auc_6": 0.0022904790674700215,
"avg_TS_f1_7": 0.9731213203202648,
"std_TS_f1_7": 0.0007059435784843291,
"avg_TS_ap_7": 0.9969794785545887,
"std_TS_ap_7": 0.00011293891246987225,
"avg_TS_auc_7": 0.9754203,
"std_TS_auc_7": 0.0007403127989214457,
"avg_TS_f1_8": 0.9381396334542895,
"std_TS_f1_8": 0.0030796845721779054,
"avg_TS_ap_8": 0.9660038795268534,
"std_TS_ap_8": 0.0018097606716043978,
"avg_TS_auc_8": 0.7999912444444444,
"std_TS_auc_8": 0.011004199386104157,
"avg_TS_f1_9": 0.9778103635387151,
"std_TS_f1_9": 0.0008276967962206037,
"avg_TS_ap_9": 0.9960982205377655,
"std_TS_ap_9": 0.0001663754436805145,
"avg_TS_auc_9": 0.9714769999999999,
"std_TS_auc_9": 0.0011005246778999136,
"avg_TS_f1_all": 0.9534617745948003,
"std_TS_f1_all": 0.0004621802986421982,
"avg_TS_ap_all": 0.9835009437363806,
"std_TS_ap_all": 0.0003602610423280253,
"avg_TS_auc_all": 0.890040021111111,
"std_TS_auc_all": 0.0018667312575543942
}