{
"avg_TS_f1_0": 0.9555313739652203,
"std_TS_f1_0": 0.001263189599332289,
"avg_TS_ap_0": 0.9843503182627449,
"std_TS_ap_0": 0.00039316660301471485,
"avg_TS_auc_0": 0.8952575222222222,
"std_TS_auc_0": 0.003291211335896088,
"avg_TS_f1_1": 0.9896444444444443,
"std_TS_f1_1": 0.0006791425239971457,
"avg_TS_ap_1": 0.9959144057983458,
"std_TS_ap_1": 0.00026430594125719154,
"avg_TS_auc_1": 0.9780644777777778,
"std_TS_auc_1": 0.0014087667510149346,
"avg_TS_f1_2": 0.9553990122908061,
"std_TS_f1_2": 0.0005433750580414331,
"avg_TS_ap_2": 0.9903289449221407,
"std_TS_ap_2": 0.00018594107675475757,
"avg_TS_auc_2": 0.926499422222222,
"std_TS_auc_2": 0.0005760530031769372,
"avg_TS_f1_3": 0.9444642085054109,
"std_TS_f1_3": 0.0014040738824976538,
"avg_TS_ap_3": 0.9798953837378492,
"std_TS_ap_3": 0.0008343086027761231,
"avg_TS_auc_3": 0.8596152888888889,
"std_TS_auc_3": 0.006175708997274073,
"avg_TS_f1_4": 0.9436184638494851,
"std_TS_f1_4": 0.0009292608081722377,
"avg_TS_ap_4": 0.9876486351086227,
"std_TS_ap_4": 0.00041939218631360055,
"avg_TS_auc_4": 0.9072663666666667,
"std_TS_auc_4": 0.0018746100093513494,
"avg_TS_f1_5": 0.9553419634424134,
"std_TS_f1_5": 0.0019330575456843377,
"avg_TS_ap_5": 0.9906302508996163,
"std_TS_ap_5": 0.0007973037479167577,
"avg_TS_auc_5": 0.9263320333333332,
"std_TS_auc_5": 0.0053177199015515784,
"avg_TS_f1_6": 0.9278515632698289,
"std_TS_f1_6": 0.0006011752750730805,
"avg_TS_ap_6": 0.9751526749060542,
"std_TS_ap_6": 0.0006117347547805942,
"avg_TS_auc_6": 0.8210882222222222,
"std_TS_auc_6": 0.003007718003141225,
"avg_TS_f1_7": 0.976110566636418,
"std_TS_f1_7": 0.0006474462350165368,
"avg_TS_ap_7": 0.9978359117733879,
"std_TS_ap_7": 0.00013232895245266825,
"avg_TS_auc_7": 0.9820455555555556,
"std_TS_auc_7": 0.0011075770195886835,
"avg_TS_f1_8": 0.9535322925347705,
"std_TS_f1_8": 0.0036483664573886527,
"avg_TS_ap_8": 0.9780526301035566,
"std_TS_ap_8": 0.0003534952152365542,
"avg_TS_auc_8": 0.8708915333333334,
"std_TS_auc_8": 0.005871524684588211,
"avg_TS_f1_9": 0.9792997709749308,
"std_TS_f1_9": 0.0004382445204154263,
"avg_TS_ap_9": 0.9973996721917644,
"std_TS_ap_9": 0.00020264433779759646,
"avg_TS_auc_9": 0.9803336555555555,
"std_TS_auc_9": 0.0014804498629774582,
"avg_TS_f1_all": 0.9580793659913729,
"std_TS_f1_all": 0.0007431395830315671,
"avg_TS_ap_all": 0.987720882770408,
"std_TS_ap_all": 0.0002877845178576374,
"avg_TS_auc_all": 0.9147394077777777,
"std_TS_auc_all": 0.0019836884361147385
}