{
"avg_TS_f1_0": 0.9584666666666667,
"std_TS_f1_0": 0.005208445183984133,
"avg_TS_ap_0": 0.9861998190764176,
"std_TS_ap_0": 0.0011555100464318414,
"avg_TS_auc_0": 0.9022678,
"std_TS_auc_0": 0.011405631113112347,
"avg_TS_f1_1": 0.989088888888889,
"std_TS_f1_1": 0.0016620677290057756,
"avg_TS_ap_1": 0.9950756439889681,
"std_TS_ap_1": 0.0015455490752090191,
"avg_TS_auc_1": 0.9740481555555556,
"std_TS_auc_1": 0.0068437296774511115,
"avg_TS_f1_2": 0.9482327104592232,
"std_TS_f1_2": 0.0049624178926376775,
"avg_TS_ap_2": 0.9877872269575703,
"std_TS_ap_2": 0.0015850822808383153,
"avg_TS_auc_2": 0.9070436222222222,
"std_TS_auc_2": 0.012017813013765314,
"avg_TS_f1_3": 0.931008835058738,
"std_TS_f1_3": 0.002732699290980595,
"avg_TS_ap_3": 0.9443167575496668,
"std_TS_ap_3": 0.015843448341722945,
"avg_TS_auc_3": 0.7266977666666667,
"std_TS_auc_3": 0.04136180224204899,
"avg_TS_f1_4": 0.9371777777777778,
"std_TS_f1_4": 0.0035056215876858926,
"avg_TS_ap_4": 0.98372978432389,
"std_TS_ap_4": 0.0009014010899014264,
"avg_TS_auc_4": 0.8758773777777777,
"std_TS_auc_4": 0.003394811358493003,
"avg_TS_f1_5": 0.9505555555555555,
"std_TS_f1_5": 0.013322402927140676,
"avg_TS_ap_5": 0.9725379057516491,
"std_TS_ap_5": 0.023121934642313553,
"avg_TS_auc_5": 0.8638787888888888,
"std_TS_auc_5": 0.06180710169380334,
"avg_TS_f1_6": 0.9260547104468767,
"std_TS_f1_6": 0.0014276340549011673,
"avg_TS_ap_6": 0.9705342371941883,
"std_TS_ap_6": 0.0038145253062519513,
"avg_TS_auc_6": 0.7950324000000001,
"std_TS_auc_6": 0.016516129778522213,
"avg_TS_f1_7": 0.9639333333333333,
"std_TS_f1_7": 0.006847041354383792,
"avg_TS_ap_7": 0.9962180652834931,
"std_TS_ap_7": 0.001380557527066702,
"avg_TS_auc_7": 0.9666561111111112,
"std_TS_auc_7": 0.01136076328633548,
"avg_TS_f1_8": 0.9531537196510917,
"std_TS_f1_8": 0.029392118996871185,
"avg_TS_ap_8": 0.9308904692206857,
"std_TS_ap_8": 0.07750066647159974,
"avg_TS_auc_8": 0.7526719000000001,
"std_TS_auc_8": 0.2553586168380726,
"avg_TS_f1_9": 0.9690550820724608,
"std_TS_f1_9": 0.007400779868553228,
"avg_TS_ap_9": 0.9970824541556921,
"std_TS_ap_9": 0.0009144661993369308,
"avg_TS_auc_9": 0.974072111111111,
"std_TS_auc_9": 0.008558559564538494,
"avg_TS_f1_all": 0.9526727279910613,
"std_TS_f1_all": 0.0038032860564937774,
"avg_TS_ap_all": 0.9764372363502222,
"std_TS_ap_all": 0.0069556281295289615,
"avg_TS_auc_all": 0.8738246033333332,
"std_TS_auc_all": 0.024094111452534275
}