{
"avg_TS_f1_0": 0.9525989134595202,
"std_TS_f1_0": 0.0014811676077767083,
"avg_TS_ap_0": 0.9832502878427745,
"std_TS_ap_0": 0.001831308025397895,
"avg_TS_auc_0": 0.8886338333333332,
"std_TS_auc_0": 0.005235805418603825,
"avg_TS_f1_1": 0.9924666666666667,
"std_TS_f1_1": 0.0003399346342395207,
"avg_TS_ap_1": 0.9987891878770914,
"std_TS_ap_1": 0.00022362060074785836,
"avg_TS_auc_1": 0.9927146666666665,
"std_TS_auc_1": 0.001198669525807127,
"avg_TS_f1_2": 0.9538878554981449,
"std_TS_f1_2": 0.0009658798426128151,
"avg_TS_ap_2": 0.9894251656122055,
"std_TS_ap_2": 0.0013469440234513822,
"avg_TS_auc_2": 0.9284002666666666,
"std_TS_auc_2": 0.003996030738552589,
"avg_TS_f1_3": 0.9296190763684402,
"std_TS_f1_3": 0.0015755093578181496,
"avg_TS_ap_3": 0.9508996088549608,
"std_TS_ap_3": 0.010692040163608918,
"avg_TS_auc_3": 0.7381772222222223,
"std_TS_auc_3": 0.02986524366006926,
"avg_TS_f1_4": 0.9418876011630275,
"std_TS_f1_4": 0.0008124724738180654,
"avg_TS_ap_4": 0.9871988781956329,
"std_TS_ap_4": 0.000623337828143836,
"avg_TS_auc_4": 0.9044566666666667,
"std_TS_auc_4": 0.0019640452749301214,
"avg_TS_f1_5": 0.9685111111111111,
"std_TS_f1_5": 0.0016668148082310398,
"avg_TS_ap_5": 0.9968330013953158,
"std_TS_ap_5": 0.0003152701771952045,
"avg_TS_auc_5": 0.9733715444444444,
"std_TS_auc_5": 0.0022664325814311746,
"avg_TS_f1_6": 0.9255539171929306,
"std_TS_f1_6": 0.0008896429975277411,
"avg_TS_ap_6": 0.9722048831705257,
"std_TS_ap_6": 0.0020486310322334724,
"avg_TS_auc_6": 0.8074936555555556,
"std_TS_auc_6": 0.006989188042210815,
"avg_TS_f1_7": 0.9802000000000002,
"std_TS_f1_7": 0.001383143672852952,
"avg_TS_ap_7": 0.9984982493461763,
"std_TS_ap_7": 0.00017134140351504347,
"avg_TS_auc_7": 0.9865269,
"std_TS_auc_7": 0.0015080714278037197,
"avg_TS_f1_8": 0.9887885722046287,
"std_TS_f1_8": 0.00939590599168403,
"avg_TS_ap_8": 0.9981791442528456,
"std_TS_ap_8": 0.0018079571866894992,
"avg_TS_auc_8": 0.987883011111111,
"std_TS_auc_8": 0.012071502977367475,
"avg_TS_f1_9": 0.9795555555555555,
"std_TS_f1_9": 0.0019461896929609877,
"avg_TS_ap_9": 0.9979920188322227,
"std_TS_ap_9": 0.0003410633836796449,
"avg_TS_auc_9": 0.9850313555555555,
"std_TS_auc_9": 0.0024562879826736344,
"avg_TS_f1_all": 0.9613069269220025,
"std_TS_f1_all": 0.0010524186823725869,
"avg_TS_ap_all": 0.9873270425379752,
"std_TS_ap_all": 0.0012322336275528596,
"avg_TS_auc_all": 0.9192689122222223,
"std_TS_auc_all": 0.0032330932117220924
}