{
"avg_TS_f1_0": 0.9528549487317196,
"std_TS_f1_0": 0.006645423686127879,
"avg_TS_ap_0": 0.9860841664938114,
"std_TS_ap_0": 0.0015023435489727288,
"avg_TS_auc_0": 0.8979308111111111,
"std_TS_auc_0": 0.013635786031823778,
"avg_TS_f1_1": 0.9901887882660148,
"std_TS_f1_1": 0.0007365894633643718,
"avg_TS_ap_1": 0.9966880136264697,
"std_TS_ap_1": 0.0004949120852522735,
"avg_TS_auc_1": 0.9803716222222221,
"std_TS_auc_1": 0.00155803185493352,
"avg_TS_f1_2": 0.9519100666086387,
"std_TS_f1_2": 0.0025144452550906636,
"avg_TS_ap_2": 0.990628573297031,
"std_TS_ap_2": 0.0005088560864871597,
"avg_TS_auc_2": 0.9259299333333333,
"std_TS_auc_2": 0.003710779115622323,
"avg_TS_f1_3": 0.9351333333333333,
"std_TS_f1_3": 0.002612789058968724,
"avg_TS_ap_3": 0.9744627930991921,
"std_TS_ap_3": 0.003944787289746578,
"avg_TS_auc_3": 0.8263014666666665,
"std_TS_auc_3": 0.018952480055231584,
"avg_TS_f1_4": 0.9419333333333334,
"std_TS_f1_4": 0.0006539528430916621,
"avg_TS_ap_4": 0.9884332887629581,
"std_TS_ap_4": 0.0006152834574338094,
"avg_TS_auc_4": 0.9072240555555556,
"std_TS_auc_4": 0.0034892608718894193,
"avg_TS_f1_5": 0.9603431832632676,
"std_TS_f1_5": 0.0032210906693669657,
"avg_TS_ap_5": 0.9942408310431958,
"std_TS_ap_5": 0.00060283593502342,
"avg_TS_auc_5": 0.952399988888889,
"std_TS_auc_5": 0.005288753309116561,
"avg_TS_f1_6": 0.9254888888888889,
"std_TS_f1_6": 0.0031806513813803254,
"avg_TS_ap_6": 0.9743226257294474,
"std_TS_ap_6": 0.0018002828174577712,
"avg_TS_auc_6": 0.8112076333333332,
"std_TS_auc_6": 0.011130656835221216,
"avg_TS_f1_7": 0.9740546548882344,
"std_TS_f1_7": 0.0018219134719163002,
"avg_TS_ap_7": 0.9976355722780715,
"std_TS_ap_7": 0.00030463584847173356,
"avg_TS_auc_7": 0.9802146666666666,
"std_TS_auc_7": 0.00240899230917803,
"avg_TS_f1_8": 0.9458771833003068,
"std_TS_f1_8": 0.011066789485693796,
"avg_TS_ap_8": 0.9805817911848719,
"std_TS_ap_8": 0.004129985477234581,
"avg_TS_auc_8": 0.8695450999999998,
"std_TS_auc_8": 0.0332171238065104,
"avg_TS_f1_9": 0.9789220290016111,
"std_TS_f1_9": 0.0039136427151650575,
"avg_TS_ap_9": 0.9977711023716,
"std_TS_ap_9": 0.00038357045176195246,
"avg_TS_auc_9": 0.9819788444444443,
"std_TS_auc_9": 0.003457157928482413,
"avg_TS_f1_all": 0.9556706409615348,
"std_TS_f1_all": 0.0014749436035475171,
"avg_TS_ap_all": 0.9880848757886648,
"std_TS_ap_all": 0.0008038057959510633,
"avg_TS_auc_all": 0.9133104122222223,
"std_TS_auc_all": 0.005254493882264794
}