{
"avg_TS_f1_0": 0.9493661450327486,
"std_TS_f1_0": 0.00547818159400853,
"avg_TS_ap_0": 0.9820559343311185,
"std_TS_ap_0": 0.003281619817182449,
"avg_TS_auc_0": 0.8747004444444444,
"std_TS_auc_0": 0.01967663497076775,
"avg_TS_f1_1": 0.9858998376453012,
"std_TS_f1_1": 0.0018143918870709428,
"avg_TS_ap_1": 0.9923869807800993,
"std_TS_ap_1": 0.0011367524145738104,
"avg_TS_auc_1": 0.9637839444444445,
"std_TS_auc_1": 0.003625376838480039,
"avg_TS_f1_2": 0.949911111111111,
"std_TS_f1_2": 0.004462961426156164,
"avg_TS_ap_2": 0.9891183619647392,
"std_TS_ap_2": 0.0017739676901585523,
"avg_TS_auc_2": 0.9139437333333333,
"std_TS_auc_2": 0.013441127640056696,
"avg_TS_f1_3": 0.9353777777777778,
"std_TS_f1_3": 0.00976731763726154,
"avg_TS_ap_3": 0.9756024898581999,
"std_TS_ap_3": 0.00580662898367223,
"avg_TS_auc_3": 0.824149011111111,
"std_TS_auc_3": 0.04180392241097083,
"avg_TS_f1_4": 0.9355097431338779,
"std_TS_f1_4": 0.003691318919826717,
"avg_TS_ap_4": 0.9854631564150896,
"std_TS_ap_4": 0.002420943937894082,
"avg_TS_auc_4": 0.8846586777777776,
"std_TS_auc_4": 0.016498738155356327,
"avg_TS_f1_5": 0.9531661178707459,
"std_TS_f1_5": 0.006350490696596804,
"avg_TS_ap_5": 0.9899764322558688,
"std_TS_ap_5": 0.001800316774127542,
"avg_TS_auc_5": 0.9225585333333333,
"std_TS_auc_5": 0.01495075631608524,
"avg_TS_f1_6": 0.9256769919316505,
"std_TS_f1_6": 0.005751201586341983,
"avg_TS_ap_6": 0.9724831898895381,
"std_TS_ap_6": 0.0015276821242775393,
"avg_TS_auc_6": 0.8015052888888888,
"std_TS_auc_6": 0.011584310788942733,
"avg_TS_f1_7": 0.9699885154113501,
"std_TS_f1_7": 0.0042430158405764055,
"avg_TS_ap_7": 0.9965388448896094,
"std_TS_ap_7": 0.0005322835632592592,
"avg_TS_auc_7": 0.971558611111111,
"std_TS_auc_7": 0.004244292292066376,
"avg_TS_f1_8": 0.9542763943675883,
"std_TS_f1_8": 0.012207353134118252,
"avg_TS_ap_8": 0.9818118684694126,
"std_TS_ap_8": 0.004985386485343859,
"avg_TS_auc_8": 0.8849235444444444,
"std_TS_auc_8": 0.03639757753035591,
"avg_TS_f1_9": 0.9760444444444445,
"std_TS_f1_9": 0.006046976593796762,
"avg_TS_ap_9": 0.9974340864420512,
"std_TS_ap_9": 0.000979031923751746,
"avg_TS_auc_9": 0.9786593666666665,
"std_TS_auc_9": 0.008218398519431779,
"avg_TS_f1_all": 0.9535217078726597,
"std_TS_f1_all": 0.0018558904704606266,
"avg_TS_ap_all": 0.9862871345295726,
"std_TS_ap_all": 0.0010878718206272944,
"avg_TS_auc_all": 0.9020441155555554,
"std_TS_auc_all": 0.008025631632321588
}