{
"avg_TS_f1_0": 0.9545429634979721,
"std_TS_f1_0": 0.0047468337621054575,
"avg_TS_ap_0": 0.9865058003517092,
"std_TS_ap_0": 0.0019877386262971276,
"avg_TS_auc_0": 0.9025898666666666,
"std_TS_auc_0": 0.011947271216236805,
"avg_TS_f1_1": 0.9860222222222221,
"std_TS_f1_1": 0.0042417094154871045,
"avg_TS_ap_1": 0.9935944651360668,
"std_TS_ap_1": 0.0016313431577880302,
"avg_TS_auc_1": 0.9666414333333334,
"std_TS_auc_1": 0.007071581356788549,
"avg_TS_f1_2": 0.9516222222222221,
"std_TS_f1_2": 0.00311317391930673,
"avg_TS_ap_2": 0.9902940381033005,
"std_TS_ap_2": 0.0006218239523098815,
"avg_TS_auc_2": 0.9221314111111111,
"std_TS_auc_2": 0.004752277725574063,
"avg_TS_f1_3": 0.9371660820662877,
"std_TS_f1_3": 0.00931004502813751,
"avg_TS_ap_3": 0.9772276006017803,
"std_TS_ap_3": 0.005661157038101641,
"avg_TS_auc_3": 0.8358807333333333,
"std_TS_auc_3": 0.040202387041490775,
"avg_TS_f1_4": 0.9373097431338777,
"std_TS_f1_4": 0.0046571575233402985,
"avg_TS_ap_4": 0.9873550923194256,
"std_TS_ap_4": 0.0019446849240320374,
"avg_TS_auc_4": 0.8951620666666666,
"std_TS_auc_4": 0.01418312918926068,
"avg_TS_f1_5": 0.953111111111111,
"std_TS_f1_5": 0.009765901878790928,
"avg_TS_ap_5": 0.9909201473233787,
"std_TS_ap_5": 0.0031450462139231464,
"avg_TS_auc_5": 0.9276953777777777,
"std_TS_auc_5": 0.024504592059685564,
"avg_TS_f1_6": 0.922854665999963,
"std_TS_f1_6": 0.0026232101971233076,
"avg_TS_ap_6": 0.9745503051785462,
"std_TS_ap_6": 0.0026615738346452778,
"avg_TS_auc_6": 0.8069687333333333,
"std_TS_auc_6": 0.014776913543041394,
"avg_TS_f1_7": 0.9693111111111111,
"std_TS_f1_7": 0.004800411504994537,
"avg_TS_ap_7": 0.9969490699779803,
"std_TS_ap_7": 0.0005729704951277598,
"avg_TS_auc_7": 0.9733899333333333,
"std_TS_auc_7": 0.005288518379342412,
"avg_TS_f1_8": 0.9609555555555556,
"std_TS_f1_8": 0.00851044383807259,
"avg_TS_ap_8": 0.9876215336370038,
"std_TS_ap_8": 0.0016968098686745323,
"avg_TS_auc_8": 0.9181241777777778,
"std_TS_auc_8": 0.01444301161972144,
"avg_TS_f1_9": 0.9760444444444445,
"std_TS_f1_9": 0.005706656282441198,
"avg_TS_ap_9": 0.9976365248599361,
"std_TS_ap_9": 0.0005731109645777651,
"avg_TS_auc_9": 0.9798214555555556,
"std_TS_auc_9": 0.0054978934104205224,
"avg_TS_f1_all": 0.9548940121364765,
"std_TS_f1_all": 0.0025566552122580884,
"avg_TS_ap_all": 0.9882654577489127,
"std_TS_ap_all": 0.0012780019960774572,
"avg_TS_auc_all": 0.912840518888889,
"std_TS_auc_all": 0.008975483580942054
}