{
"avg_TS_f1_0": 0.949619991234081,
"std_TS_f1_0": 0.000774421610030816,
"avg_TS_ap_0": 0.9860586345939243,
"std_TS_ap_0": 0.0011227016589079929,
"avg_TS_auc_0": 0.8911257777777777,
"std_TS_auc_0": 0.005679370011033161,
"avg_TS_f1_1": 0.9848550462680026,
"std_TS_f1_1": 0.0005823677273055766,
"avg_TS_ap_1": 0.9947549704020247,
"std_TS_ap_1": 0.00034570631615668025,
"avg_TS_auc_1": 0.9637506444444444,
"std_TS_auc_1": 0.001988719698141884,
"avg_TS_f1_2": 0.9521100443851818,
"std_TS_f1_2": 0.0010664715350758307,
"avg_TS_ap_2": 0.9915052375444133,
"std_TS_ap_2": 0.00028135512321478387,
"avg_TS_auc_2": 0.9284701555555556,
"std_TS_auc_2": 0.001340354280787287,
"avg_TS_f1_3": 0.9307080306930633,
"std_TS_f1_3": 0.001175159180086916,
"avg_TS_ap_3": 0.9791228483202206,
"std_TS_ap_3": 0.0005257565958255405,
"avg_TS_auc_3": 0.8354394666666666,
"std_TS_auc_3": 0.0033961841504042208,
"avg_TS_f1_4": 0.9414313844596304,
"std_TS_f1_4": 0.0013838718874920638,
"avg_TS_ap_4": 0.9895226046210281,
"std_TS_ap_4": 0.00034905056736072215,
"avg_TS_auc_4": 0.9100411666666666,
"std_TS_auc_4": 0.0030555981772784216,
"avg_TS_f1_5": 0.9511100159885426,
"std_TS_f1_5": 0.0009106552974724697,
"avg_TS_ap_5": 0.9932753899868937,
"std_TS_ap_5": 0.00018629878096392235,
"avg_TS_auc_5": 0.9404058555555554,
"std_TS_auc_5": 0.0016967174992749048,
"avg_TS_f1_6": 0.9260070410428739,
"std_TS_f1_6": 0.0011709715296298895,
"avg_TS_ap_6": 0.9790838808253394,
"std_TS_ap_6": 0.002222782083908942,
"avg_TS_auc_6": 0.8321878999999999,
"std_TS_auc_6": 0.012843248483315963,
"avg_TS_f1_7": 0.975,
"std_TS_f1_7": 0.0014656562175858784,
"avg_TS_ap_7": 0.9980309886409172,
"std_TS_ap_7": 0.0001721817094945081,
"avg_TS_auc_7": 0.9823810666666667,
"std_TS_auc_7": 0.0015561675936435172,
"avg_TS_f1_8": 0.9395319023896389,
"std_TS_f1_8": 0.004061518571458534,
"avg_TS_ap_8": 0.9799978598735244,
"std_TS_ap_8": 0.004201070872380426,
"avg_TS_auc_8": 0.8530971888888889,
"std_TS_auc_8": 0.023211953734787683,
"avg_TS_f1_9": 0.9767105900945114,
"std_TS_f1_9": 0.0006736068421529504,
"avg_TS_ap_9": 0.9979300057246497,
"std_TS_ap_9": 5.050208003136348e-05,
"avg_TS_auc_9": 0.981816911111111,
"std_TS_auc_9": 0.00039231063466862927,
"avg_TS_f1_all": 0.9527084046555526,
"std_TS_f1_all": 0.0005237047565571334,
"avg_TS_ap_all": 0.9889282420532934,
"std_TS_ap_all": 0.0006244964214241631,
"avg_TS_auc_all": 0.9118716133333334,
"std_TS_auc_all": 0.003304437619423604
}