{
"avg_TS_f1_0": 0.9555873832496868,
"std_TS_f1_0": 0.0012573282136643642,
"avg_TS_ap_0": 0.9846791369903899,
"std_TS_ap_0": 0.0001464483498790146,
"avg_TS_auc_0": 0.8966271777777779,
"std_TS_auc_0": 0.0020443960197767696,
"avg_TS_f1_1": 0.9896776512275374,
"std_TS_f1_1": 0.0005540186861224137,
"avg_TS_ap_1": 0.9958983368555347,
"std_TS_ap_1": 0.00033005333756360805,
"avg_TS_auc_1": 0.9781067777777777,
"std_TS_auc_1": 0.0012475674127608988,
"avg_TS_f1_2": 0.9550656604379256,
"std_TS_f1_2": 0.0005328398386488766,
"avg_TS_ap_2": 0.990343088807087,
"std_TS_ap_2": 0.00015093065075461571,
"avg_TS_auc_2": 0.9262212999999999,
"std_TS_auc_2": 0.0005926453143677087,
"avg_TS_f1_3": 0.9445191399522196,
"std_TS_f1_3": 0.0013598140821848353,
"avg_TS_ap_3": 0.9800786944496849,
"std_TS_ap_3": 0.0006315799108281409,
"avg_TS_auc_3": 0.8602771222222222,
"std_TS_auc_3": 0.004832494129878281,
"avg_TS_f1_4": 0.9435635176561858,
"std_TS_f1_4": 0.0012336686055949475,
"avg_TS_ap_4": 0.987743451436627,
"std_TS_ap_4": 0.00042872322753173325,
"avg_TS_auc_4": 0.9075438333333332,
"std_TS_auc_4": 0.0019112153130507,
"avg_TS_f1_5": 0.9565971380625342,
"std_TS_f1_5": 0.0022516880578818104,
"avg_TS_ap_5": 0.9909537595744814,
"std_TS_ap_5": 0.0008771777383395979,
"avg_TS_auc_5": 0.9287808,
"std_TS_auc_5": 0.0062865004120234175,
"avg_TS_f1_6": 0.9278396292725354,
"std_TS_f1_6": 0.0008469182455009451,
"avg_TS_ap_6": 0.9753070303322723,
"std_TS_ap_6": 0.0006757407974650711,
"avg_TS_auc_6": 0.8221849555555556,
"std_TS_auc_6": 0.003015406695621669,
"avg_TS_f1_7": 0.9764211653733849,
"std_TS_f1_7": 0.0006991813583589984,
"avg_TS_ap_7": 0.9978590951513155,
"std_TS_ap_7": 0.00012150619554447857,
"avg_TS_auc_7": 0.9822584777777777,
"std_TS_auc_7": 0.0009550088478680875,
"avg_TS_f1_8": 0.9546540733744469,
"std_TS_f1_8": 0.0034030125382419046,
"avg_TS_ap_8": 0.9788666777737001,
"std_TS_ap_8": 0.0005949800923711839,
"avg_TS_auc_8": 0.8745501666666666,
"std_TS_auc_8": 0.005848420790433554,
"avg_TS_f1_9": 0.979388196875135,
"std_TS_f1_9": 0.0005178120086432889,
"avg_TS_ap_9": 0.997475619256597,
"std_TS_ap_9": 0.00012233082032144584,
"avg_TS_auc_9": 0.9808991777777777,
"std_TS_auc_9": 0.0009245096928095061,
"avg_TS_f1_all": 0.9583313555481592,
"std_TS_f1_all": 0.0007772864515391314,
"avg_TS_ap_all": 0.9879204890627691,
"std_TS_ap_all": 0.00026003992284171786,
"avg_TS_auc_all": 0.9157449788888888,
"std_TS_auc_all": 0.0017568183909014985
}