{
"avg_TS_f1_0": 0.9485649338543499,
"std_TS_f1_0": 0.0031153566471964784,
"avg_TS_ap_0": 0.977813809526004,
"std_TS_ap_0": 0.0013204664215216801,
"avg_TS_auc_0": 0.8546133999999999,
"std_TS_auc_0": 0.006702835116704596,
"avg_TS_f1_1": 0.9917999999999999,
"std_TS_f1_1": 0.0006644407283433598,
"avg_TS_ap_1": 0.9972515816707078,
"std_TS_ap_1": 0.00025671717140128656,
"avg_TS_auc_1": 0.9866402888888889,
"std_TS_auc_1": 0.001716181551879707,
"avg_TS_f1_2": 0.9442105067565482,
"std_TS_f1_2": 0.008953723999863559,
"avg_TS_ap_2": 0.9844136513023651,
"std_TS_ap_2": 0.0021424774170923934,
"avg_TS_auc_2": 0.8934894111111109,
"std_TS_auc_2": 0.012017372309717686,
"avg_TS_f1_3": 0.9362874159675538,
"std_TS_f1_3": 0.00388608011395611,
"avg_TS_ap_3": 0.9169090645539446,
"std_TS_ap_3": 0.0033119627369464105,
"avg_TS_auc_3": 0.7188559666666666,
"std_TS_auc_3": 0.01363886710356259,
"avg_TS_f1_4": 0.9363422683144856,
"std_TS_f1_4": 0.00486643614493994,
"avg_TS_ap_4": 0.9804827636897473,
"std_TS_ap_4": 0.003357101942493376,
"avg_TS_auc_4": 0.870725611111111,
"std_TS_auc_4": 0.018995468560542718,
"avg_TS_f1_5": 0.9645885833163572,
"std_TS_f1_5": 0.005221475606790073,
"avg_TS_ap_5": 0.9962407130301407,
"std_TS_ap_5": 0.0007500607350531387,
"avg_TS_auc_5": 0.9666457444444445,
"std_TS_auc_5": 0.006897702317617722,
"avg_TS_f1_6": 0.9227657227870685,
"std_TS_f1_6": 0.004081604899565178,
"avg_TS_ap_6": 0.9395184205840271,
"std_TS_ap_6": 0.012599764476186688,
"avg_TS_auc_6": 0.7281561222222221,
"std_TS_auc_6": 0.02768973262307766,
"avg_TS_f1_7": 0.9699993641622064,
"std_TS_f1_7": 0.003589092473890697,
"avg_TS_ap_7": 0.9967922905923148,
"std_TS_ap_7": 0.0005382232118011565,
"avg_TS_auc_7": 0.9719888000000001,
"std_TS_auc_7": 0.0046979137893693,
"avg_TS_f1_8": 0.9726222222222223,
"std_TS_f1_8": 0.01872406519119048,
"avg_TS_ap_8": 0.9917898876789403,
"std_TS_ap_8": 0.006833644595911275,
"avg_TS_auc_8": 0.9508507111111111,
"std_TS_auc_8": 0.04745459043518197,
"avg_TS_f1_9": 0.9745555555555555,
"std_TS_f1_9": 0.005698169513314673,
"avg_TS_ap_9": 0.9974579896397856,
"std_TS_ap_9": 0.0009481048622973575,
"avg_TS_auc_9": 0.9777471,
"std_TS_auc_9": 0.00821864549452597,
"avg_TS_f1_all": 0.9561736572936347,
"std_TS_f1_all": 0.0022360032058711247,
"avg_TS_ap_all": 0.9778670172267979,
"std_TS_ap_all": 0.00146416191541211,
"avg_TS_auc_all": 0.8919713155555555,
"std_TS_auc_all": 0.0043617395003081785
}