{
"avg_TS_f1_0": 0.9572097017735552,
"std_TS_f1_0": 0.0010257683597385727,
"avg_TS_ap_0": 0.987141632230635,
"std_TS_ap_0": 0.000788139414140946,
"avg_TS_auc_0": 0.9069001555555556,
"std_TS_auc_0": 0.005001239949882103,
"avg_TS_f1_1": 0.9923333333333334,
"std_TS_f1_1": 0.0001987615979999801,
"avg_TS_ap_1": 0.9969772768854595,
"std_TS_ap_1": 0.00035690253475079587,
"avg_TS_auc_1": 0.9839289444444445,
"std_TS_auc_1": 0.0014280016551673227,
"avg_TS_f1_2": 0.9545206794865768,
"std_TS_f1_2": 0.0009529718583768276,
"avg_TS_ap_2": 0.9918279102517452,
"std_TS_ap_2": 0.0006014921544271398,
"avg_TS_auc_2": 0.9349209333333335,
"std_TS_auc_2": 0.0028915472810022774,
"avg_TS_f1_3": 0.9395528912100055,
"std_TS_f1_3": 0.001523463580879831,
"avg_TS_ap_3": 0.9779022716101899,
"std_TS_ap_3": 0.002979791262397065,
"avg_TS_auc_3": 0.8422079333333332,
"std_TS_auc_3": 0.014474609158901747,
"avg_TS_f1_4": 0.9429647400164207,
"std_TS_f1_4": 0.0016447245153984919,
"avg_TS_ap_4": 0.9894289084788204,
"std_TS_ap_4": 0.00039144680436917326,
"avg_TS_auc_4": 0.9122696666666666,
"std_TS_auc_4": 0.003270964963711394,
"avg_TS_f1_5": 0.9638099412930348,
"std_TS_f1_5": 0.0024435822738636402,
"avg_TS_ap_5": 0.996178839851618,
"std_TS_ap_5": 0.00048311264055625274,
"avg_TS_auc_5": 0.9657659555555556,
"std_TS_auc_5": 0.004352898701489829,
"avg_TS_f1_6": 0.9268205949713255,
"std_TS_f1_6": 0.0009346349280036565,
"avg_TS_ap_6": 0.9788030559135865,
"std_TS_ap_6": 0.0007484087645572416,
"avg_TS_auc_6": 0.8331727888888889,
"std_TS_auc_6": 0.004486547606339474,
"avg_TS_f1_7": 0.9770666666666665,
"std_TS_f1_7": 0.00047971184766492286,
"avg_TS_ap_7": 0.9983917579044143,
"std_TS_ap_7": 4.250960095920958e-05,
"avg_TS_auc_7": 0.9854658333333333,
"std_TS_auc_7": 0.0003821714242730364,
"avg_TS_f1_8": 0.9588434752547983,
"std_TS_f1_8": 0.009019696670901122,
"avg_TS_ap_8": 0.9882375746409349,
"std_TS_ap_8": 0.004335459355668833,
"avg_TS_auc_8": 0.9204597222222223,
"std_TS_auc_8": 0.027135961288538953,
"avg_TS_f1_9": 0.9804549055194425,
"std_TS_f1_9": 0.0008310312946516614,
"avg_TS_ap_9": 0.9985982618164048,
"std_TS_ap_9": 9.337003624261195e-05,
"avg_TS_auc_9": 0.9877628555555557,
"std_TS_auc_9": 0.0007986393124296305,
"avg_TS_f1_all": 0.9593576929525159,
"std_TS_f1_all": 0.0009186282360296227,
"avg_TS_ap_all": 0.9903487489583809,
"std_TS_ap_all": 0.0006583424124076439,
"avg_TS_auc_all": 0.9272854788888889,
"std_TS_auc_all": 0.0036837007344271903
}