{
"avg_TS_f1_0": 0.9676666666666666,
"std_TS_f1_0": 0.0006245986365580321,
"avg_TS_ap_0": 0.9641814209941527,
"std_TS_ap_0": 0.0026611434439036594,
"avg_TS_auc_0": 0.8548158666666668,
"std_TS_auc_0": 0.005467404575829591,
"avg_TS_f1_1": 0.9789777777777777,
"std_TS_f1_1": 0.0005038126243890674,
"avg_TS_ap_1": 0.9555899918121824,
"std_TS_ap_1": 0.004595915925190699,
"avg_TS_auc_1": 0.8647870111111112,
"std_TS_auc_1": 0.010219128925418347,
"avg_TS_f1_2": 0.9554106228123785,
"std_TS_f1_2": 0.0005129086611038886,
"avg_TS_ap_2": 0.9599754122358416,
"std_TS_ap_2": 0.0025452712468648224,
"avg_TS_auc_2": 0.8400661777777778,
"std_TS_auc_2": 0.005635048126844279,
"avg_TS_f1_3": 0.9254650085498577,
"std_TS_f1_3": 0.00045108106236233024,
"avg_TS_ap_3": 0.9394735387740916,
"std_TS_ap_3": 0.005806773797268893,
"avg_TS_auc_3": 0.6979764777777777,
"std_TS_auc_3": 0.01237524852163974,
"avg_TS_f1_4": 0.9430653912871703,
"std_TS_f1_4": 0.0005904002104245064,
"avg_TS_ap_4": 0.965066538896345,
"std_TS_ap_4": 0.0021324588527580988,
"avg_TS_auc_4": 0.8273283888888889,
"std_TS_auc_4": 0.007321951516914713,
"avg_TS_f1_5": 0.9640000000000001,
"std_TS_f1_5": 0.007427343542530235,
"avg_TS_ap_5": 0.9690763541240702,
"std_TS_ap_5": 0.004823071400482093,
"avg_TS_auc_5": 0.8775387,
"std_TS_auc_5": 0.018738085532096126,
"avg_TS_f1_6": 0.9262514509153015,
"std_TS_f1_6": 0.0009306600483993086,
"avg_TS_ap_6": 0.9408891008831389,
"std_TS_ap_6": 0.0036738394443378694,
"avg_TS_auc_6": 0.7260207222222221,
"std_TS_auc_6": 0.007804932197173117,
"avg_TS_f1_7": 0.9656880999561703,
"std_TS_f1_7": 0.002747418845381828,
"avg_TS_ap_7": 0.9714049957250239,
"std_TS_ap_7": 0.006748118298470711,
"avg_TS_auc_7": 0.8816955333333334,
"std_TS_auc_7": 0.01992444718589967,
"avg_TS_f1_8": 0.9796444444444443,
"std_TS_f1_8": 0.0007214525813665406,
"avg_TS_ap_8": 0.9643400357922864,
"std_TS_ap_8": 0.00525664136997677,
"avg_TS_auc_8": 0.8850247666666666,
"std_TS_auc_8": 0.009175803607650555,
"avg_TS_f1_9": 0.9802444444444445,
"std_TS_f1_9": 0.0006791425239971602,
"avg_TS_ap_9": 0.9670487523263581,
"std_TS_ap_9": 0.006584460571344481,
"avg_TS_auc_9": 0.8956669000000002,
"std_TS_auc_9": 0.016712590639084948,
"avg_TS_f1_all": 0.9586413906854212,
"std_TS_f1_all": 0.000780900285341057,
"avg_TS_ap_all": 0.9597046141563492,
"std_TS_ap_all": 0.0019223041164488839,
"avg_TS_auc_all": 0.8350920544444446,
"std_TS_auc_all": 0.004331998923546735
}