{
"avg_TS_f1_0": 0.9560318733756814,
"std_TS_f1_0": 0.0008946097698051307,
"avg_TS_ap_0": 0.9867808300231934,
"std_TS_ap_0": 0.0006600358636119176,
"avg_TS_auc_0": 0.9039576333333332,
"std_TS_auc_0": 0.003995052660324421,
"avg_TS_f1_1": 0.9925443561679351,
"std_TS_f1_1": 0.000337876338405061,
"avg_TS_ap_1": 0.9969138677906315,
"std_TS_ap_1": 0.00034855292172591756,
"avg_TS_auc_1": 0.9834751555555556,
"std_TS_auc_1": 0.0013013945589346345,
"avg_TS_f1_2": 0.9539661721947514,
"std_TS_f1_2": 0.001003925950217258,
"avg_TS_ap_2": 0.9918889419544126,
"std_TS_ap_2": 0.0004660795800159237,
"avg_TS_auc_2": 0.9346848555555555,
"std_TS_auc_2": 0.002396347643373389,
"avg_TS_f1_3": 0.9401528688372782,
"std_TS_f1_3": 0.001454322850299703,
"avg_TS_ap_3": 0.9798543063462859,
"std_TS_ap_3": 0.001721907439219765,
"avg_TS_auc_3": 0.8512596666666667,
"std_TS_auc_3": 0.009718447629236992,
"avg_TS_f1_4": 0.9428981177966677,
"std_TS_f1_4": 0.0016260084650878354,
"avg_TS_ap_4": 0.9894805801451703,
"std_TS_ap_4": 0.00031862736453424874,
"avg_TS_auc_4": 0.9124798666666667,
"std_TS_auc_4": 0.00291039622193301,
"avg_TS_f1_5": 0.9619662203455747,
"std_TS_f1_5": 0.002561139583141306,
"avg_TS_ap_5": 0.9957060016827415,
"std_TS_ap_5": 0.00044835092639352285,
"avg_TS_auc_5": 0.9616657666666668,
"std_TS_auc_5": 0.004053987011192044,
"avg_TS_f1_6": 0.9269626101797052,
"std_TS_f1_6": 0.0009044041173593762,
"avg_TS_ap_6": 0.9791056906790324,
"std_TS_ap_6": 0.000611438855406416,
"avg_TS_auc_6": 0.8349814111111111,
"std_TS_auc_6": 0.0037169704502324026,
"avg_TS_f1_7": 0.9763555555555555,
"std_TS_f1_7": 0.0008589399151149769,
"avg_TS_ap_7": 0.9983174944951786,
"std_TS_ap_7": 7.764510959446125e-05,
"avg_TS_auc_7": 0.9847727777777777,
"std_TS_auc_7": 0.0006985978275741658,
"avg_TS_f1_8": 0.9520877307998592,
"std_TS_f1_8": 0.0052964718503357945,
"avg_TS_ap_8": 0.9847038908007193,
"std_TS_ap_8": 0.0026943833332720617,
"avg_TS_auc_8": 0.8975570777777777,
"std_TS_auc_8": 0.016670546122553982,
"avg_TS_f1_9": 0.9800888888888888,
"std_TS_f1_9": 0.0006378977819736948,
"avg_TS_ap_9": 0.998599345290031,
"std_TS_ap_9": 7.043269607489307e-05,
"avg_TS_auc_9": 0.9877312333333335,
"std_TS_auc_9": 0.000617583865849838,
"avg_TS_f1_all": 0.9583054394141897,
"std_TS_f1_all": 0.0005908822096778836,
"avg_TS_ap_all": 0.9901350949207396,
"std_TS_ap_all": 0.00042592223827360594,
"avg_TS_auc_all": 0.9252565444444445,
"std_TS_auc_all": 0.002237842000962464
}