{
"avg_TS_f1_0": 0.9331185188469228,
"std_TS_f1_0": 0.001006226168410241,
"avg_TS_ap_0": 0.9582009788164845,
"std_TS_ap_0": 0.0009312296938160277,
"avg_TS_auc_0": 0.7652492000000001,
"std_TS_auc_0": 0.003416275754439412,
"avg_TS_f1_1": 0.9640083016057719,
"std_TS_f1_1": 0.0012620979606889707,
"avg_TS_ap_1": 0.98146199164125,
"std_TS_ap_1": 0.0006455860776262072,
"avg_TS_auc_1": 0.898597,
"std_TS_auc_1": 0.002892215608691803,
"avg_TS_f1_2": 0.9425622408361771,
"std_TS_f1_2": 0.0013089560710076293,
"avg_TS_ap_2": 0.9754395395794923,
"std_TS_ap_2": 0.0004758091755003435,
"avg_TS_auc_2": 0.843985,
"std_TS_auc_2": 0.003614108471081205,
"avg_TS_f1_3": 0.9132671721169366,
"std_TS_f1_3": 0.0006910239651790061,
"avg_TS_ap_3": 0.9475329592639063,
"std_TS_ap_3": 0.001050953188063812,
"avg_TS_auc_3": 0.6821590000000001,
"std_TS_auc_3": 0.005000501448928927,
"avg_TS_f1_4": 0.9294294127451523,
"std_TS_f1_4": 0.0015486417147783282,
"avg_TS_ap_4": 0.9724054009260454,
"std_TS_ap_4": 0.0011511365938418911,
"avg_TS_auc_4": 0.8219026666666667,
"std_TS_auc_4": 0.006412827557922843,
"avg_TS_f1_5": 0.906434094806461,
"std_TS_f1_5": 0.001903320631901913,
"avg_TS_ap_5": 0.9456597378326718,
"std_TS_ap_5": 0.0031148004227073327,
"avg_TS_auc_5": 0.6537046222222223,
"std_TS_auc_5": 0.01629170330822443,
"avg_TS_f1_6": 0.9193261275911832,
"std_TS_f1_6": 0.0008781688418665361,
"avg_TS_ap_6": 0.9512133008454746,
"std_TS_ap_6": 0.0005005297776316561,
"avg_TS_auc_6": 0.7138345222222222,
"std_TS_auc_6": 0.0032514878563133297,
"avg_TS_f1_7": 0.9457180001816639,
"std_TS_f1_7": 0.0009763186718835633,
"avg_TS_ap_7": 0.9833279133166881,
"std_TS_ap_7": 0.0006065092572263501,
"avg_TS_auc_7": 0.8821561777777779,
"std_TS_auc_7": 0.002896019456187663,
"avg_TS_f1_8": 0.9085473793353392,
"std_TS_f1_8": 0.0018788954507513041,
"avg_TS_ap_8": 0.9196495559590817,
"std_TS_ap_8": 0.0014745283564494885,
"avg_TS_auc_8": 0.5950775222222222,
"std_TS_auc_8": 0.006395796093905352,
"avg_TS_f1_9": 0.9522857417453171,
"std_TS_f1_9": 0.0016792879835118755,
"avg_TS_ap_9": 0.9806367129745173,
"std_TS_ap_9": 0.0008416713481359472,
"avg_TS_auc_9": 0.8810528555555555,
"std_TS_auc_9": 0.004982445139303885,
"avg_TS_f1_all": 0.9314696989810924,
"std_TS_f1_all": 0.0004969746484745398,
"avg_TS_ap_all": 0.9615528091155612,
"std_TS_ap_all": 0.00033203732421685825,
"avg_TS_auc_all": 0.7737718566666667,
"std_TS_auc_all": 0.001856888128009706
}