{
"avg_TS_f1_0": 0.9478865912303771,
"std_TS_f1_0": 0.0015261496130731125,
"avg_TS_ap_0": 0.9767228026014573,
"std_TS_ap_0": 0.00027683607669412396,
"avg_TS_auc_0": 0.8539436444444444,
"std_TS_auc_0": 0.0021493828556122503,
"avg_TS_f1_1": 0.983433169743998,
"std_TS_f1_1": 0.0010243403669556285,
"avg_TS_ap_1": 0.9927025033570531,
"std_TS_ap_1": 0.0002311255694329849,
"avg_TS_auc_1": 0.9617456555555555,
"std_TS_auc_1": 0.0012065678368572005,
"avg_TS_f1_2": 0.9523195733096284,
"std_TS_f1_2": 0.0011624376314792687,
"avg_TS_ap_2": 0.986645122436783,
"std_TS_ap_2": 0.0006603759417645973,
"avg_TS_auc_2": 0.9040395444444445,
"std_TS_auc_2": 0.0035204113098638496,
"avg_TS_f1_3": 0.9309183843546863,
"std_TS_f1_3": 0.0013832205184372817,
"avg_TS_ap_3": 0.9670627485095309,
"std_TS_ap_3": 0.0010717569114144716,
"avg_TS_auc_3": 0.7863715222222222,
"std_TS_auc_3": 0.005678909862414791,
"avg_TS_f1_4": 0.9414653468402566,
"std_TS_f1_4": 0.0012661005106900608,
"avg_TS_ap_4": 0.9839246861613484,
"std_TS_ap_4": 0.00036209484031499416,
"avg_TS_auc_4": 0.8858561777777776,
"std_TS_auc_4": 0.0033189560569404125,
"avg_TS_f1_5": 0.9433307479293347,
"std_TS_f1_5": 0.002254172133834937,
"avg_TS_ap_5": 0.9825374135737768,
"std_TS_ap_5": 0.001289194915963748,
"avg_TS_auc_5": 0.8713218666666668,
"std_TS_auc_5": 0.008584853720116744,
"avg_TS_f1_6": 0.9255641943070911,
"std_TS_f1_6": 0.0013139384262505697,
"avg_TS_ap_6": 0.9683033484560164,
"std_TS_ap_6": 0.001098657904523079,
"avg_TS_auc_6": 0.7894673444444444,
"std_TS_auc_6": 0.004670384196187748,
"avg_TS_f1_7": 0.9712996697347384,
"std_TS_f1_7": 0.0005710584418825492,
"avg_TS_ap_7": 0.9961617760401978,
"std_TS_ap_7": 0.000215109417476513,
"avg_TS_auc_7": 0.9693670999999998,
"std_TS_auc_7": 0.0015910602181494636,
"avg_TS_f1_8": 0.9317302762891397,
"std_TS_f1_8": 0.002101757330175015,
"avg_TS_ap_8": 0.9596461217926497,
"std_TS_ap_8": 0.0023325208422681105,
"avg_TS_auc_8": 0.7663657444444445,
"std_TS_auc_8": 0.01244694742629049,
"avg_TS_f1_9": 0.9762888888888888,
"std_TS_f1_9": 0.001078636542178799,
"avg_TS_ap_9": 0.9952819981605752,
"std_TS_ap_9": 0.00020329730116796761,
"avg_TS_auc_9": 0.9661161,
"std_TS_auc_9": 0.0013965355310133262,
"avg_TS_f1_all": 0.9504236842628139,
"std_TS_f1_all": 0.0004258750995701066,
"avg_TS_ap_all": 0.9808988521089388,
"std_TS_ap_all": 0.0002178984203706969,
"avg_TS_auc_all": 0.87545947,
"std_TS_auc_all": 0.0010705631579998568
}