{
"avg_TS_f1_0": 0.9611538294859949,
"std_TS_f1_0": 0.0006120175286577077,
"avg_TS_ap_0": 0.9905862000380525,
"std_TS_ap_0": 0.0005363619645460084,
"avg_TS_auc_0": 0.927359,
"std_TS_auc_0": 0.003550583134857025,
"avg_TS_f1_1": 0.9925777777777778,
"std_TS_f1_1": 0.00033259176771323725,
"avg_TS_ap_1": 0.998582454115823,
"std_TS_ap_1": 0.00010109176014845564,
"avg_TS_auc_1": 0.9905171666666666,
"std_TS_auc_1": 0.00033592624668202345,
"avg_TS_f1_2": 0.9539873560876838,
"std_TS_f1_2": 0.0011261948135999644,
"avg_TS_ap_2": 0.9928379950721915,
"std_TS_ap_2": 0.0002871536099840352,
"avg_TS_auc_2": 0.9396475222222221,
"std_TS_auc_2": 0.0019282157455104971,
"avg_TS_f1_3": 0.9509333333333332,
"std_TS_f1_3": 0.0007588164923984112,
"avg_TS_ap_3": 0.9885043044056196,
"std_TS_ap_3": 0.000643752432186221,
"avg_TS_auc_3": 0.9096455666666667,
"std_TS_auc_3": 0.00417807946537792,
"avg_TS_f1_4": 0.9445216129291134,
"std_TS_f1_4": 0.0009114938903283176,
"avg_TS_ap_4": 0.9906098292109519,
"std_TS_ap_4": 5.3658509173924425e-05,
"avg_TS_auc_4": 0.9200163111111112,
"std_TS_auc_4": 0.0005579087369502522,
"avg_TS_f1_5": 0.9672107586223925,
"std_TS_f1_5": 0.000929483662624109,
"avg_TS_ap_5": 0.9965844409364596,
"std_TS_ap_5": 0.00017314378441283168,
"avg_TS_auc_5": 0.9696924333333333,
"std_TS_auc_5": 0.0016129125057209857,
"avg_TS_f1_6": 0.927687283861449,
"std_TS_f1_6": 0.0007875357073201662,
"avg_TS_ap_6": 0.980481726237971,
"std_TS_ap_6": 0.0002653716050972911,
"avg_TS_auc_6": 0.8425879999999999,
"std_TS_auc_6": 0.0016084651341121334,
"avg_TS_f1_7": 0.9770997364051089,
"std_TS_f1_7": 0.0007558425382406793,
"avg_TS_ap_7": 0.9984260387995441,
"std_TS_ap_7": 5.950545566277779e-05,
"avg_TS_auc_7": 0.9857579777777777,
"std_TS_auc_7": 0.0005566949123461431,
"avg_TS_f1_8": 0.9829220401133396,
"std_TS_f1_8": 0.0012675420337526886,
"avg_TS_ap_8": 0.9963825365138004,
"std_TS_ap_8": 0.00043895192911166877,
"avg_TS_auc_8": 0.9748956222222223,
"std_TS_auc_8": 0.0024276209068057734,
"avg_TS_f1_9": 0.9799551098517819,
"std_TS_f1_9": 0.0007741249652125611,
"avg_TS_ap_9": 0.998618347523801,
"std_TS_ap_9": 8.749222460964685e-05,
"avg_TS_auc_9": 0.9877284111111113,
"std_TS_auc_9": 0.0007739708942752179,
"avg_TS_f1_all": 0.9638048838467975,
"std_TS_f1_all": 0.00015674717101663772,
"avg_TS_ap_all": 0.9931613872854215,
"std_TS_ap_all": 0.00013019540376363808,
"avg_TS_auc_all": 0.9447848011111111,
"std_TS_auc_all": 0.0007149468197386131
}