{
"avg_TS_f1_0": 0.9526984437407016,
"std_TS_f1_0": 0.0011941870438936842,
"avg_TS_ap_0": 0.9816330187963562,
"std_TS_ap_0": 0.0007115091932286862,
"avg_TS_auc_0": 0.8807091888888887,
"std_TS_auc_0": 0.0033981543065117283,
"avg_TS_f1_1": 0.9863665104851504,
"std_TS_f1_1": 0.000829775298446997,
"avg_TS_ap_1": 0.9941058356131769,
"std_TS_ap_1": 0.00030820053341471665,
"avg_TS_auc_1": 0.9696811555555556,
"std_TS_auc_1": 0.001317910003858954,
"avg_TS_f1_2": 0.9528423207516884,
"std_TS_f1_2": 0.0011636046660640584,
"avg_TS_ap_2": 0.9893206824285251,
"std_TS_ap_2": 0.00048482113278230156,
"avg_TS_auc_2": 0.9204916222222221,
"std_TS_auc_2": 0.002232806075793111,
"avg_TS_f1_3": 0.9396326462581255,
"std_TS_f1_3": 0.0023341887374386796,
"avg_TS_ap_3": 0.9742022638087328,
"std_TS_ap_3": 0.0010386167381059475,
"avg_TS_auc_3": 0.8293345444444444,
"std_TS_auc_3": 0.007030097438377797,
"avg_TS_f1_4": 0.9422418887469057,
"std_TS_f1_4": 0.00128748441300691,
"avg_TS_ap_4": 0.9864902937318686,
"std_TS_ap_4": 0.0005349895293646479,
"avg_TS_auc_4": 0.898491888888889,
"std_TS_auc_4": 0.0037211786160560047,
"avg_TS_f1_5": 0.9571092060670038,
"std_TS_f1_5": 0.0004968256695522138,
"avg_TS_ap_5": 0.9897492127488189,
"std_TS_ap_5": 0.0005354480537177569,
"avg_TS_auc_5": 0.9223555777777778,
"std_TS_auc_5": 0.003515531452122757,
"avg_TS_f1_6": 0.9261745046660244,
"std_TS_f1_6": 0.0007701950258774887,
"avg_TS_ap_6": 0.9736180015930767,
"std_TS_ap_6": 0.0015364093177229568,
"avg_TS_auc_6": 0.8126530666666667,
"std_TS_auc_6": 0.005901241778444115,
"avg_TS_f1_7": 0.9732330425764394,
"std_TS_f1_7": 0.0006383985153910396,
"avg_TS_ap_7": 0.9973284989434947,
"std_TS_ap_7": 6.822375663904524e-05,
"avg_TS_auc_7": 0.9778943999999999,
"std_TS_auc_7": 0.0006702920769299239,
"avg_TS_f1_8": 0.9485987875869647,
"std_TS_f1_8": 0.003134367174892147,
"avg_TS_ap_8": 0.9737565255738089,
"std_TS_ap_8": 0.0009153552316244701,
"avg_TS_auc_8": 0.8468601,
"std_TS_auc_8": 0.008001379039041944,
"avg_TS_f1_9": 0.977877542579526,
"std_TS_f1_9": 0.0006974699359309588,
"avg_TS_ap_9": 0.997150114913152,
"std_TS_ap_9": 0.000215091376928931,
"avg_TS_auc_9": 0.9778819999999999,
"std_TS_auc_9": 0.0014320424510053768,
"avg_TS_f1_all": 0.9556774893458531,
"std_TS_f1_all": 0.0004509067546336188,
"avg_TS_ap_all": 0.9857354448151009,
"std_TS_ap_all": 0.0003057774265095995,
"avg_TS_auc_all": 0.9036353544444445,
"std_TS_auc_all": 0.001392116033963073
}