{
"avg_TS_f1_0": 0.9384666666666666,
"std_TS_f1_0": 0.01109452094782502,
"avg_TS_ap_0": 0.979508721998316,
"std_TS_ap_0": 0.004623125508125385,
"avg_TS_auc_0": 0.8530438333333332,
"std_TS_auc_0": 0.03474266966209389,
"avg_TS_f1_1": 0.9642,
"std_TS_f1_1": 0.00675986704522624,
"avg_TS_ap_1": 0.9888341738034564,
"std_TS_ap_1": 0.0023382159954284387,
"avg_TS_auc_1": 0.9287688777777777,
"std_TS_auc_1": 0.018250737424147727,
"avg_TS_f1_2": 0.9284547573630633,
"std_TS_f1_2": 0.0058439348762148475,
"avg_TS_ap_2": 0.9801139025190659,
"std_TS_ap_2": 0.0027050492807098887,
"avg_TS_auc_2": 0.8468541999999999,
"std_TS_auc_2": 0.019294206294387193,
"avg_TS_f1_3": 0.9310770079819248,
"std_TS_f1_3": 0.0032057135186168498,
"avg_TS_ap_3": 0.9702881319388934,
"std_TS_ap_3": 0.005400345956079615,
"avg_TS_auc_3": 0.8005940222222222,
"std_TS_auc_3": 0.02379176958103448,
"avg_TS_f1_4": 0.9216666666666666,
"std_TS_f1_4": 0.006671109630616468,
"avg_TS_ap_4": 0.976276663222189,
"std_TS_ap_4": 0.007232622407862908,
"avg_TS_auc_4": 0.8205522777777776,
"std_TS_auc_4": 0.0439668112834647,
"avg_TS_f1_5": 0.944,
"std_TS_f1_5": 0.015887412518821614,
"avg_TS_ap_5": 0.983492211327027,
"std_TS_ap_5": 0.004351253358585309,
"avg_TS_auc_5": 0.8850949888888889,
"std_TS_auc_5": 0.030063743634919662,
"avg_TS_f1_6": 0.9088,
"std_TS_f1_6": 0.001302229806576341,
"avg_TS_ap_6": 0.9614811285331181,
"std_TS_ap_6": 0.003740809611347855,
"avg_TS_auc_6": 0.7233443444444444,
"std_TS_auc_6": 0.019456675116699417,
"avg_TS_f1_7": 0.9447985209054824,
"std_TS_f1_7": 0.011965436919769546,
"avg_TS_ap_7": 0.9905229811521309,
"std_TS_ap_7": 0.0027919827543702643,
"avg_TS_auc_7": 0.9189477666666667,
"std_TS_auc_7": 0.023374103264594933,
"avg_TS_f1_8": 0.9407095147261268,
"std_TS_f1_8": 0.018864545776433785,
"avg_TS_ap_8": 0.9779950890288822,
"std_TS_ap_8": 0.0068344594972714655,
"avg_TS_auc_8": 0.852245688888889,
"std_TS_auc_8": 0.058230679493787074,
"avg_TS_f1_9": 0.9381999999999999,
"std_TS_f1_9": 0.013237694029168221,
"avg_TS_ap_9": 0.980803925395916,
"std_TS_ap_9": 0.007338275908473334,
"avg_TS_auc_9": 0.8548272666666668,
"std_TS_auc_9": 0.05266618240547876,
"avg_TS_f1_all": 0.9360373134309932,
"std_TS_f1_all": 0.0030387507037627666,
"avg_TS_ap_all": 0.9789316928918994,
"std_TS_ap_all": 0.0015541468433646758,
"avg_TS_auc_all": 0.8484273266666668,
"std_TS_auc_all": 0.010479783895543878
}