{
"avg_TS_f1_0": 0.9553989962405318,
"std_TS_f1_0": 0.0009827678557820744,
"avg_TS_ap_0": 0.9854854276800221,
"std_TS_ap_0": 0.0006922610818126093,
"avg_TS_auc_0": 0.8996190111111112,
"std_TS_auc_0": 0.003927515359047684,
"avg_TS_f1_1": 0.9902776759202672,
"std_TS_f1_1": 0.0005442271242636829,
"avg_TS_ap_1": 0.9959696981263158,
"std_TS_ap_1": 0.00028814285815057883,
"avg_TS_auc_1": 0.9793107222222222,
"std_TS_auc_1": 0.0012427767828933787,
"avg_TS_f1_2": 0.9540211653146645,
"std_TS_f1_2": 0.0009403867571645977,
"avg_TS_ap_2": 0.9909005693311002,
"std_TS_ap_2": 0.00034997406419499634,
"avg_TS_auc_2": 0.9294634555555555,
"std_TS_auc_2": 0.0020742785101163933,
"avg_TS_f1_3": 0.9440407305906493,
"std_TS_f1_3": 0.001074407112510231,
"avg_TS_ap_3": 0.9803394729009559,
"std_TS_ap_3": 0.0013162127697442091,
"avg_TS_auc_3": 0.8623987111111111,
"std_TS_auc_3": 0.007841390302163529,
"avg_TS_f1_4": 0.9441987604249619,
"std_TS_f1_4": 0.0005906291760325873,
"avg_TS_ap_4": 0.9884213912394669,
"std_TS_ap_4": 0.0003118912626544185,
"avg_TS_auc_4": 0.9106410666666667,
"std_TS_auc_4": 0.002022719725554707,
"avg_TS_f1_5": 0.9596551079998272,
"std_TS_f1_5": 0.0013063719967122884,
"avg_TS_ap_5": 0.9921351408813159,
"std_TS_ap_5": 0.0007433007540291729,
"avg_TS_auc_5": 0.9379097111111111,
"std_TS_auc_5": 0.005529177242994159,
"avg_TS_f1_6": 0.9275539320085684,
"std_TS_f1_6": 0.0008139384711319651,
"avg_TS_ap_6": 0.9769653004401861,
"std_TS_ap_6": 0.0008946820284751615,
"avg_TS_auc_6": 0.8286248,
"std_TS_auc_6": 0.0035732707423692047,
"avg_TS_f1_7": 0.9749105592285991,
"std_TS_f1_7": 0.00046664418297020154,
"avg_TS_ap_7": 0.9977692769875567,
"std_TS_ap_7": 0.00011138410128637164,
"avg_TS_auc_7": 0.9811722444444444,
"std_TS_auc_7": 0.0008376499192148063,
"avg_TS_f1_8": 0.9559419967775987,
"std_TS_f1_8": 0.001335258081964506,
"avg_TS_ap_8": 0.9804002043042127,
"std_TS_ap_8": 0.0008354056893054945,
"avg_TS_auc_8": 0.8815114,
"std_TS_auc_8": 0.004022476653002563,
"avg_TS_f1_9": 0.9786330931965356,
"std_TS_f1_9": 0.0005552168756648705,
"avg_TS_ap_9": 0.9976377648143628,
"std_TS_ap_9": 0.00016867017672515344,
"avg_TS_auc_9": 0.9813499777777779,
"std_TS_auc_9": 0.0011949333576128213,
"avg_TS_f1_all": 0.9584632017702205,
"std_TS_f1_all": 0.00036805276284644997,
"avg_TS_ap_all": 0.9886024246705494,
"std_TS_ap_all": 0.00026421327720489897,
"avg_TS_auc_all": 0.9192001099999999,
"std_TS_auc_all": 0.0013217739224538388
}