{
"avg_TS_f1_0": 0.9577439758998956,
"std_TS_f1_0": 0.0015695927131045687,
"avg_TS_ap_0": 0.9866800830729767,
"std_TS_ap_0": 0.0005134674250158879,
"avg_TS_auc_0": 0.9061119999999999,
"std_TS_auc_0": 0.0022522301312693418,
"avg_TS_f1_1": 0.9896109981418721,
"std_TS_f1_1": 0.0005941685470054587,
"avg_TS_ap_1": 0.9961066752556256,
"std_TS_ap_1": 0.00039027078275128465,
"avg_TS_auc_1": 0.9787402555555555,
"std_TS_auc_1": 0.0012954859294231453,
"avg_TS_f1_2": 0.9533872856527628,
"std_TS_f1_2": 0.0019651166878856133,
"avg_TS_ap_2": 0.9912750998573869,
"std_TS_ap_2": 0.000608657465510691,
"avg_TS_auc_2": 0.9308680222222222,
"std_TS_auc_2": 0.003655946755764919,
"avg_TS_f1_3": 0.9435987270897765,
"std_TS_f1_3": 0.002068972976648562,
"avg_TS_ap_3": 0.9808960793734192,
"std_TS_ap_3": 0.0008918464297664919,
"avg_TS_auc_3": 0.8652086222222222,
"std_TS_auc_3": 0.0050952666224232356,
"avg_TS_f1_4": 0.940766005518825,
"std_TS_f1_4": 0.000633125728278769,
"avg_TS_ap_4": 0.9884139341359445,
"std_TS_ap_4": 0.0005207954429962576,
"avg_TS_auc_4": 0.9062902222222222,
"std_TS_auc_4": 0.0024107628394143786,
"avg_TS_f1_5": 0.9633217709625843,
"std_TS_f1_5": 0.002294727205119257,
"avg_TS_ap_5": 0.9942286605706763,
"std_TS_ap_5": 0.0004469994290900573,
"avg_TS_auc_5": 0.9531268111111111,
"std_TS_auc_5": 0.004000465285531259,
"avg_TS_f1_6": 0.9258102869912526,
"std_TS_f1_6": 0.0009091934644571304,
"avg_TS_ap_6": 0.9773030020541362,
"std_TS_ap_6": 0.0009451429835570532,
"avg_TS_auc_6": 0.8260309555555555,
"std_TS_auc_6": 0.003975790842891483,
"avg_TS_f1_7": 0.9734660777450598,
"std_TS_f1_7": 0.0015605437479173476,
"avg_TS_ap_7": 0.9976195626629984,
"std_TS_ap_7": 0.00013072369733308075,
"avg_TS_auc_7": 0.9796614111111109,
"std_TS_auc_7": 0.0015087258431791851,
"avg_TS_f1_8": 0.9652437641597373,
"std_TS_f1_8": 0.00479557887069505,
"avg_TS_ap_8": 0.9870043380436421,
"std_TS_ap_8": 0.0012826359521723404,
"avg_TS_auc_8": 0.9187394222222223,
"std_TS_auc_8": 0.009971469642948668,
"avg_TS_f1_9": 0.9788553018377565,
"std_TS_f1_9": 0.0013500317236629367,
"avg_TS_ap_9": 0.9980543932215381,
"std_TS_ap_9": 0.00010865093287074299,
"avg_TS_auc_9": 0.9839669777777778,
"std_TS_auc_9": 0.001091013062238658,
"avg_TS_f1_all": 0.9591804193999524,
"std_TS_f1_all": 0.001119788195664866,
"avg_TS_ap_all": 0.9897581828248345,
"std_TS_ap_all": 0.0003639053143361904,
"avg_TS_auc_all": 0.92487447,
"std_TS_auc_all": 0.002319709549543198
}