{
"avg_TS_f1_0": 0.9388521534382827,
"std_TS_f1_0": 0.0010453895010988168,
"avg_TS_ap_0": 0.9787252805289792,
"std_TS_ap_0": 0.0014017211898018583,
"avg_TS_auc_0": 0.8445096888888889,
"std_TS_auc_0": 0.008218572708126691,
"avg_TS_f1_1": 0.9784548067485229,
"std_TS_f1_1": 0.0012194581593922367,
"avg_TS_ap_1": 0.9915132331953709,
"std_TS_ap_1": 0.0005922226770492316,
"avg_TS_auc_1": 0.9487807,
"std_TS_auc_1": 0.0025759439244625003,
"avg_TS_f1_2": 0.9486093770641579,
"std_TS_f1_2": 0.001023676805142066,
"avg_TS_ap_2": 0.9872513300176013,
"std_TS_ap_2": 0.001169747887799649,
"avg_TS_auc_2": 0.9021828444444445,
"std_TS_auc_2": 0.006453420217926021,
"avg_TS_f1_3": 0.915893465479472,
"std_TS_f1_3": 0.0007273458417185429,
"avg_TS_ap_3": 0.9665511448813602,
"std_TS_ap_3": 0.0005774474928180919,
"avg_TS_auc_3": 0.7470387666666667,
"std_TS_auc_3": 0.003593626176894192,
"avg_TS_f1_4": 0.9346622945741434,
"std_TS_f1_4": 0.0009912061301757338,
"avg_TS_ap_4": 0.9860350859131609,
"std_TS_ap_4": 0.0005967580653186464,
"avg_TS_auc_4": 0.8859263777777777,
"std_TS_auc_4": 0.004281144241645853,
"avg_TS_f1_5": 0.9277404300238903,
"std_TS_f1_5": 0.003407081352828374,
"avg_TS_ap_5": 0.9819241413450076,
"std_TS_ap_5": 0.002026870772491588,
"avg_TS_auc_5": 0.8526863444444445,
"std_TS_auc_5": 0.014387887192005558,
"avg_TS_f1_6": 0.9221401188954943,
"std_TS_f1_6": 0.0012520309813658966,
"avg_TS_ap_6": 0.9725445062207545,
"std_TS_ap_6": 0.0023309183757588858,
"avg_TS_auc_6": 0.7949229888888888,
"std_TS_auc_6": 0.013125988582282942,
"avg_TS_f1_7": 0.9689878437690982,
"std_TS_f1_7": 0.0007633496687822301,
"avg_TS_ap_7": 0.9974035412179505,
"std_TS_ap_7": 0.0001179971965401147,
"avg_TS_auc_7": 0.9763797555555556,
"std_TS_auc_7": 0.0010925981248698796,
"avg_TS_f1_8": 0.9164268542723057,
"std_TS_f1_8": 0.0018763918272596482,
"avg_TS_ap_8": 0.9403046076015873,
"std_TS_ap_8": 0.0027285089724529785,
"avg_TS_auc_8": 0.6766222666666668,
"std_TS_auc_8": 0.015645966917924577,
"avg_TS_f1_9": 0.9746216493508898,
"std_TS_f1_9": 0.0009936678515611711,
"avg_TS_ap_9": 0.9968486708957768,
"std_TS_ap_9": 0.0005714978816757798,
"avg_TS_auc_9": 0.9756653,
"std_TS_auc_9": 0.0030357490054675846,
"avg_TS_f1_all": 0.9426388993616259,
"std_TS_f1_all": 0.000818295080747664,
"avg_TS_ap_all": 0.979910154181755,
"std_TS_ap_all": 0.0007898525225641446,
"avg_TS_auc_all": 0.8604715033333333,
"std_TS_auc_all": 0.004552673236012929
}