{
"avg_TS_f1_0": 0.9252514028557142,
"std_TS_f1_0": 0.015225809135148677,
"avg_TS_ap_0": 0.9685797174010528,
"std_TS_ap_0": 0.00882089940726502,
"avg_TS_auc_0": 0.7763825222222224,
"std_TS_auc_0": 0.06583101518977805,
"avg_TS_f1_1": 0.9765993542851147,
"std_TS_f1_1": 0.007638487755355602,
"avg_TS_ap_1": 0.9871779126598955,
"std_TS_ap_1": 0.008538370871369128,
"avg_TS_auc_1": 0.9355399444444444,
"std_TS_auc_1": 0.02585044400748176,
"avg_TS_f1_2": 0.9405096023853178,
"std_TS_f1_2": 0.014599077431724354,
"avg_TS_ap_2": 0.9793451570239899,
"std_TS_ap_2": 0.009912209174592394,
"avg_TS_auc_2": 0.851756788888889,
"std_TS_auc_2": 0.06944472873343943,
"avg_TS_f1_3": 0.9183481312531097,
"std_TS_f1_3": 0.005472224335852719,
"avg_TS_ap_3": 0.9641487013824328,
"std_TS_ap_3": 0.002322114928092237,
"avg_TS_auc_3": 0.7452590555555556,
"std_TS_auc_3": 0.015134184226119495,
"avg_TS_f1_4": 0.9319064464795176,
"std_TS_f1_4": 0.00338573183450845,
"avg_TS_ap_4": 0.9806358682679737,
"std_TS_ap_4": 0.0017586710201531466,
"avg_TS_auc_4": 0.8525855444444443,
"std_TS_auc_4": 0.01271056155743847,
"avg_TS_f1_5": 0.9294856478774097,
"std_TS_f1_5": 0.008058363246134922,
"avg_TS_ap_5": 0.9782935269362067,
"std_TS_ap_5": 0.004290445830703086,
"avg_TS_auc_5": 0.8400558333333332,
"std_TS_auc_5": 0.032436479193576284,
"avg_TS_f1_6": 0.9203435079726651,
"std_TS_f1_6": 0.005449591120928657,
"avg_TS_ap_6": 0.9684126677466868,
"std_TS_ap_6": 0.004671612306158215,
"avg_TS_auc_6": 0.7726358444444446,
"std_TS_auc_6": 0.030301720327082806,
"avg_TS_f1_7": 0.9581760073090481,
"std_TS_f1_7": 0.005834374121032226,
"avg_TS_ap_7": 0.990589440327193,
"std_TS_ap_7": 0.0034521343239131376,
"avg_TS_auc_7": 0.9307471777777776,
"std_TS_auc_7": 0.02261842058728803,
"avg_TS_f1_8": 0.9234395095266524,
"std_TS_f1_8": 0.008729547706808987,
"avg_TS_ap_8": 0.94244505280938,
"std_TS_ap_8": 0.013936772709018294,
"avg_TS_auc_8": 0.6968169111111111,
"std_TS_auc_8": 0.05662173888238454,
"avg_TS_f1_9": 0.9672435172324387,
"std_TS_f1_9": 0.009061684249738374,
"avg_TS_ap_9": 0.9855102368855407,
"std_TS_ap_9": 0.0065257275085249975,
"avg_TS_auc_9": 0.9157502,
"std_TS_auc_9": 0.035900750574904154,
"avg_TS_f1_all": 0.9391303127176988,
"std_TS_f1_all": 0.0014340638214659425,
"avg_TS_ap_all": 0.9745138281440351,
"std_TS_ap_all": 0.0017639976915328967,
"avg_TS_auc_all": 0.8317529822222222,
"std_TS_auc_all": 0.010385785301928095
}