{
"avg_TS_f1_0": 0.950452831271827,
"std_TS_f1_0": 0.001425258042889375,
"avg_TS_ap_0": 0.9793274401117793,
"std_TS_ap_0": 0.00035593302936741064,
"avg_TS_auc_0": 0.8677801777777778,
"std_TS_auc_0": 0.003185567144768311,
"avg_TS_f1_1": 0.9865220746831614,
"std_TS_f1_1": 0.0006378515906492071,
"avg_TS_ap_1": 0.9940042347583968,
"std_TS_ap_1": 0.0003179977540851472,
"avg_TS_auc_1": 0.9687432777777778,
"std_TS_auc_1": 0.001384176718361621,
"avg_TS_f1_2": 0.9536085115253938,
"std_TS_f1_2": 0.0006370386548864868,
"avg_TS_ap_2": 0.9878618049228548,
"std_TS_ap_2": 0.00020349557761573445,
"avg_TS_auc_2": 0.9121008333333334,
"std_TS_auc_2": 0.0015711247803113768,
"avg_TS_f1_3": 0.936506888577066,
"std_TS_f1_3": 0.0010631029760925247,
"avg_TS_ap_3": 0.9729839471459945,
"std_TS_ap_3": 0.0008709551575997635,
"avg_TS_auc_3": 0.8187387888888888,
"std_TS_auc_3": 0.005431196109468551,
"avg_TS_f1_4": 0.9425190088665062,
"std_TS_f1_4": 0.0005448580409233323,
"avg_TS_ap_4": 0.9850912818290973,
"std_TS_ap_4": 0.0004575463113563706,
"avg_TS_auc_4": 0.8931592111111112,
"std_TS_auc_4": 0.0025534143156096625,
"avg_TS_f1_5": 0.9465297589935991,
"std_TS_f1_5": 0.0014884942574525304,
"avg_TS_ap_5": 0.9858321819284697,
"std_TS_ap_5": 0.0005629858770361413,
"avg_TS_auc_5": 0.8919820555555555,
"std_TS_auc_5": 0.0040162898315623695,
"avg_TS_f1_6": 0.9270086869023586,
"std_TS_f1_6": 0.0007652636329847639,
"avg_TS_ap_6": 0.9706130134158402,
"std_TS_ap_6": 0.00039953132004665466,
"avg_TS_auc_6": 0.8005288777777778,
"std_TS_auc_6": 0.0019472301034552631,
"avg_TS_f1_7": 0.9734769030378232,
"std_TS_f1_7": 0.0008361052790411159,
"avg_TS_ap_7": 0.9968555395459813,
"std_TS_ap_7": 0.00015572197158588067,
"avg_TS_auc_7": 0.9749276777777778,
"std_TS_auc_7": 0.0012982153259736072,
"avg_TS_f1_8": 0.9399202017396029,
"std_TS_f1_8": 0.0026050561668391923,
"avg_TS_ap_8": 0.966543235656008,
"std_TS_ap_8": 0.0010384090720019507,
"avg_TS_auc_8": 0.8049312444444444,
"std_TS_auc_8": 0.007265721274265094,
"avg_TS_f1_9": 0.9776992610700594,
"std_TS_f1_9": 0.0004252113461713047,
"avg_TS_ap_9": 0.9962185941199904,
"std_TS_ap_9": 0.00018992839339965117,
"avg_TS_auc_9": 0.9726535999999999,
"std_TS_auc_9": 0.0012325779836095839,
"avg_TS_f1_all": 0.9534244126667399,
"std_TS_f1_all": 0.0004361483030389726,
"avg_TS_ap_all": 0.9835331273434413,
"std_TS_ap_all": 0.00021759359786312788,
"avg_TS_auc_all": 0.8905545744444444,
"std_TS_auc_all": 0.001249381686470916
}