{
"avg_TS_f1_0": 0.9603217808396763,
"std_TS_f1_0": 0.0005582516919364609,
"avg_TS_ap_0": 0.9897515062390912,
"std_TS_ap_0": 0.000541665923600514,
"avg_TS_auc_0": 0.922686288888889,
"std_TS_auc_0": 0.00337699938571375,
"avg_TS_f1_1": 0.9920999117234908,
"std_TS_f1_1": 0.0004924195505605576,
"avg_TS_ap_1": 0.9982911179141652,
"std_TS_ap_1": 0.000226772112971994,
"avg_TS_auc_1": 0.9886784666666667,
"std_TS_auc_1": 0.00088891883116234,
"avg_TS_f1_2": 0.954320658555105,
"std_TS_f1_2": 0.0018021262668797653,
"avg_TS_ap_2": 0.9927542176667211,
"std_TS_ap_2": 0.0002790298880351259,
"avg_TS_auc_2": 0.9391223,
"std_TS_auc_2": 0.002327096157589266,
"avg_TS_f1_3": 0.9478,
"std_TS_f1_3": 0.0019262962606906057,
"avg_TS_ap_3": 0.9862756449624358,
"std_TS_ap_3": 0.001048523473406133,
"avg_TS_auc_3": 0.8939410999999999,
"std_TS_auc_3": 0.006988858821556939,
"avg_TS_f1_4": 0.9439098604243445,
"std_TS_f1_4": 0.0009844710260609223,
"avg_TS_ap_4": 0.9904731832514834,
"std_TS_ap_4": 0.00014928175251770494,
"avg_TS_auc_4": 0.9187478444444445,
"std_TS_auc_4": 0.0014679437383674902,
"avg_TS_f1_5": 0.9629885129420771,
"std_TS_f1_5": 0.0017499435912394757,
"avg_TS_ap_5": 0.9958608179261107,
"std_TS_ap_5": 0.0003035440957196888,
"avg_TS_auc_5": 0.9632135444444444,
"std_TS_auc_5": 0.0027103827986667576,
"avg_TS_f1_6": 0.9271880783500318,
"std_TS_f1_6": 0.0011757725093785875,
"avg_TS_ap_6": 0.9802332785881337,
"std_TS_ap_6": 0.0004309404219508453,
"avg_TS_auc_6": 0.8408667000000001,
"std_TS_auc_6": 0.0035659572400377195,
"avg_TS_f1_7": 0.9765219697390595,
"std_TS_f1_7": 0.0008068313018035051,
"avg_TS_ap_7": 0.9983051017567199,
"std_TS_ap_7": 8.268700773658141e-05,
"avg_TS_auc_7": 0.9847041000000001,
"std_TS_auc_7": 0.0007975326978861768,
"avg_TS_f1_8": 0.9807555555555556,
"std_TS_f1_8": 0.003942425148228256,
"avg_TS_ap_8": 0.9955554774638706,
"std_TS_ap_8": 0.0006954873101897043,
"avg_TS_auc_8": 0.9686059,
"std_TS_auc_8": 0.005754949812547302,
"avg_TS_f1_9": 0.9796444444444445,
"std_TS_f1_9": 0.0008146801235476885,
"avg_TS_ap_9": 0.998575978420915,
"std_TS_ap_9": 7.916600487166527e-05,
"avg_TS_auc_9": 0.9874374888888889,
"std_TS_auc_9": 0.0007402307192881319,
"avg_TS_f1_all": 0.9625550772573785,
"std_TS_f1_all": 0.0006062222867716725,
"avg_TS_ap_all": 0.9926076324189648,
"std_TS_ap_all": 0.00016238224588769202,
"avg_TS_auc_all": 0.9408003733333332,
"std_TS_auc_all": 0.001113180423716551
}