{
"avg_TS_f1_0": 0.9534879394534265,
"std_TS_f1_0": 0.0062641052593505435,
"avg_TS_ap_0": 0.9822116091641282,
"std_TS_ap_0": 0.0024180693198505997,
"avg_TS_auc_0": 0.8822021222222223,
"std_TS_auc_0": 0.017137677014075293,
"avg_TS_f1_1": 0.9876109364100474,
"std_TS_f1_1": 0.001785726495526959,
"avg_TS_ap_1": 0.9901993479100912,
"std_TS_ap_1": 0.0016022181567536575,
"avg_TS_auc_1": 0.9606385888888889,
"std_TS_auc_1": 0.005568202297681089,
"avg_TS_f1_2": 0.9526434098190639,
"std_TS_f1_2": 0.0053358352298617144,
"avg_TS_ap_2": 0.9889217753097818,
"std_TS_ap_2": 0.0024065706176591532,
"avg_TS_auc_2": 0.9163413333333332,
"std_TS_auc_2": 0.015131191850643785,
"avg_TS_f1_3": 0.9333777777777778,
"std_TS_f1_3": 0.0030458228833990125,
"avg_TS_ap_3": 0.969106295828964,
"std_TS_ap_3": 0.004148068334653913,
"avg_TS_auc_3": 0.7969331777777777,
"std_TS_auc_3": 0.01964783181502118,
"avg_TS_f1_4": 0.93580896099166,
"std_TS_f1_4": 0.0035716130496478917,
"avg_TS_ap_4": 0.983793028884366,
"std_TS_ap_4": 0.001444730464654978,
"avg_TS_auc_4": 0.8780956222222223,
"std_TS_auc_4": 0.008734320494420845,
"avg_TS_f1_5": 0.95596618330648,
"std_TS_f1_5": 0.001652227502712515,
"avg_TS_ap_5": 0.9907123368455583,
"std_TS_ap_5": 0.0013066517295094292,
"avg_TS_auc_5": 0.9288469777777777,
"std_TS_auc_5": 0.008056836731728441,
"avg_TS_f1_6": 0.9207640881283528,
"std_TS_f1_6": 0.0045117551652981425,
"avg_TS_ap_6": 0.9686465410898245,
"std_TS_ap_6": 0.0027326259162038192,
"avg_TS_auc_6": 0.7805712333333333,
"std_TS_auc_6": 0.015691197655641045,
"avg_TS_f1_7": 0.9715777777777778,
"std_TS_f1_7": 0.0009972802521029988,
"avg_TS_ap_7": 0.9968387826210996,
"std_TS_ap_7": 0.00034209338482605743,
"avg_TS_auc_7": 0.9737383111111111,
"std_TS_auc_7": 0.0021162927904273925,
"avg_TS_f1_8": 0.9471999999999999,
"std_TS_f1_8": 0.0070182830020095646,
"avg_TS_ap_8": 0.9764690256392434,
"std_TS_ap_8": 0.004022449444898233,
"avg_TS_auc_8": 0.8523259333333334,
"std_TS_auc_8": 0.024877757103966423,
"avg_TS_f1_9": 0.9761555555555554,
"std_TS_f1_9": 0.002372267759125795,
"avg_TS_ap_9": 0.9966913415198524,
"std_TS_ap_9": 0.0008169097350764958,
"avg_TS_auc_9": 0.9742793111111112,
"std_TS_auc_9": 0.006054300666876213,
"avg_TS_f1_all": 0.9534592629220142,
"std_TS_f1_all": 0.0011612913406204106,
"avg_TS_ap_all": 0.984359008481291,
"std_TS_ap_all": 0.0010970192788841825,
"avg_TS_auc_all": 0.8943972611111111,
"std_TS_auc_all": 0.006039968754858527
}