{
"avg_TS_f1_0": 0.9449506575481676,
"std_TS_f1_0": 0.0006420276916858527,
"avg_TS_ap_0": 0.9766900891121972,
"std_TS_ap_0": 0.0006504555911960756,
"avg_TS_auc_0": 0.8446486888888888,
"std_TS_auc_0": 0.002488111373990781,
"avg_TS_f1_1": 0.9806104511979061,
"std_TS_f1_1": 0.0013031202064740348,
"avg_TS_ap_1": 0.9921396894118409,
"std_TS_ap_1": 0.0003025194597668114,
"avg_TS_auc_1": 0.9553750333333333,
"std_TS_auc_1": 0.0013641534681593686,
"avg_TS_f1_2": 0.950042228271941,
"std_TS_f1_2": 0.0014325335560656175,
"avg_TS_ap_2": 0.9856767085714544,
"std_TS_ap_2": 0.0006037224123762471,
"avg_TS_auc_2": 0.8950911333333332,
"std_TS_auc_2": 0.002623521654871578,
"avg_TS_f1_3": 0.9260617043853825,
"std_TS_f1_3": 0.0008347504642823805,
"avg_TS_ap_3": 0.9678629269182746,
"std_TS_ap_3": 0.00045095052042032764,
"avg_TS_auc_3": 0.7757345,
"std_TS_auc_3": 0.001473983966862549,
"avg_TS_f1_4": 0.9390208493064429,
"std_TS_f1_4": 0.001447174784705819,
"avg_TS_ap_4": 0.9837124715630867,
"std_TS_ap_4": 0.00046960043117199685,
"avg_TS_auc_4": 0.8776227111111112,
"std_TS_auc_4": 0.0032223500960066715,
"avg_TS_f1_5": 0.93569642757931,
"std_TS_f1_5": 0.0032838118622656076,
"avg_TS_ap_5": 0.9806584356386192,
"std_TS_ap_5": 0.001140526286824406,
"avg_TS_auc_5": 0.8525840444444445,
"std_TS_auc_5": 0.008704754072614077,
"avg_TS_f1_6": 0.9248599709528132,
"std_TS_f1_6": 0.001058045335075744,
"avg_TS_ap_6": 0.9690938412860273,
"std_TS_ap_6": 0.0008764258202942158,
"avg_TS_auc_6": 0.7853763555555556,
"std_TS_auc_6": 0.0038948384295242385,
"avg_TS_f1_7": 0.9689097172065114,
"std_TS_f1_7": 0.001187546116268549,
"avg_TS_ap_7": 0.9955480117683029,
"std_TS_ap_7": 0.00023291645819710838,
"avg_TS_auc_7": 0.9639693111111111,
"std_TS_auc_7": 0.0016019687650505204,
"avg_TS_f1_8": 0.9259506329699972,
"std_TS_f1_8": 0.001303791046623682,
"avg_TS_ap_8": 0.9551453294439135,
"std_TS_ap_8": 0.000700705481375214,
"avg_TS_auc_8": 0.7372734,
"std_TS_auc_8": 0.0042602189646096435,
"avg_TS_f1_9": 0.9743435832854912,
"std_TS_f1_9": 0.0005393833463373272,
"avg_TS_ap_9": 0.9944855122057845,
"std_TS_ap_9": 0.0002205000494673522,
"avg_TS_auc_9": 0.9594952888888889,
"std_TS_auc_9": 0.0016243573332776645,
"avg_TS_f1_all": 0.9470446222703963,
"std_TS_f1_all": 0.00035421144663831195,
"avg_TS_ap_all": 0.9801013015919502,
"std_TS_ap_all": 0.0002252397350861498,
"avg_TS_auc_all": 0.8647170466666667,
"std_TS_auc_all": 0.0014115398985915953
}